entity_i,entity_j,exact,predicted
12621,13792,0.000000,0.000004
11415,2735,0.000000,0.000000
2006,13146,0.000000,0.000002
1372,4994,0.000000,0.000000
1372,4203,0.000000,0.000000
5135,14499,0.000000,0.000000
10351,5245,0.000000,0.000000
13108,14212,0.000000,0.000000
5728,13493,0.000000,0.000000
315,6436,0.000000,0.000001
6436,5029,0.000000,0.000000
2467,5416,0.000000,0.000000
4994,1072,0.000000,0.000000
6765,5886,0.000000,0.000000
7865,10017,0.000000,0.000000
2023,6436,0.000000,0.000000
6833,827,0.000000,0.000000
10351,10143,0.000000,0.000000
14499,3523,0.000000,0.000000
827,4011,0.000000,0.000000
1372,3523,0.000000,0.000000
2023,5029,0.000000,0.000000
5391,14499,0.000000,0.000000
2446,14212,0.000000,0.000000
12621,14212,0.000000,0.000000
5135,7390,0.000000,0.000000
4352,7544,0.000000,0.000000
3910,9143,0.000000,0.000000
2006,11873,0.000000,0.000000
2023,1453,0.000000,0.000000
7544,10359,0.000000,0.000000
6833,6436,0.000000,0.000000
7105,12621,0.000000,0.000000
2023,9143,0.000000,0.000000
13108,5245,0.000000,0.000000
2446,5416,0.000000,0.000000
10017,3523,0.000000,0.000000
3776,7865,0.000000,0.000000
4993,13108,0.000000,0.000000
2023,6765,0.000000,0.000000
13493,5416,0.000000,0.000000
2006,13792,0.000000,0.000000
2735,2467,0.000000,0.000000
13146,2467,0.000000,0.000000
795,6833,0.000000,0.000000
14212,10143,0.000000,0.000000
2446,12621,0.000000,0.000004
6765,11279,0.000000,0.000000
6765,2923,0.000000,0.000000
5245,2467,0.000000,0.000000
10099,12621,0.000000,0.000000
2023,1372,0.000000,0.000000
13108,7105,0.000000,0.000000
10017,14499,0.000000,0.000000
11415,14499,0.000000,0.000000
10099,7865,0.000000,0.000000
2467,11279,0.000000,0.000000
6436,11415,0.000000,0.000011
12621,13108,0.000000,0.000000
7390,12621,0.000000,0.000000
4810,12527,0.000000,0.000000
6436,3910,0.000000,0.000000
3257,1072,0.000000,0.000000
3910,4810,0.000000,0.000000
12527,10099,0.000000,0.000000
4011,4993,0.000000,0.000000
5029,5245,0.000000,0.000367
6833,1372,0.000000,0.000000
4810,5475,0.000000,0.000000
5416,7390,0.000000,0.000000
6765,13493,0.000000,0.000000
5886,1072,0.000000,0.000000
2286,7608,0.000000,0.000000
1072,4994,0.000000,0.000000
7544,6765,1.000000,0.161139
4993,1372,0.000000,0.000000
6436,5728,0.000000,0.000038
5728,7865,0.000000,0.000000
9143,1072,0.000000,0.000000
4810,5886,0.000000,0.000000
10099,13493,0.000000,0.000000
6833,5475,0.000000,0.000000
9103,2923,0.000000,0.000000
12527,1372,0.000000,0.000000
5416,4993,0.000000,0.000000
5391,10017,0.000000,0.000000
827,5416,0.000000,0.000000
10351,3257,0.000000,0.000000
8707,7390,0.000000,0.000000
1072,5475,0.000000,0.000001
1372,2627,0.000000,0.000000
6765,7390,0.000000,0.000000
8707,2923,0.000000,0.000000
11873,9103,0.000000,0.000000
3105,1372,0.000000,0.000000
1372,11415,0.000000,0.000000
10099,3945,0.000000,0.000000
5135,10143,0.000000,0.000000
315,2923,0.000000,0.000000
795,2735,0.000000,0.000000
5402,6978,0.000000,0.000036
6882,592,0.542116,0.000000
14149,6840,0.562366,0.000001
12492,9487,0.000000,0.000000
13056,5402,0.000000,0.000000
12879,5509,0.000000,0.000253
7323,14149,0.000000,0.000000
5483,2274,0.000000,0.000000
11093,10676,0.000000,0.000000
10289,7020,0.000000,0.000000
7323,3328,0.535120,0.388916
6882,652,0.000000,0.000000
5509,592,0.000000,0.000000
12459,14149,0.000000,0.000000
12492,1603,0.000000,0.000000
1087,7020,0.535120,0.000000
4451,3382,0.000000,0.000000
12459,1940,0.000000,0.000033
13584,1850,0.000000,0.000005
5408,7294,0.000000,0.000000
12274,11772,0.000000,0.000066
7294,11148,0.000000,0.000000
12350,10676,0.000000,0.000000
526,3382,0.000000,0.000000
9506,8489,0.000000,0.000000
10869,12098,0.000000,0.000000
12274,3147,0.000000,0.000000
13584,12350,0.000000,0.000000
6882,10676,0.000000,0.000000
8372,13056,0.000000,0.000000
7020,10373,0.000000,0.001027
12098,4757,0.000000,0.000000
4050,1850,0.000000,0.000392
544,12098,0.000000,0.000000
13597,6882,0.000000,0.000000
8372,11148,0.000000,0.000000
11772,12274,0.000000,0.000022
12879,8145,0.000000,0.002746
5205,1973,0.535120,0.000104
1927,12491,0.535120,0.000000
11093,4615,0.000000,0.000070
1927,4050,0.000000,0.000000
12350,1603,0.000000,0.000000
10373,5408,0.000000,0.000000
14506,12492,0.000000,0.000000
3328,5483,0.000000,0.000000
12491,13597,0.000000,0.000652
7323,14479,0.000000,0.000410
12098,12879,0.000000,0.000294
9823,12350,0.000000,0.000000
12492,5483,0.000000,0.000000
4615,11148,0.000000,0.002974
1973,12273,0.000000,0.000000
2175,13597,0.000000,0.000190
3328,9506,0.000000,0.000000
11772,1927,0.000000,0.000000
7020,1973,0.000000,0.000012
8489,5402,0.000000,0.000000
9487,200,0.000000,0.000000
13597,4451,0.000000,0.000000
11148,7020,0.545146,0.002173
526,11847,0.000000,0.000000
14506,10869,0.000000,0.000000
652,12459,0.000000,0.000000
526,12098,0.000000,0.000000
526,11772,0.000000,0.000000
3147,4451,0.000000,0.000060
8145,6978,0.000000,0.000000
4451,11148,0.538891,0.000000
11093,6840,0.000000,0.000000
1603,12350,0.000000,0.000000
11772,652,0.000000,0.000000
10676,9506,0.000000,0.000000
10676,7868,0.000000,0.000000
12098,12274,0.535120,0.000001
13056,1603,0.000000,0.000000
12492,1940,0.000000,0.000000
10289,11847,0.000000,0.000000
9823,8372,0.000000,0.000000
544,5408,0.000000,0.000000
13584,8372,0.000000,0.000000
5402,7294,0.000000,0.000000
12491,1087,0.000000,0.000000
12274,6688,0.535120,0.000409
12098,3147,0.000000,0.000000
10373,4615,0.000000,0.000291
11093,12879,0.545980,0.002071
7020,12274,0.535120,0.002623
4336,526,0.000000,0.000447
4050,7294,0.000000,0.000000
1973,14479,0.000000,0.000000
3147,9823,0.000000,0.000061
14506,5408,0.000000,0.000000
544,14479,0.000000,0.000000
12491,5408,0.000000,0.000000
12491,3382,0.000000,0.000488
13584,1940,0.000000,0.000002
12098,12492,0.000000,0.000000
12273,526,0.000000,0.000447
11148,10289,0.000000,0.000000
13525,4624,0.000000,0.000000
1051,12938,0.000000,0.000000
5245,11345,0.000000,0.000000
11392,13525,0.000000,0.000000
13525,9756,0.000000,0.007238
3069,377,0.000000,0.000000
3482,13562,0.000000,0.000000
10222,1012,0.000000,0.000000
11895,12635,0.000000,0.000000
13525,3482,0.000000,0.005149
4512,404,0.000000,0.000000
13525,11042,0.000000,0.000000
11995,4961,0.000000,0.000027
404,3056,0.000000,0.000000
1418,13562,0.540857,0.000001
9756,6189,0.000000,0.000000
12635,1777,0.000000,0.000000
3056,8429,0.000000,0.000000
11345,377,0.000000,0.000000
8429,1418,0.000000,0.000000
377,2140,0.000000,0.000000
14282,5029,0.000000,0.000000
5029,4624,0.000000,0.000000
377,9442,0.000000,0.013904
6390,13398,0.000000,0.000000
14105,1184,0.000000,0.000000
1621,14329,0.000000,0.000000
3867,11173,0.000000,0.000000
8784,1621,0.000000,0.000006
377,11173,0.000000,0.000000
8784,6939,0.000000,0.000000
12492,6016,0.000000,0.000012
11345,11995,0.000000,0.000000
11042,8784,0.000000,0.000000
1332,2821,0.000000,0.000000
1051,1621,0.000000,0.000000
2183,3439,0.000000,0.000000
1332,51,0.000000,0.000000
3069,13398,0.000000,0.000000
9442,2183,0.000000,0.000278
11345,6016,0.000000,0.000000
14329,12576,0.000000,0.000000
2183,6016,0.000000,0.000000
11995,9442,0.000000,0.000000
3439,11173,0.000000,0.000000
4961,12635,0.000000,0.000000
6390,12576,0.000000,0.000000
12576,6189,0.000000,0.000000
3867,2140,0.000000,0.000000
5029,404,0.000000,0.000016
6016,6189,0.000000,0.000000
13562,4994,0.000000,0.000000
11345,13398,0.000000,0.000000
13437,13398,0.000000,0.000000
14282,12576,0.000000,0.000000
11173,8429,0.000000,0.000000
13437,12629,0.000000,0.000000
11345,9442,0.000000,0.000000
3568,11173,0.000000,0.000000
14105,3439,0.000000,0.000000
11042,4624,0.000000,0.000000
2183,8784,0.000000,0.000000
12635,1184,0.000000,0.000000
13525,14282,0.000000,0.000000
11392,12262,0.000000,0.000004
11345,51,0.000000,0.000000
3439,4994,0.000000,0.000000
6016,1012,0.000000,0.000000
6016,3876,0.000000,0.000000
2821,14282,0.000000,0.000000
4961,4512,0.000000,0.000000
4961,11895,0.000000,0.000000
12635,2140,0.000000,0.000000
12872,1777,0.000000,0.000000
6189,11895,0.000000,0.000000
11345,1418,0.000000,0.000000
12629,2183,0.000000,0.000000
5530,11995,0.000000,0.000000
11173,5530,0.000000,0.000000
3568,13437,0.000000,0.000000
4994,7957,0.000000,0.000000
14105,12635,0.000000,0.000000
51,1012,0.000000,0.000000
6473,3056,0.000000,0.000000
8784,3482,0.000000,0.000054
4994,2183,0.000000,0.000000
2183,404,0.000000,0.000000
6016,1777,0.000000,0.000000
1184,3568,0.000000,0.000000
11042,2140,0.000000,0.000000
5530,14329,0.000000,0.000000
12635,3568,0.000000,0.000000
3876,9442,0.000000,0.000019
7957,11895,0.000000,0.000000
3482,4512,0.000000,0.000000
8429,14329,0.000000,0.000000
9756,1184,0.000000,0.000000
12492,3482,0.566725,0.000512
13525,2140,0.000000,0.000000
1777,12629,0.000000,0.000000
6189,4624,0.000000,0.000000
13525,4670,0.000000,0.000000
377,12576,0.000000,0.000000
6473,3482,0.000000,0.000003
11110,6016,0.000000,0.000000
6390,3876,0.000000,0.000000
3482,1418,0.000000,0.000000
3056,7693,0.000000,0.000000
9995,8814,0.000000,0.073180
12217,7693,0.000000,0.000000
9756,1012,0.000000,0.000244
6965,6674,0.000000,0.000000
1418,7940,0.000000,0.000012
3568,7957,0.000000,0.000000
8080,6427,0.000000,0.000000
9995,11895,0.000000,0.000000
2512,8080,0.000000,0.000000
14105,6473,0.000000,0.000001
11110,14105,0.000000,0.000000
12635,2548,0.000000,0.000000
14329,12872,0.000000,0.000000
6016,4777,0.000000,0.000000
11173,1012,0.000000,0.000000
3867,1306,0.000000,0.000000
12217,51,0.000000,0.000000
6473,338,0.000000,0.000000
1621,9995,0.000000,0.001158
6965,12576,0.000000,0.000000
1051,4964,0.000000,0.000000
13873,11895,0.000000,0.000000
8429,8080,0.000000,0.000000
2664,9448,0.000000,0.000000
2512,6965,0.000000,0.000009
51,3482,0.564593,0.429377
11042,4964,0.000000,0.000000
1012,11110,0.000000,0.000000
1012,13562,0.000000,0.000299
338,377,0.000000,0.000000
7940,11173,0.000000,0.000000
12635,11392,0.000000,0.000000
4512,14105,0.000000,0.000059
4961,3568,0.000000,0.000000
338,1621,0.000000,0.000000
12576,6016,0.000000,0.000000
4961,7940,0.000000,0.000001
8080,4670,0.000000,0.000000
6016,3876,0.000000,0.000000
2512,4055,0.000000,0.000000
8080,2512,0.000000,0.000000
6390,11042,0.000000,0.000000
8814,4447,0.000000,0.000000
3568,14282,0.000000,0.000000
4961,8080,0.000000,0.000000
9448,14329,0.000000,0.000000
12635,11042,0.000000,0.000000
11392,9756,0.000000,0.000007
14329,377,0.000000,0.000083
3482,13562,0.000000,0.000000
13398,8814,0.000000,0.000000
13525,1621,0.000000,0.000375
4512,1012,0.000000,0.000063
6939,4055,0.000000,0.000000
6765,13873,0.000000,0.000000
4961,10222,0.000000,0.000000
7693,9995,0.000000,0.000000
6427,13873,0.000000,0.000000
14105,4512,0.000000,0.000038
9448,4994,0.000000,0.000000
6965,13873,0.000000,0.000000
7693,9756,0.000000,0.000000
6965,4964,0.000000,0.000024
13398,7693,0.000000,0.000000
4055,6765,0.000000,0.000000
12872,6473,0.000000,0.000000
9995,11173,0.000000,0.000000
13510,6765,0.000000,0.000000
8080,14282,0.000000,0.000000
1012,12576,0.000000,0.001237
1621,6939,0.000000,0.000000
4624,6765,0.000000,0.000000
4670,2664,0.000000,0.000000
4055,6674,0.000000,0.000000
2664,3876,0.000000,0.000000
12492,4964,0.000000,0.000153
6965,6473,0.000000,0.000001
4447,8429,0.000000,0.000000
338,6473,0.000000,0.000000
6016,6189,0.000000,0.000000
377,1332,0.000000,0.000000
6965,9448,0.000000,0.000003
14105,1051,0.000000,0.000000
6189,6765,0.000000,0.000000
6473,6189,0.000000,0.000000
12872,14105,0.000000,0.000000
14105,9995,0.000000,0.000000
1012,9995,0.000000,0.000000
12492,3867,0.000000,0.000000
1051,1332,0.000000,0.000000
13873,4961,0.000000,0.000000
4994,10222,0.000000,0.000000
4588,782,0.000000,0.000000
5069,5238,0.000000,0.000000
5456,11437,0.000000,0.000023
11381,2392,0.000000,0.000001
7003,10412,0.000000,0.000001
1091,7537,0.000000,0.075616
1437,2789,0.000000,0.006476
1091,5907,0.000000,0.000000
10380,582,0.000000,0.000099
6937,8710,0.000000,0.000000
5069,708,0.000000,0.000000
13942,992,0.000000,0.000000
782,8045,0.000000,0.000000
10105,3762,0.000000,0.000000
6065,10678,0.000000,0.000002
10271,14246,0.000000,0.000000
2221,2787,0.000000,0.000000
6937,992,0.000000,0.000000
6937,10678,0.000000,0.000000
782,13242,0.000000,0.000000
14305,3024,0.000000,0.000000
7163,6393,0.000000,0.000000
2787,8358,0.000000,0.000000
7537,5474,0.000000,0.000001
12791,6065,0.000000,0.000000
11437,14246,0.000000,0.000004
10915,8045,0.000000,0.000000
10915,5474,0.000000,0.000000
10915,10380,0.000000,0.000001
8358,6393,0.000000,0.000001
782,2787,0.000000,0.000000
9071,10105,0.000000,0.000000
8162,7391,0.000000,0.000000
7391,8162,0.000000,0.000000
11381,5238,0.000000,0.000002
4994,4612,0.000000,0.000000
13374,4864,0.000000,0.000000
782,1018,0.000000,0.000000
2789,7163,0.000000,0.000002
5109,782,0.000000,0.000000
2392,10915,0.000000,0.000000
8710,7163,0.000000,0.000000
8162,10105,0.000000,0.001847
992,10380,0.000000,0.000001
14305,3244,0.000000,0.000000
2392,3024,0.000000,0.000000
10678,9241,0.000000,0.000061
8710,782,0.000000,0.000000
3024,10380,0.000000,0.000103
782,6065,0.000000,0.000000
5069,992,0.000000,0.000000
2789,4476,0.000000,0.000140
10678,10313,0.000000,0.000000
3762,1091,0.000000,0.000000
8288,8645,0.000000,0.000000
4864,7537,0.000000,0.000000
8045,782,0.000000,0.000000
992,8358,0.000000,0.000000
10678,8710,0.000000,0.000002
4612,13942,0.000000,0.000046
5456,636,0.000000,0.000000
1091,13242,0.000000,0.000000
9071,8710,0.000000,0.000000
7003,2392,0.000000,0.000000
10412,14246,0.000000,0.000000
708,3244,0.000000,0.000000
3024,6937,0.000000,0.000000
5456,582,0.000000,0.181050
582,11437,0.000000,0.000595
4864,4994,0.000000,0.000000
636,2221,0.000000,0.000000
3024,708,0.000000,0.000000
5109,11381,0.000000,0.001865
2789,9241,0.000000,0.000000
10380,4864,0.000000,0.000000
8288,2514,0.000000,0.000000
2392,7544,0.000000,0.000000
8162,9241,0.000000,0.038904
9241,4612,0.000000,0.000000
10915,7544,0.000000,0.000000
10678,7003,0.000000,0.000000
782,4994,0.000000,0.000000
12791,13942,0.000000,0.000000
8543,1091,0.000000,0.000000
8162,3024,0.000000,0.000000
4612,8710,0.000000,0.000000
708,6065,0.000000,0.000000
1223,4588,0.000000,0.000000
8045,8288,0.000000,0.000000
5474,10380,0.000000,0.006412
7391,2787,0.000000,0.000000
14305,1223,0.000000,0.000000
2392,8710,0.000000,0.000125
4864,3244,0.000000,0.000000
5907,5456,0.000000,0.000017
9071,5474,0.000000,0.000000
2392,4994,0.000000,0.000000
8561,1223,0.000000,0.000000
3024,10678,0.000000,0.000000
13374,992,0.000000,0.000017
5775,10169,0.000000,0.000003
12513,268,0.000000,0.000000
11704,13281,0.000000,0.000000
4538,12288,0.000000,0.000000
819,11853,0.000000,0.000000
13284,12680,0.000000,0.000000
3099,5029,0.000000,0.000001
6765,5245,0.000000,0.401240
10892,5784,0.000000,0.000000
12680,5398,0.000000,0.000001
12385,4993,0.000000,0.000000
12513,10169,0.000000,0.000000
13284,9248,0.000000,0.000001
5775,8839,0.000000,0.000000
8357,814,0.000000,0.000000
3655,10169,0.000000,0.000000
13301,814,0.000000,0.000000
3099,4993,0.000000,0.000000
14037,11853,0.000000,0.000000
12952,2707,0.000000,0.000000
819,4815,0.000000,0.000000
4994,8142,0.000000,0.000000
5775,8027,0.000000,0.000000
13284,5064,0.000000,0.000000
5245,10892,0.000000,0.000294
10169,6031,0.000000,0.000000
9453,14037,0.000000,0.000000
3655,6945,0.000000,0.000000
12288,11853,0.000000,0.003193
3379,819,0.000000,0.000000
14037,13281,0.000000,0.000000
1481,1563,0.000000,0.000014
12513,11337,0.000000,0.000000
4538,6765,0.000000,0.000000
4619,3379,0.000000,0.000323
12288,5398,0.000000,0.000517
4815,2453,0.000000,0.000101
3099,11337,0.000000,0.000001
6765,3379,0.000000,0.000000
8839,12385,0.000000,0.000002
4538,12952,0.000000,0.000004
10937,7544,0.000000,0.000586
5398,814,0.000000,0.000000
13301,14037,0.000000,0.000000
3235,3467,0.000000,0.000000
5029,13301,0.000000,0.000000
5398,959,0.000000,0.000005
3467,9248,0.000000,0.000038
11185,6945,0.000000,0.000000
12952,3379,0.000000,0.000009
2707,13997,0.000000,0.000000
12385,1433,0.000000,0.000000
3315,3323,0.000000,0.000000
13997,2707,0.000000,0.000000
12288,1433,0.000000,0.000000
13284,5784,0.000000,0.000000
12513,8839,0.000000,0.000000
959,8242,0.000000,0.000000
3379,6031,0.000000,0.000000
4619,4994,0.000000,0.000000
13301,5775,0.000000,0.000003
2707,14037,0.000000,0.000000
12513,13975,0.000000,0.000000
13997,2453,0.000000,0.000001
814,12385,0.000000,0.000000
3379,1499,0.000000,0.000000
2453,10169,0.000000,0.005219
268,2707,0.000000,0.000000
4994,3315,0.000000,0.000000
3235,6945,0.000000,0.000002
5784,3379,0.000000,0.000000
3323,6945,0.000000,0.000000
10937,5784,0.000000,0.000000
3467,1499,0.000000,0.000000
13997,1499,0.000000,0.000000
8142,1481,0.000000,0.000000
6765,8142,0.000000,0.000000
1433,12680,0.000000,0.000000
819,2707,0.000000,0.000000
13997,5245,0.000000,0.000000
3323,4993,0.000000,0.000000
8839,11337,0.000000,0.000000
5029,13416,0.000000,0.000000
10892,10222,0.000000,0.000000
8142,12952,0.000000,0.000000
1563,7544,0.000000,0.000000
5252,13284,0.000000,0.000452
10169,10892,0.000000,0.000000
4619,1499,0.000000,0.000000
4993,2453,0.000000,0.000000
8142,3655,0.000000,0.000000
4994,13301,0.000000,0.000000
5398,1433,0.000000,0.000000
6765,13997,0.000000,0.000000
8839,2707,0.000000,0.000000
5245,14527,0.000000,0.000000
11185,12513,0.000000,0.000000
6031,4143,0.000000,0.000000
5398,3323,0.000000,0.000000
7544,10937,0.000000,0.000273
9368,10907,0.000000,0.000000
7428,5663,0.000000,0.000000
3776,13609,0.000000,0.012675
13798,4185,0.000000,0.000000
1687,13090,0.000000,0.000000
1202,3776,0.000000,0.000000
13830,13532,0.000000,0.000252
4505,13665,0.000000,0.000000
10465,10855,0.000000,0.000000
14266,12445,0.000000,0.000309
4185,4268,0.000000,0.000000
10873,11281,0.000000,0.000000
12445,3223,0.000000,0.002470
3106,6263,0.000000,0.000000
11281,13090,0.000000,0.464475
7428,193,0.000000,0.000000
13750,10855,0.000000,0.000000
13090,12217,0.000000,0.000000
14257,7692,0.000000,0.000000
4513,14257,0.000000,0.000000
6263,7428,0.000000,0.000000
9368,14266,0.000000,0.000000
13665,4994,0.000000,0.000000
3776,4268,0.000000,0.000000
4185,193,0.000000,0.000000
1045,3372,0.000000,0.000000
3372,9913,0.000000,0.000000
4513,13798,0.000000,0.000000
1687,7512,0.000000,0.000000
4268,14257,0.000000,0.000000
1094,9368,0.000000,0.000000
9954,9913,0.000000,0.000012
4185,11281,0.000000,0.000000
270,7544,1.000000,0.057680
10873,5150,0.000000,0.000000
3776,429,0.000000,0.000000
2695,14266,0.000000,0.005086
3440,9368,0.000000,0.000000
11238,4898,0.000000,0.000000
14257,4994,0.000000,0.000000
6765,9519,0.000000,0.000000
3825,3372,0.000000,0.000000
1909,13750,0.000000,0.000000
6263,3223,0.000000,0.004340
13609,10907,0.000000,0.000000
13750,10602,0.000000,0.000000
12445,12217,0.000000,0.000000
6263,1094,0.000000,0.000000
1202,2593,0.000000,0.000000
4013,7692,0.000000,0.000000
13156,1045,0.000000,0.000000
2695,13798,0.000000,0.000000
9913,4268,0.000000,0.000000
7692,14257,0.000000,0.000000
3440,13156,0.000000,0.000000
10855,14081,0.000000,0.000000
9913,4513,0.000000,0.000000
13750,3825,0.000000,0.000000
2593,14081,0.000000,0.000000
10602,4268,0.000000,0.000000
7512,1687,0.000000,0.000000
1202,9913,0.000000,0.000000
8433,13532,0.000000,0.000000
9368,1909,0.000000,0.000000
7428,13354,0.000000,0.000000
3719,14081,0.000000,0.000956
13354,7512,0.000000,0.000000
13090,1909,0.000000,0.000000
3719,270,0.000000,0.000000
11238,4505,0.000000,0.000000
1094,3776,0.000000,0.000000
13609,3440,0.000000,0.000000
5150,14257,0.000000,0.000000
13609,3106,0.000000,0.000000
3825,10855,0.000000,0.000000
6263,13726,0.000000,0.000000
6765,9954,0.000000,0.000000
13532,1202,0.000000,0.000000
9368,11281,0.000000,0.000000
6765,1045,0.000000,0.000000
13532,13354,0.000000,0.000053
3106,1687,0.000000,0.000000
6765,14081,0.000000,0.000000
8433,5150,0.000000,0.000000
587,1202,0.000000,0.000000
13750,6806,0.000000,0.000003
4505,3719,0.574621,0.000000
9913,3106,0.000000,0.000000
3372,587,0.000000,0.000000
3825,13726,0.000000,0.000000
2593,4013,0.000000,0.000000
11281,3776,0.000000,0.000000
13354,10855,0.000000,0.000000
9519,4898,0.000000,0.000000
270,5663,0.000000,0.000000
9368,13665,0.000000,0.000001
13830,10602,0.000000,0.000000
2593,4513,0.000000,0.000000
587,4994,0.000000,0.000000
13665,9368,0.000000,0.000002
2239,3260,0.000000,0.000003
3260,11525,0.000000,0.001855
1141,5389,0.000000,0.000000
6089,12838,0.000000,0.000000
4994,11219,0.000000,0.000000
9460,12838,0.000000,0.000005
9043,10943,0.000000,0.001719
3922,14372,0.000000,0.000000
1054,12256,0.000000,0.000265
7159,9460,0.000000,0.000014
8089,11219,0.000000,0.008951
12256,8089,0.000000,0.000000
7535,1963,0.000000,0.000000
10943,6976,0.000000,0.000000
6089,3664,0.000000,0.000000
149,11525,0.000000,0.000105
1963,4994,0.000000,0.000000
13765,9460,0.000000,0.000000
4324,13875,0.000000,0.000000
10943,9127,0.000000,0.000206
4324,1463,0.000000,0.000000
1496,1054,0.000000,0.055139
2543,3283,0.000000,0.000102
3664,1141,0.000000,0.000000
12519,9043,0.000000,0.000043
5320,2239,0.000000,0.000004
13765,12713,0.000000,0.000086
8089,10052,0.000000,0.000000
1141,13851,0.000000,0.000000
5773,9460,0.000000,0.000000
9127,8089,0.000000,0.000203
12256,14372,0.000000,0.000000
12256,9460,0.000000,0.006989
7357,10329,0.000000,0.000000
3056,5454,0.000000,0.000000
7357,5604,0.000000,0.000000
10052,12713,0.000000,0.000004
11411,1573,0.000000,0.000000
14330,10407,0.000000,0.000000
10052,5245,1.000000,0.999576
1496,3056,0.000000,0.000000
13897,4031,0.000000,0.000000
5773,9043,0.000000,0.000046
13851,1054,0.000000,0.000000
10329,4324,0.000000,0.000000
3922,5454,0.000000,0.000000
5604,4594,0.000000,0.000000
14372,7535,0.000000,0.000000
4594,4070,0.000000,0.000000
2543,5320,0.000000,0.000000
7043,10407,0.000000,0.000000
4070,5245,0.000000,0.000000
8222,1573,0.000000,0.000000
12519,3056,0.000000,0.000000
8089,6089,0.000000,0.000318
3056,11411,0.000000,0.000000
14372,9043,0.000000,0.000000
7674,4324,0.000000,0.000000
1463,13897,0.000000,0.000008
5773,6570,0.000000,0.000000
1499,13851,0.000000,0.000000
2239,11219,0.000000,0.000000
10407,3664,0.000000,0.000000
1573,5773,0.000000,0.000000
9127,6976,0.000000,0.000000
5389,3283,0.000000,0.000000
8695,3283,0.000000,0.000025
14372,9127,0.000000,0.000001
3922,1499,0.000000,0.000000
7535,2239,0.000000,0.000000
1141,2543,0.000000,0.029943
1141,5320,0.000000,0.000000
7357,5454,0.000000,0.000001
14372,2239,0.000000,0.000000
10407,7159,0.000000,0.000000
13765,151,0.000000,0.000005
14372,10943,0.000000,0.000002
8222,6570,0.000000,0.001720
7535,9127,0.000000,0.000000
7043,149,0.000000,0.000001
10329,10052,0.000000,0.000000
11221,1573,0.000000,0.000000
4031,1463,0.000000,0.000000
2543,11345,0.000000,0.000000
4594,7674,0.000000,0.000000
14330,1054,0.000000,0.016829
11219,1463,0.000000,0.000002
4324,1963,0.000000,0.000000
4031,5389,0.000000,0.000000
14330,7159,0.000000,0.001562
4031,7043,0.000000,0.000000
11224,1655,0.000000,0.000000
7674,4031,0.000000,0.000000
13897,13851,0.000000,0.000000
12519,10943,0.000000,0.000029
3260,7674,0.000000,0.000027
5245,8222,0.000000,0.283939
13851,10630,0.000000,0.000000
7357,4070,0.000000,0.000101
6570,3922,0.000000,0.006349
13834,879,0.000000,0.000000
12227,9993,0.000000,0.001103
6766,2694,0.000000,0.000000
1843,4994,0.000000,0.000000
12325,4066,0.000000,0.000000
6766,11285,0.000000,0.000000
6766,394,0.000000,0.000000
11259,4066,0.000000,0.000000
784,13834,0.000000,0.000000
8339,2694,0.000000,0.000000
8339,2547,0.000000,0.000000
931,8339,0.000000,0.000000
2492,2721,0.000000,0.000000
8339,879,0.000000,0.000000
6631,14425,0.000000,0.000000
10989,9274,0.000000,0.000007
394,14425,0.000000,0.000000
7419,11285,0.000000,0.000000
14435,13518,0.000000,0.000000
6766,13846,0.000000,0.000000
2946,13433,0.000000,0.000000
13518,10726,0.000000,0.000000
8494,12480,0.000000,0.000014
11706,12480,0.000000,0.000000
12227,1003,0.000000,0.806763
13433,14485,0.000000,0.000000
9674,10781,0.000000,0.000000
14390,13564,0.000000,0.000000
13691,3098,0.000000,0.000000
9674,931,0.000000,0.000000
1060,8494,0.000000,0.000000
11285,1805,0.000000,0.000000
8339,9993,0.000000,0.000000
14037,8830,0.000000,0.000028
5310,4421,0.000000,0.000000
12227,9674,0.000000,0.000000
13846,13357,0.000000,0.000000
1843,2946,0.000000,0.000000
13518,7419,0.000000,0.000000
2694,4066,0.000000,0.000000
13433,5316,0.000000,0.000000
9274,13357,0.000000,0.000002
12416,12227,0.000000,0.795802
14485,13564,0.000000,0.000000
10989,4421,0.000000,0.000000
14390,10781,0.000000,0.000000
10989,13691,0.000000,0.000000
4421,10726,0.000000,0.000000
8339,10989,0.000000,0.000000
10781,4294,0.000000,0.000000
13691,12325,0.000000,0.000000
11259,4421,0.000000,0.000000
13518,14425,0.000000,0.000000
4473,879,0.000000,0.000002
10781,13518,0.000000,0.000000
8974,12227,0.000000,0.000000
13357,8009,0.000000,0.000000
13989,1060,0.000000,0.000000
8494,13989,0.000000,0.000000
8152,784,0.000000,0.000000
14435,13989,0.000000,0.000006
8339,13357,0.000000,0.000000
5310,4195,0.000000,0.000000
12325,2946,0.000000,0.000000
8494,11285,0.000000,0.000000
8830,13834,0.000000,0.000000
11285,6766,0.000000,0.000000
8009,2492,0.000000,0.000000
11259,4294,0.000000,0.000000
5316,13834,0.000000,0.000022
2694,4473,0.000000,0.000000
9993,931,0.000000,0.000004
12325,1114,0.000000,0.000000
14037,13989,0.000000,0.000000
11285,4195,0.000000,0.000000
8494,12669,0.000000,0.000000
1114,13989,0.000000,0.000000
12480,8152,0.000000,0.000154
14435,2547,0.000000,0.000000
13989,12416,0.000000,0.000000
8974,13564,0.000000,0.000000
5316,784,0.000000,0.000000
11285,784,0.000000,0.000000
8830,4473,0.000000,0.000051
12669,14435,0.000000,0.000000
11259,11706,0.000000,0.000000
9993,2694,0.000000,0.000000
1114,13433,0.000000,0.000000
14390,8830,0.000000,0.000000
9993,4473,0.000000,0.000005
931,1114,0.000000,0.000000
12325,9674,0.000000,0.000000
8974,6631,0.000000,0.000000
2694,2492,0.000000,0.000000
13357,14425,0.000000,0.000034
13357,13846,0.000000,0.000000
13989,2946,0.000000,0.000000
8494,10989,0.000000,0.000000
13691,13797,0.000000,0.000000
13989,8830,0.000000,0.000000
7872,3462,0.000000,0.000021
9620,3910,0.000000,0.000000
5388,1744,0.000000,0.000000
528,738,0.000000,0.000009
8269,1673,0.000000,0.000000
4060,1535,0.000000,0.000581
8439,10445,0.000000,0.000000
13003,9334,0.000000,0.000000
5464,11214,0.000000,0.000000
5707,10445,0.000000,0.000002
6323,3056,0.000000,0.000000
3523,738,0.000000,0.000000
7872,126,0.000000,0.000000
4047,8439,0.000000,0.000000
10445,8614,0.000000,0.000000
7105,3056,0.000000,0.000000
126,1673,0.000000,0.000000
7544,4047,0.000000,0.000000
8657,4047,0.000000,0.015825
9028,8657,0.000000,0.000000
9805,5707,0.000000,0.000000
5707,9334,0.000000,0.000003
3056,8161,0.000000,0.000000
8433,9028,0.000000,0.000000
2108,3696,0.000000,0.000000
9805,3496,0.000000,0.000000
8433,2108,0.000000,0.000000
169,5707,0.000000,0.000012
528,8689,0.000000,0.000000
13745,4060,0.000000,0.000000
4308,7755,0.000000,0.000082
3496,8433,0.000000,0.000000
13003,3462,0.000000,0.000000
5392,6281,0.000000,0.000000
5392,1981,0.000000,0.000007
4308,738,0.000000,0.000000
6323,9334,0.000000,0.000000
8439,7872,0.000000,0.000000
5464,8269,0.000000,0.000000
9028,7817,0.000000,0.000000
3369,1673,0.587548,0.000038
4060,1323,0.000000,0.000000
3369,3056,0.000000,0.000000
1744,1981,0.000000,0.000000
8433,10445,0.000000,0.000000
7687,4308,0.000000,0.000009
3369,126,0.000000,0.000001
11214,9805,0.000000,0.000000
7817,1981,0.000000,0.000000
13745,7872,0.000000,0.000000
3496,126,0.000000,0.000000
8118,9620,0.000000,0.000000
3322,11214,0.000000,0.000000
1535,7687,0.000000,0.000000
11597,8657,0.000000,0.001803
2318,1291,0.000000,0.000000
3523,3910,0.000000,0.000000
5388,7872,0.000000,0.000000
3895,4047,0.000000,0.000000
9143,1323,0.000000,0.000000
4308,1744,0.000000,0.000000
169,6323,0.000000,0.000000
9334,1971,0.000000,0.000000
8433,9805,0.000000,0.000000
2228,7687,0.000000,0.000000
3369,8161,0.000000,0.000000
528,126,0.000000,0.000000
7105,126,0.000000,0.000000
3288,2318,0.000000,0.000000
3523,5464,0.000000,0.000000
9794,4047,0.000000,0.000000
7872,5553,0.000000,0.000000
3369,5553,0.000000,0.000000
2228,12527,0.000000,0.000000
1323,3056,0.000000,0.000000
5707,9028,0.000000,0.000000
5707,1291,0.000000,0.000000
3910,1291,0.000000,0.000000
5029,4308,0.000000,0.000021
8689,9143,0.000000,0.001665
14000,5029,0.000000,0.000000
7817,5707,0.000000,0.000000
3523,1971,0.000000,0.000000
6323,8689,0.000000,0.000000
8689,9028,0.000000,0.000000
3462,8161,0.000000,0.000000
7755,3910,0.000000,0.000000
2228,3496,0.000000,0.000000
8614,1981,0.000000,0.000000
3496,8269,0.000000,0.000000
3288,8657,0.000000,0.000000
3910,14000,0.000000,0.000000
9028,1535,0.000000,0.000000
9143,9334,0.000000,0.000000
1981,3523,0.000000,0.000000
1744,126,0.000000,0.000000
7544,5707,0.000000,0.000000
8439,8269,0.000000,0.000000
13745,9143,0.000000,0.000008
10445,1291,0.000000,0.000001
10046,7801,0.000000,0.000000
13202,4961,0.000000,0.000000
6189,13686,0.000000,0.000000
8025,3614,0.000000,0.000008
4964,6925,0.000000,0.000000
10683,9003,0.000000,0.000000
5011,13398,0.000000,0.000000
3867,1418,0.542116,0.000004
377,4964,0.538376,0.532857
3392,14370,0.000000,0.000000
13562,10296,0.000000,0.000000
6925,10296,0.000000,0.000000
7940,9466,0.000000,0.000000
12877,8429,0.000000,0.000000
6765,7667,0.000000,0.099275
1418,13525,0.000000,0.000000
5011,6016,0.543247,0.000000
9541,10646,0.000000,0.000000
1332,11173,0.000000,0.000000
3482,11173,0.000000,0.000000
10683,6925,0.000000,0.000000
6189,262,0.000000,0.000000
8429,3614,0.000000,0.000000
11365,7801,0.000000,0.000000
7983,6386,0.000000,0.000000
9003,6473,0.000000,0.000000
6189,4291,0.000000,0.000000
10296,377,0.000000,0.001176
11392,2785,0.000000,0.000000
7667,6189,0.000000,0.000000
2785,3740,0.000000,0.000000
13202,6189,0.000000,0.000000
13398,1332,0.000000,0.000000
9541,1418,0.000000,0.000000
2153,4964,0.000000,0.000003
13562,12877,0.538919,0.545147
3056,51,0.000000,0.000000
1823,8025,0.000000,0.000000
4031,6939,0.000000,0.000000
8025,8429,0.000000,0.000000
4964,11042,0.000000,0.000000
1621,10127,0.000000,0.000000
7667,7983,0.000000,0.000000
6189,12492,0.000000,0.000000
3176,4961,0.000000,0.000007
2785,13686,0.000000,0.000000
7801,8025,0.000000,0.000000
11173,3867,0.000000,0.000000
3740,3867,0.000000,0.000000
9541,377,0.000000,0.000000
5011,7801,0.000000,0.000000
5011,6925,0.000000,0.000000
4961,8025,0.000000,0.000001
6765,3740,0.000000,0.000000
10646,51,0.000000,0.000000
4994,7667,0.000000,0.000000
6386,7957,0.000000,0.000000
51,6939,0.000000,0.000000
6765,2153,0.000000,0.000000
4994,6386,0.000000,0.000000
7667,1499,0.000000,0.000000
11173,3056,0.000000,0.000000
3176,4994,0.000000,0.000000
3392,7983,0.000000,0.000000
6765,3392,0.000000,0.000000
3482,8429,0.000000,0.000000
5408,9003,0.000000,0.000000
3867,4512,0.542116,0.295669
9541,9003,0.000000,0.000000
3740,6925,0.000000,0.000000
6939,6386,0.000000,0.000000
4961,5011,0.000000,0.000000
12877,3614,0.000000,0.000014
6189,8025,0.000000,0.000000
10127,6925,0.000000,0.000000
3482,13525,0.000000,0.001553
11173,10222,0.000000,0.000000
10127,10222,0.000000,0.000000
9541,9466,0.000000,0.000000
10127,1621,0.000000,0.000000
7940,4291,0.000000,0.000000
5408,1418,0.542116,0.000000
6386,4994,0.000000,0.000000
3482,8025,0.000000,0.000000
3056,9541,0.000000,0.000000
13562,1418,0.540857,0.000000
13525,4031,0.000000,0.000000
377,3056,0.000000,0.000000
3392,6765,0.000000,0.000000
11173,9541,0.000000,0.000002
2785,9223,0.000000,0.000000
3867,11365,0.000000,0.000000
8429,9003,0.000000,0.000000
6016,3056,0.000000,0.000000
9466,6386,0.000000,0.000000
6016,9223,0.000000,0.000000
6386,6765,0.000000,0.000000
3614,4964,0.000000,0.462888
12877,13562,0.538919,0.542122
10296,12492,0.564593,0.000226
8088,13098,0.000000,0.006260
11187,6799,0.000000,0.000026
11841,12508,0.000000,0.000248
10550,727,0.000000,0.001079
9514,4458,0.000000,0.000004
4994,12508,0.000000,0.000000
2630,10044,0.000000,0.000000
9271,1604,0.000000,0.000000
4337,12900,0.000000,0.000000
2630,11876,0.000000,0.000000
11737,12000,0.000000,0.000621
592,1195,0.000000,0.000000
6458,9271,0.000000,0.000000
11876,14156,0.000000,0.000000
14185,14478,0.000000,0.000081
11737,14156,0.000000,0.000000
5254,2630,0.000000,0.002260
652,9514,0.000000,0.000000
14478,14156,0.000000,0.000000
14510,4696,0.000000,0.000000
14037,14185,0.000000,0.000000
6516,6458,0.000000,0.001264
12900,4337,0.000000,0.000000
14156,592,0.000000,0.002819
4458,14156,0.000000,0.000000
7612,6516,0.000000,0.000275
14510,4994,0.000000,0.000000
12000,13264,0.000000,0.001074
2630,14185,0.000000,0.000027
4458,11371,0.000000,0.005199
1178,6458,0.000000,0.000293
9271,6799,0.000000,0.000000
12900,13098,0.000000,0.000000
4216,5254,0.000000,0.000000
6230,4216,0.000000,0.000081
12356,6611,0.000000,0.000000
1178,2277,0.000000,0.001226
6799,2861,0.000000,0.000072
592,4337,0.000000,0.000000
652,7612,0.000000,0.000000
2269,9781,0.000000,0.000054
7612,13843,0.000000,0.000000
6799,2386,0.000000,0.000093
592,9781,0.000000,0.000000
6458,4994,0.000000,0.000000
12356,3602,0.000000,0.000000
8415,1195,0.000000,0.000462
6458,13098,0.000000,0.000000
3602,10044,0.000000,0.000000
6985,10263,0.000000,0.000000
12900,14037,0.000000,0.000000
11807,6516,0.000000,0.000000
4216,5805,0.000000,0.000000
484,13935,0.000000,0.000000
7612,5266,0.000000,0.000425
10550,4337,0.000000,0.000000
2269,5254,0.000000,0.000000
4216,652,0.000000,0.000000
652,11737,0.000000,0.000000
13843,10044,0.000000,0.000000
11371,13935,0.000000,0.000000
13843,6611,0.000000,0.000000
6230,3602,0.000000,0.000000
652,8088,0.000000,0.000000
13098,5266,0.000000,0.000000
2861,12356,0.000000,0.000000
6401,6765,0.000000,0.000000
7663,6230,0.000000,0.000000
14478,1604,0.000000,0.000002
13098,11876,0.000000,0.000000
9271,11841,0.000000,0.000000
2269,9271,0.000000,0.000000
11546,7612,0.000000,0.000000
652,13264,0.000000,0.000000
14105,6765,0.000000,0.000000
6611,2277,0.000000,0.000000
12900,727,0.000000,0.001024
6458,6799,0.000000,0.000000
2269,5266,0.000000,0.000035
5254,10263,0.000000,0.000000
6516,7663,0.000000,0.000000
6611,592,0.000000,0.000000
2331,9271,0.000000,0.000053
727,592,0.000000,0.000000
116,2752,0.000000,0.000000
11876,11841,0.000000,0.000033
2277,3602,0.000000,0.000000
12508,1195,0.000000,0.000309
13935,2277,0.000000,0.000000
12000,2386,0.000000,0.000000
7663,14156,0.000000,0.000000
2861,11876,0.000000,0.000000
11737,14416,0.000000,0.000000
727,6799,0.000000,0.000000
13264,4994,0.000000,0.000000
4216,10263,0.000000,0.000305
11841,13264,0.000000,0.001346
6799,14037,0.000000,0.000020
11876,6985,0.000000,0.000000
2386,7612,0.000000,0.000000
10465,2817,0.000000,0.000000
14237,3439,0.000000,0.000000
3439,3905,0.000000,0.000000
8429,14182,0.000000,0.000000
1537,14500,0.000000,0.000000
1306,2595,0.000000,0.000000
656,13415,0.584828,0.000000
6712,2817,0.000000,0.000873
8179,14182,0.000000,0.000000
10811,10465,0.000000,0.000000
14182,2537,0.000000,0.000000
338,8179,0.000000,0.000000
4994,2548,0.000000,0.000000
12935,8179,0.000000,0.000000
5245,4777,0.000000,0.000000
13390,10002,0.000000,0.000000
45,4994,0.000000,0.000000
14188,2537,0.000000,0.000000
14269,3568,0.000000,0.000000
11834,4908,0.000000,0.000000
11895,10811,0.000000,0.000000
338,10171,0.000000,0.000000
13390,2595,0.000000,0.000000
7685,6674,0.000000,0.000000
13390,11796,0.000000,0.004307
1306,6712,0.000000,0.000000
1332,10465,0.000000,0.000000
45,13873,0.000000,0.000000
4063,10002,0.000000,0.000000
2548,3522,0.000000,0.000000
1537,10688,0.592787,0.000014
45,3522,0.000000,0.000000
1306,2537,0.000000,0.000000
4188,10465,0.000000,0.000000
3568,13415,0.000000,0.000000
2595,348,0.000000,0.000000
14500,14053,0.000000,0.000000
12935,12217,0.000000,0.000000
4777,11895,0.000000,0.000168
11834,1537,0.000000,0.000000
4447,14053,0.000000,0.000002
656,4908,0.000000,0.000000
10818,2595,0.000000,0.000000
12217,10111,0.000000,0.000000
6440,2223,0.000000,0.000045
2595,14053,0.000000,0.000000
14237,12185,0.000000,0.000000
8179,10465,0.000000,0.000000
45,1537,0.000000,0.000000
6712,12799,0.000000,0.000000
10171,11834,0.000000,0.000000
348,2595,0.000000,0.000000
11796,14500,0.000000,0.000000
2548,5833,0.000000,0.000000
45,10688,0.000000,0.000000
656,7879,0.000000,0.000000
6712,4908,0.000000,0.000000
656,10171,0.000000,0.000000
6431,13390,0.000000,0.000000
10818,6712,0.000000,0.000001
11834,10002,0.000000,0.000000
1537,11834,0.000000,0.000000
3522,2664,0.000000,0.000001
14182,13390,0.000000,0.007106
12799,12496,0.000000,0.000000
14053,10171,0.000000,0.000000
14500,12217,0.000000,0.000189
3522,2223,0.000000,0.000000
3568,2548,0.000000,0.000000
2817,5833,0.000000,0.001386
12217,45,0.000000,0.000000
3568,4908,0.000000,0.000000
3905,4908,0.000000,0.000000
45,4908,0.000000,0.000000
6431,5245,0.000000,0.000000
5245,10171,0.000000,0.000056
4447,7685,0.000000,0.000000
6431,4447,0.000000,0.000000
5833,3905,0.000000,0.000000
4908,4777,0.000000,0.000000
1306,5833,0.000000,0.000000
1537,14193,0.000000,0.005143
14053,2379,0.000000,0.000000
338,13390,0.000000,0.000000
10171,9897,0.000000,0.000000
4908,6431,0.000000,0.000000
4777,8179,0.000000,0.000000
4063,12935,0.000000,0.000000
2817,13415,0.000000,0.000000
2548,3439,0.000000,0.000000
348,14053,0.000000,0.000000
4661,10002,0.000000,0.000000
11834,10688,0.000000,0.000000
656,4661,0.000000,0.000000
2223,4777,0.000000,0.000000
11895,2817,0.000000,0.000000
10465,10111,0.000000,0.000000
9764,10818,0.000000,0.000000
11895,8904,0.000000,0.000000
6440,14053,0.000000,0.000000
9851,1111,0.000000,0.000019
6759,9851,0.000000,0.000000
10246,1463,0.000000,0.000002
6759,12185,0.000000,0.000000
14476,12439,0.000000,0.000000
3627,12402,0.000000,0.000000
9501,13398,0.000000,0.000000
4695,10222,0.000000,0.000000
12897,823,0.000000,0.000000
11571,7124,0.000000,0.000000
9501,10721,0.000000,0.000000
13873,11173,0.000000,0.000000
7544,268,0.000000,0.000000
1322,9034,0.000000,0.000000
1332,1063,0.000000,0.000000
12256,4994,0.000000,0.000000
242,14173,0.000000,0.000000
4447,5904,0.000000,0.000000
11218,5913,0.000000,0.000002
338,4994,0.000000,0.000000
11345,11173,0.000000,0.000000
12402,1499,0.000000,0.000000
268,3627,0.000000,0.000000
11345,100,0.000000,0.000000
3031,11173,0.000000,0.000000
12897,14476,0.000000,0.000000
7377,4994,0.000000,0.000000
6674,4447,0.000000,0.000034
2029,5753,0.000000,0.000000
11576,823,0.000000,0.000000
9540,4695,0.000000,0.000000
2029,10246,0.000000,0.000000
9003,10060,0.000000,0.000000
7544,6674,0.000000,0.000000
4695,5753,0.000000,0.000000
10721,13873,0.000000,0.000000
1332,3627,0.000000,0.000000
4695,11218,0.000000,0.000000
10580,5904,0.000000,0.000000
1322,8662,0.000000,0.000000
13873,10060,0.000000,0.000000
3031,1111,0.000000,0.000000
1943,5753,0.000000,0.000000
1943,10580,0.000000,0.000000
11218,10127,0.000000,0.000000
9223,1463,0.000000,0.000000
7439,11218,0.000000,0.000000
10222,4994,0.000000,0.000000
10222,11173,0.000000,0.000000
9223,12185,0.000000,0.000000
5904,4029,0.000000,0.000000
13873,3502,0.000000,0.000000
1322,12439,0.000000,0.000000
11173,1111,0.000000,0.000000
14173,4031,0.000000,0.000000
2505,10060,0.000000,0.000000
338,9034,0.000000,0.000000
10222,6674,0.000000,0.000000
7169,10246,0.000000,0.000017
1463,4447,0.000000,0.000000
7377,10246,0.000000,0.000000
12256,8662,0.000000,0.000000
8982,3627,0.000000,0.000000
8662,7169,0.000000,0.000000
8982,5913,0.000000,0.000000
10222,2505,0.000000,0.000000
4031,12217,0.000000,0.000000
7377,12217,0.000000,0.000000
7124,100,0.000000,0.000000
4695,9501,0.566378,0.000000
7169,12256,0.000000,0.000018
11173,7439,0.000000,0.000000
12897,4029,0.000000,0.000000
9223,1332,0.000000,0.000000
11721,1499,0.000000,0.000000
9223,268,0.000000,0.000000
4031,9034,0.000000,0.000000
1499,7169,0.000000,0.000000
338,823,0.000000,0.000000
10580,6674,0.000000,0.000000
7439,10721,0.000000,0.000000
12439,1111,0.000000,0.000000
2381,6674,0.000000,0.000000
1943,6759,0.000000,0.000000
11721,9034,0.000000,0.000000
5904,11571,0.000000,0.000000
242,7169,0.000000,0.000000
3031,1332,0.000000,0.000000
8982,3502,0.000000,0.000000
9003,1111,0.000000,0.000000
4447,100,0.000000,0.000000
3627,11571,0.000000,0.000000
11571,10127,0.000000,0.000000
14476,6759,0.000000,0.000000
9034,1463,0.000000,0.000000
100,12402,0.000000,0.000000
5753,11571,0.000000,0.000000
10222,3502,0.000000,0.000000
9540,3502,0.000000,0.000000
1063,6759,0.000000,0.000000
13368,5110,0.000000,0.000000
8657,2596,0.000000,0.000021
14177,9633,0.000000,0.000000
10022,14305,0.000000,0.000000
11161,7420,0.000000,0.000000
14428,31,0.000000,0.000000
6413,11677,0.000000,0.000000
14177,14428,0.000000,0.000000
9342,11410,0.000000,0.000000
12176,1580,0.000000,0.000001
5245,7420,0.000000,0.000000
14473,10333,0.000000,0.000000
5711,13368,0.000000,0.000000
7420,9935,0.000000,0.000040
10414,1097,0.000000,0.000000
11063,13573,0.000000,0.000152
13109,6650,0.000000,0.000132
5711,6031,0.000000,0.000000
11063,13109,0.000000,0.000023
6413,11063,0.000000,0.000016
10086,13198,0.000000,0.000000
9633,9303,0.000000,0.000072
5245,4156,0.000000,0.000000
11063,1323,0.000000,0.000000
5029,11021,0.000000,0.000000
9353,2937,0.000000,0.000000
31,12069,0.000000,0.000001
14457,11410,0.000000,0.000475
1580,2923,0.000000,0.000000
9935,5110,0.000000,0.000000
8988,13169,0.000000,0.000043
10818,5585,0.000000,0.000000
11021,10818,0.000000,0.000000
13169,9935,0.000000,0.000001
5110,11410,0.000000,0.000002
9303,5110,0.000000,0.000060
10414,14305,0.000000,0.000000
10332,1097,0.000000,0.000000
9342,12069,0.000000,0.000433
1580,9633,0.000000,0.000003
6031,10414,0.000000,0.000000
7420,13573,0.000000,0.000765
14457,2937,0.000000,0.000034
9303,1097,0.000000,0.000000
11161,6650,0.000000,0.000013
11410,5245,0.000000,0.000000
5711,7960,0.000000,0.000000
7420,11021,0.000000,0.000376
11677,10022,0.000000,0.000000
6981,4156,0.000000,0.000000
10414,8657,0.000000,0.000000
11677,12302,0.000000,0.000000
5711,31,0.000000,0.000000
628,5585,0.000000,0.000000
7960,13368,0.000000,0.000000
11677,2596,0.000000,0.000000
5273,12897,0.000000,0.000000
11881,9353,0.000000,0.000001
12897,13573,0.000000,0.000000
2596,4284,0.000000,0.000000
10818,1323,0.000000,0.000000
6981,1097,0.000000,0.000000
4435,10332,0.000000,0.000003
8947,10818,0.000000,0.000000
628,5245,0.000000,0.000000
12176,11161,0.000000,0.000011
6650,7420,0.000000,0.019517
1580,4156,0.000000,0.000000
10333,14428,0.000000,0.000000
1580,12897,0.000000,0.000000
9353,2109,0.592787,0.000001
14428,5585,0.000000,0.000074
10332,6981,0.000000,0.000000
8988,13573,0.000000,0.000005
13368,12302,0.000000,0.038486
6650,10086,0.000000,0.000010
13109,31,0.000000,0.000000
14305,1580,0.000000,0.000000
10332,10086,0.000000,0.000000
11677,11021,0.000000,0.000000
1323,9342,0.000000,0.000000
9303,13198,0.000000,0.000000
9935,11410,0.000000,0.000538
10333,4156,0.000000,0.000008
9353,12302,0.000000,0.000058
14428,12176,0.000000,0.000029
8657,5245,0.000000,0.000000
2197,11161,0.000000,0.000000
10818,2937,0.000000,0.000000
10086,11881,0.000000,0.000555
14305,11881,0.000000,0.000000
11410,8657,0.000000,0.000005
1097,5029,0.000000,0.000041
4435,8947,0.000000,0.000000
8988,11161,0.000000,0.000006
5273,6937,0.000000,0.000000
4156,10332,0.000000,0.000004
7420,9303,0.000000,0.000000
10086,5857,0.000000,0.000000
13109,12302,0.000000,0.000000
6386,6765,0.000000,0.000000
12376,5732,0.000000,0.000000
316,5322,0.000000,0.000002
13829,10198,0.000000,0.000000
3327,819,0.000000,0.000000
14177,6386,0.000000,0.000000
5732,12402,0.000000,0.000000
2578,11072,0.000000,0.000000
3502,8276,0.000000,0.000000
2911,7865,0.000000,0.000000
6103,6431,0.000000,0.000000
6386,1063,0.000000,0.000002
3327,8982,0.000000,0.000000
3327,3366,0.000000,0.000000
8276,13829,0.000000,0.000000
8276,4403,0.000000,0.000000
1063,12330,0.000000,0.000000
2029,7865,0.000000,0.000000
4741,14205,0.000000,0.000000
316,12330,0.000000,0.000000
5732,8400,0.000000,0.000033
2505,9034,0.000000,0.000000
9158,11072,0.000000,0.000000
7124,3327,0.000000,0.000000
8641,9003,0.000000,0.000000
9003,2911,0.000000,0.000000
1063,7564,0.000000,0.000000
8942,8982,0.000000,0.000000
12402,5147,0.000000,0.000000
4617,3502,0.000000,0.000000
7544,7428,0.000000,0.015092
7428,4994,0.000000,0.000000
4994,10198,0.000000,0.000000
3327,14177,0.000000,0.000000
8400,9158,0.000000,0.000000
4403,4617,0.000000,0.000000
14177,13829,0.000000,0.000000
9003,730,0.000000,0.000000
2029,10904,0.000000,0.000000
10222,4741,0.000000,0.000000
2990,4741,0.000000,0.000000
5147,7124,0.000000,0.000000
8400,823,0.000000,0.000000
8982,7377,0.000000,0.000000
6386,7865,0.000000,0.000000
11345,8641,0.000000,0.000000
13320,9034,0.000000,0.000000
7564,13320,0.000000,0.000000
8982,7428,0.000000,0.063758
5732,2911,0.000000,0.000000
9003,4741,0.000000,0.000000
7124,9158,0.000000,0.000000
1980,2505,0.000000,0.000000
2432,8276,0.000000,0.000000
10198,10904,0.000000,0.000056
14205,3327,0.000000,0.000002
1980,5732,0.000000,0.000000
2029,242,0.000000,0.000000
216,1063,0.000000,0.000000
10904,12677,0.000000,0.000000
242,4994,0.000000,0.000000
7377,5190,0.000000,0.000000
6386,316,0.000000,0.000000
10198,14177,0.000000,0.000000
9034,9780,0.000000,0.000000
5322,5147,0.000000,0.000000
13320,12376,0.000000,0.000000
2578,10198,0.000000,0.000000
242,7544,0.000000,0.000000
4741,823,0.000000,0.000000
2029,12376,0.000000,0.000000
1063,5322,0.000000,0.000000
12330,2029,0.000000,0.000000
5322,12376,0.000000,0.000000
4403,3327,0.000000,0.000214
13829,7124,0.000000,0.000000
2990,13829,0.000000,0.000060
1499,7544,0.000000,0.000000
1980,8400,0.000000,0.000000
11072,2990,0.000000,0.000000
8641,5732,0.000000,0.000000
13320,7428,0.000000,0.000000
4403,730,0.000000,0.000002
7428,6765,0.000000,0.013033
10904,12376,0.000000,0.000000
14177,6103,0.000000,0.000000
12677,12376,0.000000,0.000000
7124,2911,0.000000,0.000000
823,7396,0.000000,0.000000
12677,7564,0.000000,0.000000
5190,14205,0.000000,0.000000
13320,6103,0.000000,0.000000
5732,2990,0.000000,0.000000
12402,2505,0.000000,0.000000
5322,11345,0.000000,0.000000
3366,5732,0.000000,0.000000
13752,4994,0.000000,0.000000
7865,819,0.000000,0.000000
7124,8641,0.000000,0.000000
5732,9034,0.000000,0.000000
12143,7179,0.000000,0.000000
4597,11993,0.000000,0.000066
2777,3056,0.000000,0.000000
12329,10707,0.000000,0.000000
11993,14455,0.000000,0.000023
6765,11947,0.000000,0.000000
6503,9204,0.000000,0.063157
13734,5553,0.000000,0.000000
12329,7179,0.000000,0.009254
7938,3056,0.000000,0.000000
7179,3312,0.000000,0.002615
7174,9738,0.000000,0.000013
11179,3450,0.000000,0.000002
3312,11179,0.000000,0.000031
1552,3450,0.000000,0.000326
2728,14176,0.000000,0.012242
1082,14176,0.000000,0.000000
2176,5055,0.000000,0.000000
11631,2176,0.000000,0.000000
10707,7576,0.000000,0.000000
4597,7174,0.000000,0.000000
3312,6765,0.000000,0.000066
1499,8713,0.000000,0.000000
11993,11179,0.000000,0.000302
5122,840,0.000000,0.003708
4597,1552,0.000000,0.000020
4597,5055,0.000000,0.000000
12852,11947,0.000000,0.004914
10707,2728,0.000000,0.000000
10644,12852,0.000000,0.000000
4453,8775,0.555854,0.000008
11631,8340,0.000000,0.000000
3775,11791,0.000000,0.000775
3056,3775,0.000000,0.000000
3332,1972,0.000000,0.000214
5979,7179,0.000000,0.000000
8713,8775,0.000000,0.432762
6503,14176,0.000000,0.030227
3332,5122,0.000000,0.010357
12796,7938,0.000000,0.000058
3450,3056,0.000000,0.000000
3166,12329,0.000000,0.097442
13783,8234,0.000000,0.000000
3166,11947,0.000000,0.013798
11179,7179,0.000000,0.000000
7576,12852,0.000000,0.000142
3747,11179,0.000000,0.000000
11631,7938,0.000000,0.000000
6040,14176,0.000000,0.017103
2777,6765,0.000000,0.000000
2176,6765,0.000000,0.000000
6503,1499,0.000000,0.000000
314,4597,0.555854,0.001600
7179,12852,0.000000,0.005451
188,6040,0.000000,0.000331
5634,12392,0.000000,0.000018
7938,8713,0.000000,0.031917
1082,3166,0.000000,0.000008
6503,2728,0.000000,0.007781
4597,2777,0.000000,0.000000
1552,7918,0.000000,0.000042
4597,6813,0.000000,0.000005
8259,5553,0.000000,0.000000
8259,7576,0.000000,0.000000
3450,8340,0.000000,0.014901
14176,3312,0.000000,0.011630
3450,4075,0.000000,0.005944
2176,12796,0.000000,0.003835
7179,188,0.000000,0.000006
2176,5634,0.000000,0.000000
11947,7938,0.000000,0.000000
6765,3312,0.000000,0.000096
7938,2777,0.000000,0.000000
5553,6503,0.000000,0.000000
9204,5634,0.000000,0.000021
1552,7938,0.000000,0.000174
2728,188,0.000000,0.000045
12128,14176,0.000000,0.000000
7112,3332,0.000000,0.059118
1082,7576,0.000000,0.000000
1552,3056,0.000000,0.000000
4953,13783,0.000000,0.000000
11791,9204,0.000000,0.513562
4953,4453,0.000000,0.000303
1972,6040,0.000000,0.001904
11773,11631,0.000000,0.000000
1082,7938,0.000000,0.000000
840,1499,0.000000,0.000000
4597,1972,1.000000,0.728032
7179,4075,0.000000,0.169088
1082,13248,0.000000,0.000000
8713,11947,0.000000,0.000469
3312,1082,0.000000,0.000000
1082,13783,0.000000,0.000000
1082,188,0.000000,0.000000
6765,8259,0.000000,0.000000
14176,11993,0.000000,0.001200
9204,6503,0.000000,0.061257
7918,3747,0.000000,0.000000
6813,4075,0.000000,0.000789
8265,7544,0.000000,0.000000
2548,3714,0.000000,0.000000
6645,10465,0.000000,0.000000
2674,2537,0.000000,0.000000
7412,5921,0.000000,0.000000
1572,9897,0.000000,0.000000
2,7439,0.000000,0.000000
9022,9770,0.000000,0.000000
9022,12217,0.000000,0.000000
13606,3439,0.000000,0.000000
12935,9608,0.000000,0.000000
6241,9897,0.000000,0.000000
10337,6241,0.000000,0.000000
3439,10465,0.000000,0.000000
3568,7439,0.000000,0.000000
9770,8277,0.000000,0.000000
8429,338,0.000000,0.000000
10465,14453,0.000000,0.000000
11014,8277,0.000000,0.000000
6765,11310,0.000000,0.000000
3568,3439,0.000000,0.000000
1499,9022,0.000000,0.000000
12622,9897,0.000000,0.000000
9022,2674,0.000000,0.000000
13606,11014,0.000000,0.000130
9608,4447,0.000000,0.000000
8265,12217,0.000000,0.000000
9998,5921,0.000000,0.000000
11014,8265,0.000000,0.000000
12935,9897,0.559670,0.000000
13873,4447,0.000000,0.000086
12217,13873,0.000000,0.000000
14037,338,0.000000,0.000000
4994,3522,0.000000,0.000000
6454,2537,0.000000,0.000000
14500,7544,0.000000,0.000000
12185,13873,0.000000,0.000001
14453,9998,0.000000,0.000000
14037,10465,0.000000,0.000000
8265,13606,0.000000,0.000000
12622,4777,0.000000,0.000000
10465,9770,0.000000,0.000000
338,11895,0.000000,0.000000
11227,12185,0.000000,0.000000
11895,12216,0.000000,0.000000
4447,10337,0.000000,0.000000
11345,11227,0.000000,0.000000
14037,11345,0.000000,0.000000
12216,4810,0.000000,0.000000
6454,3439,0.000000,0.000000
12935,6674,0.000000,0.000000
1572,12935,0.000000,0.000000
4994,9608,0.000000,0.000000
11735,9897,0.000000,0.000000
1499,12185,0.000000,0.000000
11227,14453,0.000000,0.000000
11345,14053,0.000000,0.000000
10337,5029,0.000000,0.000000
14037,2483,0.000000,0.000000
6645,7439,0.000000,0.000000
14500,12935,0.000000,0.000000
4777,10991,0.000000,0.000000
6454,8982,0.000000,0.000000
1572,11310,0.000000,0.000010
13606,11735,0.000000,0.000000
7412,1191,0.000000,0.000000
14053,6765,0.000000,0.000000
1572,9770,0.000000,0.000000
12185,7544,0.000000,0.000000
8982,7685,0.000000,0.000000
13606,12217,0.000000,0.000000
11895,3439,0.000000,0.000000
7685,338,0.000000,0.000000
4777,5921,0.000000,0.000000
9608,9897,0.000000,0.000000
1572,7439,0.000000,0.000000
12217,5921,0.000000,0.000000
11735,4447,0.000000,0.000000
14453,6674,0.000000,0.000000
14453,7439,0.000000,0.000000
3568,14500,0.000000,0.000000
9770,6674,0.000000,0.000000
6454,1191,0.000000,0.000000
11895,2,0.000000,0.000000
11173,9998,0.000000,0.000000
6454,13873,0.000000,0.000000
8982,13606,0.000000,0.000006
9998,10465,0.000000,0.000000
6765,9022,0.000000,0.000000
5029,7412,0.000000,0.000000
7544,3714,0.000000,0.000000
10465,2674,0.000000,0.000000
1191,4810,0.000000,0.000000
5921,3522,0.000000,0.000000
12799,6241,0.000000,0.000000
9608,6674,0.000000,0.000000
3714,9608,0.000000,0.000000
9160,2483,0.000000,0.000000
9160,12185,0.000000,0.000000
12935,338,0.000000,0.000179
5553,7544,0.000000,0.000000
12289,4651,0.000000,0.000000
13254,13498,0.000000,0.000000
7544,11079,0.000000,0.000000
6022,13886,0.000000,0.000000
8410,13886,0.000000,0.000000
2167,1082,0.000000,0.000000
3056,12143,0.000000,0.000000
7051,13498,0.000000,0.000000
2832,9170,0.000000,0.000000
10644,8429,0.000000,0.000000
1499,14463,0.000000,0.000000
11345,4169,0.000000,0.000000
6482,10665,0.000000,0.000002
1513,11271,0.000000,0.000000
7051,14295,0.000000,0.000000
11576,8410,0.000000,0.000000
6482,1082,0.000000,0.000000
7090,7174,0.000000,0.000000
11576,6022,0.000000,0.000000
1082,7544,0.000000,0.000000
6765,12143,0.000000,0.000000
14463,2832,0.000000,0.000000
14119,2777,0.000000,0.000000
1082,2777,0.000000,0.001137
10137,12128,0.000000,0.000000
13254,12173,0.000000,0.000000
11345,7918,0.000000,0.000000
13886,14463,0.000000,0.000000
6019,3747,0.000000,0.000000
14119,10644,0.000000,0.000000
11576,12093,0.000000,0.000000
9890,8259,0.000000,0.000000
7174,6765,0.000000,0.000002
2044,9170,0.000000,0.000001
188,8429,0.000000,0.000000
6535,8410,0.000000,0.000000
5055,4994,0.000000,0.000000
14295,5553,0.000000,0.000000
10551,8429,0.000000,0.000000
4695,4651,0.000000,0.000067
11345,14295,0.000000,0.000000
7174,8259,0.000000,0.000032
10665,10551,0.000000,0.000001
9170,7918,0.000000,0.000000
6482,2777,0.000000,0.000000
7305,7188,0.000000,0.000000
2832,5263,0.000000,0.000000
10137,4169,0.000000,0.000648
4994,7174,0.000000,0.000000
13315,7051,0.000000,0.000000
14463,2777,0.000000,0.000000
8188,1513,0.000000,0.000000
8259,10665,0.000000,0.000004
4994,6019,0.000000,0.000000
9890,3747,0.000000,0.000000
12811,4169,0.000000,0.000000
5055,9890,0.000000,0.000000
5868,8429,0.000000,0.000000
5263,11961,0.000000,0.000000
1499,1250,0.000000,0.000000
2044,14119,0.000000,0.000000
11961,1250,0.000000,0.000000
4169,8429,0.000000,0.000000
7174,12128,0.000000,0.000000
5263,6482,0.000000,0.000000
9890,11576,0.000000,0.000000
14463,10551,0.000000,0.000000
9170,3287,0.000000,0.000391
8259,11079,0.000000,0.000000
1250,4695,0.000000,0.000000
1455,10137,0.000000,0.000000
12433,11345,0.000000,0.000000
5868,11271,0.000000,0.000000
12093,11345,0.000000,0.000000
12128,7305,0.000000,0.000000
6765,6022,0.000000,0.000000
9170,11576,0.000000,0.000000
188,8188,0.000000,0.000000
6019,2777,0.000000,0.000000
1499,11079,0.000000,0.000000
8410,11345,0.000000,0.000000
10137,9890,0.000000,0.000004
3013,7305,0.000000,0.000000
1250,5868,0.000000,0.000000
3747,14463,0.000000,0.000000
11079,9170,0.000000,0.000000
7174,4651,0.000000,0.000000
13498,8429,0.000000,0.000000
8429,12093,0.000000,0.000000
13254,8429,0.000000,0.000000
3287,12093,0.000000,0.000001
10551,13315,0.000000,0.000000
7305,5055,0.000000,0.000000
14119,6535,0.000000,0.000000
3013,4642,0.000000,0.000004
10665,13315,0.000000,0.000000
11345,6022,0.000000,0.000000
11345,188,0.000000,0.000000
1455,11271,0.000000,0.000000
13936,6765,0.000000,0.000000
1710,9977,0.000000,0.000000
8472,1720,0.000000,0.000000
6674,8399,0.000000,0.000000
11430,9550,0.000000,0.000029
8939,11140,0.000000,0.000000
4666,12583,0.000000,0.000007
5197,12583,0.000000,0.000000
9448,6738,0.000000,0.000000
14137,2317,0.000000,0.000000
9448,3470,0.000000,0.000000
702,1720,0.000000,0.000000
8906,3470,0.000000,0.001170
6765,5657,0.000000,0.000000
10494,9550,0.000000,0.000000
9486,10598,0.000000,0.000000
8091,13935,0.000000,0.000000
11604,5197,0.000000,0.000000
8733,8462,0.000000,0.000000
11686,3072,0.000000,0.000000
494,5855,0.000000,0.000043
494,11686,0.000000,0.000000
1720,6674,0.000000,0.000000
1720,3542,0.000000,0.000000
9221,5855,0.000000,0.000015
8472,1315,0.000000,0.000000
1891,8768,0.000000,0.000000
11943,1710,0.000000,0.000000
4666,11037,0.000000,0.000000
8939,7713,0.000000,0.000000
12095,2630,0.000000,0.000000
1710,2079,0.000000,0.000001
8906,3072,0.000000,0.000000
9448,8906,0.000000,0.000010
1315,4666,0.000000,0.000000
9047,4994,0.000000,0.000000
13936,9550,0.000000,0.000000
5889,7713,0.000000,0.003608
9448,8939,0.000000,0.000954
13936,5197,0.000000,0.000000
8733,12583,0.000000,0.000000
10598,5855,0.000000,0.000000
10494,1710,0.000000,0.000000
3586,9221,0.000000,0.000028
1891,8733,0.000000,0.000000
3648,9448,0.000000,0.000000
3542,5889,0.000000,0.000000
8091,10494,0.000000,0.000000
1200,9550,0.000000,0.000000
8939,6674,0.000000,0.000000
8247,1315,0.000000,0.000000
9047,11037,0.000000,0.000012
6918,2317,0.000000,0.000000
13935,9550,0.000000,0.000000
8472,11140,0.000000,0.000000
9550,6918,0.000000,0.000055
10494,12095,0.000000,0.000000
1315,9509,0.000000,0.000000
12217,6918,0.000000,0.000000
8733,5855,0.000000,0.000000
11943,5197,0.000000,0.000000
5197,6765,0.000000,0.000000
13935,3586,0.000000,0.000018
13936,14137,0.000000,0.000000
3586,8472,0.000000,0.000000
3648,5889,0.000000,0.003279
11686,6046,0.000000,0.000000
3542,12583,1.000000,0.000091
7713,702,0.000000,0.000000
3542,7713,0.000000,0.000000
10598,6674,0.000000,0.000000
8906,6046,0.000000,0.000000
8939,3072,0.000000,0.000000
6046,6918,0.000000,0.000592
9448,2079,0.000000,0.000000
14137,5197,0.000000,0.000000
3470,1891,0.000000,0.000000
8247,6168,0.000000,0.000000
1891,2079,0.000000,0.000000
1710,6765,0.000000,0.000000
6765,5197,0.000000,0.000000
11037,5383,0.000000,0.000000
8733,702,0.000000,0.000000
8768,702,0.000000,0.000000
8462,11430,0.000000,0.000000
13935,8247,0.000000,0.000000
8247,9550,0.000000,0.000000
5265,9221,0.000000,0.000000
702,9550,0.000000,0.000000
3586,11140,0.000000,0.000000
1891,5265,0.000000,0.000000
9448,9509,0.000000,0.000012
494,9486,0.000000,0.000000
13935,1200,0.000000,0.000000
13935,3648,0.000000,0.000000
11943,12583,0.000000,0.000000
6046,1710,0.000000,0.000009
9221,8768,1.000000,0.053968
9486,8906,0.543649,0.523248
8091,12095,0.000000,0.000001
4349,13954,0.535025,0.411103
44,14021,1.000000,0.519373
11313,14037,0.000000,0.007378
4157,6144,0.000000,0.571621
4467,3627,0.000000,0.000000
44,6428,0.536627,0.564548
8544,4157,0.530509,0.487125
4130,14311,0.000000,0.579073
4368,14465,0.000000,0.568037
8544,2180,0.000000,0.553340
14062,13954,0.530509,0.556569
8544,8324,0.000000,0.116184
13103,4385,0.537282,0.522134
14311,12170,0.000000,0.000000
9895,11313,0.000000,0.456050
4157,4368,0.000000,0.554714
9895,4467,0.530509,0.370023
6765,11004,0.000000,0.826316
14311,9837,0.000000,0.591859
6765,8544,0.000000,0.012836
11313,307,0.000000,0.085765
4368,4349,0.000000,0.445938
4157,12854,0.000000,0.529814
11313,4948,0.000000,0.503303
4467,1025,0.000000,0.465193
4467,4385,0.000000,0.431331
4349,4072,0.000000,0.578809
4948,1451,0.000000,0.352292
4072,7273,0.000000,0.440185
6765,8324,0.000000,0.499752
8779,8324,0.000000,0.028412
2767,10820,0.000000,0.004396
3627,312,0.000000,0.000000
4467,12170,0.000000,0.000000
14021,5704,0.000000,0.532511
2648,8779,0.000000,0.020567
2774,12170,0.000000,0.000000
4080,4467,0.000000,0.570736
13103,3931,0.000000,0.000000
6428,4948,0.000000,0.527414
4467,8324,0.000000,0.500239
2741,12854,0.000000,0.442408
4130,10427,1.000000,0.539983
13626,13213,0.000000,0.378726
2741,8911,0.000000,0.176498
8779,2741,0.000000,0.012989
13213,9895,0.000000,0.072556
6627,8324,0.000000,0.045722
6428,7292,0.530509,0.451154
9727,12060,0.000000,0.376936
10427,2648,0.536627,0.655931
10427,6765,0.000000,0.057288
8911,11313,0.000000,0.355364
1990,14465,0.000000,0.000000
4130,4385,0.536627,0.473048
14062,13626,0.000000,0.537947
1025,8779,0.000000,0.009069
12170,4072,0.000000,0.000000
3627,11313,0.000000,0.000000
6428,14465,0.000000,0.576033
5133,1025,0.000000,0.459969
8324,4368,0.000000,0.282593
1451,10427,0.530509,0.368170
14037,2774,0.000000,0.002520
14037,8544,0.000000,0.002331
14062,4072,0.000000,0.521477
8324,3045,0.000000,0.400868
4157,312,0.000000,0.000010
4385,8324,0.537282,0.159320
5520,44,0.000000,0.547888
14037,4349,0.000000,0.040403
10820,11313,0.000000,0.561259
312,14021,0.000000,0.000005
14062,11313,0.000000,0.590809
1990,11313,0.000000,0.000000
4080,7273,0.000000,0.587500
14021,44,1.000000,0.529514
12170,2767,0.000000,0.000000
307,13626,0.000000,0.076455
4130,5133,0.000000,0.540646
4385,4948,0.000000,0.460779
1990,44,0.000000,0.000000
13954,6144,0.537282,0.530580
312,12170,0.000000,0.000000
14037,312,0.000000,0.000127
10820,13626,0.000000,0.526439
2648,2774,1.000000,0.555148
3045,4157,0.000000,0.569542
4948,4467,0.000000,0.492924
312,3931,0.000000,0.002518
1004,13626,0.000000,0.471243
2741,10820,0.000000,0.497249
14465,9837,0.000000,0.492378
7292,1990,0.000000,0.000000
13213,11483,0.000000,0.235488
12170,3931,0.000000,0.000000
312,2774,0.000000,0.000002
8030,4467,0.000000,0.530792
12854,10427,0.530509,0.528045
4948,307,0.000000,0.054557
12360,2367,0.000000,0.000001
13830,1755,0.000000,0.000000
13054,3868,0.000000,0.000000
13092,3910,0.000000,0.000000
12360,11734,0.000000,0.000333
12922,9496,0.000000,0.000180
9662,800,0.000000,0.000000
5604,12985,0.000000,0.000000
3216,8208,0.000000,0.000000
11345,12689,0.000000,0.000000
9662,9496,0.000000,0.000000
5699,11755,0.000000,0.000012
13366,11755,0.000000,0.000406
12522,10465,0.000000,0.000000
11734,1536,0.000000,0.000000
5699,549,0.000000,0.000000
5663,13830,0.000000,0.000000
12998,8400,0.000000,0.000000
7784,13502,0.000000,0.075735
8407,11345,0.000000,0.000000
11345,834,0.000000,0.000000
11345,8400,0.000000,0.000000
11734,13035,0.000000,0.000515
12998,6277,0.000000,0.000000
13092,11755,0.000000,0.000063
8589,2762,0.000000,0.000001
6277,13502,0.000000,0.000000
5029,1536,0.000000,0.000000
3868,11734,0.000000,0.000000
12998,12187,0.000000,0.000000
4224,5764,0.000000,0.000000
834,13830,0.000000,0.000000
8407,10052,0.000000,0.000000
3017,12572,0.000000,0.000031
937,109,0.000000,0.000000
9662,2050,0.000000,0.000000
1755,9778,0.000000,0.000000
10440,12985,0.000000,0.000000
1647,2050,0.000000,0.000000
1755,2367,0.000000,0.000000
9778,1647,0.000000,0.000000
5764,937,0.000000,0.000000
9464,8208,0.000000,0.000000
12881,3868,0.000000,0.000000
3910,9662,0.000000,0.000000
9529,13915,0.000000,0.061298
3910,12187,0.000000,0.000000
10886,2367,0.000000,0.000000
12689,11345,0.000000,0.000000
800,9529,0.000000,0.000000
8400,6277,0.000000,0.000000
12998,11734,0.000000,0.000000
8208,834,0.000000,0.000000
13366,3868,0.000000,0.000000
13035,9496,0.000000,0.105439
9662,12522,0.000000,0.000000
9778,3017,0.000000,0.000000
12881,12360,0.000000,0.000000
10440,834,0.000000,0.000000
10795,12522,0.000000,0.000000
11345,2839,0.000000,0.000000
13830,2050,0.000000,0.000000
1755,9496,0.000000,0.000000
2839,10465,0.000000,0.000000
1755,12176,0.000000,0.000000
10465,937,0.000000,0.000000
800,3017,0.000000,0.000000
4233,10086,0.000000,0.000000
3017,834,0.000000,0.000000
8407,9778,0.000000,0.000000
13366,12187,0.000000,0.000000
13366,2762,0.000000,0.000007
10052,800,0.000000,0.000000
549,12522,0.000000,0.000000
2839,4994,0.000000,0.000000
12689,9529,0.000000,0.000000
937,2367,0.000000,0.000000
8400,3216,0.000000,0.000000
13830,7784,0.000000,0.000000
12998,10795,0.000000,0.000000
12689,1544,0.000000,0.000000
11755,3910,0.000000,0.000000
10086,5699,0.000000,0.000000
12522,13366,0.000000,0.000000
13502,1544,0.000000,0.000591
9778,1755,0.000000,0.000000
12522,2367,0.000000,0.001672
10052,6277,0.000000,0.000000
549,5699,0.000000,0.000000
12176,12360,0.000000,0.000000
12689,1755,0.000000,0.000000
1647,5029,0.000000,0.000000
9529,1755,0.000000,0.000000
109,12522,0.000000,0.000000
12187,5764,0.000000,0.000000
12572,549,0.000000,0.000000
12998,1536,0.000000,0.053184
13502,2367,0.000000,0.000000
9662,9464,0.000000,0.000000
12998,9464,0.000000,0.000000
1232,12263,0.000000,0.000000
1455,8852,0.000000,0.000000
11544,11090,0.000000,0.000000
7152,8719,0.000000,0.003956
14226,1455,0.000000,0.000000
5366,13843,0.000000,0.000000
8607,4361,0.000000,0.000000
3602,9529,0.000000,0.000000
13843,11933,0.000000,0.000000
12263,6285,0.000000,0.000000
3573,2960,0.000000,0.000000
5966,7602,0.000000,0.010581
9375,1455,0.000000,0.000000
8852,13332,0.000000,0.000000
11090,12122,0.000000,0.124480
3573,3056,0.000000,0.000000
7078,2960,0.000000,0.000000
9375,7194,0.000000,0.000000
4754,1455,0.000000,0.000000
6285,5307,0.000000,0.000014
1600,11345,0.000000,0.000000
13027,6285,0.000000,0.000000
544,672,0.000000,0.000000
1600,3056,0.000000,0.000000
2020,11576,0.000000,0.000000
13332,11345,0.000000,0.000000
13332,1455,0.000000,0.000000
5966,4361,0.000000,0.000000
13843,1590,0.000000,0.000000
11933,5966,0.000000,0.000000
10286,13332,0.000000,0.000468
13027,4754,0.000000,0.000000
2869,5366,0.000000,0.000000
11090,4754,0.000000,0.000000
2020,12263,0.000000,0.000000
1455,7169,0.000000,0.000000
3056,2735,0.000000,0.000000
9520,11544,0.000000,0.000001
9485,12710,0.000000,0.000000
7078,4493,0.000000,0.000000
1600,12263,0.000000,0.000000
672,544,0.000000,0.000000
2553,8852,0.000000,0.000000
8852,6285,0.000000,0.000000
1600,9520,0.000000,0.000000
5366,1600,0.000000,0.000000
1600,8438,0.000000,0.000000
4754,9520,0.000000,0.000000
8852,9375,0.000000,0.000000
9611,9540,0.000000,0.000000
11576,3602,0.000000,0.000000
9485,2020,0.000000,0.000000
2869,7152,0.000000,0.000000
11933,6882,0.000000,0.000000
4493,1455,0.000000,0.000000
14128,9408,0.000000,0.000000
3056,9520,0.000000,0.000000
3602,13360,0.000000,0.000000
9375,11345,0.000000,0.000000
9520,1600,0.000000,0.000000
4754,13843,0.000000,0.000000
8438,672,0.000000,0.000000
4754,6481,0.000000,0.000000
14128,6285,0.000000,0.000000
6788,1232,0.000000,0.000000
9611,11090,0.000000,0.000000
11576,9520,0.000000,0.000000
7169,7418,0.000000,0.000000
10286,1022,0.000000,0.000000
1600,1455,0.000000,0.000000
11544,12263,0.000000,0.000000
3573,14506,0.000000,0.000008
9485,7194,0.000000,0.000000
2735,3573,0.000000,0.000000
11933,14226,0.000000,0.000000
8712,2020,0.000000,0.000000
8607,2735,0.000000,0.000003
13332,4695,0.000000,0.000000
159,6481,0.000000,0.000000
4754,8607,0.000000,0.000000
13360,13843,0.000000,0.000000
11933,2020,0.000000,0.000000
1022,12263,0.000000,0.000245
2553,6788,0.000000,0.000000
12122,9375,0.000000,0.000000
6882,159,0.000000,0.000000
8607,6882,0.000000,0.000000
11090,3056,0.000000,0.000000
12710,9485,0.000000,0.000000
3573,1455,0.000000,0.000000
1232,9529,0.000000,0.000000
6285,672,0.000000,0.000000
8712,4695,0.000000,0.000000
2834,3056,0.000000,0.000000
7418,5966,0.000000,0.000001
13843,8712,0.000000,0.000000
7194,13360,0.000000,0.000652
2553,9611,0.000000,0.008746
2960,5966,0.000000,0.000000
7078,11576,0.000000,0.000055
10830,12689,0.000000,0.000000
6165,4964,0.000000,0.000000
3392,11042,0.000000,0.000000
11345,2923,0.000000,0.000000
6189,6765,0.000000,0.000000
14086,194,0.000000,0.000000
4512,6189,0.000000,0.000000
6671,4964,0.000000,0.000053
13686,14329,0.542506,0.513083
6165,4968,0.000000,0.000000
1012,8620,0.000000,0.000000
14329,14086,0.000000,0.000000
6189,1857,0.000000,0.000000
4259,12262,0.000000,0.000021
8402,11345,0.000000,0.000000
6564,6473,0.000000,0.077772
11345,3462,0.000000,0.000000
13667,3614,0.000000,0.000001
3638,5029,0.000000,0.000002
3392,4259,0.000000,0.000000
4964,355,0.000000,0.000000
5968,14086,0.000000,0.000000
11345,6473,0.000000,0.000000
4994,3392,0.000000,0.000000
1698,5408,0.000000,0.000000
6765,377,0.000000,0.000004
4754,4012,0.000000,0.000000
3392,13215,0.000000,0.000000
9160,1857,0.000000,0.000000
8620,2923,0.000000,0.000000
4754,5968,0.000000,0.000000
12689,1051,0.000000,0.000000
3867,5011,0.000000,0.000001
1857,8402,0.000000,0.000000
1777,11392,0.000000,0.000000
12689,3614,0.000000,0.034259
5029,5968,0.000000,0.000000
6473,11392,0.000000,0.000836
1777,6671,0.000000,0.000000
9160,4964,0.000000,0.000000
2923,4810,0.000000,0.000000
1857,4754,0.000000,0.000000
5011,4968,0.000000,0.000077
8686,2923,0.000000,0.000000
6189,14086,0.000000,0.000000
6165,11345,0.000000,0.000000
8686,10830,0.000000,0.000012
194,6016,0.000000,0.000000
3462,1051,0.000000,0.000001
1698,14037,0.000000,0.000000
9744,14086,0.000000,0.000000
1796,6939,0.000000,0.000000
12689,1012,0.000000,0.000023
3482,3638,0.000000,0.000000
5968,3839,0.000000,0.000000
11392,3638,0.000000,0.000034
4012,12520,0.000000,0.000000
6165,8620,0.000000,0.000000
6165,11392,0.000000,0.000000
12576,11042,0.000000,0.000002
4670,8402,0.000000,0.000000
12689,6765,0.000000,0.000003
12689,5029,0.000000,0.001708
3392,6016,0.000000,0.000000
12520,3614,0.000000,0.000000
5029,12262,0.000000,0.000006
4964,3867,0.000000,0.000000
7235,6564,0.000000,0.000026
528,4964,0.000000,0.000000
6165,12601,0.000000,0.000000
4754,6939,0.000000,0.000000
10830,4754,0.000000,0.000000
3638,528,0.000000,0.000000
12576,11392,0.000000,0.000031
6189,1051,0.000000,0.000000
6939,4964,0.000000,0.000003
3392,6765,0.000000,0.000000
14037,6939,0.000000,0.000000
1857,6016,0.000000,0.000002
8402,6473,0.000000,0.004327
9744,12689,0.000000,0.000000
4670,8870,0.000000,0.000000
1012,4810,0.000000,0.000000
6165,8870,0.000000,0.000000
1857,12824,0.000000,0.000000
12689,13686,0.000000,0.000028
1012,12601,0.000000,0.000000
3638,4259,0.000000,0.000000
4670,12824,0.000000,0.000000
377,11042,0.000000,0.000000
4810,5968,0.000000,0.000000
12576,355,0.000000,0.000000
5029,2923,0.000000,0.000000
4754,8870,0.000000,0.000000
11392,14037,0.000000,0.000000
355,12601,0.000000,0.000000
377,13215,0.000000,0.000000
355,6189,0.000000,0.000000
14086,1777,0.000000,0.000000
4512,13667,0.000000,0.000000
11663,6085,0.000000,0.000011
11663,10371,0.000000,0.000000
8898,4378,0.000000,0.000000
11663,9010,0.000000,0.000000
1985,351,0.000000,0.000000
6420,11345,0.000000,0.000000
6897,14533,0.000000,0.000000
5029,7037,0.000000,0.000004
6932,9405,0.000000,0.000000
14335,13520,0.000000,0.000000
3653,5917,0.000000,0.000000
1921,13531,0.000000,0.000100
883,1227,0.000000,0.000008
13678,1921,0.000000,0.000000
8898,7363,0.000000,0.000000
11706,4997,0.000000,0.000000
14335,2750,0.000000,0.000000
13229,11345,0.000000,0.000000
3193,4994,0.000000,0.000000
5245,3012,1.000000,0.162424
6979,6932,0.000000,0.000000
7952,883,0.000000,0.000000
10360,11345,0.000000,0.000000
4994,7856,0.000000,0.000000
2750,6897,0.000000,0.000004
3928,3193,0.000000,0.000000
10360,18,0.000000,0.000000
6803,10360,0.000000,0.000000
14445,1404,0.000000,0.000000
13678,6803,0.000000,0.000000
7856,11693,0.000000,0.000004
1404,3193,0.000000,0.000000
14335,12453,0.000000,0.000000
3428,9405,0.000000,0.000000
1588,10504,0.000000,0.000000
11345,6932,0.000000,0.000000
1227,5917,0.000000,0.000344
11693,2968,0.000000,0.000008
14348,10360,0.000000,0.000000
2750,4106,0.000000,0.000002
10371,14037,0.000000,0.000000
1404,5245,0.000000,0.000000
6366,10371,0.000000,0.000000
1921,12453,0.000000,0.000000
10493,1404,0.000000,0.000000
351,6932,0.000000,0.000000
4106,6085,0.000000,0.005920
6366,1404,0.000000,0.000000
3428,5310,0.000000,0.000000
1921,11706,0.000000,0.000043
7856,4378,0.000000,0.000000
14037,5310,0.000000,0.000000
3193,8898,0.000000,0.000000
3928,6085,0.000000,0.000000
8898,4106,0.000000,0.125374
8083,10360,0.000000,0.000000
8083,12036,0.000000,0.000000
12036,10371,0.000000,0.000000
13678,8854,0.000000,0.000000
11345,6366,0.000000,0.000000
4997,14348,0.000000,0.000000
4378,8854,0.000000,0.000012
3193,13531,0.000000,0.000000
13229,8074,0.000000,0.000009
6897,13520,0.000000,0.000000
7856,13520,0.000000,0.000000
12453,3193,0.000000,0.000000
13520,3012,0.000000,0.000000
5917,1588,0.000000,0.000000
13531,8074,0.000000,0.000182
1227,4994,0.000000,0.000000
5245,14533,0.000000,0.000000
3928,5029,0.000000,0.000000
5917,13531,0.000000,0.000008
5964,3653,0.000000,0.000000
4994,1588,0.000000,0.000000
11345,5029,0.000000,0.000000
13531,4106,0.000000,0.004059
3428,11693,0.000000,0.000000
10360,6932,0.000000,0.000000
14348,13520,0.000000,0.000000
6366,5245,0.000000,0.000017
11663,2968,0.000000,0.000000
351,14037,0.000000,0.000000
6085,13678,0.000000,0.000000
7363,2968,0.000000,0.000000
3928,13520,0.000000,0.000000
5310,14037,0.000000,0.000000
7856,10360,0.000000,0.000004
4994,1227,0.000000,0.000000
8083,2968,0.000000,0.000000
7363,361,0.000000,0.000001
14445,13229,0.000000,0.000000
351,3428,0.000000,0.000000
3428,3012,0.000000,0.000000
223,3012,0.000000,0.000000
11706,9405,0.000000,0.000000
5029,14037,0.000000,0.000298
223,11693,0.000000,0.000745
6420,3012,0.000000,0.000000
14324,5838,0.000000,0.000000
5964,8587,0.000000,0.000000
5029,12689,0.000000,0.001426
2751,8446,0.000000,0.091270
5245,9537,0.000000,0.000000
14113,6182,0.000000,0.000000
8897,5451,0.000000,0.000000
6822,14113,0.000000,0.000000
13488,10725,0.000000,0.000000
3491,2913,0.000000,0.000000
6455,12689,0.000000,0.000000
11100,6830,0.000000,0.000000
8977,5451,0.000000,0.000000
11705,6830,0.000000,0.000065
12555,693,0.000000,0.000003
1342,5964,0.000000,0.000000
8083,10725,0.000000,0.000000
6182,12414,0.000000,0.000000
2191,5964,0.000000,0.000000
13295,13061,0.000000,0.000000
4994,7544,0.000000,0.000000
3491,7363,0.000000,0.000000
12555,11100,0.000000,0.000000
6765,11100,0.000000,0.000000
5567,650,0.000000,0.000000
12689,6455,0.000000,0.000000
6455,2191,0.000000,0.000000
3491,9537,0.000000,0.000000
5838,9751,0.000000,0.000000
9537,1114,0.000000,0.000000
5812,4919,0.000000,0.000628
4994,5838,0.000000,0.000000
4501,561,0.000000,0.000000
14324,692,0.000000,0.000000
5567,13647,0.000000,0.000918
12689,5964,0.000000,0.000000
6830,11100,0.000000,0.000000
10725,12555,0.000000,0.000000
7363,5964,0.000000,0.000000
13663,12555,0.000000,0.000000
1431,5964,0.000000,0.000000
2394,4994,0.000000,0.000000
14113,561,0.000000,0.000000
5245,4994,0.000000,0.000000
10725,9537,0.000000,0.000000
5310,12555,0.000000,0.000000
6182,1114,0.000000,0.000042
7363,5567,0.000000,0.000000
5245,5310,0.000000,0.000000
4106,3424,0.000000,0.021061
4106,5567,0.000000,0.001488
14324,6830,0.000000,0.000002
9537,1404,0.000000,0.000000
650,5245,0.000000,0.000000
6182,1431,0.000000,0.000000
11705,1431,0.000000,0.000000
1431,4501,0.000000,0.000000
5567,6765,0.000000,0.000000
6830,2394,0.000000,0.000000
8446,2961,0.000000,0.000000
2394,4919,0.000000,0.000000
650,1431,0.000000,0.000000
12490,8083,0.000000,0.000000
900,6765,0.000000,0.000000
900,650,0.000000,0.000000
2191,12689,0.000000,0.000000
6765,2751,0.000000,0.000011
3334,8083,0.000000,0.000000
1342,3491,0.000000,0.000000
4106,8977,0.000000,0.014141
1342,11705,0.000000,0.000000
561,2191,0.000000,0.000000
2913,650,0.000000,0.000000
900,14113,0.000000,0.000000
4106,13295,0.000000,0.000000
900,11100,0.000000,0.000000
11100,11705,0.000000,0.000000
3334,14113,0.000000,0.000000
4994,4501,0.000000,0.000000
6455,2913,0.000000,0.000000
2191,5838,0.000000,0.000000
561,13663,0.000000,0.000000
5567,10040,0.000000,0.000000
11680,11494,0.000000,0.000031
2961,5310,0.000000,0.000000
13853,7544,0.000000,0.000000
13678,13061,0.000000,0.000000
13295,5310,0.000000,0.000000
9847,2913,0.000000,0.000000
12414,12555,0.000000,0.000000
12414,5812,0.000000,0.000000
12490,5245,0.000000,0.000000
3334,10725,0.000000,0.000000
4994,2394,0.000000,0.000000
14113,7544,0.000000,0.000000
1404,6455,0.000000,0.000000
3424,11705,0.000000,0.000001
2913,692,0.000000,0.000000
693,11494,0.000000,0.000000
5310,3424,0.000000,0.000000
13094,5414,0.000000,0.000000
11171,9074,0.000000,0.000000
13094,7797,1.000000,0.999999
9772,9074,0.000000,0.000000
9080,10213,0.000000,0.000003
589,3309,0.000000,0.000000
6765,12328,0.000000,0.000000
5835,7797,1.000000,0.999999
10268,2742,0.000000,0.000000
10268,2328,0.000000,0.000013
11551,1298,0.000000,0.000000
3776,5835,0.000000,0.020072
10248,11567,0.000000,0.000000
805,12956,0.000000,0.000553
9403,9074,0.000000,0.000000
13185,589,0.000000,0.000000
7797,2447,0.000000,0.000000
11270,417,0.000000,0.000000
2487,10210,0.000000,0.000000
2837,9321,0.000000,0.002482
12956,11171,0.000000,0.001375
2328,11465,0.000000,0.000000
9321,7841,0.578648,0.000001
11551,8754,0.000000,0.000000
805,1430,0.000000,0.000000
1298,2837,0.000000,0.000000
11567,10268,0.000000,0.000031
5414,9427,0.000000,0.000000
2447,9403,0.000000,0.000000
2837,4836,0.000000,0.000000
5518,12328,0.000000,0.000000
11567,13511,0.000000,0.000000
7544,4994,0.000000,0.000000
11551,10268,0.000000,0.017934
13234,9403,0.000000,0.000000
2447,11270,0.000000,0.000000
12407,7369,0.000000,0.000489
417,9321,0.000000,0.000000
5518,3309,0.000000,0.000000
5518,1849,0.000000,0.000000
5414,497,0.000000,0.000000
13080,7369,0.000000,0.000000
3309,1430,0.000000,0.000000
413,3606,0.000000,0.000001
7841,10248,0.000000,0.000000
10899,9321,0.000000,0.000000
2487,13830,0.000000,0.000120
12956,12407,0.000000,0.000000
497,7465,0.000000,0.000000
3776,5414,0.000000,0.000000
1430,4836,0.000000,0.000000
2487,12407,0.000000,0.000002
7369,9321,0.000000,0.000000
13982,413,0.000000,0.000000
1298,7369,0.579346,0.000000
9074,11171,0.000000,0.000000
417,2328,0.577990,0.000006
805,11567,0.000000,0.000000
9869,3776,0.000000,0.000010
9074,12407,0.000000,0.000000
1617,497,0.000000,0.000000
1430,7797,0.000000,0.000000
12407,11270,0.000000,0.000000
4836,10213,0.000000,0.000000
5835,7544,1.000000,0.252030
13511,1617,0.000000,0.000000
9427,1430,0.000000,0.000000
14366,7841,0.000000,0.000002
5518,11171,0.000000,0.001762
11270,11567,0.000000,0.000000
9427,413,0.000000,0.000000
2837,589,0.000000,0.000000
13094,413,0.000000,0.000000
13830,8754,0.000000,0.000000
1617,2487,0.575982,0.000001
3309,13966,0.000000,0.000000
11171,9403,0.000000,0.000000
7820,12702,0.000000,0.000000
132,11171,0.000000,0.000000
132,2837,0.000000,0.018867
13185,7369,0.000000,0.000000
12328,132,0.000000,0.000000
2328,4836,0.000000,0.000000
7544,3309,0.000000,0.000000
2487,12702,0.000000,0.000000
3309,5414,0.000000,0.000506
10248,7369,0.000000,0.000089
1298,13094,0.000000,0.000000
6765,1298,0.000000,0.000000
3309,7797,0.000000,0.000000
2742,4994,0.000000,0.000000
9427,9074,0.578891,0.000000
11270,8754,0.000000,0.000000
3776,4836,0.000000,0.000000
417,2170,0.000000,0.000000
413,497,0.000000,0.000009
2742,12328,0.000000,0.000001
417,9074,0.577990,0.006395
589,5835,0.000000,0.000000
132,9080,0.000000,0.000000
10444,9035,0.000000,0.000000
479,7865,0.000000,0.000000
49,3659,0.000000,0.000000
12845,5518,0.000000,0.000001
8139,13234,0.000000,0.000000
12742,874,0.000000,0.000003
12845,3735,0.000000,0.000000
8139,7799,0.000000,0.000000
2638,4884,0.000000,0.000000
14246,7544,0.000000,0.000024
7544,4562,0.000000,0.000000
3369,3659,0.000000,0.000010
3302,155,0.000000,0.000000
10444,6894,0.000000,0.000003
8817,4328,0.000000,0.000289
4562,12742,0.000000,0.000017
7544,4884,0.000000,0.000000
5664,4884,0.000000,0.000000
8278,13665,0.000000,0.000000
743,7865,0.000000,0.000000
8251,5518,0.000000,0.000000
8873,5664,0.000000,0.000000
4864,13665,1.000000,0.999480
4086,5835,0.000000,0.000000
3659,4864,0.000000,0.000000
7799,4994,0.000000,0.000000
5835,14246,0.000000,0.000326
8139,1507,0.000000,0.000000
4994,9403,0.000000,0.000000
13665,7544,1.000000,0.184510
9035,7865,0.000000,0.000000
2638,8278,0.000000,0.000000
45,12810,0.000000,0.000000
9403,155,0.000000,0.000000
4328,3659,0.000000,0.000000
909,10500,0.000000,0.000000
3735,8824,0.000000,0.000000
743,12810,0.000000,0.000000
4562,45,0.000000,0.000000
4086,7797,0.000000,0.000000
7796,3302,0.000000,0.000000
45,7797,0.000000,0.000000
9452,13243,0.000000,0.000000
9403,3369,0.000000,0.000000
5518,9452,0.000000,0.000000
2504,1090,0.000000,0.000000
6894,13080,0.000000,0.000000
13234,3103,1.000000,0.969924
5518,7865,0.000000,0.000000
45,6894,0.000000,0.000000
13234,49,1.000000,0.000406
2638,7796,0.000000,0.000053
8139,5782,0.000000,0.000000
4864,8278,0.000000,0.000000
9035,1090,0.000000,0.000000
479,3659,0.000000,0.000000
10082,1507,0.000000,0.000000
8873,4499,0.000000,0.000000
9403,479,0.000000,0.000000
1202,12845,0.000000,0.000000
9403,7544,0.000000,0.000000
2638,4328,0.000000,0.000003
8251,1202,0.000000,0.000004
5518,8824,0.000000,0.000000
743,12845,0.000000,0.000000
10444,9557,0.000000,0.000000
13495,7796,0.000000,0.000006
13665,155,0.000000,0.000000
5518,3659,0.000000,0.000000
8873,12742,0.000000,0.000000
12810,2638,0.000000,0.000006
5782,12742,0.000000,0.000000
10500,4994,0.000000,0.000000
5664,1507,0.000000,0.000000
8278,4994,0.000000,0.000000
7796,4864,0.000000,0.000000
3735,10899,0.000000,0.000000
3776,7797,0.000000,0.020589
3735,3776,0.000000,0.000000
1374,874,0.000000,0.000043
479,155,0.000000,0.000000
4884,4562,0.000000,0.000000
1507,8251,0.000000,0.000000
13243,4562,0.572755,0.000000
8251,10899,0.000000,0.000020
4864,8824,0.000000,0.000000
12742,7796,0.000000,0.000001
3776,10082,0.000000,0.000000
13665,12742,0.000000,0.000000
5835,4884,0.000000,0.000000
8873,8139,0.000000,0.000000
13697,8824,0.000000,0.000001
13495,8278,0.000000,0.000000
10082,8278,0.000000,0.000000
7799,14246,0.000000,0.000000
6894,13665,0.000000,0.000000
13243,5835,0.000000,0.000000
155,4562,0.000000,0.000000
7799,13243,0.000000,0.000000
8817,7544,0.000000,0.000000
4948,93,0.000000,0.000000
10820,2741,0.535883,0.538194
93,13213,0.000000,0.000000
1025,312,0.000000,0.000006
9727,8911,0.000000,0.422859
8779,4080,0.000000,0.003442
3045,10739,0.000000,0.000000
6144,11483,0.534527,0.572862
1025,4072,0.000000,0.405017
13954,8544,0.534527,0.527551
2648,5520,0.534527,0.587065
4948,7273,0.534527,0.384332
2976,5704,0.000000,0.000000
11483,3045,0.534527,0.558776
1451,4157,0.000000,0.395375
9837,14062,0.534527,0.529732
4948,390,0.534527,0.364185
7525,6428,0.000000,0.000000
10891,13213,0.000000,0.000000
2648,10820,0.535883,0.568888
2648,14062,0.534527,0.562318
7292,1025,0.000000,0.292771
12447,10891,0.000000,0.000000
9727,7525,0.000000,0.000000
390,8030,0.534527,0.519403
12854,312,0.000000,0.000020
44,11004,0.000000,0.220659
93,14021,0.000000,0.000000
14465,7292,0.000000,0.474486
2774,390,0.534527,0.495473
9727,390,0.537143,0.504647
2774,2767,0.000000,0.011864
4368,13954,0.534527,0.551366
8544,2774,0.534527,0.477681
6144,8544,0.534527,0.504936
6609,6428,0.000000,0.000001
4130,3330,0.000000,0.000000
2648,312,0.000000,0.000013
14311,4072,0.000000,0.583713
3207,8544,0.000000,0.000001
8544,3045,0.534527,0.469322
8324,11153,0.000000,0.000000
8911,10739,0.000000,0.000000
11153,1451,0.000000,0.000000
1025,14062,0.534527,0.499883
5704,4948,0.534527,0.529666
4385,390,0.534527,0.330491
4072,1451,0.534527,0.571817
1025,8324,0.000000,0.140977
8911,4080,0.000000,0.445633
4368,390,0.537798,0.496968
44,2741,1.000000,0.479476
8544,14465,0.534527,0.523666
7273,14021,0.534527,0.570294
13103,14021,1.000000,0.520338
8324,4157,0.000000,0.208736
5704,3045,0.534527,0.636796
11153,13103,0.000000,0.000000
4130,12447,0.000000,0.000000
5520,2767,0.000000,0.009848
5520,8544,0.534527,0.534876
11153,4313,0.000000,0.063016
13954,1451,0.000000,0.399752
8779,3207,0.000000,0.000000
10891,2741,0.000000,0.000000
7292,14311,0.000000,0.611349
2741,7292,0.000000,0.205101
2648,1004,0.534527,0.592936
4368,7273,0.534527,0.518790
2767,11483,0.000000,0.002693
10427,11313,0.534527,0.537929
10739,4072,0.000000,0.000000
13213,1025,0.000000,0.106211
6428,4948,0.534527,0.527414
4385,5520,0.534527,0.532831
7525,1858,0.550545,0.042114
4080,93,0.000000,0.000000
2648,14311,0.000000,0.569175
10820,12060,0.000000,0.397623
13626,5520,0.534527,0.456286
10820,7292,0.000000,0.455627
4349,6428,0.000000,0.389887
4157,10820,0.534527,0.541746
14465,9895,0.535883,0.511011
6609,10820,0.000000,0.000000
14062,4948,0.534527,0.532064
5520,2976,0.000000,0.000000
11483,3207,0.000000,0.000001
1004,8324,0.000000,0.256789
4467,2774,0.534527,0.526351
1858,2648,0.000000,0.000000
14021,10427,0.536627,0.523280
11313,4948,0.534527,0.503303
11377,8324,0.000000,0.000000
10739,5133,0.000000,0.000000
11153,14311,0.000000,0.000000
12854,14062,0.535883,0.556264
3207,1858,0.549929,0.000442
7273,4349,0.000000,0.474864
10427,312,0.000000,0.000011
1119,11538,0.000000,0.000000
12689,13873,0.000000,0.000000
11042,8556,0.000000,0.000000
13127,10724,0.000000,0.000000
12439,8793,0.000000,0.000000
1467,7437,0.000000,0.000000
338,12439,0.000000,0.000000
9995,2135,0.000000,0.000000
5572,2512,0.000000,0.000001
6765,8793,0.000000,0.000000
5572,14049,0.000000,0.000000
8906,14363,0.000000,0.000000
2967,6809,0.000000,0.000000
14210,10003,0.000000,0.000000
4663,4447,0.000000,0.000000
10724,11895,0.000000,0.000000
2512,185,0.000000,0.000000
5076,1405,0.000000,0.000000
4436,2967,0.000000,0.000000
3249,185,0.000000,0.000000
6809,564,0.000000,0.000000
5873,6007,0.000000,0.000000
8556,2868,0.000000,0.000000
2119,10003,0.000000,0.000000
12689,7940,0.000000,0.000000
11538,6459,0.000000,0.023721
13127,2868,0.000000,0.000000
9448,13608,0.000000,0.000000
4447,6809,0.000000,0.000000
563,4994,0.000000,0.000000
11501,563,0.000000,0.000000
11918,10069,0.000000,0.000013
2868,564,0.000000,0.000000
9995,11538,0.000000,0.000000
5011,564,0.000000,0.000000
2808,2967,0.000000,0.000000
6809,3249,0.000000,0.000000
4663,1467,0.000000,0.000000
13686,9995,0.000000,0.000000
9448,10003,0.000000,0.000000
5572,4663,0.000000,0.000000
4447,7940,0.000000,0.000000
338,1467,0.000000,0.000000
7940,11918,0.000000,0.001419
8793,10724,0.000000,0.000000
2868,6459,0.000000,0.000000
2808,14210,0.000000,0.000000
11042,338,0.000000,0.000000
1119,11398,0.000000,0.000000
3249,9169,0.000000,0.000000
3249,12217,0.000000,0.000000
6809,6007,0.000000,0.000000
6459,4436,0.000000,0.000000
14210,2967,0.000000,0.000000
4663,14037,0.000000,0.000000
9169,14049,0.000000,0.000000
1119,7559,0.000000,0.000210
12406,9995,0.000000,0.000000
2135,4994,0.000000,0.000000
6765,47,0.000000,0.000000
9448,11042,0.000000,0.000000
11538,2868,0.000000,0.000000
1119,338,0.000000,0.000000
14210,3869,0.000000,0.000000
2119,5572,0.000000,0.000066
11501,3869,0.556133,0.000000
7940,6459,0.000000,0.000000
10069,1405,0.000000,0.000006
1467,9169,0.000000,0.000000
338,8653,0.000000,0.000000
1306,11918,0.000000,0.000000
11895,13127,0.000000,0.000000
9448,47,0.000000,0.000000
10069,7437,0.000000,0.000000
338,2967,0.000000,0.000000
6809,7559,0.000000,0.000000
7437,2868,0.000000,0.000000
10003,9995,0.000000,0.000000
11895,1467,0.000000,0.000000
1467,8906,0.000000,0.000000
3869,7940,0.000000,0.000000
14049,3869,0.000000,0.000000
7940,8556,0.000000,0.000000
12439,47,0.000000,0.000001
3869,11538,0.000000,0.000000
11042,4663,0.000000,0.000000
6809,6978,0.000000,0.000000
5572,3869,0.000000,0.000000
563,6978,0.000000,0.000000
6809,5011,0.000000,0.000000
11398,12406,0.000000,0.000000
47,38,0.000000,0.000000
2808,14049,0.000000,0.000000
338,14363,0.000000,0.000000
4436,5076,0.000000,0.000001
12406,1467,0.000000,0.000000
5873,7559,0.000000,0.000000
3990,1467,0.000000,0.000000
3249,4436,0.000000,0.000002
7437,4436,0.000000,0.013342
13616,4211,0.000000,0.000000
12176,1790,0.000000,0.000189
11345,5867,0.000000,0.000000
5867,10282,0.000000,0.000000
13616,4494,0.000000,0.000000
5980,5029,0.000000,0.000000
5867,7363,0.000000,0.000000
7348,6343,0.000000,0.000000
124,6317,0.000000,0.000000
1114,2697,0.000000,0.000024
12581,2234,0.000000,0.000000
1678,2875,0.000000,0.000000
13616,6317,0.000000,0.000001
3582,2830,0.000000,0.000000
2875,11674,0.000000,0.038704
1921,10182,0.000000,0.000000
4994,12911,0.000000,0.000000
5945,2234,0.000000,0.000000
1985,2750,0.000000,0.000000
11837,12581,0.000000,0.000015
13039,124,0.000000,0.000000
10642,5945,0.000000,0.003375
8182,1678,0.000000,0.000000
5245,348,0.000000,0.000000
348,2946,0.000000,0.000000
5945,4106,0.000000,0.000187
7363,11837,0.000000,0.038295
4211,14396,0.000000,0.000000
4494,14390,0.000000,0.000000
4211,11837,0.000000,0.000000
11810,4997,0.000000,0.000000
10282,2492,0.000000,0.000000
14037,5945,0.000000,0.000000
7348,1921,0.000000,0.000010
4211,14037,0.000000,0.000000
11810,14113,0.000000,0.000000
10560,4994,0.000000,0.000000
4211,2830,0.000000,0.000000
6317,13265,0.000000,0.000000
4994,6343,0.000000,0.000000
10560,3582,0.000000,0.000000
10182,10537,0.000000,0.000000
9676,13616,0.000000,0.000000
10560,14487,0.000000,0.000000
6814,8300,0.000000,0.000000
10282,2830,0.000000,0.000001
5945,4304,0.000000,0.000000
1921,14113,0.000000,0.000000
348,5945,0.000000,0.000000
11706,14113,0.000000,0.000000
4304,11837,0.000000,0.000000
7105,7363,0.000000,0.000000
13616,1678,0.000000,0.000000
1790,13265,0.000000,0.000000
6765,2234,0.000000,0.000001
13039,1985,0.000000,0.000000
4304,11674,0.000000,0.000000
14113,5945,0.000000,0.000000
12581,6765,0.000000,0.000006
5310,3582,0.000000,0.000000
5891,1114,0.000000,0.000027
9676,5891,0.000000,0.000000
13039,13616,0.000000,0.000000
11674,12581,0.000000,0.000000
348,8300,0.000000,0.000000
1921,348,0.000000,0.000000
1114,1985,0.000000,0.000000
8300,1163,0.000000,0.000000
1163,7105,0.000000,0.000000
1114,506,0.000000,0.000000
6765,2492,0.000000,0.000009
2697,5980,0.000000,0.000000
6317,4494,0.000000,0.000000
1985,1678,0.000000,0.000000
2234,6814,0.000000,0.000000
14037,5245,1.000000,0.999999
14390,13616,0.000000,0.000000
4304,2830,0.000000,0.000000
5838,7105,0.000000,0.000000
348,6317,0.000000,0.000000
4997,3545,0.000000,0.000000
12581,7348,0.000000,0.000009
6765,1790,0.000000,0.000081
14037,2234,0.000000,0.000001
10537,5310,0.000000,0.000000
11706,14390,0.000000,0.000000
1678,2492,0.000000,0.000000
7105,4304,0.000000,0.000000
14113,4304,0.000000,0.000000
13039,5245,0.000000,0.000000
6343,6317,0.000000,0.000000
2492,10182,0.000000,0.000000
10560,11345,0.000000,0.000005
14396,2492,0.000000,0.000000
12176,7363,0.000000,0.525417
2697,13265,0.000000,0.000000
10282,14487,0.000000,0.000000
1163,10642,0.000000,0.000000
3545,6765,0.000000,0.000000
11345,5310,0.000000,0.000000
8803,1016,0.000000,0.000000
11120,1485,0.000000,0.000000
10175,10675,0.000000,0.000000
8442,5913,0.000000,0.000000
10852,4655,0.000000,0.000000
4287,4233,0.591724,0.000000
941,1016,0.000000,0.032695
95,2879,0.000000,0.000000
10175,2879,0.000000,0.000000
56,13519,0.000000,0.000000
10431,2879,0.000000,0.000000
12650,11365,0.000000,0.000000
2566,5913,0.000000,0.000000
5456,3064,0.000000,0.000000
2487,8433,0.000000,0.000000
10988,9170,0.000000,0.000000
10675,4165,0.000000,0.000000
95,941,0.591517,0.000000
11345,11270,0.000000,0.000000
9269,2487,0.591923,0.000000
11270,4655,0.000000,0.000000
11365,13087,0.000000,0.000000
10431,8206,0.000000,0.000000
10315,10852,0.000000,0.000000
1485,10315,0.000000,0.000000
2465,8442,0.000000,0.000001
95,2465,0.591517,0.000000
13872,5307,0.000000,0.000000
11120,11544,0.000000,0.000000
2420,10675,0.000000,0.000001
8433,10790,0.000000,0.000000
7224,95,0.000000,0.000000
12650,14362,0.000000,0.000000
5150,8433,0.591857,0.000000
12650,11345,0.000000,0.000000
2988,2834,0.000000,0.000000
2566,2420,0.000000,0.000000
13519,95,0.000000,0.000000
12798,4749,0.000000,0.000000
4749,9375,0.000000,0.000000
2566,7915,0.000000,0.000000
11341,9170,0.000000,0.000000
9375,2834,0.000000,0.000000
11270,2988,0.000000,0.000000
12798,4655,0.000000,0.000000
2465,9170,0.000000,0.000000
4749,13495,0.592051,0.000000
12650,2487,0.000000,0.000021
5307,11270,0.000000,0.000000
1412,14494,0.000000,0.000656
12798,3606,0.592177,0.000000
5456,10175,0.000000,0.000000
10002,5913,0.000000,0.000000
2465,4314,0.000000,0.000085
2879,11341,0.000000,0.000024
10852,14494,0.000000,0.000000
13519,10315,0.000000,0.000001
9375,11270,0.000000,0.000000
5913,13872,0.000000,0.000000
14494,10431,0.000000,0.000000
8433,8803,0.592595,0.000000
7915,9269,0.000000,0.000000
3606,13087,0.000000,0.000000
2465,13519,0.000000,0.001271
7224,10675,0.000000,0.000000
8206,8442,0.000000,0.000000
8433,10675,0.000000,0.000000
11254,11341,0.000000,0.000000
10675,12399,0.000000,0.000000
10790,8433,0.000000,0.000000
1485,2465,0.592114,0.000007
413,13872,0.000000,0.000000
10002,5456,0.000000,0.000000
11341,1412,0.000000,0.000000
7915,11365,0.000000,0.000000
941,2879,0.000000,0.000000
11345,7224,0.000000,0.000000
9269,4749,0.000000,0.000000
14494,4165,0.000000,0.000000
1485,12650,0.592652,0.000000
11341,1485,0.000000,0.000000
8206,8433,0.000000,0.000000
6668,5150,0.000000,0.000000
413,8433,0.000000,0.000000
10675,10790,0.000000,0.000000
10852,4165,0.000000,0.000000
13087,11270,0.000000,0.000000
1485,5913,0.000000,0.000000
9170,2834,0.000000,0.000039
2420,1016,0.000000,0.000000
11365,3606,0.000000,0.000000
5307,10790,0.000000,0.000000
13519,14494,0.000000,0.482368
11544,7666,0.000000,0.000000
11254,13087,0.000000,0.000000
11254,4655,0.000000,0.000002
2487,10431,0.000000,0.000000
5150,11341,0.000000,0.000000
4233,12399,0.000000,0.000000
12399,413,0.000000,0.000000
11260,13691,0.000000,0.000000
2849,809,0.000000,0.000000
9816,1985,0.000000,0.000000
1798,6963,0.000000,0.000000
202,6076,0.000000,0.000000
12068,4064,0.000000,0.000000
5406,12190,0.000000,0.000000
3715,9865,0.000000,0.000000
11345,845,0.000000,0.000000
4754,5111,0.000000,0.000000
9277,6076,0.000000,0.000000
1234,1798,0.000000,0.000000
5879,8888,0.000000,0.000000
5151,14103,0.000000,0.000000
6803,10600,0.000000,0.000000
8007,1985,0.000000,0.000000
4997,9137,0.000000,0.000000
2599,809,0.000000,0.000000
1798,321,0.000000,0.000000
5406,14376,0.000000,0.000000
6076,5879,0.000000,0.000000
13691,12453,0.000000,0.000000
12453,4709,0.000000,0.000000
1234,5111,0.000000,0.000000
202,1234,0.000000,0.000000
6197,5111,0.000000,0.000000
6803,9865,0.000000,0.000000
4997,6963,0.000000,0.000000
5151,321,0.000000,0.000000
4994,7363,0.000000,0.000000
6197,8888,0.000000,0.000000
1985,963,0.000000,0.000000
9277,6803,0.000000,0.000000
5206,4645,0.000000,0.000000
2181,12453,0.000000,0.000000
6963,12068,0.000000,0.000000
5111,321,0.000000,0.000018
922,2181,0.000000,0.000000
6076,4997,0.000000,0.000000
5111,10415,0.000000,0.000000
2849,4997,0.000000,0.000000
9137,4645,0.000000,0.000000
11260,809,0.000000,0.000000
5310,12068,0.000000,0.000000
1985,6090,0.000000,0.000000
9277,4326,0.000000,0.000000
4997,10600,0.000000,0.000000
14103,2620,0.000000,0.000000
963,4709,0.000000,0.000000
14376,14485,0.000000,0.000000
809,5151,0.000000,0.000000
8007,8888,0.000000,0.000173
845,394,0.000000,0.000000
1798,6197,0.000000,0.000000
2849,12190,0.000000,0.000000
409,394,0.000000,0.000000
1798,6076,0.000000,0.000000
1633,4645,0.000000,0.000004
8888,1588,0.000000,0.000000
14365,13678,0.000000,0.000000
3845,12733,0.000000,0.000000
963,4994,0.000000,0.000000
14485,2181,0.000000,0.000000
11260,2849,0.000000,0.000000
11345,13691,0.000000,0.000000
4326,321,0.000000,0.000000
3715,6487,0.000000,0.000001
5879,2620,0.000000,0.000000
3715,11260,0.000000,0.000004
4645,1985,0.000000,0.000000
1985,394,0.000000,0.000000
5310,9010,0.000000,0.000000
4326,2181,0.000000,0.000000
13911,4064,0.000000,0.000000
6076,2599,0.000000,0.000000
394,866,0.000000,0.000000
14376,1234,0.000000,0.000000
4754,13691,0.000000,0.000000
6076,13678,0.000000,0.000000
922,2849,0.000000,0.000000
3715,11345,0.000000,0.000000
6963,13678,0.000000,0.000000
3715,14485,0.000000,0.000000
5111,1985,0.000000,0.000000
6963,1588,0.000000,0.000000
5151,1633,0.000000,0.000000
2849,5151,0.000000,0.000000
5111,866,0.000000,0.000000
1588,9816,0.000000,0.000000
845,11260,0.000000,0.000000
6487,409,0.000000,0.000973
14103,6076,0.000000,0.000000
2620,8007,0.000000,0.000000
13678,12068,0.000000,0.000000
4994,1985,0.000000,0.000000
10415,963,0.000000,0.000000
4754,6076,0.000000,0.000000
809,9865,0.000000,0.000000
321,2181,0.000000,0.000000
7363,963,0.000000,0.000000
8775,3332,0.000000,0.004481
12204,1122,0.000000,0.000221
5553,12796,0.000000,0.000000
5251,9204,0.000000,0.000000
8713,13685,0.000000,0.105958
9204,1552,0.000000,0.003584
8775,12796,0.000000,0.043126
3166,314,0.000000,0.003354
9202,12796,0.000000,0.000600
4090,1552,0.000000,0.000012
2176,11129,0.000000,0.000000
6503,11481,0.000000,0.000000
5634,5251,0.000000,0.000001
5598,276,0.000000,0.000000
159,4453,0.000000,0.000000
4969,6813,0.000000,0.000004
276,3775,0.000000,0.000340
5979,12263,0.000000,0.000010
8713,1122,0.000000,0.000306
9690,314,0.000000,0.000000
2302,5979,0.000000,0.000000
11993,10928,0.000000,0.002242
9202,12457,0.000000,0.000637
7576,2176,0.000000,0.000001
314,5598,0.000000,0.000000
314,2728,0.000000,0.039032
4453,8713,0.000000,0.000017
12263,3162,0.000000,0.000000
11993,2302,0.000000,0.000191
314,2125,0.000000,0.000000
4075,11481,0.000000,0.000000
8775,14176,0.000000,0.241893
4453,5634,0.000000,0.000000
5122,8713,0.000000,0.187647
12852,3479,0.000000,0.000005
9202,2302,0.000000,0.000647
7938,8822,0.000000,0.000000
8775,6813,0.000000,0.088241
3332,1552,0.000000,0.004778
3332,10928,0.000000,0.000002
12796,13685,0.000000,0.003006
3332,12392,0.000000,0.000324
3504,840,0.000000,0.000000
840,2611,0.000000,0.000000
8552,3479,0.000000,0.000000
12796,1122,0.000000,0.000710
3061,11947,0.000000,0.000005
8552,8713,0.000000,0.000000
13685,9864,0.000000,0.018625
3775,3162,0.000000,0.000080
11791,2728,0.000000,0.166640
3162,4953,0.000000,0.000000
4953,3162,0.000000,0.000000
9690,8552,0.000000,0.000000
7576,4969,0.000000,0.129838
12204,7179,0.000000,0.004951
2611,842,0.000000,0.000000
5598,8552,0.539930,0.000003
3450,12392,0.000000,0.000050
9690,4969,0.000000,0.000000
11576,4075,0.000000,0.000000
2302,5122,0.000000,0.000257
12457,1122,0.000000,0.000028
12796,2176,0.000000,0.006009
2125,9864,0.000000,0.000000
1122,3056,0.000000,0.000000
5634,9864,0.000000,0.000021
1552,12457,0.000000,0.000552
3162,159,0.000000,0.000002
11576,12392,0.000000,0.000000
3504,5553,0.000000,0.000000
159,2125,0.000000,0.000000
3450,3056,0.000000,0.000000
4969,12457,0.000000,0.000312
842,9690,0.000000,0.000005
11947,8775,0.000000,0.000077
159,12392,0.000000,0.000001
1122,8775,0.000000,0.000337
2728,2611,0.000000,0.000000
3056,2302,0.000000,0.000000
2176,8775,0.000000,0.000092
12796,8775,0.000000,0.024410
3056,4075,0.000000,0.000000
9202,3162,0.000000,0.000519
4090,7938,0.000000,0.000623
3162,3312,0.000000,0.000169
12204,11947,0.000000,0.218869
4075,2176,0.000000,0.000162
9690,3775,0.000000,0.000019
3166,6813,0.000000,0.000122
2728,11481,0.000000,0.000000
11993,11481,0.000000,0.000344
8552,12852,0.000000,0.000000
11993,276,0.000000,0.000811
11481,1122,0.000000,0.000712
1122,11481,0.000000,0.000824
5122,13685,0.000000,0.046330
11129,2302,0.000000,0.103503
5979,7179,0.000000,0.000000
9690,12263,0.000000,0.000077
3484,8997,0.000000,0.000000
7692,6765,1.000000,0.948888
1499,11834,0.000000,0.000000
7692,570,0.000000,0.000000
3103,11169,0.000000,0.117421
7097,724,0.000000,0.000000
8781,7494,0.000000,0.000000
570,14155,0.000000,0.003251
11810,1499,0.000000,0.000000
1499,1332,0.000000,0.000000
12445,8781,0.000000,0.000000
3103,4752,0.000000,0.000000
12258,5663,0.000000,0.000000
9102,11834,0.000000,0.000007
3484,12445,0.000000,0.000709
11238,4513,0.000000,0.000000
3315,13609,0.000000,0.000000
4133,4898,0.000000,0.000000
10602,13609,0.000000,0.000000
9102,9913,0.000000,0.000001
7624,11238,0.000000,0.000000
8429,9692,0.000000,0.000000
12258,724,0.000000,0.000000
11810,2901,0.000000,0.000000
9368,9102,0.000000,0.000000
7544,11834,0.000000,0.000000
9913,3253,0.000000,0.000189
4513,14155,0.000000,0.000000
11159,109,0.000000,0.000209
3484,6400,0.000000,0.000027
4864,7097,1.000000,0.983510
14444,1387,0.000000,0.000000
724,9913,0.000000,0.000000
3253,10672,0.000000,0.000001
724,10465,0.000000,0.000000
2901,3440,0.000000,0.000000
7544,1499,0.000000,0.000000
8997,2695,0.000000,0.000000
4864,6400,0.000000,0.000000
2057,1387,0.000000,0.003464
11810,9913,0.000000,0.000000
6765,8781,0.000000,0.000000
12258,3484,0.000000,0.000000
4898,3253,0.000000,0.000000
309,7494,0.000000,0.000000
14269,8400,0.000000,0.000000
7097,1499,0.000000,0.000000
2901,8429,0.000000,0.000000
10811,8997,0.000000,0.000000
4898,8429,0.000000,0.000000
12445,9102,0.000000,0.004528
7494,7097,0.000000,0.000002
4752,12258,0.000000,0.000331
4513,1332,0.000000,0.000000
4898,5663,0.000000,0.000000
13609,12445,0.000000,0.000000
3315,2057,0.000000,0.000000
11238,570,0.000000,0.000000
13532,7097,0.000000,0.000000
2901,8781,0.000000,0.000000
9102,1402,0.000000,0.000000
10465,5680,0.000000,0.000000
2057,11834,0.000000,0.000017
11159,4513,0.000000,0.000000
1499,13798,0.000000,0.000000
11238,3103,0.000000,0.000000
1953,4864,0.000000,0.000000
7494,9692,0.000000,0.000000
6806,570,0.000000,0.000000
8781,8429,0.000000,0.000000
2901,309,0.000000,0.000000
2901,14266,0.000000,0.000074
7221,109,0.000000,0.000000
7097,4133,0.000000,0.000000
8997,14269,0.000000,0.000000
10811,14444,0.000000,0.000000
570,4864,0.000000,0.000000
1545,11238,0.000000,0.000000
9913,4864,0.000000,0.000000
6765,11159,0.000000,0.000000
1953,7097,0.000000,0.000000
14444,3440,0.000000,0.000000
1402,11169,0.000000,0.000015
2901,3103,0.000000,0.000001
3253,4513,0.000000,0.000000
2695,4864,0.000000,0.000000
8781,3440,0.000000,0.000000
7221,4133,0.000000,0.000000
3315,14155,0.000000,0.000000
2050,109,0.000000,0.000147
724,3440,0.000000,0.000000
109,7494,0.000000,0.000000
6806,3253,0.000000,0.000000
2050,10672,0.000000,0.000000
11834,11238,0.000000,0.000000
309,6806,0.000000,0.000000
4133,2050,0.000000,0.026279
14444,4513,0.000000,0.000000
4133,10465,0.000000,0.000000
6765,570,0.000000,0.000000
10716,10161,0.000000,0.000000
6765,8462,0.000000,0.000000
3439,3522,0.000000,0.000000
8923,2548,0.000000,0.000000
10161,12445,0.000000,0.000000
3825,8080,0.000000,0.000000
2891,13564,0.000000,0.000000
8462,2779,0.000000,0.000000
12872,4777,0.000000,0.000000
9897,12185,0.000000,0.000000
8429,11895,0.000000,0.000000
4994,8090,0.000000,0.000000
2548,2537,0.000000,0.000000
8429,8090,0.000000,0.000000
8311,3439,0.000000,0.000000
7225,532,0.000000,0.000000
10161,12609,0.000000,0.000000
12217,13873,0.000000,0.000000
12935,12185,0.000000,0.000000
1332,3568,0.000000,0.000000
10316,2674,0.000000,0.000000
14204,12185,0.000000,0.000002
3568,9963,0.000000,0.000001
9963,6674,0.000000,0.000000
1306,9963,0.000000,0.000000
12185,8090,0.000000,0.000000
3543,1332,0.000000,0.000000
4447,7685,0.000000,0.000000
8462,5981,0.000000,0.000000
4774,13564,0.000000,0.000000
7153,11929,0.000000,0.000000
10465,4994,0.000000,0.000000
6674,12217,0.000000,0.000000
5981,2377,0.000000,0.001536
8311,12609,0.000000,0.000000
10465,2377,0.000000,0.000000
8462,3522,0.000000,0.000000
4994,10716,0.000000,0.000000
6890,3568,0.000000,0.000000
8429,2548,0.000000,0.000000
12439,12799,0.000000,0.000000
8923,13564,0.000000,0.000000
11895,13564,0.000000,0.000005
10103,10161,0.000000,0.000000
11929,6179,0.000000,0.000000
4777,8186,0.000000,0.000000
1069,4447,0.000000,0.000000
3543,13564,0.000000,0.000000
4774,4994,0.000000,0.000000
10103,6765,0.000000,0.000000
11895,12217,0.000000,0.000000
8462,9897,0.000000,0.000000
8080,10161,0.000000,0.000000
11038,8462,0.000000,0.000000
12439,2377,0.000000,0.000069
8090,8186,0.000000,0.000000
2779,3627,0.000000,0.000000
13564,9897,0.000000,0.000000
13564,532,0.000000,0.000000
1306,12935,0.000000,0.000000
8462,12217,0.000000,0.000000
12439,7153,0.000000,0.000000
13564,12609,0.000000,0.000000
12439,2674,0.000000,0.000000
5981,12439,0.000000,0.000010
2891,13873,0.000000,0.000000
14204,2664,0.000000,0.000001
13873,3568,0.000000,0.000000
14053,10465,0.000000,0.000000
10716,8311,0.000000,0.000000
4994,1306,0.000000,0.000000
10716,12217,0.000000,0.000000
8090,4096,0.000000,0.000000
12872,12609,0.000000,0.000000
7225,1306,0.000000,0.000000
2814,3825,0.000000,0.000000
14053,7153,0.000000,0.000000
11929,11895,0.000000,0.000000
3627,7225,0.000000,0.000176
8311,13564,0.000000,0.000000
3439,4777,0.000000,0.000000
11038,6674,0.000000,0.000000
6890,9897,0.000000,0.000000
3627,14053,0.000000,0.000000
14500,1332,0.000000,0.000000
2537,8186,0.000000,0.000000
12872,107,0.000000,0.000000
8186,9897,0.000000,0.000000
8080,4447,0.000000,0.000042
10716,12609,0.000000,0.000000
532,11895,0.000000,0.000000
12217,8311,0.000000,0.000000
4096,7225,0.000000,0.000000
14500,6890,0.000000,0.000000
12872,12217,0.000000,0.000000
12439,8923,0.000000,0.000000
3439,2664,0.000000,0.000000
6179,11895,0.000000,0.000000
2377,10161,0.000000,0.000000
2548,6765,0.000000,0.000000
2578,1416,0.000000,0.000000
10288,6221,0.000000,0.000000
3056,10836,0.000000,0.000000
7701,7544,0.000000,0.000000
7544,11345,0.000000,0.000000
8539,7758,0.000000,0.000024
6221,8540,0.000000,0.000000
12272,6765,0.000000,0.000000
7021,12272,0.000000,0.000000
2446,10288,0.000000,0.000336
13387,2578,0.000000,0.000000
10376,11998,0.000000,0.000000
6120,12993,0.000000,0.000000
13872,13779,0.000000,0.000002
6696,4994,0.000000,0.000000
12018,12527,0.000000,0.000000
10288,4994,0.000000,0.000000
6754,10288,0.000000,0.000079
8994,10836,0.000000,0.000000
13398,11345,0.000000,0.000000
2578,10623,0.000000,0.000000
11998,5913,0.000000,0.000000
2619,7701,0.000000,0.000021
8328,1466,0.000000,0.000180
7,1416,0.000000,0.000000
7564,5029,0.000000,0.000000
5029,6754,0.000000,0.000000
2578,13387,0.000000,0.000000
8328,7,0.000000,0.000000
1466,8540,0.000000,0.000000
11282,12527,0.000000,0.000000
5913,7758,0.000000,0.000000
2578,5245,0.000000,0.000000
5622,7544,0.000000,0.000000
2446,7021,0.000000,0.000000
3056,11576,0.000000,0.000000
5245,9493,0.000000,0.000004
13398,5053,0.000000,0.000000
6696,10376,0.000000,0.000000
950,2336,0.000000,0.000000
1416,3239,0.000000,0.000336
1416,6765,0.000000,0.000001
1416,8539,0.000000,0.000002
5053,1416,0.000000,0.000000
7701,5622,0.000000,0.000000
9694,493,0.000000,0.000000
8539,811,0.000000,0.000000
651,1466,0.000000,0.000000
12018,13187,0.000000,0.000000
651,13779,0.000000,0.000004
1466,8328,0.000000,0.000118
493,10225,0.000000,0.000000
6221,1145,0.000000,0.000000
1114,10860,0.000000,0.000014
7648,13398,0.000000,0.000000
5053,11282,0.000000,0.000000
5622,2619,0.000000,0.000000
11282,10225,0.000000,0.000000
11998,2446,0.000000,0.000000
493,8994,0.000000,0.000000
6696,11345,0.000000,0.000001
11345,13872,0.000000,0.000000
11415,6221,0.000000,0.000000
6696,7648,0.000000,0.000000
3056,8540,0.000000,0.000000
8363,10376,0.000000,0.000000
8539,6754,0.000000,0.000000
13872,1114,0.000000,0.000000
10434,3239,0.000000,0.000000
2578,11576,0.000000,0.000000
13398,7758,0.000000,0.000000
2336,13779,0.000000,0.000000
12993,11576,0.000000,0.000000
6754,5913,0.000000,0.000000
10623,12018,0.000000,0.000000
11576,11998,0.000000,0.000000
10623,1145,0.000000,0.000000
7544,10860,0.000000,0.000004
6765,6120,0.000000,0.000002
6221,5913,0.000000,0.000000
10623,3239,0.000000,0.000036
10434,12272,0.000000,0.000000
9493,11345,0.000000,0.000000
13872,950,0.000000,0.000000
4993,2578,0.000000,0.000000
5245,8539,0.000000,0.000000
651,2930,0.000000,0.000004
13398,2446,0.000000,0.000000
13187,6696,0.000000,0.000000
1416,1466,0.000000,0.000000
6696,4993,0.000000,0.000014
7544,11415,0.000000,0.000000
2336,7021,0.000000,0.000000
9267,11998,0.000000,0.000000
5053,5245,0.000000,0.000000
2336,4993,0.000000,0.000000
11282,10376,0.000000,0.000000
10623,6696,0.000000,0.000000
8540,7758,0.000000,0.000000
2930,950,0.000000,0.000000
11895,3522,0.000000,0.000020
14053,14204,0.000000,0.000007
11466,11109,0.000000,0.000000
3480,4083,0.000000,0.000000
12799,1332,0.000000,0.000000
12185,2537,0.000000,0.000000
2537,3439,0.000000,0.000000
11406,12935,0.000000,0.000000
4623,338,0.000000,0.000000
7061,6761,0.000000,0.000004
13565,14064,0.000000,0.000000
4777,8590,0.000000,0.000000
11109,7685,0.000000,0.000000
6761,8385,0.000000,0.000004
1964,4623,0.000000,0.000000
7685,4083,0.000000,0.000000
8429,11345,0.000000,0.000000
14204,8385,0.000000,0.000000
6761,11466,0.000000,0.000004
4447,1424,0.000000,0.000000
8429,3522,0.000000,0.000000
14500,9809,0.000000,0.000000
11571,2548,0.000000,0.000000
7061,2664,0.000000,0.000000
11122,11038,0.000000,0.000000
11109,4447,0.000000,0.000000
1225,12935,0.000000,0.000000
4447,12799,0.000000,0.000000
8590,13873,0.000000,0.000000
11466,13564,0.000000,0.000000
13873,8462,0.000000,0.000000
4994,13564,0.000000,0.000000
10809,2836,0.000000,0.000000
11122,2548,0.000000,0.000000
14500,3376,0.000000,0.000000
9897,2323,0.000000,0.000000
6761,6674,0.000000,0.000000
338,8429,0.000000,0.000000
13565,532,0.000000,0.000000
9809,4777,0.000000,0.000000
7685,8385,0.000000,0.000000
7685,4052,0.000000,0.000000
11895,12799,0.000000,0.000000
11929,1225,0.000000,0.000000
14053,2836,0.000000,0.000000
4994,8429,0.000000,0.000000
1225,14500,0.000000,0.000000
1306,11345,0.000000,0.000000
8590,1424,0.000000,0.000000
12935,8429,0.000000,0.000000
3627,11406,0.000000,0.000000
4447,3627,0.000000,0.000001
11406,6765,0.000000,0.000000
11895,8590,0.000000,0.000000
12185,13564,0.000000,0.000000
3480,14204,0.000000,0.000000
11122,14500,0.000000,0.000000
1306,11895,0.000000,0.000000
11038,14053,0.000000,0.000000
3627,11345,0.000000,0.000000
1225,11466,0.000000,0.000000
5723,12740,0.000000,0.000000
11345,3568,0.000000,0.000000
12740,2836,0.000000,0.000000
1225,1424,0.000000,0.000000
532,3568,0.000000,0.000000
2664,4994,0.000000,0.000000
6740,6761,0.000000,0.000003
7565,532,0.000000,0.000000
12740,338,0.000000,0.000000
5723,1424,0.000000,0.000325
8590,14204,0.000000,0.000000
4994,11122,0.000000,0.000000
11122,2323,0.000000,0.000000
3568,6765,0.000000,0.000000
4694,14064,0.000000,0.000000
12935,9897,0.000000,0.000000
3522,11038,0.000000,0.000000
11929,12740,0.000000,0.000000
6761,11406,0.000000,0.000000
3480,11895,0.000000,0.000000
12740,14500,0.000000,0.000000
4083,1881,0.000000,0.000004
6765,3627,0.000000,0.000000
4777,6761,0.000000,0.000000
12935,3568,0.000000,0.000000
8385,2537,0.000000,0.000000
6740,4083,0.000000,0.000004
2836,2664,0.000000,0.000000
3568,4994,0.000000,0.000000
4623,6674,0.000000,0.000000
8462,12217,0.000000,0.000000
8385,4777,0.000000,0.000000
7061,7565,0.000000,0.000000
13873,8590,0.000000,0.000000
11406,338,0.000000,0.000000
3439,1424,0.000000,0.000000
4447,13564,0.000000,0.000000
6761,9809,0.000000,0.000000
4052,11895,0.000000,0.000000
14365,6803,0.000000,0.000000
5567,224,0.000000,0.000059
9207,1114,0.000000,0.000005
14335,8663,0.000000,0.000000
7133,8308,0.000000,0.000000
5567,9751,0.000000,0.000000
9207,12958,0.000000,0.000000
8922,9010,0.000000,0.000000
6803,8624,0.000000,0.000000
12653,9737,0.000000,0.000000
11345,12958,0.000000,0.000000
14335,5245,0.000000,0.000000
7133,10476,0.000000,0.000236
6217,5788,0.000000,0.000000
6217,7040,0.000000,0.000305
13701,9737,0.000000,0.000000
5788,9751,0.000000,0.000000
10077,8663,0.000000,0.000000
14037,8121,0.000000,0.000000
8922,11995,0.000000,0.000000
13178,14460,0.000000,0.000000
13178,4994,0.000000,0.000000
7133,9207,0.000000,0.000000
12958,3516,0.000000,0.000000
2369,12653,0.000000,0.000000
11757,13357,0.000000,0.000000
11345,1201,0.000000,0.000000
5788,223,0.000000,0.000000
13701,8663,0.000000,0.000000
13163,2751,0.000000,0.000000
4106,12390,0.000000,0.000000
13357,2913,0.000000,0.128580
13357,2751,0.000000,0.000006
10077,14037,0.000000,0.000000
12087,3516,0.000000,0.000009
8663,14460,0.000000,0.000000
1404,7040,0.000000,0.000000
13163,4994,0.000000,0.000000
11345,14460,0.000000,0.000000
9207,11757,0.000000,0.000000
6803,5567,0.000000,0.000000
8663,13357,0.000000,0.000000
3516,9737,0.000000,0.000000
1937,5029,0.000000,0.000000
13314,2751,0.000000,0.039341
6803,13416,0.000000,0.000000
12087,8922,0.000000,0.000000
7133,5245,0.000000,0.000000
11757,6803,0.000000,0.000000
7023,4195,0.000000,0.000000
2751,11345,0.000000,0.000000
13357,5567,0.000000,0.000000
12663,2369,0.000000,0.000000
13163,1114,0.000000,0.000000
7363,13357,0.567925,0.637919
13701,5310,0.000000,0.000000
1404,12958,0.000000,0.000000
9010,561,0.000000,0.000000
8121,1985,0.000000,0.000000
8308,2913,0.000000,0.000000
3030,5567,0.000000,0.000008
13701,9751,0.000000,0.000000
12390,13178,0.000000,0.000000
13178,5029,0.000000,0.000000
561,8121,0.000000,0.000000
13163,14335,0.000000,0.000000
1404,13357,0.000000,0.000000
7133,1937,0.000000,0.095644
10077,9751,0.000000,0.000000
12958,7023,0.000000,0.000000
1985,4195,0.000000,0.000000
1588,14460,0.000000,0.000000
12653,13314,0.000000,0.000000
3804,4195,0.000000,0.000251
11757,14037,0.000000,0.000000
3030,9207,0.000000,0.000111
11995,10077,0.000000,0.000000
13357,11995,0.000000,0.000000
6803,13701,0.000000,0.000000
11757,1114,0.000000,0.000000
13314,12663,0.000000,0.000000
1114,3030,0.000000,0.000482
4195,8308,0.000000,0.000000
8663,1505,0.000000,0.000000
11124,14460,0.000000,0.000000
2913,3516,0.000000,0.000125
8121,12087,0.000000,0.000000
11345,2751,0.000000,0.000000
1114,11124,0.000000,0.000000
1201,13178,0.000000,0.000000
13178,8922,0.000000,0.023024
1937,1505,0.000000,0.000000
6217,13357,0.000000,0.000088
7023,13701,0.000000,0.000000
8663,4994,0.000000,0.000000
1114,9207,0.000000,0.000024
12958,4994,0.000000,0.000000
223,3439,0.000000,0.000000
3439,224,0.000000,0.000000
4679,3822,0.000000,0.000000
3491,5635,0.000000,0.000000
6335,11345,0.000000,0.000003
10687,5245,0.000000,0.000000
2142,9397,0.000000,0.000068
10341,11345,0.000000,0.000000
13164,6765,0.000000,0.000000
9820,10341,0.000000,0.000002
10687,3550,0.000000,0.000000
5163,13290,0.000000,0.000000
1336,66,0.000000,0.000000
10687,2163,0.000000,0.000000
6765,890,0.000000,0.000000
9820,66,0.000000,0.000000
5163,8647,0.575220,0.000000
11345,20,0.000000,0.000000
7109,6224,0.000000,0.000018
5325,6224,0.000000,0.000000
3830,5623,0.000000,0.000001
10685,10687,0.000000,0.000000
3550,12642,0.000000,0.000000
5325,10533,0.000000,0.000000
14093,4142,0.000000,0.000000
6224,3491,0.000000,0.000000
12546,10685,0.000000,0.000000
4142,6352,0.000000,0.000000
5029,2163,0.000000,0.000000
5163,1342,0.000000,0.000000
5029,14390,0.000000,0.000000
13164,4142,0.000000,0.000001
10685,6281,0.000000,0.000000
3928,12546,0.000000,0.000000
1505,12322,0.000000,0.000000
1342,20,0.000000,0.000000
5029,8647,0.000000,0.000000
4690,2744,0.000000,0.000000
13472,195,0.000000,0.000000
2163,7109,0.000000,0.000000
3550,13290,0.000000,0.000000
11288,5245,0.000000,0.000000
3830,11288,0.000000,0.000007
8647,9397,0.000000,0.000000
890,12201,0.000000,0.000000
2163,5325,0.000000,0.000000
11264,66,0.000000,0.000000
7544,12211,0.000000,0.000000
66,13706,0.000000,0.000000
9820,4994,0.000000,0.000000
12322,12211,0.000000,0.000000
5623,2142,0.000000,0.000000
12322,12546,0.000000,0.000000
1336,2163,0.000000,0.000000
3275,6508,0.000000,0.000000
3275,2744,0.000000,0.000000
9820,2163,0.000000,0.000005
12642,6281,0.000000,0.000000
12211,1336,0.000000,0.000004
11264,4142,0.000000,0.000005
13472,11288,0.000000,0.000000
706,195,1.000000,0.000003
20,4994,0.000000,0.000000
12642,3275,0.000000,0.000000
8647,66,0.000000,0.000001
13472,13164,0.000000,0.000000
7668,4690,0.000000,0.000000
9397,12201,0.000000,0.000000
14066,13164,0.000000,0.000012
5163,14066,0.000000,0.000000
6224,13472,0.000000,0.000000
14473,3491,0.000000,0.000000
1505,11288,0.000000,0.000000
5635,6335,0.000000,0.000000
12211,2142,0.000000,0.000000
7668,10685,0.000000,0.000000
2142,706,0.000000,0.000017
12546,11345,0.000000,0.000000
5163,3928,0.000000,0.000000
7109,14473,0.000000,0.000000
900,20,0.000000,0.000000
3491,12201,0.000000,0.000000
8647,1336,0.000000,0.000000
14473,5163,0.000000,0.000000
2142,1336,0.000000,0.000000
7544,3928,0.000000,0.000000
900,1626,0.000000,0.000000
706,2744,0.000000,0.000000
6765,10533,0.000000,0.000000
6281,12211,0.000000,0.000000
3275,7668,0.000000,0.000000
6224,5635,0.000000,0.000000
20,195,0.000000,0.000000
5245,5608,0.000000,0.000000
10893,8656,0.000000,0.000001
5635,7109,0.000000,0.000000
1505,10341,0.000000,0.000000
12211,900,0.000000,0.000000
6281,7109,0.000000,0.000020
900,5623,0.000000,0.000000
4994,5163,0.000000,0.000000
5325,6352,0.000000,0.000000
11264,1342,0.000000,0.000000
3738,4319,0.000000,0.000012
8947,10934,0.000000,0.016169
13740,10332,0.000000,0.000000
1580,10332,0.000000,0.000000
756,5333,0.000000,0.000000
13198,6684,0.598424,0.000000
3591,343,0.595626,0.000001
2109,11998,0.000000,0.000001
6684,2504,0.000000,0.000000
3591,9036,0.000000,0.000000
3419,4323,0.000000,0.000000
2569,8788,0.000000,0.000000
6807,3669,0.000000,0.000001
3738,13198,0.000000,0.094500
8999,5604,0.000000,0.000163
4217,7236,0.000000,0.000000
13697,1364,0.000000,0.000002
3870,7208,0.000000,0.000000
9303,8788,0.000000,0.000000
4323,5333,0.000000,0.000000
8947,13697,0.000000,0.000000
9036,3355,0.000000,0.000000
5604,2937,1.000000,0.468572
4896,11742,0.000000,0.000000
2744,2109,0.000000,0.000000
12176,7208,0.000000,0.000000
756,3669,0.000000,0.000000
2569,7236,0.000000,0.000000
4217,10332,0.000000,0.000000
9023,13740,0.000000,0.000000
5029,4963,0.000000,0.000000
8788,2937,0.000000,0.000000
2860,343,0.595626,0.000000
3733,7510,0.000000,0.000000
13198,1364,0.000000,0.000000
6684,343,0.595626,0.000000
10332,4319,0.000000,0.000001
756,3355,0.000000,0.000000
11742,2504,0.000000,0.000000
5333,7637,0.597113,0.007368
7208,3419,0.000000,0.000006
10934,9392,0.000000,0.000000
7637,2569,0.597643,0.000000
6684,4861,0.000000,0.000000
6684,2860,0.595865,0.000000
13198,5711,0.600839,0.000000
10538,1580,0.000000,0.000000
10969,2569,0.000000,0.000000
2504,9023,0.000000,0.000000
1580,756,0.000000,0.000000
5819,13169,0.000000,0.000000
3591,7208,0.000000,0.000000
2937,5333,0.000000,0.000024
13005,11621,0.000000,0.000000
4323,13573,0.000000,0.000000
756,4834,0.000000,0.000001
3738,11998,0.000000,0.000000
7236,1580,0.000000,0.000000
6807,1364,0.000000,0.000001
7637,10538,0.000000,0.000000
5029,8210,0.000000,0.000000
9036,13198,0.000000,0.000000
4963,8210,0.000000,0.000000
13740,756,0.000000,0.000000
5029,8273,0.000000,0.000000
8788,3870,0.000000,0.000000
10969,8947,0.000000,0.000000
7208,8788,0.000000,0.000000
8210,5333,0.000000,0.000000
9023,756,0.000000,0.000000
5533,11621,0.000000,0.000000
1580,7960,0.000000,0.000000
13697,5333,0.000000,0.000000
10969,5333,0.000000,0.172301
10254,7982,0.595626,0.000000
9023,4217,0.593908,0.000000
2744,4861,0.000000,0.000000
10538,9303,0.000000,0.000000
9392,5333,1.000000,0.000005
4834,4896,0.000000,0.000304
8273,2504,0.000000,0.000000
4896,1580,0.000000,0.000000
343,10332,0.000000,0.000000
5533,5333,0.000000,0.000000
4217,11998,0.000000,0.000000
9392,9303,0.000000,0.000006
3419,5333,0.000000,0.000000
13740,1364,0.000000,0.000000
9392,5711,0.000000,0.000000
4319,13697,0.000000,0.000000
4963,8273,0.000000,0.000000
10934,7982,0.000000,0.000000
13169,10254,0.000000,0.000037
8210,1580,0.000000,0.000000
3870,13740,0.000000,0.000000
8273,343,0.000000,0.000001
5819,756,0.000000,0.000000
5245,756,0.000000,0.000000
9392,1364,0.000000,0.000000
13109,13005,0.000000,0.000000
7370,8188,0.000000,0.000000
3766,5736,0.576850,0.508614
7971,12433,0.000000,0.000000
3625,4721,0.576850,0.506288
13474,613,0.579721,0.532050
10704,868,0.000000,0.048139
11972,10467,0.576850,0.574009
4002,10617,0.576850,0.488972
7162,2633,0.577983,0.457101
8188,5034,0.000000,0.000000
13293,4967,0.577254,0.633858
7866,10242,0.578626,0.496990
4721,7370,0.576850,0.566073
13293,6997,1.000000,0.631183
9474,7627,0.577983,0.513296
2422,5010,0.579467,0.498720
2405,2422,0.577631,0.539116
9474,1221,0.000000,0.000000
6997,7646,0.576850,0.584390
8209,11526,0.576850,0.544292
13441,10196,0.577631,0.514609
1619,12177,0.580631,0.062360
10617,14224,0.577983,0.539280
3890,4002,1.000000,0.965729
12210,10242,0.576850,0.515099
13474,357,0.576850,0.456385
3625,12433,0.000000,0.000000
3770,2633,0.580195,0.527172
7627,12758,0.579721,0.460968
613,5481,0.579721,0.520680
7162,4967,0.577631,0.545238
5010,7866,1.000000,0.488081
11526,613,0.577983,0.585556
5034,8188,0.000000,0.000000
1221,13790,0.000000,0.000000
4002,13474,0.576850,0.435964
10467,12758,0.576850,0.511585
4791,5010,0.579467,0.544064
4721,9918,1.000000,0.965729
10467,6099,0.576850,0.540525
6099,3890,0.576850,0.532239
868,3766,0.576850,0.502287
13441,4397,0.000000,0.000000
12370,1221,0.000000,0.000000
5034,13474,0.000000,0.005551
11106,5736,1.000000,0.965729
8209,5762,1.000000,0.965729
3770,868,0.576850,0.505530
4002,12758,0.576850,0.511585
11972,10196,1.000000,0.566082
8188,8209,0.000000,0.000000
2422,7370,0.579467,0.382015
3765,10467,0.576850,0.560655
11526,157,0.000000,0.323008
5481,13441,0.578626,0.543899
5762,7627,0.576850,0.468781
10242,265,0.577631,0.545570
2633,3074,0.579467,0.417042
4721,13790,0.576850,0.500993
11975,12370,0.575410,0.954711
5034,4397,0.000000,0.000000
6997,12177,0.577254,0.066416
9918,1221,0.000000,0.000000
13790,3766,0.577983,0.522116
2688,13790,0.576850,0.500993
6099,2633,0.579963,0.521553
7768,7370,0.576850,0.566073
4721,10242,0.576850,0.515099
4791,11106,0.576850,0.548002
13293,7768,0.576850,0.599714
11972,5010,0.577631,0.500929
7971,285,0.577254,0.588511
5034,3625,0.000000,0.011818
7370,6099,0.579467,0.468542
7866,5736,0.576850,0.501764
14224,5010,0.577983,0.568582
11975,2633,0.576850,0.537628
10467,3497,0.576850,0.555775
12177,2405,0.577631,0.089511
10704,265,0.000000,0.122564
7768,11972,0.576850,0.565714
12370,10956,0.575410,0.564888
7139,12433,0.000000,0.000000
5034,3765,0.000000,0.007864
13474,14224,0.577983,0.529817
3890,7866,0.576850,0.511625
2633,3765,0.577254,0.475135
3890,5736,1.000000,0.965729
13790,12433,0.000000,0.000000
3890,7162,0.576850,0.556241
11975,7370,0.576850,0.566073
5010,14224,0.577983,0.535109
12210,7768,1.000000,0.965729
8209,9474,0.576850,0.523997
868,10617,0.576850,0.488972
3766,157,0.000000,0.274783
3770,7139,0.577254,0.444102
3497,2405,0.577631,0.387763
4721,157,0.000000,0.101356
8188,7768,0.000000,0.000000
10222,14329,0.000000,0.000000
3482,11303,0.000000,0.000000
12576,4670,0.000000,0.000000
13398,4961,0.000000,0.000000
4964,3482,0.000000,0.015113
11042,11173,0.000000,0.000000
9756,4512,0.000000,0.000010
12872,9061,0.000000,0.000000
9756,51,0.000000,0.000003
14329,6939,0.000000,0.000018
6939,4624,0.000000,0.000000
377,5747,0.000000,0.000001
7957,12872,0.000000,0.000000
4512,4968,0.000000,0.002605
12635,3194,0.000000,0.000001
12576,3482,0.000000,0.000000
1051,12492,0.000000,0.000001
8429,4055,0.000000,0.000000
9744,14329,0.000000,0.000000
377,13398,0.000000,0.000000
3056,13670,0.000000,0.000000
6016,12576,0.000000,0.000000
13510,13562,0.000000,0.000016
13525,4670,0.000000,0.000000
8429,12217,0.000000,0.000000
7957,9744,0.000000,0.001051
3867,7957,0.000000,0.000000
12576,1012,0.000000,0.006629
1621,6427,0.000000,0.000000
13398,7693,0.000000,0.000000
14329,1332,0.000000,0.000000
1621,4512,0.000000,0.000000
1012,12492,0.000000,0.000000
3867,1621,0.000000,0.000000
5747,6189,0.000000,0.000000
10222,3614,0.000000,0.000000
6390,11392,0.000000,0.000001
11173,3482,0.000000,0.000000
9995,6939,0.000000,0.000000
12576,9995,0.000000,0.000000
14034,6427,0.000000,0.000000
4670,7940,0.000000,0.000000
9061,11042,0.000000,0.000000
12872,1012,0.000000,0.000000
14329,6189,0.000000,0.000000
14034,6189,0.000000,0.000000
4968,1418,0.000000,0.000012
11303,6390,0.000000,0.000020
3056,11042,0.000000,0.000000
6765,3614,0.000000,0.000005
3867,14034,0.000000,0.000000
3614,4670,0.000000,0.000000
6939,6765,0.000000,0.000000
14329,8517,0.000000,0.000132
3482,6765,0.000000,0.000008
12576,11303,0.000000,0.000000
7693,13525,0.000000,0.000000
11392,377,0.000000,0.000001
12576,7693,0.000000,0.000000
9756,10222,0.000000,0.000000
9061,5747,0.000000,0.000003
9995,3867,0.000000,0.000000
3876,4512,0.000000,0.000104
3194,8756,0.000000,0.000002
8517,6427,0.000000,0.000000
3568,1621,0.000000,0.000000
1621,12217,0.000000,0.000000
4994,3194,0.000000,0.000000
4670,7957,0.000000,0.000001
12568,9061,0.000000,0.001255
6016,7940,0.000000,0.000000
5011,7685,0.000000,0.000000
7693,13670,0.000000,0.000000
6390,5011,0.000000,0.000037
13510,4994,0.000000,0.000000
6390,13510,0.000000,0.000001
8517,13398,0.000000,0.000000
12492,9995,0.000000,0.000000
10222,4994,0.000000,0.000000
6189,11173,0.000000,0.000000
4512,11392,0.543941,0.179992
3614,12635,0.000000,0.000000
12568,12217,0.000000,0.000000
377,1012,0.000000,0.000035
4961,3194,0.000000,0.000000
4624,8429,0.000000,0.000000
2512,6427,0.000000,0.004399
6016,12568,0.000000,0.000000
10222,9744,0.000000,0.000000
11392,12872,0.000000,0.000000
13525,1621,0.000000,0.000375
14329,13562,0.540857,0.463482
8756,9756,0.000000,0.000341
12568,377,0.000000,0.000000
377,3614,0.000000,0.516234
14105,3194,0.000000,0.000006
4670,2512,0.000000,0.000000
11173,3194,0.000000,0.000000
1621,3482,0.000000,0.000158
14034,6390,0.000000,0.000000
7646,7866,0.576850,0.511625
1619,6997,0.577254,0.525070
7646,9576,0.576850,0.566562
7646,13474,0.576850,0.435964
4397,868,0.000000,0.000000
10242,9474,0.577983,0.588586
285,1619,0.577254,0.547144
1910,10242,0.578314,0.610934
5010,5762,0.576850,0.527487
4604,13293,0.577254,0.360704
13790,3074,0.579433,0.247892
3766,1910,0.577983,0.627379
1910,12433,0.000000,0.000000
3765,9474,0.577254,0.473393
11526,10467,0.576850,0.563903
2688,8209,1.000000,0.965729
9474,13474,0.577983,0.491805
4604,265,0.577631,0.523075
11975,3890,1.000000,0.965729
10467,5034,0.000000,0.005278
1910,14224,0.577983,0.582393
5481,3074,0.579433,0.456665
4791,4604,0.578626,0.218157
7866,5762,0.576850,0.501764
357,7646,1.000000,0.965729
11975,868,1.000000,0.965729
3890,7768,1.000000,0.965729
13441,13293,0.577254,0.525528
10956,10242,1.000000,0.440796
3074,3497,0.578314,0.581381
12433,11106,0.000000,0.000000
5010,10467,0.576850,0.527487
5736,2405,0.576850,0.483878
10242,7646,0.576850,0.504200
2030,10956,0.578626,0.436795
4002,5762,1.000000,0.965729
3766,12210,0.576850,0.508614
13293,11975,0.576850,0.599714
9576,4397,0.000000,0.000000
10242,13293,0.577254,0.450709
357,12177,0.576850,0.062303
2422,11975,0.576850,0.474996
11526,5736,0.576850,0.563903
11106,285,0.576850,0.584358
8188,157,0.000000,0.000000
4967,9918,0.576850,0.586098
10242,3497,0.578314,0.422482
14224,157,0.000000,0.322883
5034,157,0.537536,0.069643
4791,6997,0.577254,0.529708
1619,4397,0.000000,0.000000
7162,10956,0.577983,0.604356
14470,5762,0.576850,0.475739
13293,4721,0.576850,0.599714
13790,12177,0.580300,0.107815
7370,7646,0.576850,0.570879
4002,8188,0.000000,0.000000
10956,8188,0.000000,0.000000
157,4791,0.000000,0.154143
7162,13441,0.577983,0.537177
11975,10242,0.576850,0.515099
4967,4002,0.576850,0.586098
9918,7139,0.576850,0.458249
14470,1619,0.580597,0.440829
10196,157,0.000000,0.095744
357,4397,0.000000,0.000000
14224,3890,0.576850,0.563944
7646,10242,0.576850,0.515099
13790,3766,0.577983,0.522116
868,11526,0.576850,0.544292
868,7139,0.576850,0.458249
9576,7646,0.576850,0.575222
7971,8188,0.000000,0.000000
5762,7370,0.576850,0.566073
3497,5034,0.000000,0.003041
11526,6997,0.577254,0.541707
2633,5034,0.000000,0.008532
10242,285,0.577254,0.478281
7162,13293,0.577254,0.592934
1221,3497,0.000000,0.000000
5034,5762,0.000000,0.005547
12758,9474,0.577983,0.494466
7866,157,0.000000,0.128391
2688,11526,0.576850,0.544292
4967,10617,0.577631,0.458367
13293,10467,0.576850,0.599714
12210,12433,0.000000,0.000000
5010,265,0.577631,0.518262
10956,2688,0.576850,0.572264
7162,5736,0.576850,0.557661
7370,4967,0.577631,0.591561
1910,14470,0.578314,0.555796
2030,6345,0.000000,0.000138
12758,10956,0.578626,0.450785
3765,9576,1.000000,0.537383
12177,7162,0.577983,0.032019
12758,5736,0.576850,0.501475
1910,265,0.577631,0.623437
1619,10956,0.578626,0.481718
1910,10617,0.578314,0.551102
3056,4677,0.000000,0.000000
3158,12718,0.000000,0.000008
7381,3056,0.000000,0.000000
9126,820,0.000000,0.000000
9620,10998,0.000000,0.000000
9126,4762,0.000000,0.000000
6765,5245,1.000000,0.401240
9794,4677,0.000000,0.000000
9025,6109,0.000000,0.000000
5083,4994,0.000000,0.000000
8161,6172,0.000000,0.000002
1114,1535,0.000000,0.000000
9794,3462,0.000000,0.000000
11345,5083,0.000000,0.000000
9620,1971,0.000000,0.000000
4411,4308,0.000000,0.000000
13498,3288,0.000000,0.000000
13162,12718,0.000000,0.000000
1394,7872,0.000000,0.000000
6329,5553,0.000000,0.000000
3462,6329,0.000000,0.000000
169,9025,0.000000,0.000000
6109,4677,0.000000,0.000000
7755,6109,0.000000,0.000000
9025,6329,0.000000,0.000000
4200,1455,0.000000,0.000000
12718,13498,0.000000,0.000000
4584,7755,0.000000,0.000000
5636,1971,0.000000,0.000000
5636,6109,0.000000,0.000000
5083,3895,0.000000,0.000000
8882,11446,0.000000,0.000698
8882,2641,0.000000,0.000000
2228,8882,0.000000,0.000000
4762,3454,0.000000,0.000000
7755,5245,0.000000,0.000000
4810,9620,0.000000,0.000000
169,4810,0.000000,0.000000
1971,6765,0.000000,0.000000
528,8846,0.000000,0.000000
2641,11446,0.000000,0.000000
1744,5029,0.000000,0.000000
7547,12601,0.000000,0.000000
13162,6765,0.000000,0.000000
13162,3288,0.000000,0.000006
11345,12601,0.000000,0.000000
2228,11576,0.000000,0.000000
1323,1971,0.000000,0.000000
6765,2641,0.000000,0.000000
5083,5553,0.000000,0.000000
9794,1981,0.000000,0.000000
9661,10587,0.000000,0.000019
11446,3895,0.000000,0.000000
3158,1728,0.000000,0.000000
12601,820,0.000000,0.000000
1114,1744,0.000000,0.000000
13162,6281,0.000000,0.000620
820,1971,0.000000,0.000000
4677,5083,0.000000,0.000000
9025,820,0.000000,0.000000
3895,5636,0.000000,0.000000
9620,1535,0.000000,0.000000
9794,3288,0.000000,0.000000
1114,4584,0.000000,0.000000
12718,6765,0.000000,0.434169
4411,9025,0.000000,0.000013
5245,12601,0.000000,0.000000
12527,820,0.000000,0.000189
2228,1744,0.000000,0.000000
11446,169,0.000000,0.000000
2641,4677,0.000000,0.000000
6109,10387,0.000000,0.000000
5553,1455,0.000000,0.000000
12718,6172,0.000000,0.000000
5029,3462,0.000000,0.000000
4677,1981,0.000000,0.000000
1114,3056,0.000000,0.000000
3462,2641,0.000000,0.000000
6281,3895,0.000000,0.000000
11119,13162,0.000000,0.000417
5029,3454,0.000000,0.000000
1394,1455,0.000000,0.000000
9126,4308,0.000000,0.000000
10387,7755,0.000000,0.000000
4411,8882,0.000000,0.000003
11345,5553,0.000000,0.000000
4584,3454,0.000000,0.000000
3056,3288,0.000000,0.000000
4200,5083,0.000000,0.000000
8161,1535,0.000000,0.000000
10998,4677,0.000000,0.000000
12601,3462,0.000000,0.000000
7547,1981,0.000000,0.000400
5029,10387,0.000000,0.000000
9126,528,0.000000,0.000000
8439,4584,0.000000,0.000000
8161,4584,0.000000,0.000000
9126,5553,0.000000,0.000000
820,3288,0.000000,0.000000
11345,5029,0.000000,0.000000
6427,5408,0.000000,0.000000
3867,3602,0.000000,0.000000
2735,9756,0.000000,0.000000
8771,12734,0.000000,0.000000
6939,1567,0.000000,0.000000
1418,12439,0.000000,0.000000
12122,13056,0.000000,0.000060
13525,13562,0.000000,0.000003
4493,6427,0.000000,0.000000
13489,12734,0.000000,0.000000
1506,13525,0.000000,0.000000
8025,2735,0.000000,0.000000
13525,12734,0.000000,0.000000
7193,6016,0.000000,0.000000
10228,2512,0.000000,0.000000
1331,12437,0.000000,0.000000
10228,1051,0.000000,0.000012
13562,4493,0.000000,0.000001
7193,1331,0.000000,0.000000
8756,12439,0.000000,0.000000
13525,7544,0.000000,0.000002
5408,13525,0.000000,0.000000
1418,3482,0.000000,0.000000
8489,5408,0.000000,0.000000
7064,6189,0.000000,0.000000
7536,5701,0.000000,0.000006
2834,12734,0.000000,0.000057
2788,8771,0.000000,0.000000
7536,6189,0.000000,0.000000
12439,1506,0.000000,0.000000
6939,1331,0.000000,0.005637
12734,6427,0.000000,0.000000
13562,12635,0.000000,0.000000
7193,8402,0.000000,0.000000
7064,13489,0.000000,0.000000
2735,12576,0.000000,0.000000
12148,4670,0.000000,0.000000
7235,3482,0.000000,0.000000
12122,6016,0.000000,0.000000
4754,2788,0.000000,0.000000
7193,13843,0.000000,0.000000
5408,6939,0.000000,0.000016
13525,6939,0.000000,0.000000
8756,12635,0.000000,0.000000
13562,6473,0.000000,0.056119
2834,12437,0.000000,0.000002
8771,4670,0.000000,0.000000
4994,3602,0.000000,0.000000
1051,12734,0.000000,0.000001
13489,1621,0.000000,0.000034
5307,4055,0.000000,0.000000
4512,4994,0.000000,0.000000
13489,3867,0.000000,0.000000
7193,13489,0.000000,0.000000
2834,100,0.000000,0.000000
6016,7193,0.000000,0.000000
7235,12576,0.000000,0.000001
13525,12122,0.000000,0.000004
4670,3602,0.000000,0.000000
4994,1621,0.000000,0.000000
12734,2834,0.000000,0.000043
1331,4968,0.000000,0.000124
6189,12689,0.000000,0.000000
11042,4055,0.000000,0.000004
1506,5307,0.000000,0.000000
7544,1418,0.000000,0.000000
12439,4512,0.000000,0.000000
7536,10573,0.000000,0.000000
12439,1621,0.000000,0.000000
1051,7193,0.000000,0.000000
13525,12635,0.000000,0.000000
7544,4994,0.000000,0.000000
5701,1331,0.000000,0.000000
12576,4624,0.000000,0.000000
12122,4624,0.000000,0.000000
12689,5408,0.000000,0.000000
8025,7544,0.000000,0.000000
9744,6016,0.000000,0.000000
4968,6312,0.000000,0.000000
8756,1567,0.000000,0.000000
4055,10573,0.000000,0.000000
4493,6016,0.000000,0.000000
12437,7235,0.000000,0.000000
7193,13525,0.000000,0.000000
1418,4493,0.000000,0.000000
5701,10573,0.000000,0.000000
1621,4968,0.000000,0.000000
12576,2735,0.000000,0.000000
3668,4624,0.000000,0.000000
2788,1567,0.000000,0.000000
7193,9744,0.000000,0.000000
3602,6016,0.000000,0.000000
7235,12734,0.000000,0.000000
8489,4624,0.000000,0.000000
8771,13056,0.000000,0.000002
8489,3602,0.000000,0.000000
8771,2834,0.000000,0.000000
2512,12576,0.000000,0.000001
6473,12689,0.000000,0.000344
13525,1621,0.000000,0.000375
14062,6428,0.534527,0.556131
4467,8779,0.000000,0.016421
10891,4157,0.000000,0.000000
7525,10427,0.000000,0.000000
11377,2180,0.000000,0.000000
3207,2648,0.000000,0.000000
3330,12447,0.000000,0.000000
4313,312,0.000000,0.000000
12854,44,0.534527,0.516818
9837,5520,0.534527,0.417680
14021,12060,0.000000,0.555258
9727,13626,0.534527,0.511944
6428,2774,0.536627,0.542688
5520,6428,0.534527,0.569377
4385,5704,0.534527,0.521272
4385,4313,0.000000,0.000000
4349,12854,0.000000,0.528219
4072,7525,0.000000,0.000000
10820,1004,0.534527,0.551811
3330,4072,0.000000,0.000000
8779,2774,0.000000,0.003127
8030,13626,0.538398,0.489983
14021,2767,0.000000,0.022592
3045,3330,0.000000,0.000000
9837,4080,0.538398,0.593661
8544,12060,0.000000,0.109593
6144,11313,0.534527,0.571375
1451,44,0.000000,0.358216
11377,10427,0.000000,0.000000
9727,5520,0.534527,0.537927
4467,3207,0.000000,0.000000
14062,4157,0.535883,0.569070
12447,5133,0.000000,0.000000
13954,10739,0.000000,0.000000
5520,4948,0.534527,0.502733
93,4368,0.000000,0.000000
13213,12447,0.000000,0.000000
2180,1004,0.534527,0.569767
12854,8911,0.000000,0.516446
11153,312,0.000000,0.000000
11004,8030,0.000000,0.469310
3045,12447,0.000000,0.000000
2648,93,0.000000,0.000000
14465,2648,0.534527,0.585599
2774,1025,0.537282,0.518495
10820,13954,0.535883,0.553296
3330,1025,0.000000,0.000000
14062,312,0.000000,0.000019
4080,2180,0.534527,0.443068
6609,14311,0.000000,0.000000
4130,13103,0.536627,0.527613
5520,9727,0.534527,0.535569
7525,13103,0.000000,0.000000
11377,390,0.000000,0.000000
10427,10891,0.000000,0.000000
3330,9837,0.000000,0.000000
44,9727,0.534527,0.542602
8324,6428,0.000000,0.205883
12854,8544,0.534527,0.459821
2648,10891,0.000000,0.000000
13213,44,0.000000,0.161605
11004,11153,0.000000,0.000000
10739,11377,0.552490,0.074516
11377,312,0.000000,0.000000
1025,10427,0.536627,0.563259
3045,8030,0.534527,0.546893
2976,7525,0.000000,0.069141
4948,4368,0.534527,0.507227
5520,8779,0.000000,0.009795
5704,12854,0.534527,0.571451
9727,4157,0.534527,0.550001
9727,7273,0.534527,0.524422
7273,2774,0.534527,0.500600
13954,390,0.534527,0.438770
312,14465,0.000000,0.000002
11313,4948,0.534527,0.503303
6144,4368,0.534527,0.555660
4467,4385,0.534527,0.431331
8779,13954,0.000000,0.003240
1004,12854,0.534527,0.518164
9895,5133,0.535883,0.368614
7525,14062,0.000000,0.000000
11004,13213,0.534527,0.823146
4080,7273,0.534527,0.587500
10739,5133,0.000000,0.000000
7525,2767,0.000000,0.000000
3045,2648,0.534527,0.574559
1004,5704,0.536627,0.532703
13954,5133,0.534527,0.524417
8544,2774,0.534527,0.477681
13954,8911,0.000000,0.372740
14465,9837,0.534527,0.492378
4072,2741,0.000000,0.261100
2976,10427,0.000000,0.000000
12060,11153,0.000000,0.000000
4349,2767,0.000000,0.071337
44,14021,1.000000,0.519373
8544,5133,0.534527,0.427668
13626,8911,0.000000,0.378411
3207,3330,0.549417,0.047736
12841,13026,0.000000,0.000000
14065,6510,0.000000,0.000000
5414,11345,0.000000,0.000000
10095,6765,0.000000,0.000000
866,9375,0.000000,0.000000
13665,6898,0.000000,0.000000
6765,4994,0.000000,0.000000
5245,2108,0.000000,0.000000
13836,5131,0.000000,0.000000
12089,12429,0.000000,0.000000
14513,866,0.000000,0.000000
9681,866,0.000000,0.000002
3056,13665,0.000000,0.000000
13511,9375,0.000000,0.000000
13836,5738,0.000000,0.000102
2062,3197,0.000000,0.000000
2851,6510,0.000000,0.000000
5958,3056,0.000000,0.000000
8074,8801,0.000000,0.000000
4627,7789,0.000000,0.000000
6228,7789,0.000000,0.000000
3456,5721,0.000000,0.000000
8449,718,0.000000,0.000000
8801,8337,0.000000,0.000000
6510,3056,0.000000,0.000000
5414,12677,0.000000,0.000000
13511,5721,0.000000,0.000000
13026,5131,0.000000,0.000000
8449,335,0.000000,0.000000
12429,1348,0.000000,0.000008
2062,2843,0.000000,0.000000
2364,13511,0.000000,0.000000
5414,14116,0.000000,0.000000
6757,5245,0.000000,0.000000
335,5414,0.000000,0.000016
3197,8449,0.000000,0.000000
12771,1348,0.000000,0.000000
342,8449,0.000000,0.000000
5958,11345,0.000000,0.000010
14513,1589,0.000000,0.000000
1348,13836,0.000000,0.000000
9375,220,0.000000,0.000000
10095,13665,0.000000,0.000000
7789,11345,0.000000,0.000000
12771,6510,0.000000,0.000003
2364,11345,0.000000,0.000000
12429,6228,0.000000,0.000000
7544,1589,0.000000,0.000000
10095,7797,0.000000,0.000000
12089,220,0.000000,0.000000
2851,4994,0.000000,0.000000
12236,9000,0.000000,0.000000
6228,2851,0.000000,0.000000
5958,7544,0.000000,0.000000
3197,6667,0.000000,0.036377
6765,866,1.000000,0.547752
12089,6757,0.000000,0.000000
3972,7797,0.000000,0.000000
12089,8801,0.000000,0.000000
14065,13665,0.000000,0.000000
4994,6765,0.000000,0.000000
2851,10095,0.000000,0.000000
5131,9375,0.000000,0.000000
13665,14065,0.000000,0.000000
3056,7789,0.000000,0.000000
12841,335,0.000000,0.000000
6510,866,0.000000,0.000000
6228,12089,0.000000,0.000000
7222,12677,0.000000,0.000000
5958,10095,0.000000,0.000000
12429,866,1.000000,0.610747
2062,5414,0.000000,0.000000
474,7544,0.000000,0.000003
2062,7222,0.000000,0.000000
3056,2062,0.000000,0.000000
6898,6228,0.000000,0.000001
3972,6228,0.000000,0.000000
9000,10095,0.000000,0.000000
8074,10095,0.000000,0.000038
12534,6898,0.000000,0.000000
3197,2843,0.000000,0.000000
4994,7544,0.000000,0.000000
5245,8337,0.000000,0.000000
14116,12841,0.000000,0.000000
6279,5131,0.000000,0.000000
7789,3456,0.000000,0.000000
8449,866,0.000000,0.000000
12089,7222,0.000000,0.000000
6228,9681,0.000000,0.000000
14513,8337,0.000000,0.000000
10910,9375,0.000000,0.000000
2108,9000,0.000000,0.000000
5622,3197,0.000000,0.000795
5958,2843,0.000000,0.000000
4627,6279,0.000000,0.000000
5245,5622,0.000000,0.000000
12429,10095,0.000000,0.000000
2364,14116,0.000000,0.000000
3056,3972,0.000000,0.000000
3056,2108,0.000000,0.000000
2735,9829,0.000000,0.000000
3439,12528,0.000000,0.000000
3403,14500,0.000000,0.000002
11895,1573,0.000000,0.000000
12799,1573,0.000000,0.000000
4994,6312,0.000000,0.000000
127,1141,0.000000,0.000000
5421,5245,0.000000,0.000000
13977,8466,0.000000,0.000000
6765,6312,0.000000,0.000000
2735,9777,0.000000,0.000000
5245,3568,0.000000,0.000000
9829,2735,0.000000,0.000000
12489,6765,0.000000,0.000000
12935,12439,0.000000,0.000000
12528,1341,0.000000,0.000000
8184,9777,0.000000,0.000000
4324,13873,0.000000,0.000000
7439,9829,0.000000,0.000000
11895,3568,0.000000,0.000360
9829,8466,0.000000,0.000000
2548,10329,0.000000,0.000000
5245,10329,0.000000,0.000000
10153,14053,0.000000,0.000000
14500,3403,0.000000,0.000000
2788,12935,0.000000,0.000000
127,11345,0.000000,0.000019
3668,10153,0.000000,0.000000
1341,2735,0.000000,0.000000
3926,5421,0.000000,0.000000
127,9777,0.000000,0.000015
12799,12528,0.000000,0.000000
8184,5421,0.000000,0.007672
12528,6674,0.000000,0.000000
338,1332,0.000000,0.000000
4324,14412,0.000000,0.000000
3568,3926,0.000000,0.000000
6312,3668,0.000000,0.000000
9777,4994,0.000000,0.000000
3439,3926,0.000000,0.000000
13475,8498,0.000000,0.000000
8498,2788,0.000000,0.000000
1332,10222,0.000000,0.000000
6832,6674,0.000000,0.000000
10972,14412,0.000000,0.000000
3668,4324,0.000000,0.000000
6674,12689,0.000000,0.000000
4426,12489,0.000000,0.000000
3439,4777,0.000000,0.000000
9777,4324,0.000000,0.000000
2735,6832,0.000000,0.000000
12935,1099,0.000000,0.000000
9829,6832,0.000000,0.000000
12439,2548,0.000000,0.000008
2548,10972,0.000000,0.000000
834,1141,0.000000,0.000003
5421,2735,0.000000,0.000000
2160,1099,0.000000,0.000000
8438,11345,0.000000,0.000000
3668,12935,0.000000,0.000000
11895,6765,0.000000,0.000000
3439,13977,0.000000,0.000000
3926,8171,0.000000,0.000000
12935,9777,0.000000,0.000000
9829,151,0.000000,0.000000
2788,1332,0.000000,0.000000
8466,2788,0.000000,0.000000
12799,127,0.000000,0.000000
9777,12935,0.000000,0.000000
8171,2548,0.000000,0.000000
2735,3403,0.000000,0.000000
12689,6832,0.000000,0.000001
12439,9829,0.000000,0.000000
12439,6674,0.000000,0.000000
11895,2788,0.000000,0.000000
12689,4324,0.000000,0.000000
10972,13873,0.000000,0.000000
13475,8095,0.000000,0.000001
3403,12828,0.000000,0.000000
11627,11345,0.000000,0.000000
12528,14053,0.000000,0.000000
3439,7439,0.000000,0.000011
12439,12689,0.000000,0.000000
8466,338,0.000000,0.000000
4426,3926,0.000000,0.000002
13475,9829,0.000000,0.000000
10329,11345,0.000000,0.000000
10153,11895,0.000000,0.000000
1573,7439,0.000000,0.000000
151,8498,0.000000,0.000000
8498,3668,0.000000,0.000000
1332,4777,0.000000,0.000000
10153,6674,0.000000,0.000000
338,1099,0.000000,0.000000
8095,8466,0.000000,0.000000
6312,3403,0.000000,0.000000
2735,12185,0.000000,0.000000
6765,6674,0.000000,0.000000
10972,3439,0.000000,0.000000
12689,1341,0.000000,0.000001
9519,11319,0.000000,0.000077
9760,9519,0.000000,0.000000
2678,11238,0.000000,0.000002
6400,10811,0.000000,0.000002
9760,13964,0.000000,0.000000
8781,429,0.000000,0.000000
5221,13964,1.000000,0.321708
1412,864,0.000000,0.000000
13915,13355,0.000000,0.000000
6640,8997,0.000000,0.000000
8994,6640,0.000000,0.000000
11319,14246,0.000000,0.000004
429,3776,0.000000,0.000000
13355,9230,0.000000,0.000000
4197,8803,0.000000,0.000000
864,13915,0.000000,0.000000
9519,4361,0.000000,0.000000
13665,6400,0.000000,0.000000
11638,9230,0.000000,0.000000
11159,6369,0.000000,0.000000
5221,3484,0.000000,0.000000
6369,9426,0.000000,0.000000
13665,12881,0.000000,0.000000
13942,3484,0.000000,0.000000
14012,9230,0.000000,0.000000
3776,9927,0.000000,0.000000
5969,8994,0.000000,0.000000
5700,8157,0.000000,0.000011
270,4361,1.000000,0.303894
3223,1749,0.000000,0.000000
3223,309,0.000000,0.000000
270,2678,0.000000,0.000000
8803,3776,0.000000,0.000000
11422,8997,0.000000,0.000000
6369,9230,0.000000,0.000000
13665,2901,0.000000,0.000001
11238,2901,0.000000,0.000000
724,5700,0.000000,0.000000
5700,1412,0.000000,0.000000
7494,309,0.000000,0.000000
5204,9519,0.000000,0.000000
270,3484,0.000000,0.000000
8994,3776,0.000000,0.000000
8781,2455,0.000000,0.000000
13665,8803,0.000000,0.000000
9426,429,0.000000,0.000000
1202,9760,0.000000,0.000000
2059,5969,0.000000,0.000000
7494,11319,0.000000,0.000086
7409,4749,0.000000,0.000000
5969,3223,0.000000,0.000005
2059,309,0.000000,0.000000
4361,270,1.000000,0.311280
1412,8997,0.000000,0.000000
11422,11159,0.000000,0.000000
7799,4197,0.000000,0.000000
4749,3223,0.000000,0.000000
12012,4361,0.000000,0.000000
270,14084,0.000000,0.000000
7494,864,0.000000,0.000018
2455,4749,0.000000,0.000000
11422,1749,0.000000,0.000000
12998,2695,0.000000,0.000000
13942,6400,0.000000,0.000000
9927,1412,0.000000,0.000000
11819,13942,0.000000,0.000049
5969,13915,0.000000,0.000000
4749,13665,0.000000,0.000000
13065,3223,0.000000,0.000000
12881,7799,0.000000,0.000000
12012,2059,0.000000,0.000000
11319,14012,0.000000,0.000001
7799,4165,0.000000,0.000000
1749,8997,0.000000,0.000000
7544,2695,0.000000,0.000000
13942,2678,0.000000,0.000000
4165,8781,0.000000,0.000000
13942,5700,0.000000,0.000081
12012,8997,0.000000,0.000000
2059,4361,0.000000,0.000000
12881,3223,0.000000,0.000000
5700,2901,0.000000,0.000000
11159,3776,0.000000,0.000000
724,11319,0.000000,0.000000
7799,8994,0.000000,0.000000
724,12998,0.000000,0.000000
9760,587,0.000000,0.000000
2678,7544,0.000000,0.000000
4864,270,1.000000,0.999770
13942,7494,0.000000,0.000000
3776,2695,0.000000,0.000000
12881,13915,0.000000,0.000000
8803,4197,0.000000,0.000000
2678,3223,0.000000,0.000000
14084,11819,0.000000,0.000000
5221,11159,0.000000,0.000000
11819,4165,0.000000,0.000000
2901,11319,0.000000,0.001183
14012,11638,0.000000,0.000000
10811,864,0.000000,0.000000
4994,6405,0.000000,0.000000
3638,3968,0.000000,0.000000
10316,8349,0.000000,0.000000
13180,4559,0.000000,0.000000
13849,14034,0.000000,0.000000
3638,8349,0.000000,0.000683
5863,13200,0.000000,0.000000
12873,11731,0.000000,0.000000
4916,9995,0.000000,0.000000
12873,12217,0.000000,0.000000
10316,4565,0.000000,0.000000
12779,9775,0.000000,0.000000
10059,12465,0.000000,0.000000
7968,12779,0.000000,0.000020
9448,11757,0.000000,0.000000
8349,4565,0.000000,0.062786
4565,6718,0.000000,0.006484
13456,11757,0.000000,0.000000
4559,4033,0.000000,0.000000
9700,10348,0.000000,0.000000
9498,6765,0.000000,0.000000
9976,8300,0.000000,0.000000
6521,7714,0.000000,0.081089
13179,6405,0.000000,0.000059
3683,3638,0.000000,0.000055
13849,6765,0.000000,0.000000
9448,13179,0.000000,0.000000
11757,1039,0.000000,0.001277
5847,6405,0.000000,0.000000
13456,6866,0.000000,0.000000
12779,11731,0.000000,0.000000
3683,4565,0.000000,0.002109
6405,9709,0.000000,0.000010
8300,9709,0.000000,0.000029
10348,9976,0.000000,0.443434
7134,2776,0.000000,0.000000
4565,5981,0.000000,0.000001
11757,3568,0.000000,0.000000
7134,14034,0.000000,0.000000
3568,9976,0.000000,0.000000
9498,2776,0.000000,0.000000
10691,10290,0.000000,0.000000
8906,10059,0.000000,0.000177
11731,5847,0.000000,0.000001
13180,12779,0.000000,0.000000
3568,9486,0.000000,0.000000
