entity_i,entity_j,exact,predicted
50080,84838,0.000000,0.594178
118835,109996,0.000000,0.001453
85097,77902,0.000000,0.000698
31395,29792,0.000000,0.000000
6646,100126,0.000000,0.555298
187,47468,0.000000,0.000001
62083,27323,0.000000,0.008688
57814,62348,0.000000,0.000806
104958,34990,0.000000,0.571426
112904,109996,0.000000,0.001461
98666,113786,0.000000,0.001347
112904,81690,0.000000,0.001488
76238,20445,0.589599,0.581790
12707,53419,0.000000,0.585161
49636,71435,0.000000,0.562440
81926,84208,0.589599,0.547297
187,62083,1.000000,0.995799
117346,53419,0.000000,0.002746
27083,29792,0.000000,0.204574
49636,109832,0.000000,0.001552
10605,27323,0.000000,0.062524
35083,20445,0.589180,0.545086
23842,89598,0.000000,0.015804
98007,104958,0.589395,0.579110
27323,53107,0.000000,0.025780
27323,20445,0.000000,0.004087
34990,23842,0.000000,0.003620
113786,23842,0.000000,0.002379
10605,27083,0.661744,0.601710
77902,109832,0.000000,0.001091
57814,118835,0.000000,0.001262
113786,31395,0.000000,0.000000
81926,118835,0.000000,0.295655
110204,76238,0.591760,0.639758
10605,29340,0.000000,0.001643
34990,98762,0.000000,0.602278
118835,84838,0.000000,0.395541
53107,98666,0.000000,0.045634
31395,20445,0.000000,0.000000
84208,98007,0.000000,0.605300
101231,50080,0.000000,0.000948
84838,8233,0.000000,0.619893
62348,118835,0.000000,0.322743
98007,19635,0.591378,0.704091
72064,109996,0.000000,0.001221
93722,113786,0.000000,0.536828
72064,35083,0.000000,0.561199
81540,84838,0.000000,0.001619
77902,20445,1.000000,0.589477
49636,8233,0.000000,0.475247
81690,12707,0.000000,0.001058
12707,98762,0.589395,0.582005
81690,35083,0.000000,0.001519
8233,121938,0.590498,0.558610
100126,27323,0.000000,0.005228
35083,118835,0.000000,0.281953
60235,19635,0.000000,0.558896
77902,112904,0.000000,0.388969
71435,84838,0.589395,0.603538
84838,98762,0.000000,0.603075
31395,35083,0.000000,0.000000
50080,85097,0.000000,0.000241
84208,88399,0.000000,0.575433
113786,104958,0.000000,0.741740
53419,31395,0.000000,0.000000
35083,62083,0.000000,0.000378
113112,112904,0.000000,0.402293
53107,81690,0.000000,0.049005
86203,75288,0.000000,0.355931
112904,85097,0.000000,0.000687
52509,53419,0.000000,0.001152
112904,88399,0.000000,0.259299
118835,75288,0.000000,0.203300
6646,81690,0.000000,0.001230
71435,8290,0.000000,0.315370
62348,113786,0.000000,0.539215
75288,52509,0.000000,0.002686
81690,27083,0.000000,0.001790
49716,86203,0.000000,0.536372
8290,81690,0.000000,0.001876
29340,109832,1.000000,0.997206
31395,13370,0.000000,0.000000
84838,113112,0.589981,0.615273
6646,104958,0.000000,0.728876
85097,112904,0.000000,0.000653
113786,34990,0.000000,0.571743
109832,112904,0.000000,0.001297
88399,77953,0.000000,0.000794
6646,23842,0.000000,0.002373
76238,88399,0.590498,0.603569
121938,72064,0.000000,0.544178
47468,100126,0.000000,0.000000
77953,113112,0.000000,0.001006
97318,98666,0.000000,0.001190
110204,98762,0.589395,0.593940
101231,20445,0.000000,0.001183
50080,6646,0.000000,0.544522
98007,109996,0.000000,0.000858
50080,121938,0.590332,0.578786
81926,23842,0.000000,0.002301
38119,75121,0.657697,0.485894
71297,64441,0.000000,0.002629
74958,71297,0.658324,0.498585
36712,115283,0.000000,0.001318
111932,119748,0.000000,0.004811
94700,29627,0.658150,0.609142
79795,115283,0.000000,0.000747
3736,58589,0.000000,0.474689
1293,93842,0.000000,0.002059
38119,843,0.657697,0.525210
26020,78701,0.657149,0.531875
58586,107522,0.000000,0.495651
64441,102242,1.000000,0.901687
84758,1293,0.000000,0.001067
49602,29627,0.000000,0.520361
38119,85448,0.000000,0.155662
41540,84758,0.660364,0.594076
100429,78701,0.659623,0.567511
63991,107522,0.658281,0.475035
32055,106220,0.000000,0.005858
89610,4795,0.657779,0.582318
29627,63991,0.658150,0.553647
4795,21905,0.658545,0.559407
21905,107882,0.000000,0.002144
49602,94700,0.000000,0.518701
84758,36712,0.659455,0.576344
21905,20984,0.658545,0.511561
38119,64441,0.000000,0.003438
41233,69768,1.000000,0.906139
26020,71297,0.657149,0.519971
72632,41540,0.660364,0.566308
71297,89610,0.657779,0.514483
102541,69768,1.000000,0.899797
1293,102242,1.000000,0.995655
6200,93842,0.000000,0.521277
29627,84192,0.000000,0.002181
21905,84928,0.658545,0.559676
121483,102165,0.000000,0.504281
85983,91229,1.000000,0.761759
41540,1293,0.000000,0.001128
46969,73755,0.000000,0.002247
63991,85448,0.000000,0.250811
106220,114340,0.656403,0.559478
106220,73247,0.656403,0.562492
73247,85983,0.658324,0.590243
58586,71297,0.000000,0.492467
843,37754,0.000000,0.512895
85983,58586,0.000000,0.516666
100429,46746,0.658491,0.554753
85983,36712,0.658324,0.582388
111932,32055,1.000000,0.101605
58586,117459,0.000000,0.459264
1293,119748,0.000000,0.001731
37683,57468,0.660748,0.579417
46746,119748,0.658491,0.567094
1293,37683,0.000000,0.001052
64441,3269,1.000000,0.901669
20984,73755,0.000000,0.001552
102165,49602,0.000000,0.523756
43757,94700,0.000000,0.001273
63991,58589,0.658491,0.564514
78701,6200,0.656624,0.499554
107882,43757,1.000000,0.994575
6200,6062,0.000000,0.521277
107882,100429,0.000000,0.001594
69768,74958,0.000000,0.001778
58589,43757,0.000000,0.001052
55313,114424,0.658000,0.467911
89610,84192,0.000000,0.002452
46969,41233,0.000000,0.002182
102165,94700,0.658324,0.509332
26020,843,0.657149,0.568957
6200,119748,0.656624,0.542416
107882,71297,0.000000,0.002590
78701,85983,0.658324,0.581586
111932,100429,0.000000,0.002103
111932,49602,0.000000,0.002618
20984,36712,0.659455,0.543466
73247,38119,0.657697,0.455002
26020,102242,0.000000,0.001769
71297,37754,0.000000,0.475284
119748,71297,0.658324,0.566326
24759,1293,0.000000,0.001120
32055,43757,1.000000,0.856622
49602,107522,0.000000,0.512072
21905,79795,0.658545,0.489770
100429,93842,0.000000,0.530501
55313,32715,0.660457,0.575077
74958,114424,0.658000,0.468062
73247,46969,0.656915,0.517955
79795,26020,0.657149,0.510285
55313,6062,0.000000,0.522293
85448,111932,0.000000,0.005275
79795,46969,0.656915,0.498127
71297,69768,0.000000,0.002862
94700,114424,0.658000,0.477098
114340,36712,0.658281,0.505525
49602,36712,0.000000,0.525613
119748,107522,0.658281,0.559684
58589,4795,0.658491,0.587227
348,45552,0.000000,0.001120
16050,120644,0.000000,0.000007
75296,5393,0.000000,0.002033
348,7798,0.000000,0.000662
26053,30720,0.000000,0.000183
70231,38283,0.000000,0.000001
5393,48017,0.000000,0.001698
30720,26053,0.000000,0.000171
38283,69551,0.000000,0.000843
38967,58383,0.000000,0.001622
62754,104692,0.000000,0.000000
89422,62754,0.000000,0.000001
19626,62754,0.000000,0.000000
22177,16050,0.000000,0.000000
30720,4844,0.000000,0.000764
8079,104692,0.000000,0.043393
108291,32505,0.000000,0.003928
77508,7798,0.000000,0.000000
45917,103269,0.000000,0.000962
89422,348,0.000000,0.000170
28589,23080,0.000000,0.000000
4853,62754,0.000000,0.000000
1349,50369,0.000000,0.002360
73694,26954,0.000000,0.068159
21780,69246,0.000000,0.019994
29243,48017,0.000000,0.007736
107130,15234,0.000000,0.001589
1349,89422,0.000000,0.008428
15234,30276,0.000000,0.031537
25766,32505,0.000000,0.000738
18729,10682,0.577869,0.002658
69551,53198,0.000000,0.049007
78099,25183,0.000000,0.001553
53198,8234,0.000000,0.042911
28589,77508,0.000000,0.000000
23080,121315,0.000000,0.000000
8079,58528,0.000000,0.005227
38967,30276,0.000000,0.249273
38967,7798,0.000000,0.001506
54534,22177,0.000000,0.000000
45917,8079,0.000000,0.000168
104692,30720,0.000000,0.000354
108291,103269,0.000000,0.054394
26053,25766,0.000000,0.003064
25183,23230,0.000000,0.000000
48017,23080,0.000000,0.000000
50369,8079,0.000000,0.000478
107130,62754,0.000000,0.000000
53198,38283,0.000000,0.003976
26954,73694,0.000000,0.084069
7603,58383,0.000000,0.001088
108291,73694,0.000000,0.029977
10682,23080,0.000000,0.000000
1573,28589,0.000000,0.000000
1573,103269,0.000000,0.000000
10926,40353,0.000000,0.000000
50369,10682,0.000000,0.000972
119354,73694,0.000000,0.000122
10926,58383,0.000000,0.000000
26954,107130,0.000000,0.000313
38967,28589,0.000000,0.005363
1349,29243,0.000000,0.003605
120644,18729,0.000000,0.000012
26053,121315,0.000000,0.001258
119354,25183,0.000000,0.000569
30720,69246,0.000000,0.000214
70231,30276,0.000000,0.000001
67710,1349,0.000000,0.012021
104692,46480,0.000000,0.012111
29243,70231,0.000000,0.000005
40353,119354,0.000000,0.000070
25183,58528,0.000000,0.046698
22177,38283,0.000000,0.000000
21780,48017,0.000000,0.058886
19626,103569,0.000000,0.000249
103269,18729,0.000000,0.001971
26954,26053,0.000000,0.004065
30720,58528,0.000000,0.000558
23230,4844,0.000000,0.000000
119354,29243,0.000000,0.000061
120644,23230,0.000000,0.000247
30720,348,0.000000,0.000389
73694,8079,0.000000,0.049233
30720,57603,0.000000,0.000101
30720,77508,0.000000,0.000020
46480,54534,0.000000,0.014211
58383,103269,0.000000,0.002472
70231,46480,0.000000,0.000001
19626,18729,0.574177,0.005740
38283,21780,0.000000,0.001373
106380,19626,0.000000,0.002720
46480,1349,0.000000,0.000449
38967,19626,0.574177,0.009885
8234,26053,0.000000,0.001952
78099,16050,0.000000,0.001672
69551,18729,0.000000,0.001645
54534,7603,0.000000,0.000977
23230,119354,0.000000,0.000000
67710,64541,0.000000,0.016006
21780,58383,0.000000,0.005092
6195,20129,0.588717,0.597532
60502,70106,0.000000,0.000817
41417,13718,0.000000,0.001750
62858,70390,0.590812,0.580763
100602,67037,0.000000,0.001017
44147,61369,1.000000,0.806571
102840,70390,0.000000,0.001932
76819,20129,0.589981,0.591073
23708,60306,0.589794,0.551625
37372,96122,0.000000,0.000773
61626,53762,0.667553,0.614660
69307,56750,0.588955,0.487934
21388,115222,0.588955,0.372761
13718,49791,0.000000,0.591544
52028,44903,0.000000,0.206101
8737,37372,0.589794,0.559226
62858,62083,0.000000,0.000246
77829,2932,0.589599,0.545826
61369,6293,0.000000,0.001111
54302,18240,0.590498,0.598584
30913,41417,0.000000,0.003895
77829,61626,0.591104,0.608227
41417,61369,1.000000,0.828481
61369,41417,1.000000,0.839467
96122,26979,1.000000,0.123251
6444,6195,0.588717,0.598259
85028,60502,1.000000,0.602229
44545,76819,0.590498,0.590770
101507,44545,0.588200,0.567025
83584,13718,0.000000,0.548660
61369,30913,0.000000,0.002363
69307,18240,0.590160,0.590696
8199,76819,0.590160,0.566172
41417,1152,0.000000,0.002063
30762,16955,0.588466,0.488830
30913,6195,0.588717,0.597514
13718,101507,0.000000,0.555461
42275,44903,0.588717,0.571043
9588,115573,0.000000,0.001115
103291,76819,0.590332,0.602627
18240,52028,0.000000,0.262429
21388,5973,0.588955,0.373639
85028,16955,0.588466,0.505558
44545,61626,0.590498,0.599481
30762,60306,0.591104,0.585417
116002,5973,0.590160,0.601963
83584,54126,0.000000,0.545532
115573,62083,1.000000,0.995279
109852,115573,0.000000,0.000597
100602,30784,0.000000,0.001044
115573,6195,0.000000,0.001238
41417,83584,0.000000,0.002169
8199,6195,0.588717,0.570257
21068,37372,0.590332,0.602858
70390,26979,0.000000,0.001703
9588,76819,0.589180,0.534572
8199,67037,0.590160,0.561429
109852,44903,0.588717,0.565175
37372,5973,0.590160,0.624306
60306,2932,0.589599,0.545172
102840,115222,0.000000,0.002139
9588,52028,0.000000,0.164343
49791,108272,0.590658,0.535151
9588,20129,0.589180,0.575383
2932,103610,0.588717,0.529996
5973,6444,0.589599,0.585063
13718,77829,0.000000,0.582047
20129,42275,0.589794,0.594767
115573,108272,0.000000,0.000752
108282,60502,0.590332,0.584878
42275,108282,0.589794,0.528796
6444,103610,0.588717,0.573645
30762,101507,0.588200,0.542557
61369,6444,0.000000,0.002425
117654,44545,0.590498,0.600376
108282,54126,0.000000,0.493088
67037,42275,0.589794,0.551345
85028,8737,0.589794,0.554992
42275,60306,0.589794,0.552112
60306,52028,0.000000,0.161068
73179,44903,0.588717,0.570628
54126,44147,0.000000,0.002324
62858,2932,0.589599,0.547143
67037,44545,0.590498,0.572208
8199,116002,0.590160,0.594421
76819,53762,0.590658,0.576801
8737,115573,0.000000,0.000914
9588,117654,0.589180,0.558659
108282,5973,0.590160,0.537254
2932,76819,0.589599,0.549124
1457,62858,0.589180,0.533840
21068,53762,0.590498,0.605629
9588,40305,0.000000,0.003346
108282,44147,0.000000,0.001336
20129,16955,0.588466,0.564771
76819,103610,0.588717,0.520817
44147,115573,1.000000,0.952704
61369,61626,0.000000,0.001888
96122,85028,0.000000,0.000745
103610,8737,0.588717,0.528897
12710,101876,0.533663,0.001889
9838,112637,0.000000,0.000114
25990,38645,0.533663,0.166478
4564,82832,0.000000,0.048067
101876,38645,0.533663,0.003094
82832,112637,0.000000,0.306162
34629,9838,0.000000,0.000608
101876,112637,0.000000,0.000406
38645,25990,0.533663,0.171033
82832,88444,0.000000,0.024816
112137,49196,0.000000,0.000249
598,14498,0.000000,0.009496
101876,88444,0.533663,0.009497
49196,34629,0.000000,0.000957
14498,49196,0.000000,0.000405
34629,598,0.000000,0.005518
38645,112137,0.000000,0.010064
49196,14498,0.000000,0.000525
4564,101876,0.000000,0.010795
101876,34629,0.529091,0.000775
25990,598,0.000000,0.027741
112137,14498,0.000000,0.000292
43927,112637,0.000000,0.000873
49196,12710,0.000000,0.001045
82832,49196,0.000000,0.204770
598,9838,0.000000,0.007732
4564,14498,0.000000,0.010527
14498,112137,0.000000,0.000369
38645,112637,0.000000,0.000842
598,4564,0.554310,0.070247
112637,82832,0.000000,0.391330
88444,112137,0.000000,0.003239
49196,82832,0.000000,0.253467
88444,43927,0.529091,0.018434
34629,38645,0.529091,0.042310
43927,598,0.000000,0.005518
112137,4564,0.000000,0.001565
4564,25990,0.000000,0.010927
88444,12710,0.533663,0.039882
14498,34629,0.529091,0.000807
112637,34629,0.000000,0.001143
82832,101876,0.000000,0.003249
101876,82832,0.000000,0.002591
34629,49196,0.000000,0.000747
43927,38645,0.529091,0.042310
82832,43927,0.000000,0.006907
49196,112137,0.000000,0.000415
34629,4564,0.000000,0.004248
14498,112637,0.000000,0.000365
598,49196,0.000000,0.001178
34629,25990,0.529091,0.034357
88444,112637,0.000000,0.001065
49196,9838,0.000000,0.000149
101876,4564,0.000000,0.012603
12710,4564,0.000000,0.009953
43927,82832,0.000000,0.004896
25990,34629,0.529091,0.032685
34629,88444,0.529091,0.021240
38645,49196,0.000000,0.000677
9838,101876,0.000000,0.000444
82832,12710,0.000000,0.029687
38645,34629,0.529091,0.041783
12710,43927,0.529091,0.039650
12710,88444,0.533663,0.038196
49196,598,0.000000,0.001905
112637,4564,0.000000,0.005948
112637,43927,0.000000,0.001143
598,82832,0.000000,0.068092
82832,598,0.000000,0.122003
4564,34629,0.000000,0.003573
14498,101876,0.533663,0.335065
4564,112637,0.000000,0.003319
43927,25990,0.529091,0.034357
34629,82832,0.000000,0.004896
25990,88444,0.533663,0.054465
4564,38645,0.000000,0.011840
38645,43927,0.529091,0.041783
25990,4564,0.000000,0.009759
598,12710,0.000000,0.028218
43927,101876,0.529091,0.000794
9838,14498,0.000000,0.000466
112137,112637,0.000000,0.000372
112637,12710,0.000000,0.001334
12710,49196,0.000000,0.000720
112637,112137,0.000000,0.000629
112637,14498,0.000000,0.000475
38645,82832,0.000000,0.016594
9838,43927,0.000000,0.000475
88444,34629,0.529091,0.018434
38645,12710,0.533663,0.199417
101876,49196,0.000000,0.000447
88444,82832,0.000000,0.015247
12710,14498,0.533663,0.001962
112137,88444,0.000000,0.002846
14498,88444,0.533663,0.009863
34629,112637,0.000000,0.000873
25990,101876,0.533663,0.002971
49196,38645,0.000000,0.000997
34629,14498,0.529091,0.000837
14498,25990,0.533663,0.003871
87118,53092,0.531340,0.527673
83908,7550,0.000000,0.090017
120978,1447,1.000000,0.998067
53092,44583,0.539523,0.522571
55274,53092,0.000000,0.006870
85887,1447,1.000000,0.275968
58300,83908,0.000000,0.039375
53092,58326,0.000000,0.006751
91665,58326,1.000000,0.999424
85887,53092,0.000000,0.060126
55274,62083,1.000000,0.998399
120978,58326,1.000000,0.996135
65260,120978,1.000000,0.998101
55274,7550,1.000000,0.471095
83908,3210,0.000000,0.003181
120978,3210,1.000000,0.998819
62083,55274,1.000000,0.998192
58326,62083,1.000000,0.994511
91665,120978,1.000000,0.998291
85887,120978,1.000000,0.084380
120978,65260,1.000000,0.997847
44583,1447,0.000000,0.003532
85887,87118,0.000000,0.050071
58326,85887,1.000000,0.480238
85887,3210,1.000000,0.200860
87118,3210,0.000000,0.002713
62083,91665,1.000000,0.997473
65260,3210,1.000000,0.999427
83908,44583,0.000000,0.521202
87118,91665,0.000000,0.004159
120978,53092,0.000000,0.002525
7550,65260,1.000000,0.358325
65260,53092,0.000000,0.008049
3210,58300,1.000000,0.288165
65260,58326,1.000000,0.999438
58300,55274,1.000000,0.185390
87118,55274,0.000000,0.003635
65260,55274,1.000000,0.999622
85887,65260,1.000000,0.284437
91665,3210,1.000000,0.999487
55274,87118,0.000000,0.005085
55274,91665,1.000000,0.999673
58326,87118,0.000000,0.007321
55274,1447,1.000000,0.999676
87118,62083,0.000000,0.001291
91665,55274,1.000000,0.999667
62083,3210,1.000000,0.998986
7550,85887,1.000000,0.315575
44583,58326,0.000000,0.004609
44583,85887,0.000000,0.038500
83908,1447,0.000000,0.004960
120978,83908,0.000000,0.002689
91665,58300,1.000000,0.308470
58300,58326,1.000000,0.221345
1447,3210,1.000000,0.999492
87118,120978,0.000000,0.001558
53092,58300,0.000000,0.028126
55274,120978,1.000000,0.998661
65260,58300,1.000000,0.313740
85887,58300,1.000000,0.274522
83908,58300,0.000000,0.037711
83908,85887,0.000000,0.072849
7550,3210,1.000000,0.258768
58300,1447,1.000000,0.192267
44583,3210,0.000000,0.002350
85887,58326,1.000000,0.333125
53092,1447,0.000000,0.005117
62083,53092,0.000000,0.002337
91665,85887,1.000000,0.410208
58300,87118,0.000000,0.024955
91665,87118,0.000000,0.005775
44583,53092,0.539523,0.522394
65260,91665,1.000000,0.999684
1447,87118,0.000000,0.005723
1447,58326,1.000000,0.999422
62083,85887,1.000000,0.140423
91665,7550,1.000000,0.500811
7550,83908,0.000000,0.094470
53092,87118,0.531340,0.527835
3210,83908,0.000000,0.005242
120978,44583,0.000000,0.001702
91665,1447,1.000000,0.999721
58326,3210,1.000000,0.998946
1447,65260,1.000000,0.999685
7550,1447,1.000000,0.347042
87118,1447,0.000000,0.004125
58300,44583,0.000000,0.022740
62083,58300,1.000000,0.296343
87118,7550,0.000000,0.055554
1447,83908,0.000000,0.008191
120978,58300,1.000000,0.200020
85887,7550,1.000000,0.330336
58300,53092,0.000000,0.028149
120978,91665,1.000000,0.998051
58300,7550,1.000000,0.159451
58300,3210,1.000000,0.177146
7550,62083,1.000000,0.110060
58300,65260,1.000000,0.196869
65260,44583,0.000000,0.004866
7550,120978,1.000000,0.109956
42933,122460,0.000000,0.229505
96125,54216,0.000000,0.003022
9027,17215,0.579992,0.572396
42933,89987,0.000000,0.000219
24114,53017,0.000000,0.010429
84910,76452,0.000000,0.080515
8022,16348,0.000000,0.119123
89987,8022,0.000000,0.002039
64242,77651,0.581915,0.505172
9027,89019,0.579992,0.483854
75208,120978,0.000000,0.000394
40112,17393,0.000000,0.422287
56231,8022,0.000000,0.000000
16348,17393,0.000000,0.013414
53017,24975,0.000000,0.000176
65292,40112,0.000000,0.002236
86410,56231,0.000000,0.000000
100424,17215,0.000000,0.101699
82856,52807,0.000000,0.000000
82856,30720,0.000000,0.000040
42373,86410,0.000000,0.511220
110195,8022,0.000000,0.000001
89019,60139,0.579570,0.575694
75208,56231,0.000000,0.000000
94763,80731,0.000000,0.001453
56926,77508,0.000000,0.000057
42373,67918,0.000000,0.020754
122460,66439,0.000000,0.012008
97489,42373,0.000000,0.071557
72671,55466,0.000000,0.136611
17215,17857,0.000000,0.006291
54416,24975,0.000000,0.000285
73617,10185,0.000000,0.000001
55367,66439,0.000000,0.006286
40112,22008,0.000000,0.207538
30720,117779,0.000000,0.000803
24114,77508,0.000000,0.000000
54416,60139,0.000000,0.288347
56926,100424,0.000000,0.000016
55332,89987,0.000000,0.000830
122460,53017,0.581058,0.397595
89987,73617,0.000000,0.000047
117779,120978,0.000000,0.000001
54416,31197,0.000000,0.207322
21986,89987,0.000000,0.003726
110195,62083,0.000000,0.000002
42373,10185,0.000000,0.006802
65292,72671,0.000000,0.021024
65292,89019,0.000000,0.008085
60139,42373,0.000000,0.412919
21986,76452,0.000000,0.001719
55466,16348,0.000000,0.007635
54216,53017,0.579104,0.491500
42933,49442,0.000000,0.437407
49442,67918,0.000000,0.017546
52807,119198,0.000000,0.015578
40112,104615,0.000000,0.576360
22008,89019,0.000000,0.459071
76452,62083,0.000000,0.003648
89019,56926,0.000000,0.000016
118597,16348,0.000000,0.022496
55466,84910,0.580730,0.348192
30720,119198,0.000000,0.000414
8022,104615,0.000000,0.002969
122460,121582,0.000000,0.000002
98132,96125,0.538491,0.564773
110195,96125,0.000000,0.000002
8022,76452,0.000000,0.001060
22008,66439,0.000000,0.011361
119198,77651,0.579992,0.488808
75208,96125,0.000000,0.549573
86410,30720,0.000000,0.000577
82856,98132,0.000000,0.000000
66439,24114,0.000000,0.446863
55332,17393,0.000000,0.361012
82856,58151,0.000000,0.000000
110195,16348,0.000000,0.000007
77651,31890,0.580730,0.478749
10185,104615,0.000000,0.004153
120978,22008,0.000000,0.089922
89019,120978,0.000000,0.133117
42373,89987,0.000000,0.000338
53017,56926,0.000000,0.000017
60139,40112,0.000000,0.333410
67918,77651,0.000000,0.031399
77508,86410,0.000000,0.000000
10185,58151,0.000000,0.003456
96125,65292,0.000000,0.350768
72671,62943,0.000000,0.000000
55332,42373,0.000000,0.227872
110195,30720,0.000000,0.015245
120978,64242,0.000000,0.097298
21986,98132,0.000000,0.201466
118597,72811,0.580376,0.517207
21986,49442,0.000000,0.007207
54416,120978,0.000000,0.026979
104615,89019,0.000000,0.533047
52807,60139,0.000000,0.017017
80731,77651,0.000000,0.452477
76452,97489,1.000000,0.388454
55610,35179,0.000000,0.000576
62083,14991,0.000000,0.000110
113663,99976,0.000000,0.349195
86346,65133,0.000000,0.002944
110922,5658,0.000000,0.141155
93469,65779,0.000000,0.002747
44450,99976,0.000000,0.219708
116904,21038,0.000000,0.111305
65133,86936,0.000000,0.000578
120203,114343,0.000000,0.390597
94975,48906,0.000000,0.029159
13306,77508,0.000000,0.000000
102960,93469,0.000000,0.000607
55610,19558,0.000000,0.005271
14991,30567,0.594481,0.640265
44450,29467,0.000000,0.163742
48906,53204,0.000000,0.301078
113457,3541,0.000000,0.000023
73972,114343,0.000000,0.040303
44450,110922,0.595089,0.646394
3541,44450,0.000000,0.000962
46315,90621,0.000000,0.003100
98829,113663,0.000000,0.048516
64919,23871,0.000000,0.119287
113457,67186,0.000000,0.000605
65133,24889,0.000000,0.008652
21038,24889,0.000000,0.016022
120203,80448,0.000000,0.012837
99976,70212,0.000000,0.007682
90621,13306,0.000000,0.000008
73972,116904,0.000000,0.015594
53906,110922,0.000000,0.109401
113457,59399,0.000000,0.005375
53906,90514,0.000000,0.000941
17558,116904,0.530097,0.282970
117481,47667,0.000000,0.007709
116904,21656,0.000000,0.002564
94975,21656,0.000000,0.059229
47667,100762,0.000000,0.000765
62083,115221,0.000000,0.000276
65779,11573,0.000000,0.000374
81999,65133,0.000000,0.000248
64919,65133,0.000000,0.001984
122489,44298,0.000000,0.012666
59399,94975,0.000000,0.000915
48906,16132,0.000000,0.006221
115221,110922,0.595470,0.645075
113457,99976,0.000000,0.020668
67186,44298,0.000000,0.004516
117481,5658,0.000000,0.010070
24889,59399,0.000000,0.009054
65779,35066,0.000000,0.012156
81999,64919,0.000000,0.001504
100762,80448,0.000000,0.000146
21656,64919,0.000000,0.001970
70212,16132,0.531340,0.105033
93632,122489,0.000000,0.000330
113663,46315,0.000000,0.003349
113457,35179,0.000000,0.000044
16132,99976,0.000000,0.042035
62083,100762,1.000000,0.996991
86936,81999,0.000000,0.000180
113663,1108,0.000000,0.022905
59399,1108,0.000000,0.000262
100762,99976,0.000000,0.000243
44298,11573,0.000000,0.007250
24889,53204,0.000000,0.012297
99976,90621,0.000000,0.000013
11573,35179,0.000000,0.000412
5658,67186,0.000000,0.011918
44298,1108,0.000000,0.002196
33360,59399,0.000000,0.009040
23871,90621,0.000000,0.000198
90621,114343,0.000000,0.000062
115221,94975,0.000000,0.028682
67688,53906,0.000000,0.002955
53906,113663,0.000000,0.127994
93469,73972,0.000000,0.275433
99976,17558,0.530097,0.117808
115221,13306,0.000000,0.630110
90621,110922,0.000000,0.000046
17558,93632,0.000000,0.002803
105332,114343,0.000000,0.163221
113457,33360,0.000000,0.286479
114343,93469,0.000000,0.127134
75643,77508,0.000000,0.000000
44298,73972,0.000000,0.037449
21038,11573,0.000000,0.000568
14991,33360,0.000000,0.166747
113457,30567,0.000000,0.032516
35066,59399,0.000000,0.000432
65133,16132,0.000000,0.003588
116953,93632,0.000000,0.010996
116953,65779,0.000000,0.136277
46315,93632,0.000000,0.002643
80448,21656,0.000000,0.083257
47667,116904,0.000000,0.037177
21038,62083,0.000000,0.000064
44298,16132,0.000000,0.035739
113457,55610,0.000000,0.029812
30163,37964,0.590960,0.612019
32022,17763,0.590960,0.582701
75781,94386,0.668806,0.744385
83371,118454,0.592111,0.608345
97942,100024,0.590960,0.621628
34128,14462,0.589180,0.544798
48613,62083,0.000000,0.000406
48613,20769,0.000000,0.562520
88042,32402,0.000000,0.001764
13196,42459,0.591880,0.617983
104557,37551,0.000000,0.000896
84711,100024,0.590960,0.605570
111956,62083,0.000000,0.000323
12202,8917,0.000000,0.000658
118454,64328,0.000000,0.000455
103921,64328,0.000000,0.001498
14462,104436,0.589180,0.570165
82586,84711,0.591378,0.620083
64328,15089,0.000000,0.001783
29247,103175,0.591997,0.645431
64328,117504,0.000000,0.000890
64328,44445,0.000000,0.000575
100732,20769,0.590812,0.603257
23630,62083,0.000000,0.000306
104557,23630,0.000000,0.001503
122306,120087,0.591509,0.653185
83371,23630,0.591880,0.617476
111368,95826,0.000000,0.002801
82586,34669,0.668965,0.623675
75702,3688,0.000000,0.548152
100732,103921,0.000000,0.166023
88890,69261,0.000000,0.000723
94400,94386,0.000000,0.528295
13196,118454,0.591880,0.600120
16967,103921,0.000000,0.255244
100024,98011,0.590960,0.610998
88042,16967,0.591997,0.669041
30163,20876,0.590960,0.608017
502,117504,0.590332,0.621476
16967,69261,0.591997,0.624982
78170,117504,0.000000,0.002014
84515,3688,0.000000,0.001846
17736,12202,0.591997,0.619708
106277,37551,0.590658,0.607889
111368,3688,0.000000,0.004050
94386,78170,0.000000,0.000867
34669,37964,0.591378,0.591479
98011,23630,0.591880,0.618187
82586,58613,0.000000,0.000664
12202,17736,0.591997,0.625985
84711,48613,0.000000,0.518006
100732,34669,0.590812,0.576899
104383,84711,0.591378,0.568530
34128,16967,0.591997,0.640396
15077,117504,0.590332,0.625075
64328,23630,0.000000,0.000657
120087,104436,0.590960,0.632377
29183,15089,0.588200,0.535598
97942,104557,0.000000,0.001124
111368,32022,0.000000,0.002806
83371,32022,0.591378,0.589192
69261,62083,0.000000,0.000179
26220,117504,0.590332,0.596454
111368,106277,0.000000,0.006783
78170,30163,0.000000,0.001817
59372,75781,0.590498,0.570887
37551,29183,0.591243,0.609678
75781,44445,0.591378,0.591351
502,12202,0.591509,0.640028
23630,32402,0.000000,0.001850
59372,117504,0.590332,0.595125
20876,59372,0.590498,0.550968
32022,84711,0.668505,0.731250
84711,95826,1.000000,0.706885
29247,8917,0.000000,0.000607
13196,15089,0.588200,0.477050
34669,502,0.591509,0.613322
3688,17736,0.000000,0.539730
83371,95826,0.591378,0.588772
106277,100732,0.590658,0.606833
69261,97942,0.592111,0.620600
29183,48613,0.000000,0.565747
20876,100732,0.590812,0.561941
15077,104557,0.000000,0.001857
34669,94386,0.591378,0.591373
58613,94386,0.000000,0.000625
104436,12202,0.590960,0.630937
32022,97942,0.591378,0.603940
15077,103175,0.590658,0.626024
100024,84711,0.590960,0.612057
3688,78170,0.000000,0.001139
62083,30163,0.000000,0.000370
37964,118454,0.591378,0.589110
117504,75781,0.590332,0.603095
78170,100024,0.000000,0.001817
42782,88890,0.000000,0.000846
88890,100024,0.000000,0.001093
42782,120087,0.591243,0.610501
48613,117504,0.000000,0.567841
15089,117504,0.588200,0.545254
45735,28476,0.000000,0.004080
106797,37616,0.589395,0.576995
77051,83792,0.000000,0.566012
116123,71323,0.587612,0.554795
117678,113697,0.587916,0.491884
110461,69212,0.000000,0.592297
71323,84980,0.000000,0.001415
55730,4352,0.543803,0.489512
113697,20913,0.589180,0.540640
64700,106797,0.590160,0.618104
117678,102636,0.000000,0.464543
83792,82811,0.588466,0.565707
116123,69212,0.000000,0.544216
64700,81597,0.000000,0.526024
28476,52777,0.000000,0.002245
54444,69212,0.000000,0.563835
59957,64053,0.000000,0.001688
28476,103101,0.000000,0.003012
18171,6578,0.000000,0.486367
70354,62732,0.000000,0.004552
20913,13259,0.000000,0.516603
18331,45735,0.588200,0.588950
37291,20913,0.000000,0.494024
32379,116123,0.586132,0.492279
105807,80395,0.589395,0.581213
35349,13259,0.000000,0.476939
6325,52777,0.588955,0.553661
32379,62083,0.000000,0.001034
100630,7014,0.000000,0.527677
20354,55730,0.000000,0.543732
113697,83081,0.000000,0.000938
68121,70498,0.590812,0.581628
68121,16655,0.589180,0.531900
55730,70498,0.000000,0.444352
75448,84980,0.000000,0.002231
62083,62732,0.000000,0.001451
103101,62732,0.000000,0.455633
105949,64700,0.000000,0.002568
105949,116123,0.000000,0.003637
66555,71323,0.586934,0.533690
59957,68121,0.589599,0.545027
80395,100630,0.000000,0.579647
28476,106797,0.000000,0.002342
69212,83792,0.000000,0.588669
37616,35349,0.586934,0.446055
18171,16655,0.000000,0.478186
69230,18331,0.589180,0.635213
37291,62732,0.000000,0.438350
35349,14467,0.000000,0.459565
64053,106797,0.000000,0.001291
114555,66555,0.586934,0.566632
18171,62504,0.000000,0.091848
113697,54444,0.588200,0.559841
84980,18171,0.000000,0.004029
102636,14467,0.545511,0.512307
62504,6578,0.000000,0.109780
82811,75448,1.000000,0.731233
116123,5472,0.587612,0.558917
113697,16655,0.589180,0.540473
84382,70498,0.000000,0.000974
45735,102636,0.000000,0.552363
14467,3478,0.545511,0.540095
64053,105807,0.000000,0.002090
69230,16655,1.000000,0.582968
62083,102636,0.000000,0.000210
84980,32379,0.000000,0.006186
75448,102636,0.000000,0.494075
84980,3478,0.000000,0.001952
69230,28476,0.000000,0.003632
14467,89113,0.000000,0.571937
119152,14467,0.000000,0.495152
54444,17548,0.588200,0.569239
113697,105807,0.589395,0.547050
110461,80960,0.587916,0.550399
18331,62732,0.586132,0.477940
113697,116123,0.587612,0.543783
16655,3478,0.000000,0.568064
18331,84382,0.000000,0.001246
6578,12241,0.587916,0.509704
119152,20913,0.587612,0.492603
105807,64700,0.589395,0.580574
77051,52777,0.000000,0.544982
68121,117678,0.587916,0.473339
77051,30361,0.000000,0.533994
59957,20354,0.588200,0.561978
54444,62083,0.000000,0.000497
66555,35349,1.000000,0.538473
83792,77051,0.000000,0.572166
114555,52777,0.588200,0.572913
80395,16655,0.589180,0.585155
84382,64053,1.000000,0.987833
106797,69212,0.000000,0.613913
110461,3478,0.000000,0.588011
81597,52777,0.000000,0.495576
64053,75448,0.000000,0.002848
105949,13259,0.000000,0.002496
13259,64700,0.000000,0.546725
83792,81597,0.000000,0.531894
12662,64053,0.000000,0.002610
80960,71323,0.587916,0.495353
119699,30172,0.589794,0.587065
114322,91410,0.587286,0.566050
111674,96228,0.588955,0.602173
13545,30172,0.588466,0.593485
70594,72082,0.000000,0.001251
101714,120710,0.590812,0.610193
7142,17456,0.590498,0.584895
94895,94161,0.000000,0.001453
21345,40164,0.588200,0.560216
24367,30172,0.000000,0.002915
94024,79544,0.589180,0.582962
17456,72082,0.590332,0.607194
31885,42074,0.587916,0.562809
38220,96228,0.588200,0.591184
58228,79544,0.589395,0.587848
38220,70306,0.000000,0.001268
26868,45999,0.589794,0.615962
73793,114980,0.000000,0.001281
78670,70594,0.000000,0.002850
58228,30172,1.000000,0.786076
114143,38220,0.588200,0.586974
72082,7142,0.590332,0.572126
79893,31060,0.000000,0.001726
111674,121667,0.000000,0.425161
40164,114322,0.588200,0.588685
30172,94024,0.589180,0.606587
24367,112402,0.000000,0.001313
91410,61297,0.587286,0.569858
45999,38220,0.588200,0.582577
24367,38220,0.000000,0.003579
47867,26868,0.589794,0.587948
31060,7142,0.588955,0.527814
17456,15027,0.587916,0.549738
21345,49173,0.590160,0.595674
73793,45999,0.588200,0.583458
12127,7333,0.589794,0.588363
96228,114143,0.588955,0.602849
21345,27257,0.587916,0.552642
7142,62083,0.000000,0.000255
94161,121667,0.000000,0.243965
101714,100982,0.587612,0.518283
31140,112402,0.588466,0.572173
70594,75625,0.000000,0.002300
25755,49173,0.590658,0.600108
74292,92595,0.000000,0.001529
75625,37808,0.590332,0.602934
49173,27257,0.587916,0.574486
114322,37441,0.589180,0.607531
79893,101714,0.000000,0.001021
21345,120710,0.590160,0.553403
31140,121667,0.000000,0.355813
116483,121667,0.000000,0.269221
116483,15301,0.589794,0.588365
30172,15301,0.589794,0.617399
47867,34096,0.000000,0.000929
70594,100982,0.000000,0.002831
31885,116483,0.587916,0.563629
114143,121667,0.000000,0.426163
58228,6276,0.000000,0.490969
61297,96228,0.588955,0.626796
59075,26868,0.589395,0.611277
15301,94024,0.589180,0.605165
34096,30633,0.000000,0.002331
72082,49173,0.590332,0.597038
112402,47867,0.590332,0.571369
34096,40164,0.000000,0.001559
79544,116483,0.589395,0.549220
19150,70594,0.000000,0.001140
79893,70594,1.000000,0.942267
94024,25755,0.589180,0.584995
101714,25755,1.000000,0.608271
101714,111674,0.589794,0.614219
31140,30172,0.588466,0.593485
31140,73793,0.588200,0.596940
94161,114322,0.589180,0.578238
6276,61542,0.000000,0.497108
37293,40164,0.662089,0.790126
25755,12127,0.589794,0.553227
94895,1779,0.000000,0.002209
37441,59075,0.589180,0.635447
11698,92595,0.587286,0.575950
37293,31140,0.588200,0.598575
31060,38220,0.588200,0.561016
94895,38220,0.000000,0.002647
101714,11698,0.587286,0.552699
92595,94161,0.587916,0.564470
94895,47867,0.000000,0.001085
49173,6276,0.000000,0.475215
79893,96228,0.000000,0.001422
11698,15301,0.587286,0.561587
30172,62083,0.000000,0.000407
7333,30633,0.587916,0.539159
74292,58228,0.000000,0.001058
37441,79544,0.589180,0.582964
47867,37441,0.589180,0.578513
79893,1779,0.000000,0.001275
45999,31060,0.588955,0.573082
101714,12127,0.589794,0.591854
100982,30172,0.587612,0.529092
111674,110679,0.000000,0.000964
97923,24618,0.000000,0.001012
39009,117779,0.000000,0.000003
92489,97923,0.000000,0.000170
96441,45554,1.000000,0.981354
6123,119355,0.000000,0.000000
47021,23125,1.000000,0.974700
115067,23125,0.000000,0.000000
117779,65927,0.000000,0.000005
62943,77508,0.000000,0.000047
87046,12428,1.000000,0.981354
4983,65927,0.000000,0.003801
110306,87046,0.556586,0.602432
31340,97219,1.000000,0.993690
110306,97923,0.556586,0.602432
31340,11478,0.000000,0.001244
48575,87046,1.000000,0.981354
117779,57500,0.000000,0.000003
6123,87046,0.000000,0.000000
54720,24618,0.000000,0.000872
105351,54720,0.000000,0.003041
48575,110306,0.556586,0.597861
96318,65927,0.000000,0.001146
81141,97219,0.000000,0.000476
111207,62943,0.000000,0.000047
117779,55878,0.000000,0.000001
110306,78436,0.000000,0.001168
57243,8501,0.000000,0.001063
77066,4983,0.000000,0.055702
36226,110306,0.000000,0.001296
54720,89466,1.000000,0.041437
4983,55878,0.000000,0.010371
829,87046,0.000000,0.000000
33611,36226,0.000000,0.001673
77508,81141,0.000000,0.000000
12428,31340,0.000000,0.001033
102509,11478,0.000000,0.000000
105436,102509,0.000000,0.000000
56926,57500,0.000000,0.000005
85493,62943,0.000000,0.000000
9370,56926,0.000000,0.000002
102509,56926,0.000000,0.003725
96441,24618,0.000000,0.001012
54720,45554,0.000000,0.000997
92489,47021,1.000000,0.004556
55878,102509,0.000000,0.000000
11478,81141,0.000000,0.003654
6123,55878,0.000000,0.000000
6123,59578,0.000000,0.000000
89466,6123,0.000000,0.000000
78436,77066,0.000000,0.001028
48575,117779,0.000000,0.000000
78436,47021,1.000000,0.989986
9370,4983,0.000000,0.018674
6123,9370,0.000000,0.000000
102509,39009,0.000000,0.000000
78436,119355,0.000000,0.001028
57500,92489,1.000000,0.009269
97923,105351,0.000000,0.012774
31340,54720,1.000000,0.990441
59578,115067,0.000000,0.000001
45554,11478,1.000000,0.981354
8501,48575,0.000000,0.000904
24618,110306,0.000000,0.000827
4983,62943,0.000000,0.000000
24618,57243,0.000000,0.000866
23125,111207,0.000000,0.000000
23125,96441,0.000000,0.001222
4983,97923,0.000000,0.058557
6123,42473,0.000000,0.000000
102509,33611,0.000000,0.000000
4983,9370,0.000000,0.012254
96318,57243,0.000000,0.000821
117779,42473,0.000000,0.000001
31340,85493,1.000000,0.989740
57243,39009,0.000000,0.000627
45554,102509,0.000000,0.000000
115067,89466,0.000000,0.000000
102509,105436,0.000000,0.000000
81141,78436,0.000000,0.000226
8501,96318,0.000000,0.000521
57243,102509,0.000000,0.000000
81141,97923,0.000000,0.003006
62943,105351,0.000000,0.000000
36226,85493,0.000000,0.000848
9370,110306,0.000000,0.009623
92489,11478,0.000000,0.000170
78436,24618,0.000000,0.000891
92489,105351,0.000000,0.001864
57243,31340,0.000000,0.001033
48575,6123,0.000000,0.000000
85493,87046,0.000000,0.001393
57243,107231,0.000000,0.000066
97923,33611,1.000000,0.981354
48575,119355,1.000000,0.981354
87046,65927,0.000000,0.000364
24618,97923,0.000000,0.000866
81141,11478,0.000000,0.003006
110306,81141,0.000000,0.004088
45554,829,0.000000,0.000000
8501,92489,0.000000,0.000848
81138,33827,0.000000,0.028801
5206,81138,0.000000,0.066068
120908,68039,0.000000,0.543577
32049,2797,0.000000,0.012103
43785,10374,0.000000,0.116852
32704,31288,1.000000,0.562407
104527,52588,1.000000,0.914618
46649,31288,0.585374,0.563985
48377,101369,0.000000,0.003982
5527,104968,0.000000,0.567670
117871,84356,0.000000,0.000025
104527,22022,0.000000,0.001507
46649,26698,0.585374,0.542506
38154,34840,0.000000,0.570644
117871,2797,0.000000,0.001734
52588,115551,0.000000,0.006220
22022,15371,0.000000,0.536643
69562,73067,0.000000,0.895738
106537,104527,0.000000,0.002334
120908,34840,0.585374,0.564267
15371,36840,0.000000,0.154666
109997,115213,0.000000,0.529405
2797,69562,1.000000,0.882449
5527,33827,0.000000,0.005040
84356,107271,0.000000,0.000030
32049,68039,0.000000,0.115783
34840,31288,0.585374,0.611616
112815,43589,0.000000,0.163368
2797,120908,0.000000,0.002983
65304,34981,0.000000,0.575575
81138,62083,0.000000,0.001565
5206,38499,0.589599,0.431100
61700,13219,0.000000,0.573582
9170,34981,0.000000,0.578668
10390,43785,0.000000,0.499119
108709,62801,0.000000,0.000900
36840,4487,0.000000,0.166265
62801,46649,0.585374,0.595084
43785,56599,0.000000,0.198951
62801,5206,0.000000,0.543006
51541,11124,0.000000,0.004870
107271,31288,0.585374,0.565693
104968,32704,0.000000,0.570730
110821,51541,0.000000,0.534435
56599,62083,0.000000,0.001240
120908,43785,0.000000,0.743456
31288,110278,0.588466,0.573017
26698,13219,0.000000,0.562617
69562,1342,0.000000,0.005068
11124,115213,0.000000,0.004614
61700,65304,0.000000,0.563611
1342,82361,0.000000,0.003937
82361,66803,0.000000,0.001839
82361,115551,0.000000,0.003226
5206,32049,0.000000,0.056802
108709,5527,0.000000,0.000720
106537,101369,0.000000,0.002468
117871,71286,0.000000,0.554591
62801,13219,0.000000,0.591147
65304,51541,0.000000,0.479727
34840,62083,0.000000,0.000469
110278,71286,0.000000,0.544883
61700,43785,0.000000,0.569958
84356,104527,1.000000,0.002128
12231,46649,0.585374,0.576016
112815,51541,0.000000,0.164211
115551,110278,0.000000,0.529363
56599,117871,0.000000,0.210640
43785,104968,0.000000,0.564055
1342,62801,0.000000,0.208336
112815,31135,0.000000,0.117625
109997,101369,0.000000,0.003931
108709,110821,0.000000,0.000759
10374,51541,0.000000,0.128364
84356,106537,0.000000,0.000035
18960,43589,0.588200,0.511505
73067,11124,0.585374,0.848753
46649,51541,0.000000,0.507182
82361,36840,0.000000,0.003685
48377,51541,0.000000,0.186563
34840,36840,0.000000,0.195053
46649,43785,0.000000,0.508142
5818,82361,0.000000,0.001465
120908,12231,0.588466,0.499812
62083,31288,0.000000,0.000550
38499,71286,0.000000,0.548903
26698,34840,0.588717,0.570071
73067,115551,0.000000,0.006410
32704,120908,0.657163,0.725066
11124,59494,0.000000,0.004338
46649,62083,0.000000,0.000256
71286,106774,0.000000,0.527866
34981,9170,0.000000,0.585496
4487,68039,0.585374,0.616345
1342,59494,0.000000,0.562946
108709,11124,0.571888,0.017609
66803,109997,0.000000,0.518617
68039,43785,0.000000,0.546331
22022,33827,0.000000,0.004403
13219,113340,0.000000,0.537964
96536,111002,0.000000,0.013668
94305,110195,0.000000,0.000214
107636,59286,0.000000,0.086939
94305,96536,0.000000,0.012163
38032,121366,0.000000,0.000569
2678,91668,0.000000,0.000112
77508,121366,0.000000,0.000000
77508,42514,0.000000,0.000000
87313,38698,0.000000,0.177541
38032,12034,0.556021,0.524065
38032,56958,0.000000,0.061645
17006,40364,0.000000,0.000669
76452,113055,0.000000,0.000293
17068,117779,0.000000,0.000026
82321,85097,0.000000,0.265952
48568,17006,0.000000,0.005971
17006,9049,0.000000,0.001134
84799,17006,0.000000,0.000090
94305,101007,0.000000,0.001292
79682,90464,0.000000,0.001456
3165,30034,0.557528,0.555474
39259,14345,0.000000,0.000000
87313,117779,0.000000,0.000015
30865,84799,0.000000,0.174714
84799,48568,0.000000,0.000073
62943,65201,0.000000,0.000000
55567,56784,0.556021,0.552624
65201,116201,0.000000,0.329315
111002,2678,0.000000,0.000206
77508,17006,0.000000,0.000000
2678,87228,0.000000,0.007874
665,65201,0.000000,0.000135
38032,43421,1.000000,0.214645
108328,86993,0.000000,0.000040
17006,29564,0.000000,0.062385
116201,9049,0.000000,0.287651
39259,114467,0.556021,0.486937
29238,48568,0.000000,0.008415
96536,56958,0.000000,0.000093
107636,96536,0.588303,0.023121
91668,51147,0.000000,0.007542
87313,121366,0.000000,0.000410
77508,665,0.000000,0.000000
60098,94305,0.000000,0.006573
3165,39259,0.557310,0.532384
85955,114467,0.556021,0.497169
56231,29238,0.000000,0.000000
17006,86993,0.000000,0.000659
107636,101717,0.000000,0.028017
84799,87228,0.000000,0.024615
107636,113055,0.000000,0.000279
114467,111002,0.000000,0.000635
79682,70263,0.000000,0.000166
665,110195,0.000000,0.000174
91668,39259,0.000000,0.000427
59242,85955,0.000000,0.000452
30865,85097,0.000000,0.000185
48568,40364,0.000000,0.000292
38032,85097,0.000000,0.000327
94305,87228,0.000000,0.000621
101007,85955,1.000000,0.580107
87313,17006,0.000000,0.000370
55567,38433,0.000000,0.000007
121366,17068,0.000000,0.033598
55567,113055,0.000000,0.000075
113055,38698,0.000000,0.000091
116201,60098,0.000000,0.001373
51147,82321,0.000000,0.031031
9049,38032,0.000000,0.170337
55567,85097,0.000000,0.000082
121366,30865,0.000000,0.000369
94305,38032,0.000000,0.000584
76452,82321,0.000000,0.137820
51147,56784,0.000000,0.000893
38698,56784,0.556310,0.485029
56958,39259,0.000000,0.031441
29564,38698,0.000000,0.000210
12034,59242,0.000000,0.000823
110195,29238,0.000000,0.000167
42514,59286,0.000000,0.006879
29238,28103,0.000000,0.000476
77508,111002,0.000000,0.000000
26991,86993,0.000000,0.000439
82321,65201,0.000000,0.000212
17006,14345,0.000000,0.000000
116201,6289,0.555712,0.573404
42514,12034,0.000000,0.000444
87313,17068,0.000000,0.000215
665,59286,0.000000,0.037500
29238,40364,0.000000,0.000609
113055,42514,0.000000,0.000013
38698,118697,0.556582,0.533185
51147,114467,0.000000,0.000435
56958,94305,0.000000,0.000155
77508,38433,0.000000,0.000000
59286,86993,0.000000,0.000524
101007,18,0.556021,0.481098
77508,85955,0.000000,0.000000
113055,39259,0.000000,0.000111
38433,87313,0.000000,0.000012
107771,121396,0.000000,0.001831
98513,69473,0.590812,0.604791
92674,31889,0.590160,0.566629
29247,17914,0.000000,0.000613
44445,17736,0.591636,0.594714
92674,122361,0.590160,0.562804
40495,107771,0.590960,0.606106
96749,292,0.589794,0.587276
10925,20876,0.589794,0.523912
98513,74589,0.589981,0.608426
29247,20876,0.592539,0.633338
113858,34451,0.589180,0.584661
40495,4843,0.590498,0.569066
120630,42459,0.590160,0.586518
67251,26657,0.589180,0.599637
111838,17914,1.000000,0.992586
37511,121396,0.000000,0.000897
83072,51235,0.589180,0.575280
17914,115449,0.000000,0.000879
4369,113053,0.000000,0.000863
81415,34579,0.000000,0.719011
21913,121243,0.589599,0.537079
102981,292,0.589395,0.577042
292,83072,0.590658,0.608104
21913,52257,0.591880,0.615468
31889,42459,0.590658,0.598744
91218,42459,0.589981,0.582711
67251,121243,0.589180,0.583572
26657,75757,0.590160,0.596882
48148,113053,0.590160,0.557941
29247,44445,0.591636,0.623677
8693,102981,0.666398,0.746449
98513,44445,0.591636,0.623212
9625,46139,0.000000,0.001020
75757,121243,0.589599,0.551912
34451,56121,0.591104,0.583031
96749,21913,0.589794,0.544904
120630,74589,0.589981,0.588743
52257,68390,0.591378,0.628927
74589,111838,0.000000,0.001284
9625,36735,0.000000,0.000907
68390,72576,0.590498,0.605341
62083,48148,0.000000,0.000330
68390,115449,0.590498,0.624675
122361,104557,0.000000,0.000879
75757,26657,0.590160,0.590814
122361,34579,0.590812,0.580552
52257,20769,0.590960,0.621224
74589,26657,0.589981,0.616227
67251,117582,0.589180,0.602166
93468,20876,0.589981,0.582860
102249,31889,0.000000,0.001026
292,69473,0.590658,0.607159
10925,17736,0.589794,0.540179
10480,8693,0.000000,0.001317
121396,26657,0.000000,0.001691
74589,89343,0.000000,0.002486
62083,111838,1.000000,0.994803
17736,44445,0.591636,0.594630
75757,83072,0.590160,0.557686
102981,9379,0.000000,0.001030
36735,9625,0.000000,0.000938
4843,47454,0.000000,0.008765
20769,88329,0.590960,0.612674
51235,67251,1.000000,0.787038
91218,118438,0.589981,0.556616
113858,47454,0.000000,0.027407
98513,91218,0.589981,0.584966
17914,74589,0.000000,0.000972
122361,91218,0.589981,0.556318
102249,4369,1.000000,0.994664
9379,118438,0.000000,0.000687
98513,83072,0.591636,0.623382
111206,10480,0.000000,0.001759
9379,292,0.000000,0.000843
121243,48148,0.589599,0.551720
113858,74589,0.589180,0.606463
72576,20876,0.590498,0.551579
104557,121243,0.000000,0.001271
34579,83823,0.000000,0.000723
67251,121396,0.000000,0.002290
113858,111206,0.589180,0.602150
111206,9379,0.000000,0.000780
102981,67251,0.589180,0.576121
62083,40495,0.000000,0.000217
111206,36735,0.000000,0.000818
46139,34451,0.000000,0.000847
42459,9625,0.590332,0.619768
121396,92172,0.000000,0.000960
72576,102249,0.000000,0.000952
121243,102981,0.589395,0.598034
96749,74589,0.589794,0.587779
52257,111206,0.590960,0.621211
10480,9625,0.000000,0.001916
48148,4369,0.000000,0.001162
83823,42459,0.000000,0.000688
67251,107771,0.589180,0.602145
9379,34451,0.000000,0.000690
17914,92172,0.000000,0.000723
88329,26657,0.591378,0.611844
120617,50830,0.663355,0.603374
5772,79046,0.663174,0.583623
14525,98272,0.663527,0.549682
88497,70956,0.663174,0.584882
13508,13005,0.663355,0.595146
96206,50830,0.663355,0.552543
98272,12325,0.664431,0.606263
67586,99263,0.663355,0.595025
30833,20813,0.663527,0.648618
54777,62429,0.663692,0.566354
12127,88497,0.663174,0.569216
30833,67337,0.663527,0.543198
52912,98272,0.663527,0.597425
81391,96206,0.663851,0.570165
42434,62429,0.664151,0.622116
13508,12325,0.663355,0.614507
98272,34342,0.664293,0.604239
107036,93364,0.664293,0.577694
18419,84628,1.000000,0.751157
93364,96206,0.664293,0.637425
42357,120617,0.663527,0.570021
70455,1088,0.663527,0.601964
42434,111162,0.664004,0.597947
3142,42357,0.663174,0.195244
42434,73077,1.000000,0.599630
7287,13005,0.663174,0.192359
13508,34342,0.663355,0.614878
54777,67337,0.663692,0.548835
67586,42357,0.663692,0.600815
52796,12127,0.663355,0.557496
37452,40176,1.000000,0.588983
93364,70956,0.663527,0.591164
70455,93308,1.000000,0.742521
62429,52104,0.663692,0.565938
3142,7287,1.000000,0.729506
50830,93364,0.663355,0.553988
84628,75381,0.663174,0.556665
77372,19360,0.664816,0.618229
13005,17962,0.664151,0.577422
98272,14525,0.663527,0.549828
3142,77372,0.663174,0.274107
12127,95863,0.663355,0.555367
32944,13508,1.000000,0.585872
117236,40545,0.663355,0.558438
10630,99263,1.000000,0.740739
52796,5600,0.663527,0.589963
96206,52104,0.663692,0.564289
18419,77765,0.663355,0.570955
70455,62429,0.663692,0.566091
84628,40545,0.663527,0.564851
88497,40545,0.663174,0.550879
120617,5600,1.000000,0.588480
52796,116438,1.000000,0.723195
17962,62429,0.664293,0.580777
30833,107036,0.663527,0.552758
19360,73077,0.664151,0.601711
96206,34342,0.664293,0.602569
96206,1088,0.663527,0.558845
40176,120617,1.000000,0.595373
93364,42434,0.664151,0.615999
54777,72233,1.000000,0.757297
40176,70455,0.663527,0.596713
50830,5600,0.663355,0.587708
54777,12127,0.663355,0.560161
34342,93364,1.000000,0.608493
17962,75381,0.663174,0.544824
52104,107036,0.663692,0.557970
84628,33046,0.663174,0.555703
13508,108914,1.000000,0.783292
70455,98272,0.663692,0.556289
52104,18419,0.663527,0.610378
5772,36575,0.000000,0.000593
40176,34342,0.663527,0.618254
10630,73077,0.663355,0.587443
5600,12325,0.663527,0.617861
32944,107036,0.663355,0.546471
120617,36575,0.000000,0.000929
10630,13508,1.000000,0.585879
7287,54777,0.663174,0.194636
17962,77765,0.663355,0.550462
52912,54777,0.663527,0.596970
116438,17962,0.663851,0.567783
12325,17962,0.664431,0.611896
67337,37452,0.663527,0.541733
116438,111162,0.663851,0.596582
37452,77765,0.663355,0.576647
84628,52796,0.663527,0.564840
47461,67337,0.663355,0.536982
40176,12127,0.663355,0.594096
54777,81391,0.663692,0.607084
37452,13005,0.663527,0.561771
19360,12127,0.663355,0.542929
62429,83927,0.664004,0.575007
111162,13508,0.663355,0.615370
37452,5600,1.000000,0.588973
52104,108914,0.663355,0.587519
47461,70956,0.663355,0.587959
120617,88497,0.663174,0.554272
52912,111162,0.663527,0.619466
18419,99263,0.663355,0.569764
38341,88015,0.000000,0.001727
56569,123073,0.000000,0.043130
2650,109567,0.000000,0.048380
75633,120248,0.000000,0.000122
25552,89080,0.573710,0.000052
94795,33579,0.000000,0.000000
59874,107184,0.000000,0.002175
95322,52595,0.000000,0.002272
97070,8275,0.000000,0.002523
28920,38341,0.000000,0.007244
118581,103461,0.000000,0.000000
25515,106380,0.000000,0.000011
15287,2650,0.000000,0.001051
29932,94982,0.000000,0.002264
103569,109567,0.000000,0.001707
22177,25552,0.000000,0.000000
103569,80881,0.000000,0.002054
29932,61732,0.000000,0.008079
13577,28920,0.000000,0.000602
13937,38341,0.000000,0.005974
13937,88903,0.000000,0.000359
65882,8781,0.000000,0.000015
123073,61732,0.000000,0.009479
88903,89080,0.000000,0.009466
28062,23961,0.000000,0.000134
13577,97070,0.000000,0.001264
75384,13113,0.000000,0.025207
61732,120248,0.000000,0.001286
88015,64140,0.000000,0.019527
118581,13937,0.000000,0.000000
25515,4455,0.000000,0.000628
64140,56569,0.000000,0.002903
33459,118581,0.000000,0.000000
23961,107184,0.000000,0.000014
56569,65882,0.000000,0.067130
13113,103569,0.000000,0.001605
100223,103461,0.000000,0.009968
33459,120742,0.000000,0.005104
94982,13937,0.000000,0.022115
13113,94982,0.000000,0.019222
80881,15287,0.000000,0.001251
88903,63162,0.000000,0.030250
17337,120742,0.000000,0.002129
28305,4455,0.000000,0.000003
88015,56154,0.000000,0.006182
72468,95322,0.000000,0.000441
17337,103461,0.575976,0.013862
103461,100223,0.000000,0.010394
25552,38341,0.573710,0.000021
28305,33579,0.000000,0.000499
35284,71948,0.000000,0.000655
56569,88015,0.000000,0.009638
22177,94982,0.000000,0.000000
14950,10344,0.000000,0.000378
118581,64140,0.000000,0.000000
94795,97070,0.000000,0.000000
35284,17337,0.000000,0.016946
118996,61732,0.000000,0.000369
33579,120392,0.000000,0.022439
103569,61732,0.000000,0.003004
38341,8275,0.570106,0.000947
89080,63162,0.000000,0.041927
63515,90068,0.000000,0.004243
13577,9948,0.000000,0.027428
13577,13113,0.000000,0.012175
52595,72468,0.000000,0.000235
9948,8275,0.000000,0.000204
4455,71948,0.000000,0.000000
109567,123073,0.000000,0.031640
113322,56154,0.000000,0.000001
100223,118581,0.000000,0.000000
75384,118996,0.000000,0.000264
52595,113322,0.000000,0.000003
33459,80881,0.000000,0.027433
75384,52595,0.000000,0.110103
97070,75384,0.000000,0.035949
8275,71948,0.000000,0.000235
56569,59874,0.000000,0.013477
90068,123073,0.000000,0.000318
95322,23961,0.000000,0.000023
109567,118581,0.000000,0.000000
10344,52595,0.000000,0.000141
56569,52595,0.000000,0.088301
63515,123073,0.528987,0.000190
13577,35284,0.000000,0.001694
80881,95518,0.000000,0.001312
103461,75384,0.000000,0.016456
8275,8781,0.570106,0.000002
107184,94982,0.000000,0.004490
14950,88903,0.000000,0.000096
17337,22177,0.000000,0.000000
120248,23961,0.000000,0.001734
56569,2650,0.000000,0.063426
103461,8781,0.575976,0.000244
38341,118581,0.000000,0.000000
28062,95322,0.000000,0.000955
118581,23961,0.000000,0.000000
56154,94982,0.000000,0.031172
38341,75633,0.000000,0.009487
80881,103296,0.000000,0.006969
16711,100574,0.589981,0.562212
192,23444,0.589794,0.558130
91265,114465,0.589981,0.598043
99068,84112,0.589981,0.550870
88435,58887,0.000000,0.002193
80824,19830,0.000000,0.000967
118706,105990,0.590332,0.569603
37832,71563,0.589981,0.598055
63194,100574,0.000000,0.001055
114465,87052,0.000000,0.000999
99068,16711,0.590658,0.572525
16711,6218,0.590332,0.572900
30543,21304,0.000000,0.001535
57585,2947,0.588200,0.542487
30543,62083,0.000000,0.000256
80853,114465,0.589981,0.563963
3132,58887,1.000000,0.589059
87102,84112,0.589981,0.594258
115163,104057,0.590812,0.591785
97029,122566,0.000000,0.000896
115523,116301,0.000000,0.188253
308,84112,0.589981,0.598753
87975,104057,0.591636,0.612338
3132,9141,0.589981,0.561947
115523,37832,0.589981,0.591774
116301,71563,0.000000,0.173881
87102,99068,0.591243,0.616179
95359,84112,0.000000,0.510158
114465,63194,0.000000,0.000825
16711,3425,0.590658,0.603332
88270,89683,0.589981,0.576472
95359,116301,0.000000,0.185628
95359,96164,0.000000,0.165419
117641,68407,0.590160,0.561415
192,89683,0.589981,0.562609
55127,35684,0.590160,0.557691
3425,70701,0.589981,0.593354
2947,115163,0.590658,0.606848
100574,25972,0.589981,0.592327
68407,100433,0.589981,0.588897
91265,87102,0.589981,0.616840
110608,89683,0.000000,0.001373
308,92512,0.589981,0.619019
112663,70701,0.589981,0.598018
72997,2947,0.590498,0.599485
23444,192,0.589794,0.558311
97029,55496,0.590160,0.564966
99068,3132,0.589981,0.551003
100574,87052,0.000000,0.001140
100570,19830,0.000000,0.000889
68407,16711,0.590160,0.566342
112663,25972,0.590498,0.677933
115163,117641,0.590812,0.580929
62083,69829,0.000000,0.000330
116301,65402,0.000000,0.173126
80853,105990,0.589981,0.564533
95359,97029,0.000000,0.497682
95359,100570,0.000000,0.543895
122566,72997,0.000000,0.001000
88435,115163,0.000000,0.001060
52332,116301,0.000000,0.276871
308,100433,0.589981,0.619003
69829,23444,0.589794,0.560333
91265,30543,0.589981,0.597804
25972,23444,0.589794,0.594868
71563,104057,0.591104,0.598983
308,3060,0.588955,0.573937
70701,192,0.589981,0.564002
117641,6218,0.590332,0.568123
30543,116301,0.000000,0.198990
115523,99068,0.591243,0.588606
118706,99068,0.590812,0.575813
19830,3132,0.000000,0.001012
71563,3425,0.591104,0.609097
25972,80824,0.589981,0.619006
104057,118706,0.590812,0.598195
28599,117641,0.590498,0.573670
37832,104057,0.589981,0.603235
62083,2947,0.000000,0.000389
80824,21304,0.000000,0.003439
16711,88435,0.000000,0.000966
57585,115523,0.588200,0.489802
30543,96164,0.000000,0.164610
2947,9141,1.000000,0.606413
69829,3132,0.589981,0.626018
104057,87975,0.591636,0.618339
28091,114465,0.590498,0.572976
28599,35362,0.000000,0.001357
116301,52332,0.000000,0.247352
308,6218,0.590332,0.602972
100570,3425,0.590498,0.625225
80853,70701,1.000000,0.754028
100574,63194,0.000000,0.000938
68407,88435,0.000000,0.001032
80824,16711,0.589981,0.598155
118706,30543,0.590658,0.664722
112663,87052,0.000000,0.001068
23444,100433,0.589794,0.588099
100433,83435,0.589981,0.597736
37832,96164,0.000000,0.233390
15445,108367,0.000000,0.206850
70809,15543,0.000000,0.001282
31121,119974,0.000000,0.002283
37306,35283,0.586934,0.523681
110430,32864,0.586551,0.548132
50449,14938,0.588466,0.593606
61953,70809,0.588200,0.588788
106786,110430,0.586551,0.547652
22854,10999,1.000000,0.704693
22854,14938,0.587916,0.541579
106786,60532,0.589180,0.584762
68815,119974,0.000000,0.001210
42976,102030,0.589981,0.597264
59080,10999,0.587916,0.555072
79836,37298,0.000000,0.001137
70809,120607,0.589599,0.592084
10999,114749,0.587916,0.503821
66872,101731,0.658541,0.788093
60150,15543,0.000000,0.001221
3768,55843,0.000000,0.001857
60532,3768,0.588717,0.509619
120607,55843,0.000000,0.000905
120607,121279,0.586934,0.488788
120607,80126,0.589794,0.588520
95974,29469,0.588200,0.561501
80126,102030,0.589794,0.594708
110430,112210,0.586551,0.535691
15543,3645,0.000000,0.002003
2125,15543,0.000000,0.001520
28161,14938,0.588717,0.598284
31121,51989,0.587286,0.532465
120607,59080,0.589180,0.577726
29469,11142,0.588200,0.569247
89317,31121,0.587286,0.519003
80126,50449,0.588466,0.592733
18853,121279,0.586934,0.529145
70809,101731,0.587916,0.581639
15445,1547,0.587612,0.556546
114884,33051,0.588955,0.539977
2125,121279,0.586934,0.565066
37298,89317,0.000000,0.001304
18853,95974,0.588955,0.539243
35699,15543,1.000000,0.991437
65512,73230,0.587612,0.550162
121279,2125,0.586934,0.565677
1547,15543,0.000000,0.002145
86469,3645,0.586934,0.569408
68815,32085,0.588717,0.600145
3768,32864,0.588717,0.568800
37298,70009,1.000000,0.927276
35283,112723,0.000000,0.197763
66872,89317,0.587916,0.581138
70809,112210,0.587916,0.550509
79836,68815,0.589180,0.604625
60532,14335,0.587916,0.541125
50945,70809,0.587612,0.575314
1547,22854,1.000000,0.741581
80126,3645,0.587612,0.573276
15445,37298,0.000000,0.001747
108367,110430,0.000000,0.152342
114749,33051,0.588955,0.540518
3768,108367,0.000000,0.160177
114749,26310,0.588717,0.570673
101731,3645,0.587612,0.583247
59080,29469,0.588200,0.589667
108367,86469,0.000000,0.162521
121855,121279,0.586934,0.567923
22854,62083,0.000000,0.000573
37306,106786,0.586934,0.506921
106786,65512,0.588955,0.580552
101944,66872,0.587612,0.583098
37306,84784,0.586934,0.457707
115133,68815,0.588955,0.626397
84784,114749,0.588955,0.539726
3768,60532,0.588717,0.514453
55843,62083,1.000000,0.993081
66872,60150,0.587916,0.580167
60150,106786,0.589180,0.605994
1547,15445,0.587612,0.548293
3645,65512,0.587612,0.559099
65512,14938,0.588955,0.572316
29469,101944,0.587612,0.581545
121855,15445,0.587612,0.583112
55843,15543,1.000000,0.994238
95974,60532,0.588955,0.523332
3645,62083,0.000000,0.000530
114749,59080,0.589180,0.576969
66872,62083,0.000000,0.000516
53309,26310,0.587286,0.572609
115133,55843,0.000000,0.001558
15543,14938,0.000000,0.001321
61953,101944,0.587612,0.581545
2580,42976,0.660457,0.782618
15445,70009,0.000000,0.003896
33051,59080,0.588955,0.573645
102030,115133,0.588955,0.574809
112723,31121,0.000000,0.101676
50449,29469,0.588200,0.597794
32864,33051,0.588955,0.580465
14938,3645,0.587612,0.573320
22755,37475,0.000000,0.014346
71700,43673,0.000000,0.001103
75112,71700,0.000000,0.382681
36845,100979,0.589395,0.547458
118391,104913,0.589395,0.585230
85310,122981,0.588466,0.501918
64917,75112,0.588466,0.248075
86528,22755,0.589180,0.499284
96918,36845,0.589395,0.547002
52154,27710,0.588466,0.565042
2829,62083,0.000000,0.000378
44732,63838,0.589395,0.536745
12375,109670,0.000000,0.001686
72497,82745,0.589599,0.515087
21112,84972,0.588955,0.400589
96783,62083,0.000000,0.000297
39141,42276,0.588717,0.570499
39141,27034,0.000000,0.000864
96918,22755,0.589180,0.509659
11095,36845,0.587612,0.553295
10778,100979,0.589180,0.553786
72497,12756,0.590160,0.517912
69892,44732,0.589180,0.561816
62083,12375,1.000000,0.996030
80092,42276,0.588717,0.569701
122796,17568,0.000000,0.458660
67530,58631,0.000000,0.000877
27710,64399,0.587916,0.332371
53026,72497,0.589395,0.500955
36845,11095,0.587612,0.543649
69806,44732,0.665860,0.750025
95567,75464,0.589395,0.510195
27034,95097,0.000000,0.001877
2829,36845,0.589180,0.538855
17568,43673,0.000000,0.001981
37475,12756,0.000000,0.006373
122796,64399,0.587916,0.250527
42863,21112,0.588955,0.538864
24250,85310,0.588200,0.417825
39141,63838,0.590498,0.573037
37475,80092,0.000000,0.006968
109670,43673,0.000000,0.001435
6198,53026,0.000000,0.001358
27710,71700,0.000000,0.471102
72497,37475,0.000000,0.005636
104913,90547,0.589180,0.553437
117896,72497,0.590332,0.502540
95567,69892,0.589180,0.541954
104913,11095,0.587612,0.548102
95097,85310,1.000000,0.406320
61064,64917,0.587916,0.505849
104913,122796,0.589395,0.549375
64917,104913,0.588466,0.341136
53026,68684,0.665860,0.732483
37475,40748,0.000000,0.005852
96783,64399,0.587916,0.475472
43673,39141,0.000000,0.000862
80092,37475,0.000000,0.007065
67530,100979,0.589395,0.587158
117896,46142,0.590160,0.604323
96844,42863,0.000000,0.001374
122796,84972,0.588955,0.378006
17547,88954,0.588955,0.508031
96783,107193,0.589395,0.530134
109670,42863,0.588466,0.525717
69892,6198,0.000000,0.001264
64399,96918,0.587916,0.244066
85310,72497,0.588466,0.480098
100979,69806,0.665860,0.710775
95567,104913,0.589395,0.549535
67530,62083,0.000000,0.000388
122796,6198,0.000000,0.001048
37475,62083,1.000000,0.084857
21112,96844,0.000000,0.001040
100979,46142,0.589395,0.547053
96783,52587,0.589395,0.573839
40748,75464,0.589395,0.499778
22755,84972,0.588955,0.520003
40748,90547,0.589180,0.534392
54360,117896,0.588200,0.504725
80092,109670,0.588466,0.521264
21112,62083,0.000000,0.000356
85310,11095,0.587612,0.510559
37475,43673,1.000000,0.145862
44732,122981,0.588955,0.572950
40748,88954,0.590658,0.568268
96783,80092,1.000000,0.531581
12375,24250,0.000000,0.001849
118391,58631,0.000000,0.000852
52154,122981,0.588955,0.602095
37475,82745,0.000000,0.006703
95567,84972,0.588955,0.378195
24250,63838,0.588200,0.488294
104913,44732,0.665860,0.735908
40748,69892,0.589180,0.534392
27034,46142,0.000000,0.001057
118391,12756,0.590160,0.600542
22755,21112,0.589180,0.526064
37475,63838,0.000000,0.005503
69806,17568,0.000000,0.468739
58028,61848,0.587612,0.467069
96415,108225,0.589599,0.555768
3615,78108,0.589794,0.560745
22125,96415,0.589180,0.545663
92298,109923,0.590812,0.581380
19142,40062,0.588466,0.502219
45804,40062,0.588466,0.501760
8605,77341,0.589180,0.545249
78333,98677,0.587916,0.484031
15171,117617,0.588955,0.547245
117617,41760,0.589180,0.528742
96415,18360,0.589599,0.545607
96415,22125,0.589180,0.545625
18360,85447,0.589395,0.538760
57874,22125,0.587916,0.506520
6218,78510,0.589981,0.564395
19142,59288,0.588466,0.525583
12212,90008,0.000000,0.000846
99659,18360,0.588200,0.562217
117617,91450,0.589180,0.590395
78333,40062,0.587916,0.472165
81426,40062,0.000000,0.000689
64173,6218,0.000000,0.001272
90008,95011,0.588200,0.497624
15171,98677,0.588955,0.528517
45804,37233,0.588466,0.521455
5185,102513,0.588955,0.526239
45153,117617,0.589180,0.584923
2420,100862,0.000000,0.000826
78108,108225,0.589981,0.604553
110414,75427,0.000000,0.001222
91450,102513,0.588955,0.539334
45804,90008,0.588466,0.514088
90008,98677,0.590498,0.635000
6983,62092,1.000000,0.730939
90008,2420,0.590160,0.569476
81426,96415,0.000000,0.001126
5185,109923,0.590960,0.586254
98677,12212,0.000000,0.000739
81426,88513,0.000000,0.001398
6983,42057,0.000000,0.001617
96415,6983,1.000000,0.728690
36202,78510,0.000000,0.001157
85447,63608,0.589395,0.527116
63608,45153,0.589599,0.579762
2420,96935,0.589599,0.554048
88589,54798,0.589180,0.561449
6218,81426,0.000000,0.000804
78108,91897,0.000000,0.001695
45804,85447,0.588466,0.522714
12212,5185,0.000000,0.000747
96415,75427,0.000000,0.000998
95011,58028,0.588200,0.501315
70917,100862,0.000000,0.001083
77341,41760,0.589395,0.535295
37233,41760,0.589599,0.542229
117593,62092,0.000000,0.002492
88589,62992,0.589180,0.533384
62083,68743,1.000000,0.909617
70917,64825,0.000000,0.001186
3615,63608,0.589794,0.541204
110414,18360,0.588955,0.524744
7578,109923,0.587916,0.471347
57874,68743,0.000000,0.002013
75427,109923,0.000000,0.000693
117593,59288,0.000000,0.002718
57874,54798,0.587916,0.522036
18360,98402,0.589395,0.539210
75427,100862,1.000000,0.997661
3615,19142,0.588466,0.519880
22125,117617,1.000000,0.756006
42057,92298,0.000000,0.001306
70917,42057,0.000000,0.001801
12212,98402,0.000000,0.001201
100862,54082,1.000000,0.996995
90008,117617,0.589180,0.537946
6218,75427,0.000000,0.000807
59288,26273,0.589180,0.576742
42057,102513,0.000000,0.002310
58028,85447,0.589395,0.544250
54082,77341,0.000000,0.001293
90008,70917,0.588955,0.574943
64825,99659,0.000000,0.001498
81426,26273,0.000000,0.000991
70917,3615,0.588955,0.581712
92298,45153,0.589599,0.585540
62092,109923,0.589599,0.543955
62092,42057,0.000000,0.001611
22125,78510,0.589180,0.541791
8605,53120,0.000000,0.231738
41760,54082,0.000000,0.000641
3615,78333,0.587916,0.498404
22125,108225,0.589180,0.542404
78108,96415,0.589599,0.553916
35592,45153,0.000000,0.552044
41760,40062,0.591243,0.589255
15171,70917,1.000000,0.571565
63608,41760,0.591509,0.591952
96935,36202,0.000000,0.001100
35592,64173,0.000000,0.002127
23901,24476,0.588955,0.590354
75335,89522,0.590812,0.574287
52257,76578,0.591243,0.626492
116258,48616,0.590498,0.569124
40959,43968,0.000000,0.000979
40959,43684,0.000000,0.001438
121901,1751,0.000000,0.000870
86446,87319,0.591509,0.590493
76426,87095,0.000000,0.001067
49932,83924,0.000000,0.549266
29251,87095,0.591104,0.613008
87319,44445,0.591636,0.594270
65552,89232,0.588466,0.586633
86446,114215,0.589599,0.583957
104826,65552,0.588200,0.486892
40959,87095,0.591243,0.586893
64044,99429,0.589794,0.551394
40268,44445,0.591636,0.623675
28891,76426,0.000000,0.001942
55972,63836,0.588955,0.555967
55972,106872,0.588955,0.535240
42954,52257,0.590960,0.554343
71086,55972,0.588955,0.510352
121901,68343,0.000000,0.000830
121901,86446,0.591378,0.676168
28891,87095,0.591243,0.617365
55972,102799,0.588955,0.554770
37964,24476,0.591378,0.614196
41206,75335,0.590812,0.578113
21725,87095,0.591243,0.588076
105577,27112,0.590332,0.602519
1751,88078,0.000000,0.001625
86446,41206,0.669206,0.698317
44445,68343,0.000000,0.000794
89522,65865,0.591378,0.589925
68343,43968,1.000000,0.896895
61939,87095,0.591243,0.587328
86593,65552,0.000000,0.005064
102799,121901,0.591378,0.619491
94915,29251,1.000000,0.606883
21725,28891,0.591636,0.614408
99429,29251,0.590960,0.605032
76426,65865,0.000000,0.001042
52257,21725,0.591760,0.619332
21940,87319,0.592539,0.628834
285,75335,0.590812,0.576404
21940,43968,0.000000,0.000894
21725,285,0.591636,0.607710
44445,1751,0.000000,0.000811
64219,118922,0.590658,0.630036
285,21725,0.591636,0.608291
61939,102799,0.591760,0.615944
106872,105577,0.590332,0.600792
50568,87095,0.591243,0.584076
43968,43684,1.000000,0.341695
43684,87848,0.000000,0.001591
99429,83924,0.590960,0.583059
21725,76426,0.000000,0.000944
76578,86514,0.000000,0.001576
17822,64219,0.590658,0.623962
64044,27112,0.589794,0.552720
29251,86446,0.591104,0.613375
76426,71086,0.000000,0.000978
97382,99429,0.000000,0.000896
43684,94915,0.000000,0.001603
86593,99429,0.000000,0.001771
106872,29251,0.590658,0.600710
40268,58076,0.588955,0.555184
21940,16456,0.000000,0.001145
41206,121901,0.591378,0.623663
28891,121901,0.591378,0.618726
58076,62083,0.000000,0.000403
41206,10480,0.000000,0.000812
55972,87095,0.588955,0.521915
41206,97382,0.000000,0.000786
114215,116258,0.589599,0.591004
23901,83924,0.588955,0.579823
114425,105577,0.000000,0.001879
65552,68343,0.000000,0.002368
89522,116258,0.591509,0.592776
114215,81730,0.589599,0.611265
27112,88078,0.589599,0.547170
29251,65552,0.588466,0.584749
99429,106872,0.590658,0.548550
99429,1751,0.000000,0.000975
94915,89522,0.591104,0.584363
61939,88078,0.589599,0.538517
64044,37964,0.589794,0.548239
29251,26673,0.591104,0.614040
40667,10480,0.000000,0.001502
87848,76426,0.000000,0.001042
55972,81730,0.588955,0.563910
121901,10480,0.000000,0.000827
48616,26673,0.590498,0.571475
40268,121901,0.591378,0.619769
58076,44445,0.588955,0.518737
10480,40667,0.000000,0.001456
94915,97382,0.000000,0.000845
116258,81730,0.590812,0.603097
21725,94915,0.591104,0.585594
102870,17519,0.588200,0.589597
17554,95615,0.000000,0.212180
58542,76902,0.587916,0.493843
112211,96583,0.646916,0.715913
85902,110942,0.586551,0.456641
75684,46553,0.589395,0.547717
110062,57533,1.000000,0.907735
59179,76293,0.588717,0.539714
33599,87430,0.000000,0.002336
97114,17519,0.587916,0.552872
114913,102038,0.000000,0.003419
68635,102870,0.586551,0.485856
93113,4818,0.000000,0.001978
114913,59179,0.000000,0.002013
24899,13491,0.588717,0.552780
97193,57046,0.000000,0.001247
102038,95615,0.587286,0.494300
5264,95615,0.587916,0.472097
76293,33599,0.000000,0.002177
114156,118126,0.000000,0.002293
35538,24499,0.587286,0.494502
96196,17554,0.000000,0.230461
120764,17554,0.000000,0.178657
120764,36023,0.587286,0.524747
52210,102870,0.587916,0.547002
97700,109642,0.589180,0.584209
45035,119750,0.589794,0.569854
112211,53354,0.588200,0.517155
80864,100279,0.588200,0.583691
75684,95615,0.587916,0.503919
83204,45035,0.589794,0.553469
24499,110062,0.000000,0.000606
711,24499,0.588955,0.510108
36375,17554,0.000000,0.191788
118126,52210,0.587916,0.507200
33599,17554,0.000000,0.004109
14639,36023,0.588466,0.595776
119750,36176,0.588717,0.571074
24899,95615,0.587916,0.507602
68635,102038,0.586551,0.472345
59179,102870,0.588955,0.573463
17519,59179,0.588200,0.568981
80859,5264,0.589794,0.550931
4818,76293,0.000000,0.002161
3794,36176,0.588717,0.569967
67207,39289,1.000000,0.723198
10816,102038,0.587286,0.542975
13491,57046,0.000000,0.002126
52210,119750,0.587916,0.496878
47158,39843,0.587916,0.515081
5264,102038,0.587286,0.444610
96583,102870,0.588200,0.556275
24899,711,1.000000,0.749405
24899,4818,0.000000,0.001695
36176,33599,0.000000,0.003773
97193,4818,0.000000,0.001044
10816,100279,1.000000,0.794601
14639,119750,0.588466,0.574019
39289,17519,0.587916,0.553186
59179,19454,0.587916,0.556786
46553,114156,0.000000,0.001502
46553,118126,0.589180,0.541221
4818,100279,0.000000,0.001926
100279,33599,0.000000,0.003988
118126,4818,0.000000,0.001563
62083,46553,0.000000,0.000331
46553,39843,0.587916,0.491525
80859,711,0.588955,0.536290
100279,19454,0.587916,0.591188
24899,5264,0.588955,0.523311
46553,4818,0.000000,0.001185
114913,52210,0.000000,0.002803
118126,48790,0.587612,0.493856
33599,80859,0.000000,0.001812
112211,17519,0.646916,0.557742
114913,47158,0.000000,0.001866
14639,114913,0.000000,0.003240
120764,100279,0.587286,0.533369
68635,17840,0.586551,0.416797
59179,46553,0.588955,0.533317
24899,45035,0.588955,0.535545
112211,33599,0.000000,0.002597
13491,76902,0.588717,0.526077
57533,114156,1.000000,0.863741
33599,46553,0.000000,0.001685
53354,76902,0.588955,0.532201
112211,24499,0.588200,0.472707
53354,33599,0.000000,0.002050
35538,118126,0.587286,0.550820
45035,53354,0.588955,0.534642
31095,118126,0.589180,0.575131
97700,14639,0.588466,0.595029
36176,24899,0.588717,0.575807
4818,52210,0.000000,0.002821
114156,17840,0.000000,0.001632
52210,110062,0.000000,0.002007
36023,119750,0.589180,0.585426
45035,31095,0.589794,0.583271
17519,50600,0.588200,0.569140
36176,97193,0.588717,0.577474
120429,39740,0.000000,0.000808
41531,37068,0.000000,0.002104
99250,17370,0.000000,0.003160
77385,95607,0.000000,0.264057
74531,20505,0.000000,0.001936
69988,41531,0.000000,0.001108
54553,49795,0.000000,0.529005
33212,15117,0.587612,0.504014
32454,21990,0.000000,0.495111
96485,115602,0.555165,0.463378
15117,95607,0.000000,0.317999
69988,87593,0.000000,0.467851
39698,74531,0.000000,0.002565
44585,59994,0.587612,0.539667
31595,43067,0.588717,0.570483
54553,76875,0.000000,0.503517
38985,24632,1.000000,0.992543
32454,44585,0.587916,0.544212
39698,15117,0.588200,0.561545
37068,41531,0.000000,0.001705
44585,87593,0.000000,0.521962
49386,54553,0.587916,0.509789
15415,119857,0.000000,0.558663
20542,43067,0.588466,0.564309
20505,95607,0.000000,0.280697
33212,119857,0.000000,0.471193
43067,76875,0.000000,0.556432
44585,49386,0.587916,0.553492
58996,32454,0.587916,0.507309
120429,43067,0.588717,0.569192
88522,15117,0.000000,0.002753
114101,42642,0.588955,0.539530
102312,20505,0.587916,0.509533
41531,95621,0.000000,0.847162
64241,114101,0.588955,0.537834
21990,122848,0.000000,0.455977
76875,120095,0.000000,0.463797
113220,31595,0.589395,0.544846
44775,64241,0.000000,0.216078
49795,85805,0.000000,0.521031
99489,106554,0.000000,0.585227
59994,120095,0.000000,0.534052
77385,120095,0.000000,0.532258
99250,15117,0.000000,0.003432
43067,76285,0.588200,0.566162
63394,71791,0.588466,0.520581
106554,114101,0.000000,0.536496
74295,64241,0.589599,0.590653
74531,49795,0.000000,0.002132
85805,88661,0.589599,0.550451
85805,95621,0.000000,0.001682
99489,35990,0.589180,0.583422
14607,38985,0.000000,0.000950
45142,44585,0.000000,0.011758
58996,38985,0.000000,0.001409
88522,76285,0.000000,0.002747
20505,76285,0.588200,0.520820
88661,59994,0.587612,0.466087
37068,35990,0.587916,0.504236
88522,71791,0.000000,0.001648
85805,521,0.000000,0.001336
122848,20542,0.587286,0.489412
102312,104170,0.587916,0.503816
99883,20542,0.588200,0.527639
15415,17370,0.588466,0.519107
113220,102312,0.587916,0.483451
76875,15117,0.000000,0.473613
37068,24632,0.000000,0.002439
20505,64241,0.588717,0.530133
87593,95607,0.000000,0.382498
87593,102312,0.000000,0.493990
24632,95621,1.000000,0.919686
42642,33212,0.587612,0.487863
15415,69988,0.589395,0.550955
99250,87593,0.000000,0.004551
31595,44585,0.660931,0.579341
49386,21990,0.000000,0.495436
76285,15415,0.588200,0.511714
74295,96637,0.588717,0.568493
20505,102312,0.587916,0.509816
88522,45142,1.000000,0.517941
43518,102312,0.587916,0.559870
69988,120095,0.000000,0.529355
88661,113220,0.590498,0.593122
114101,59994,0.587612,0.495378
20542,24632,0.000000,0.002071
39740,76875,0.000000,0.000655
39740,96637,0.000000,0.001712
96485,20505,0.000000,0.481622
58996,115602,0.000000,0.506369
41531,58996,0.000000,0.001519
71791,88661,0.589794,0.556132
20542,63394,0.660071,0.730926
54553,102312,0.587916,0.509920
113220,1642,0.000000,0.440765
71791,37068,0.587916,0.498043
64241,44775,0.000000,0.228763
39740,24632,1.000000,0.992113
521,41531,0.000000,0.873128
32454,64241,0.587916,0.501079
98246,90897,0.000000,0.000806
99952,53832,0.588466,0.553217
48148,99952,0.000000,0.515531
58794,62948,0.000000,0.000717
37119,121913,0.591104,0.603866
100176,36216,0.000000,0.000982
11102,63840,0.000000,0.465912
121913,100343,0.000000,0.000572
67446,84444,0.590332,0.562732
110423,62948,1.000000,0.997900
98282,84444,0.590160,0.585838
84444,74589,0.589981,0.590774
78170,10977,0.000000,0.000940
58794,108543,0.590160,0.566927
99952,24323,0.000000,0.001641
122306,285,0.591636,0.620690
99952,78170,0.000000,0.001635
37119,47048,0.000000,0.472479
88329,285,0.591636,0.596086
100176,62948,0.000000,0.000745
57324,100343,0.000000,0.000880
99952,122505,0.588200,0.559325
118438,37041,0.591104,0.579582
118542,99952,0.588466,0.557123
10413,37119,0.590498,0.573282
36216,88329,0.000000,0.000814
90030,37964,0.591104,0.586815
10925,37210,0.589794,0.553682
121913,37964,0.591378,0.616238
37041,78170,0.000000,0.000723
18254,17494,0.588717,0.570534
37551,121913,0.591243,0.607081
53832,118542,0.590332,0.625373
100176,38351,0.590498,0.572110
108543,99952,0.588466,0.516156
9995,26405,0.000000,0.602636
78435,38351,0.000000,0.000940
67446,56325,0.000000,0.001973
10925,100176,0.589794,0.555913
114224,18254,0.589794,0.558726
38351,42459,0.591104,0.608576
35901,78170,0.000000,0.000948
57324,90030,0.590332,0.603193
29247,98437,0.591760,0.626096
122306,10977,0.591104,0.615221
17494,71048,0.588717,0.575429
53832,10413,0.590332,0.601858
110423,63840,0.000000,0.000824
10977,35901,0.590812,0.581763
48148,26405,0.556902,0.564710
118438,122306,0.591104,0.609927
122505,37041,0.588200,0.530400
23510,78435,0.000000,0.001192
37119,10413,0.590498,0.573154
28465,98246,0.590160,0.558891
37551,61508,0.000000,0.000865
42459,108543,0.590160,0.593742
23510,61508,0.000000,0.001173
100176,98437,0.590498,0.567439
42459,17494,0.588717,0.584878
90030,114224,0.589794,0.551856
44202,61508,0.000000,0.001943
78435,84444,0.000000,0.001099
37210,78435,0.000000,0.000950
47048,78435,0.000000,0.001926
99952,285,0.588466,0.493435
4765,61508,0.000000,0.000998
285,100343,0.000000,0.000562
61508,90897,1.000000,0.948335
4765,18057,0.000000,0.551016
24323,122306,0.000000,0.001580
42459,37964,0.591378,0.620189
118438,47048,0.000000,0.472477
1413,48148,0.000000,0.600800
4765,38351,0.590332,0.567242
67446,502,0.591509,0.613211
26405,78170,0.000000,0.000943
58794,68390,0.590658,0.602287
24323,9995,0.000000,0.001998
84444,35901,0.590332,0.571697
38351,62948,0.000000,0.000638
114224,99952,0.588466,0.519224
78170,47048,0.000000,0.002236
53832,98437,0.590332,0.603536
9995,37041,0.590332,0.601541
103175,502,0.591509,0.639666
56325,18057,0.000000,0.002959
18254,108543,0.590160,0.617621
4765,62948,0.000000,0.000777
98282,285,0.590160,0.557826
285,57324,0.590332,0.596021
63840,67446,0.590498,0.567268
24323,99952,0.000000,0.001892
37964,10413,0.590498,0.571060
58794,18254,0.590332,0.571825
122306,121396,0.000000,0.001625
122306,118438,0.591104,0.615971
26405,122306,0.000000,0.604002
37551,11102,0.000000,0.457670
88329,56325,0.000000,0.001983
7744,20484,0.000000,0.001874
39009,112542,0.000000,0.000993
119937,1786,0.000000,0.160999
70231,69910,0.000000,0.000001
49377,88875,0.000000,0.000518
101581,85643,0.000000,0.022888
40520,76010,0.000000,0.001356
87327,89872,0.000000,0.000000
77709,7744,0.000000,0.001131
88953,50897,0.000000,0.371934
16634,25209,0.000000,0.100009
47447,90746,0.000000,0.073427
16634,50897,0.000000,0.114472
88875,87511,0.000000,0.013774
109107,58528,0.000000,0.015390
21537,77709,0.000000,0.000294
77508,48836,0.000000,0.000000
21999,14526,0.000000,0.008489
50897,49377,0.000000,0.001300
21999,45404,0.000000,0.006994
21537,30683,0.574333,0.022646
68277,92490,0.000000,0.001785
88875,77508,0.000000,0.000000
65927,1786,0.000000,0.014738
47291,101581,0.000000,0.023837
77508,109107,0.000000,0.000000
87327,48836,0.000000,0.000612
21999,18138,0.000000,0.013177
1786,20761,0.570787,0.032072
65927,77508,0.000000,0.000000
8834,39009,0.000000,0.000236
65927,58528,0.000000,0.014162
70397,18138,0.000000,0.038288
88875,54552,0.000000,0.012638
58528,71987,0.000000,0.011182
26287,101581,0.000000,0.001584
81495,85880,0.000000,0.002407
1786,56297,0.000000,0.003111
54552,76010,0.000000,0.006552
47447,18138,0.000000,0.045091
20761,45404,0.000000,0.005163
87511,21537,0.000000,0.021867
115440,68277,0.000000,0.002048
45404,77508,0.000000,0.000000
85880,76010,0.000000,0.003812
48836,27342,0.000000,0.027910
47291,87511,0.000000,0.024939
8834,27342,0.000000,0.001540
23427,85880,0.000000,0.012581
76010,25209,0.000000,0.019171
1786,81495,0.572750,0.028895
96156,88521,0.000000,0.057027
119504,45404,0.000000,0.006980
56297,50897,0.000000,0.001479
114736,85643,0.000000,0.035858
46007,76010,0.000000,0.009035
47447,25209,0.000000,0.054701
122234,1786,0.000000,0.021411
85880,56297,0.000000,0.003004
27342,112542,0.000000,0.005221
39009,122234,0.000000,0.001594
79769,71987,0.000000,0.042295
106380,89872,0.000000,0.000000
49377,26287,0.000000,0.010099
90746,88521,0.000000,0.069658
13276,69910,0.000000,0.234055
39009,81495,0.000000,0.008700
32056,120644,0.000000,0.000003
114736,50897,0.000000,0.376131
76010,50897,0.000000,0.023982
92490,1786,0.000000,0.043400
23427,119504,0.000000,0.012555
14526,50897,0.000000,0.045005
77508,88953,0.000000,0.000000
54552,120644,0.000000,0.000013
27342,88953,0.000000,0.028748
14526,119937,0.000000,0.050750
76010,77709,0.000000,0.000043
16634,68277,0.000000,0.005359
77508,21537,0.000000,0.000000
88953,114736,0.000000,0.598627
54552,68277,0.000000,0.001361
69910,45404,0.000000,0.001813
27342,101581,0.000000,0.030848
39009,119504,0.000000,0.008963
96156,122234,0.000000,0.004536
89872,115440,0.000000,0.000000
106380,71987,0.000000,0.010993
47291,88521,0.000000,0.020089
81495,48836,0.000000,0.052384
119937,39009,0.000000,0.011892
23427,79769,0.000000,0.053758
45404,26287,0.000000,0.006173
76010,85643,0.572750,0.467412
77709,30683,0.000000,0.002820
20484,85643,0.000000,0.001376
20761,13276,0.000000,0.017862
23427,47447,0.000000,0.012860
77709,56297,0.000000,0.177425
47447,39009,0.000000,0.012312
99804,71870,0.000000,0.024943
109189,96758,0.000000,0.004874
43102,24747,0.000000,0.067871
99779,18581,0.000000,0.021822
35932,99779,0.553791,0.224132
96758,10926,0.000000,0.000000
36146,50647,0.000000,0.041109
24747,12286,0.540875,0.026288
91086,29874,0.000000,0.238410
9629,70391,0.000000,0.150992
104020,6055,0.000000,0.104146
99779,3356,0.000000,0.002513
6055,31805,0.555609,0.271007
104020,64626,0.000000,0.263311
109189,36146,0.000000,0.043562
86458,73819,0.000000,0.055170
8818,46557,0.000000,0.002106
29874,6055,0.554482,0.502258
36146,46557,0.540875,0.129246
50647,10926,0.000000,0.000000
12286,8818,0.000000,0.002740
100636,71870,0.000000,0.177459
53184,86458,0.550680,0.328603
50081,3356,0.000000,0.132189
64878,6055,0.552973,0.188611
54117,29874,0.000000,0.516594
48953,92911,0.000000,0.114370
54117,106532,0.000000,0.274024
22948,12286,0.541406,0.129332
30846,9629,0.000000,0.000274
18238,116414,0.000000,0.000059
101212,120978,0.000000,0.002109
3356,8379,0.000000,0.001480
53184,48953,0.000000,0.169601
9924,18581,0.000000,0.012362
3356,65529,0.000000,0.001289
35932,51344,0.000000,0.229523
100037,104020,0.000000,0.012962
116414,49761,0.000000,0.000475
53184,22948,0.000000,0.115626
35932,72881,0.553791,0.484794
43102,49761,0.000000,0.040618
18581,104020,0.000000,0.010542
22948,29874,0.000000,0.255572
53184,64878,0.550680,0.287371
35932,71870,0.553791,0.193811
30846,53184,0.000000,0.000229
91086,99601,0.540875,0.023115
100636,36146,0.540875,0.124727
100414,12286,0.000000,0.061285
31805,29874,0.554482,0.203444
99804,92911,0.000000,0.308208
91063,54117,0.000000,0.066953
53184,31805,0.550680,0.063221
104020,17255,0.000000,0.042974
48953,51344,0.000000,0.037053
72881,99804,0.000000,0.065227
87326,50081,0.000000,0.000000
52019,92911,0.553791,0.059625
86458,98976,0.000000,0.129761
98976,87326,0.000000,0.000000
8379,53184,0.000000,0.203756
116414,100636,0.000000,0.000299
55670,106532,0.000000,0.009356
99779,72881,0.555081,0.249230
96758,28240,0.000000,0.009181
8818,73819,0.000000,0.003519
43102,99804,0.000000,0.072547
3356,57831,0.000000,0.005607
99601,17255,0.000000,0.026537
53184,36225,0.000000,0.132505
9629,99601,0.000000,0.084071
120978,31805,0.000000,0.000668
9924,18238,0.000000,0.183405
29874,100037,0.000000,0.038855
31805,9924,0.000000,0.252602
101212,73819,0.000000,0.331988
38484,65529,0.000000,0.145849
3356,100636,0.000000,0.000497
48953,99779,0.000000,0.061691
98976,24747,0.000000,0.034203
72881,100414,0.000000,0.162355
8379,99779,0.000000,0.184839
22948,99804,1.000000,0.075751
91086,9924,0.000000,0.113070
110084,48953,1.000000,0.157162
96758,18238,0.000000,0.001441
55670,88125,1.000000,0.999538
36225,6055,0.000000,0.315889
116414,120978,1.000000,0.782963
100037,99804,0.000000,0.082985
70391,22948,0.540274,0.050782
120978,28240,0.000000,0.008676
96758,87326,0.000000,0.000000
18581,38484,0.000000,0.035179
36225,10926,0.000000,0.000000
29874,50647,0.000000,0.370046
54117,8379,0.000000,0.350376
100037,12286,0.000000,0.148169
109189,70391,0.000000,0.104939
49489,3611,0.000000,0.157665
121497,15664,0.000000,0.539620
69392,20574,1.000000,0.999528
116470,15664,0.000000,0.505474
90462,93909,1.000000,0.977039
113663,86971,0.000000,0.000144
57202,113663,0.000000,0.000666
8093,48899,1.000000,0.975007
8093,62083,1.000000,0.957319
53678,55615,0.000000,0.000671
25312,832,0.000000,0.003007
48111,80847,0.000000,0.003397
91343,6096,0.000000,0.005870
15741,97052,0.000000,0.013893
20574,93909,1.000000,0.982038
93909,8093,1.000000,0.981337
27803,97052,1.000000,0.536126
48111,7415,1.000000,0.990964
71513,15664,0.000000,0.214982
114629,88948,0.000000,0.280900
97052,27791,1.000000,0.578689
3611,120978,0.000000,0.001865
93909,65930,1.000000,0.976325
121632,27803,1.000000,0.534084
69392,48899,1.000000,0.999034
79871,57202,1.000000,0.999371
39527,7415,1.000000,0.991183
60897,27791,1.000000,0.598627
53678,82030,1.000000,0.991449
121497,27639,1.000000,0.621548
71513,6096,1.000000,0.081785
80847,77601,0.000000,0.000175
51494,54079,1.000000,0.324599
87622,7415,1.000000,0.988535
121497,57202,1.000000,0.260125
27791,60489,1.000000,0.044722
64529,88948,1.000000,0.451001
116470,97052,1.000000,0.604950
93909,48111,1.000000,0.981913
49489,51494,0.000000,0.000925
49489,71513,0.000000,0.000716
27791,116470,1.000000,0.567343
48111,40434,1.000000,0.365586
64529,80847,0.000000,0.047725
93909,121657,1.000000,0.985194
120978,40434,1.000000,0.326221
48899,93909,1.000000,0.973250
15233,121497,1.000000,0.549575
29413,15741,0.000000,0.010555
121497,39527,1.000000,0.084340
54079,50847,1.000000,0.487914
49489,57162,0.000000,0.000721
113663,101725,0.000000,0.000751
27803,52654,1.000000,0.038598
120978,49489,0.000000,0.000666
54079,7415,1.000000,0.079062
64529,15664,0.000000,0.145410
121632,54079,1.000000,0.608896
82309,54079,1.000000,0.504845
93909,121632,1.000000,0.058230
50847,54079,1.000000,0.471615
3611,48899,0.000000,0.000747
120978,90462,1.000000,0.967958
82309,60897,1.000000,0.472517
60060,3611,0.000000,0.001791
65930,27803,1.000000,0.097547
86971,6096,1.000000,0.067913
88948,121497,1.000000,0.548746
91343,92396,0.000000,0.000245
54079,121632,1.000000,0.613290
48111,49966,1.000000,0.080802
54079,121497,1.000000,0.629556
7415,30897,1.000000,0.980746
60897,15233,1.000000,0.535135
27803,39527,1.000000,0.041561
6096,114045,1.000000,0.138860
15741,55615,0.000000,0.294469
48111,50847,1.000000,0.158881
20574,60897,1.000000,0.217043
69392,49489,0.000000,0.001558
46221,116470,1.000000,0.544779
25312,40434,0.000000,0.003069
121632,57202,1.000000,0.186937
15741,3611,0.000000,0.270459
55615,30897,0.000000,0.000274
62083,20574,1.000000,0.999132
48899,49489,0.000000,0.000251
121657,79871,1.000000,0.998852
90462,97052,1.000000,0.066246
49966,54079,1.000000,0.621176
71513,25312,0.000000,0.001479
114045,87622,1.000000,0.996896
3611,50847,0.000000,0.013568
3611,8093,0.000000,0.002410
46221,49489,0.000000,0.002478
113663,120978,0.000000,0.000560
79871,6096,1.000000,0.066235
91343,121632,0.000000,0.005567
113663,51494,0.000000,0.000604
97052,86971,1.000000,0.040609
97908,80416,1.000000,0.746387
70970,34233,0.000000,0.001225
57675,25143,0.586934,0.407354
122111,97908,0.590160,0.600634
34233,122828,1.000000,0.156242
62083,16147,0.000000,0.000209
21332,37813,0.587612,0.549131
39226,2232,0.590498,0.573182
46901,107701,0.591104,0.641151
115077,69437,0.000000,0.000861
63608,122111,0.590160,0.592489
48724,20289,0.000000,0.137223
113794,53306,0.590498,0.589094
39226,45861,0.588466,0.496702
73099,110018,0.590160,0.610716
25744,120765,0.587286,0.506633
17192,94224,0.589794,0.558916
122828,100530,0.000000,0.001401
10995,98664,0.589599,0.591734
2232,98664,0.590498,0.573952
25744,48724,0.587286,0.485425
7333,2232,0.590160,0.600345
87609,98664,0.588466,0.504106
110018,10995,0.589599,0.606047
36335,66110,0.590960,0.584691
15828,39226,0.589981,0.598125
69437,61395,0.000000,0.000884
34233,122111,0.000000,0.001483
98664,53306,0.590658,0.578042
34233,92552,0.000000,0.003740
69437,17192,0.589794,0.590996
63874,122111,0.000000,0.007829
39226,43198,0.590498,0.599370
107701,36335,1.000000,0.758689
114174,17192,0.589794,0.560651
45232,110018,0.590332,0.577584
76511,92552,0.000000,0.112637
114174,80416,0.590160,0.565293
45232,46901,0.591104,0.585090
63608,107839,0.000000,0.165487
69437,42594,0.589981,0.616760
87816,308,0.000000,0.000907
46901,20289,0.000000,0.128654
120765,17192,0.589794,0.595805
115077,62083,1.000000,0.995838
107701,100530,0.590160,0.562555
99358,90575,0.590160,0.566790
90575,82794,0.587612,0.543182
122828,98664,0.000000,0.001068
63874,70970,0.000000,0.006154
43198,45861,0.588466,0.560048
107701,82794,0.587612,0.528028
62715,59668,0.589395,0.588406
8867,97908,0.000000,0.444229
2232,61395,0.000000,0.000870
57151,25143,0.000000,0.444872
45861,90575,0.588466,0.516152
63874,308,0.000000,0.007322
76511,94224,1.000000,0.762989
122111,120765,1.000000,0.776231
114174,25744,0.587286,0.453345
113794,18389,0.590498,0.585703
62083,113794,0.000000,0.000274
308,98664,0.590498,0.605352
59864,46901,0.591104,0.586317
37813,308,0.587612,0.517375
82794,18389,0.587612,0.504643
36335,53306,0.590658,0.577612
42682,7333,0.590160,0.594233
87609,308,0.588466,0.552167
16147,8867,0.000000,0.442402
25744,87816,0.000000,0.001989
82794,70970,0.587612,0.560910
45168,18389,0.590498,0.563703
76511,21332,0.588717,0.570623
16147,90575,0.590160,0.556945
73099,114174,1.000000,0.598526
42594,17192,0.589794,0.594830
58028,37813,0.587612,0.467157
87609,90575,0.588466,0.516057
36335,122828,0.000000,0.000918
25744,42594,0.587286,0.510377
66110,115077,0.000000,0.000739
21332,100530,0.588717,0.578011
114174,63608,0.590160,0.552139
7333,92552,0.000000,0.203211
57675,87816,0.000000,0.000463
107839,15732,0.000000,0.254521
17192,7333,0.589794,0.589275
113794,82794,0.587612,0.561463
76511,70970,0.590332,0.595320
45232,43198,0.590498,0.599408
110018,76511,1.000000,0.585907
107839,32278,0.000000,0.168070
25143,107701,0.586934,0.417370
122111,59668,0.589981,0.597537
110018,7333,0.590160,0.610608
34233,45168,0.000000,0.000810
110018,42594,0.589981,0.610227
62083,87816,1.000000,0.996110
115861,77993,0.000000,0.001599
52961,83915,0.000000,0.002301
59099,55138,1.000000,0.996221
70009,32916,1.000000,0.904126
62083,111399,1.000000,0.996262
68199,16245,1.000000,0.866135
104459,118410,0.000000,0.000861
61395,90475,1.000000,0.997003
113386,68199,1.000000,0.891827
116097,40461,1.000000,0.934126
111399,106575,1.000000,0.996887
16219,43595,1.000000,0.874312
115861,2142,1.000000,0.900994
70009,116097,1.000000,0.874934
83915,50937,0.000000,0.000592
59099,18443,1.000000,0.996816
16245,22296,1.000000,0.941118
52961,56617,0.000000,0.001009
20983,62083,0.000000,0.000416
113386,62083,1.000000,0.991329
1394,16219,0.000000,0.001524
77993,118550,0.000000,0.000970
32499,29476,1.000000,0.891512
81286,40461,1.000000,0.996793
122377,62083,1.000000,0.994999
110005,77993,0.588717,0.524282
110225,16039,1.000000,0.813634
22296,13798,1.000000,0.906727
13798,55138,1.000000,0.949826
90475,81286,1.000000,0.996961
12244,13798,1.000000,0.956669
52961,50937,1.000000,0.920258
52961,8917,1.000000,0.912974
43595,50937,1.000000,0.829917
25254,30564,0.000000,0.008788
106575,43595,1.000000,0.879691
61395,22296,1.000000,0.944508
20983,118410,0.000000,0.001098
114350,70009,1.000000,0.928025
116557,104459,0.000000,0.000960
115861,69559,1.000000,0.905402
13798,77993,0.000000,0.001085
118410,65858,1.000000,0.946772
105697,100587,1.000000,0.950632
61395,70009,1.000000,0.927966
110225,31506,1.000000,0.997143
52961,59099,1.000000,0.921306
111463,31506,1.000000,0.996894
110225,90218,1.000000,0.997191
31449,2142,1.000000,0.994883
81286,25244,1.000000,0.916599
68199,69559,1.000000,0.858447
90218,24757,1.000000,0.996854
8888,77993,0.000000,0.001559
32499,52961,1.000000,0.895133
25254,118410,0.000000,0.001589
16039,16219,1.000000,0.701982
25244,111463,1.000000,0.890898
118550,110225,1.000000,0.996942
63417,116557,0.000000,0.002008
74544,106575,1.000000,0.917494
114350,13798,1.000000,0.956959
111399,122377,1.000000,0.995178
63417,12244,0.000000,0.002192
20983,16219,0.000000,0.001064
18443,81286,1.000000,0.996690
81286,62083,1.000000,0.995856
8888,16245,1.000000,0.991369
90218,25254,0.000000,0.001888
81286,25254,0.000000,0.001941
41910,70009,1.000000,0.923301
8888,30564,1.000000,0.822550
81286,100587,1.000000,0.950568
83915,13798,0.000000,0.001428
20983,110225,0.000000,0.001101
16219,105697,1.000000,0.997148
13798,59099,1.000000,0.950452
63417,118550,0.000000,0.002078
100587,96317,1.000000,0.840355
111463,2142,1.000000,0.996897
25254,122377,0.000000,0.001860
68199,62083,1.000000,0.811909
111399,113806,1.000000,0.990794
111463,31449,1.000000,0.995262
116557,12244,1.000000,0.996300
96317,106575,1.000000,0.860971
11706,43595,1.000000,0.877516
113806,111399,1.000000,0.990351
16219,40461,1.000000,0.997315
8917,25244,1.000000,0.907409
41910,13798,1.000000,0.948345
116557,50937,1.000000,0.997279
56617,11706,0.000000,0.000560
24757,113806,1.000000,0.989806
25244,118550,1.000000,0.891467
90475,74544,1.000000,0.934648
2142,59099,1.000000,0.996801
43447,43595,1.000000,0.873143
8917,115861,1.000000,0.919598
114350,62083,1.000000,0.995592
109089,22177,0.000000,0.000000
105452,438,0.000000,0.055181
115659,53366,0.000000,0.004190
72454,114415,0.000000,0.000103
31249,72454,0.000000,0.000120
23928,51789,0.000000,0.280534
33947,108988,0.000000,0.050148
108988,35991,0.000000,0.098350
43749,31491,0.000000,0.315895
70503,81261,0.000000,0.024689
105452,108988,0.000000,0.063725
91149,106564,0.000000,0.000198
31491,94758,0.000000,0.285976
81261,84929,0.000000,0.001883
106564,88063,0.000000,0.002784
108433,75925,0.000000,0.027127
106564,61034,0.000000,0.145475
114415,72454,0.000000,0.000155
88063,19141,0.000000,0.001171
11367,39584,0.000000,0.160658
95572,84929,0.000000,0.017216
51789,8715,0.000000,0.043313
60491,65168,0.000000,0.133118
55771,33947,0.000000,0.066602
112411,84929,0.000000,0.022397
81261,61034,0.000000,0.010424
53366,59851,0.000000,0.001567
115659,43749,0.000000,0.204527
85930,106564,0.000000,0.000137
84929,8715,0.000000,0.549445
95391,55771,0.000000,0.001201
84929,75925,0.000000,0.204741
61034,78064,0.000000,0.002899
82858,39584,0.000000,0.056995
51789,85930,0.000000,0.294032
89687,108988,0.000000,0.013910
115659,72454,0.000000,0.000432
33534,62083,0.000000,0.000130
85930,83657,0.000000,0.000485
108433,89687,0.000000,0.013872
53366,88063,0.000000,0.260935
108988,56738,0.000000,0.079010
55771,40997,0.000000,0.030372
23928,65168,0.000000,0.296449
85930,40997,0.000000,0.315570
56738,62292,0.000000,0.155832
62292,108433,0.000000,0.050990
53366,89687,0.000000,0.002955
82858,40997,0.543965,0.430783
88063,108988,0.000000,0.005061
65168,95391,0.000000,0.001655
11367,95572,0.000000,0.090741
62747,31491,0.000000,0.316784
51789,81261,0.000000,0.001860
55059,31249,0.000000,0.077939
43749,22177,0.000000,0.000000
75925,84929,0.000000,0.242264
22177,43749,0.000000,0.000000
94758,65168,0.000000,0.259955
29416,109089,0.000000,0.000180
23880,39584,0.000000,0.230412
82858,43749,0.000000,0.336544
22177,21,0.000000,0.000000
81261,39584,0.000000,0.006910
55059,108433,0.000000,0.060089
31211,95391,0.000000,0.001191
35991,62083,0.000000,0.001418
116685,531,0.000000,0.000383
60491,531,0.000000,0.002353
72454,108433,0.000000,0.000039
112411,32372,0.000000,0.000239
40997,95391,0.000000,0.005037
23880,62292,0.000000,0.119661
19141,31491,0.000000,0.000066
70503,29416,0.000000,0.012694
108988,59851,0.000000,0.065454
83657,108988,0.000000,0.000680
94758,531,0.000000,0.000796
33947,32062,0.000000,0.001999
115659,106564,0.000000,0.000303
39584,59851,0.000000,0.104753
35991,82858,0.000000,0.116239
89687,21,0.000000,0.149199
35991,8715,0.000000,0.053283
55771,115659,0.000000,0.023054
438,62083,0.000000,0.000145
531,23928,0.000000,0.001319
78064,70503,0.000000,0.020158
31491,39584,0.000000,0.047260
14191,73989,0.000000,0.007625
82858,75925,0.000000,0.075798
105452,33947,0.000000,0.101938
29416,55771,0.000000,0.016173
8715,23880,0.000000,0.048590
105452,62292,0.000000,0.139422
29416,531,0.000000,0.001229
88063,81261,0.000000,0.035464
85930,84929,0.000000,0.064991
21,85930,0.000000,0.419746
55771,59088,0.000000,0.040611
37236,58565,0.000000,0.003803
94975,18614,0.000000,0.020940
8022,21038,0.594280,0.658572
34128,48906,0.000000,0.268437
109632,110922,0.594070,0.621662
5658,20876,0.000000,0.054584
55676,97942,0.593998,0.371595
44450,53204,0.595089,0.676817
37236,67688,0.000000,0.014819
58443,30567,0.000000,0.002589
104057,57155,0.000000,0.018494
110922,52463,0.579028,0.004203
122489,104057,0.000000,0.100904
5658,86936,0.000000,0.006112
102960,66249,0.000000,0.014693
95306,117481,0.000000,0.007545
55610,72206,0.593924,0.362220
65779,95306,0.593773,0.619309
38759,35179,0.000000,0.001383
20278,48906,0.000000,0.170679
48906,90514,0.000000,0.005427
66249,117481,0.542553,0.031309
41481,65133,0.000000,0.608455
65779,55610,0.597638,0.136620
110922,104057,0.593849,0.637759
48906,97942,0.000000,0.198400
122489,37236,0.000000,0.101252
90131,62083,0.000000,0.000080
34128,117481,0.000000,0.008757
19493,48906,0.000000,0.424348
8022,90514,0.000000,0.005330
1108,86936,0.000000,0.001880
58565,58443,0.000000,0.013007
47667,13306,0.594546,0.317175
38759,65133,0.000000,0.014418
41481,58565,0.000000,0.001723
19558,67602,0.000000,0.017093
90131,20278,0.000000,0.003512
115221,70636,0.000000,0.039689
14991,94975,0.000000,0.022083
99072,55676,0.000000,0.008614
58565,13306,0.000000,0.001785
70636,22835,0.000000,0.012545
70636,34128,0.000000,0.026989
44450,19493,0.593773,0.633842
66249,122489,0.000000,0.350951
37236,72206,0.593924,0.570706
115221,22835,0.000000,0.013419
67688,3541,0.000000,0.019865
21038,95306,0.593773,0.636037
58443,66249,0.000000,0.001771
90131,49837,0.000000,0.003226
48906,41481,0.000000,0.210722
55610,35179,0.000000,0.000576
35066,47667,0.000000,0.010728
29467,52463,0.000000,0.000834
67602,34128,0.000000,0.006069
30567,21656,0.000000,0.091329
35066,52463,0.000000,0.000200
66249,95306,0.000000,0.072622
122489,72424,0.000000,0.077166
53204,115221,0.595364,0.648633
30567,29467,0.000000,0.129591
44450,113663,0.595089,0.666374
21038,115221,0.595573,0.631641
30567,117481,0.000000,0.009315
19558,38759,0.000000,0.060300
35179,21038,0.000000,0.000939
87091,53065,0.594211,0.660025
72424,65133,0.000000,0.457478
3541,97942,0.000000,0.000650
34128,122489,0.000000,0.170023
35179,18614,0.000000,0.000598
113663,74674,0.594280,0.636570
37236,30567,0.594348,0.642854
8022,52463,0.579028,0.009061
72206,14991,0.593924,0.593291
21656,104057,0.000000,0.096548
99072,5658,0.000000,0.005876
86936,1108,0.000000,0.001728
57155,41481,0.000000,0.019411
22835,44450,0.000000,0.016089
104057,90131,0.000000,0.004998
52257,18614,1.000000,0.639265
97942,67186,0.000000,0.014007
34128,95306,0.593773,0.638028
55676,35066,0.000000,0.010195
67688,19558,0.000000,0.011073
30567,115221,0.594481,0.640304
109632,115221,0.594070,0.633411
87091,14991,0.594211,0.658526
95306,72424,0.593773,0.503470
117481,55676,0.000000,0.014626
122489,67186,0.000000,0.033600
58443,3541,0.000000,0.003933
55676,58443,0.000000,0.001534
53204,44450,0.595089,0.676549
22835,14991,0.000000,0.011020
55676,109632,0.594070,0.479322
53065,35179,0.000000,0.001036
71534,79883,0.589794,0.594030
84172,79883,0.589794,0.585281
17417,106702,0.000000,0.000845
52257,71192,0.591760,0.618807
33521,10870,0.591378,0.591682
118530,38791,0.000000,0.000879
58430,80417,0.590658,0.540063
106820,61821,0.000000,0.001281
71534,44426,0.590332,0.674046
71260,95975,0.589794,0.587493
50596,61760,0.589794,0.554229
89341,37511,0.590498,0.572689
100554,71477,0.000000,0.001329
32263,884,0.588200,0.484329
68773,118200,0.589395,0.549530
89341,118200,0.589794,0.556477
884,82982,0.588200,0.505615
106750,42979,0.589599,0.575007
10870,32263,0.591104,0.584538
108813,80417,0.586551,0.494416
66667,71260,0.000000,0.001837
72673,80417,0.665520,0.606209
52257,101761,0.000000,0.001235
106702,83371,0.000000,0.000621
89286,89341,0.590160,0.568127
100554,118530,0.589794,0.556107
33521,84670,0.587612,0.524118
108813,32263,0.586551,0.481860
68773,71086,0.589395,0.532225
83072,89286,0.590160,0.558293
118200,71534,0.589794,0.588046
24421,106820,0.000000,0.000781
13803,17417,0.664725,0.474689
79883,33521,0.589794,0.548657
59184,38497,0.000000,0.000903
61760,71260,0.590658,0.601697
79883,40959,0.589794,0.543645
3573,118530,0.590498,0.606524
42979,32263,0.591104,0.615650
52257,61760,0.590658,0.593720
62083,884,0.000000,0.000643
17417,108813,0.586551,0.495211
7420,32263,0.589981,0.557325
40959,48543,0.000000,0.000672
83072,50596,0.589794,0.546170
71192,32263,0.591104,0.584158
80417,108813,0.586551,0.484035
17417,44426,0.589794,0.544576
116015,103377,0.591104,0.583193
71086,32263,0.591104,0.584614
62083,79883,0.000000,0.000367
95975,38791,0.000000,0.001056
37511,58430,0.591104,0.557262
99888,97375,0.589794,0.547340
13803,95975,0.664161,0.753842
61760,71086,0.590658,0.572491
35656,44426,0.588717,0.560640
74904,71260,0.589395,0.571748
83371,44426,0.590332,0.596067
106750,52257,0.589599,0.551691
28390,40308,0.591104,0.613997
40959,37511,0.591104,0.583429
61302,24421,0.589180,0.584701
24421,89341,0.590498,0.572104
118530,40959,0.590498,0.566556
100554,71086,0.589794,0.545142
72673,3573,0.590658,0.628673
83072,28390,0.591243,0.609447
79883,59184,0.589794,0.553558
35656,103377,0.588717,0.497605
61760,106702,0.000000,0.000858
103007,89341,0.589180,0.584968
51952,99888,0.000000,0.001063
115619,80417,0.665520,0.606209
61302,50596,0.589180,0.584405
33521,50596,0.589794,0.548405
33521,38791,0.000000,0.000699
103377,40308,0.591104,0.582938
62083,40308,0.000000,0.000251
58430,51952,0.000000,0.000291
61760,37511,0.590658,0.576909
103377,61302,0.589180,0.570621
84670,38497,0.000000,0.002493
71260,71192,0.591509,0.618879
32263,24421,0.591104,0.604388
50596,71192,0.589794,0.544655
62083,80417,0.000000,0.000287
71534,7420,0.589981,0.598703
17417,71477,0.000000,0.001050
79883,44426,0.589794,0.588362
38497,116015,0.000000,0.000892
59184,89286,0.590160,0.565380
71192,115619,0.590658,0.601265
24421,95975,0.589794,0.550164
84172,50596,0.589794,0.585050
40959,106702,0.000000,0.000595
61302,38791,0.000000,0.001182
13803,68048,0.589794,0.581313
95975,72673,0.589794,0.586703
61821,44426,0.589599,0.612977
53806,32434,0.590960,0.666292
53806,42960,0.000000,0.000687
32434,34389,0.588466,0.501700
104638,112584,0.000000,0.581443
103195,80867,0.000000,0.563182
42154,41522,0.588955,0.530709
100035,54668,0.000000,0.000670
92705,18680,0.000000,0.001090
1019,74551,0.000000,0.001472
23954,11606,0.590960,0.583107
121777,72217,0.590160,0.562822
91288,74551,0.000000,0.001125
57040,103195,0.000000,0.574560
82175,16694,0.000000,0.003361
84814,102507,0.000000,0.002191
87494,82175,0.000000,0.001421
41835,80840,0.000000,0.003915
41835,104059,0.000000,0.003930
72217,122732,0.000000,0.584785
87494,17273,0.000000,0.001924
103195,57040,0.000000,0.574512
69074,121555,0.590332,0.545037
34389,18680,0.000000,0.001657
105440,72217,0.589981,0.549204
153,104638,0.000000,0.574151
116806,120983,0.588717,0.523384
114868,118209,0.588717,0.523762
59165,54668,0.000000,0.000811
18680,59165,0.000000,0.001022
34389,62404,0.588466,0.508409
92705,91288,0.589794,0.553705
76839,29429,0.588200,0.503280
121555,62083,0.000000,0.000252
120325,76923,0.591104,0.592879
118209,105440,0.588717,0.551591
62404,102392,0.589599,0.546650
121777,91288,0.590160,0.565016
120325,54668,0.000000,0.000698
11606,102507,0.000000,0.001381
104638,76839,0.588200,0.563767
60521,59341,1.000000,0.716051
18680,117941,1.000000,0.902214
114868,91288,0.590332,0.570649
41522,104059,0.000000,0.522674
84814,74551,0.000000,0.002248
62404,104059,0.000000,0.516732
62404,41835,0.000000,0.001727
42960,56565,0.000000,0.000969
100035,41835,0.000000,0.001548
112584,23954,0.000000,0.570446
106964,11606,0.590812,0.631799
117941,18180,0.000000,0.004049
17273,116806,0.588717,0.537257
23954,87494,0.000000,0.001050
118209,80840,1.000000,0.725421
18180,56565,0.555219,0.489656
49222,102507,1.000000,0.934572
102507,80867,0.000000,0.001718
82175,62083,0.000000,0.000305
84814,118209,0.000000,0.529113
18180,76839,0.000000,0.513353
122732,18680,0.000000,0.000645
122732,72217,0.000000,0.584586
82175,57040,0.589981,0.558469
116806,34389,0.588466,0.534502
1019,72217,0.589794,0.551181
104638,121555,0.588955,0.591920
42154,7722,0.000000,0.529005
34389,117941,0.000000,0.003129
121555,42960,0.000000,0.000693
42154,100529,0.588955,0.524248
120325,4189,1.000000,0.718200
1019,104059,0.000000,0.526987
62404,54668,0.000000,0.000746
103421,62404,1.000000,0.732815
67499,62404,0.590812,0.581250
120983,91288,0.590332,0.571213
100035,103195,0.557852,0.571758
117941,49222,1.000000,0.872770
100529,33416,0.590658,0.578585
112584,100035,0.557852,0.571801
54668,104638,0.000000,0.001247
87494,76923,0.000000,0.001226
18180,17273,0.000000,0.506777
42154,34389,0.588466,0.526593
104059,102507,0.000000,0.002034
67499,118209,0.588717,0.513582
11606,92705,0.589794,0.552668
62083,76923,0.000000,0.000205
54668,118209,0.000000,0.001592
103421,96439,0.590332,0.570761
1019,121777,0.589794,0.559868
122732,114868,0.000000,0.562366
34389,103195,0.000000,0.513377
7588,80840,0.588717,0.536899
57040,18680,0.000000,0.000803
122732,33416,0.000000,0.573332
49222,120325,0.000000,0.000943
7588,69074,0.588955,0.515382
33416,106964,0.590658,0.652128
79304,120373,1.000000,0.899723
103516,30197,0.000000,0.004529
122433,67668,0.589395,0.568611
54612,55376,0.588717,0.566190
61387,33485,0.000000,0.570780
18480,92946,0.000000,0.007514
121356,116079,0.588955,0.565219
8545,75163,0.679774,0.736264
11264,35520,0.000000,0.010470
80376,118056,0.000000,0.005394
13833,39117,0.587916,0.544708
105591,1303,0.000000,0.084650
78497,98243,0.589180,0.573524
80376,77916,0.000000,0.003830
39582,92946,0.000000,0.012756
112200,59141,0.588200,0.565023
102550,75163,0.588717,0.564549
18480,102550,0.000000,0.006386
121356,67668,0.588955,0.578582
62083,49807,0.000000,0.000980
62083,75163,0.000000,0.000744
21074,53519,0.000000,0.003414
111974,59141,0.588955,0.572967
41308,21923,0.589981,0.586575
77916,117904,0.590332,0.588074
62083,8545,0.000000,0.000745
80376,49807,0.000000,0.006731
41975,78497,0.589180,0.577049
111974,54612,0.588717,0.562853
62083,112200,0.000000,0.000793
79388,30197,0.000000,0.007603
117102,54612,0.000000,0.009340
117102,39117,0.000000,0.009334
41308,67668,0.589395,0.576092
76328,117102,0.000000,0.010904
77916,58558,0.000000,0.010382
8545,80376,0.000000,0.004767
79388,35520,0.000000,0.007386
57685,41975,0.000000,0.004754
18480,79388,1.000000,0.852149
62083,207,0.000000,0.000619
102550,21074,0.588717,0.566935
120373,11264,1.000000,0.582442
41975,4443,0.589395,0.579424
41308,92946,0.588200,0.541798
103516,79388,1.000000,0.852044
62083,38057,1.000000,0.217765
103516,57685,1.000000,0.995547
2913,53519,0.000000,0.002284
112200,13833,0.587916,0.541855
11264,62083,1.000000,0.257054
8545,67668,0.679774,0.580389
98243,2913,0.590658,0.596051
60265,120871,0.587916,0.537422
122433,11264,0.000000,0.008714
76328,4443,0.587612,0.526681
111974,53519,0.000000,0.003065
60265,2606,0.679774,0.470654
207,59141,0.588955,0.568917
9615,92946,0.588200,0.559469
2913,30197,0.589794,0.574311
54499,79304,0.000000,0.005244
53519,111974,0.000000,0.003141
54499,76328,0.587612,0.530517
55376,77916,0.589180,0.570112
18216,62083,0.000000,0.000570
21074,1303,0.588717,0.570744
8491,9615,0.589180,0.566666
31161,8545,0.000000,0.008484
114942,78497,0.000000,0.043279
21074,4443,0.588955,0.570449
78497,62083,0.000000,0.000940
61387,2913,0.588955,0.548209
67668,117102,0.000000,0.011396
1303,62031,0.588717,0.580475
53492,1303,0.587612,0.550929
30197,62031,0.589794,0.587675
11264,62031,0.000000,0.013932
18216,21923,0.589981,0.586382
53519,54499,0.000000,0.003490
75163,120373,0.000000,0.004044
76328,116079,0.587612,0.513517
38057,80376,1.000000,0.262161
112200,62031,0.588200,0.567583
8491,54499,0.588955,0.558968
79388,21923,0.000000,0.007586
57685,106371,0.000000,0.019807
57685,114942,0.000000,0.020462
58558,80376,1.000000,0.571666
121356,8545,0.588955,0.570240
58558,35520,0.000000,0.010481
105591,4443,0.000000,0.053775
4443,122433,0.589395,0.567622
54499,102550,0.588717,0.566375
9615,106371,0.000000,0.035782
77141,116079,0.000000,0.010487
111974,4443,0.589395,0.587473
54499,76353,0.000000,0.009338
79304,117102,1.000000,0.830060
106371,92946,0.000000,0.058008
40592,70434,0.000000,0.001032
17627,88664,0.588717,0.571031
107485,9655,0.587916,0.502220
19129,85277,0.000000,0.001735
116899,60668,0.589180,0.584882
121885,23557,0.000000,0.001392
41081,17627,0.588200,0.492305
77318,62083,0.000000,0.000404
120662,50916,0.589981,0.591490
54713,5280,1.000000,0.863203
91831,54713,0.000000,0.003574
69683,81934,0.589180,0.585467
40592,12176,0.589599,0.590783
21682,116899,0.589180,0.575925
5958,120746,0.588466,0.549364
50916,40592,0.589599,0.614095
81386,5563,0.589180,0.578249
116899,19129,0.000000,0.001103
120662,30098,0.590332,0.564505
110341,81386,0.664841,0.560259
41081,77318,0.588200,0.518634
69683,89367,0.589180,0.635592
50916,116899,0.589180,0.605853
54713,64871,0.000000,0.002527
36276,64871,0.588955,0.534709
85277,81386,0.588466,0.520266
98883,4756,0.000000,0.002027
48368,4756,0.588466,0.536140
60668,100192,0.589599,0.551940
50916,120746,0.588466,0.564378
77318,109017,1.000000,0.753574
8440,85277,0.000000,0.001798
120746,85277,0.663617,0.731598
81386,61518,0.589794,0.589260
98664,64871,0.588955,0.524070
91831,109017,0.587286,0.481935
116899,48368,0.588466,0.569898
51927,61518,0.590332,0.622807
10335,41871,0.589981,0.615240
70434,40951,0.000000,0.001371
91831,8440,0.000000,0.002109
60668,98664,0.590332,0.567712
116899,117858,0.589180,0.585335
82748,60668,0.590332,0.603442
66776,10600,0.000000,0.000689
60668,85277,0.588466,0.514382
5563,111979,0.000000,0.002202
64871,9655,0.588955,0.538053
102861,23465,0.000000,0.002773
121885,117772,0.000000,0.001114
69683,115422,0.588200,0.589573
101897,65946,0.589180,0.534622
98664,21682,0.589395,0.537714
42696,5563,0.588717,0.561678
5958,88664,0.588717,0.583741
111979,121885,0.000000,0.002447
19129,30098,0.000000,0.000929
88664,40592,0.588717,0.598892
107485,85277,0.587916,0.512369
10600,116899,0.000000,0.001164
23557,10335,0.000000,0.000993
107485,62083,0.000000,0.000572
42696,63402,0.588717,0.550161
40592,98883,0.000000,0.001678
111979,117772,1.000000,0.834915
61518,85277,0.588466,0.562322
81934,98664,0.590160,0.563445
8440,42696,0.000000,0.001281
60668,38038,0.590332,0.567056
117772,21682,0.000000,0.001275
8440,10335,0.000000,0.000799
116899,8440,0.000000,0.001136
64871,121885,0.588955,0.573290
41081,30098,0.588200,0.487762
120746,51927,0.588466,0.545979
19129,66776,0.000000,0.000773
81934,117858,0.590160,0.565242
107485,41871,0.587916,0.539135
88664,66776,0.588717,0.576879
109017,11984,0.588955,0.526975
12176,17627,0.589794,0.561125
62083,121885,0.000000,0.000490
38038,10335,0.591243,0.611234
116899,4756,0.588955,0.570173
40951,81504,0.000000,0.236214
62083,23557,1.000000,0.995364
8440,23557,1.000000,0.994572
5958,12176,0.589794,0.564055
51927,41871,0.589981,0.616665
63402,62083,0.000000,0.000371
52023,89367,0.589395,0.581178
100192,91831,0.587286,0.464827
10335,42696,0.588717,0.539567
40592,30098,0.589599,0.591654
81934,120662,0.590160,0.559690
120662,62083,0.000000,0.000201
4756,5958,0.588955,0.555946
60668,120746,0.588466,0.513748
98664,61518,0.590332,0.596428
40592,8440,0.000000,0.001067
19909,74933,0.551987,0.608719
89257,59415,0.000000,0.161722
67701,74933,0.000000,0.000963
882,114697,0.551627,0.560132
64764,81286,0.000000,0.001114
92308,68619,0.588717,0.528499
84307,81286,0.000000,0.002235
19598,102667,0.000000,0.001385
15088,69875,0.588717,0.514108
108330,84307,0.548873,0.487775
58809,84307,0.000000,0.211659
114697,106176,0.000000,0.527884
34961,105596,0.000000,0.006682
4705,89408,0.000000,0.091750
81286,58809,0.000000,0.001455
19598,102576,0.587916,0.550235
88301,105596,1.000000,0.400648
12375,84307,0.000000,0.002680
81749,65620,0.000000,0.115044
109623,84307,0.000000,0.003053
19909,92308,0.000000,0.551490
106176,102667,0.000000,0.001685
69875,26867,0.000000,0.111498
71234,105596,1.000000,0.457158
109623,64764,0.000000,0.001340
72144,28642,0.587612,0.571604
81819,92308,0.000000,0.743826
19598,71234,0.000000,0.001101
106575,6219,0.000000,0.001268
122899,108330,0.550079,0.488987
83803,117012,0.550578,0.529509
69875,57207,0.000000,0.000667
47632,72144,0.000000,0.001706
26867,117952,0.000000,0.116577
118778,28016,0.000000,0.546653
26539,117952,0.000000,0.521302
106575,89408,0.000000,0.001130
57207,82726,0.000000,0.000982
65620,117012,0.000000,0.110225
92308,47632,0.000000,0.001081
19909,106176,0.000000,0.531765
118778,26539,0.587286,0.548175
81461,108686,0.000000,0.581763
12375,81749,0.000000,0.000992
117012,102576,0.000000,0.507690
6219,114697,0.000000,0.585366
65620,1856,0.000000,0.107006
19909,81286,0.000000,0.000914
113417,26867,0.000000,0.130284
81749,82726,0.589981,0.596815
102576,115864,0.587916,0.511739
64764,89257,0.000000,0.178416
109623,28016,0.000000,0.001265
83803,19909,0.551987,0.608985
102667,67701,1.000000,0.993529
12375,19909,0.000000,0.000894
65620,64952,0.000000,0.097366
92308,110280,0.000000,0.554832
12375,69875,0.000000,0.000689
4705,81286,0.000000,0.003057
83803,67701,0.000000,0.000864
85367,110280,0.551627,0.558821
107198,69875,0.000000,0.219010
7002,103397,0.589180,0.540926
82161,81819,0.000000,0.573503
111158,105596,0.000000,0.002937
6219,57567,0.000000,0.585242
19598,34961,0.588200,0.588198
28642,12375,0.000000,0.000921
12375,57207,1.000000,0.997408
68619,26867,0.000000,0.126394
1856,105596,0.000000,0.002503
117012,114697,0.550578,0.526976
81286,28642,0.000000,0.001064
64764,105596,0.000000,0.002495
107198,57207,0.000000,0.001369
7002,102630,0.587286,0.455288
106176,110280,0.000000,0.535135
6219,82726,0.589180,0.585226
68619,64952,0.588717,0.522208
4705,89257,0.548873,0.535614
64952,82726,0.590160,0.628121
103397,19909,0.000000,0.537557
28642,34961,0.588200,0.584686
67701,88301,1.000000,0.996947
12375,65620,0.000000,0.002228
19909,19598,0.000000,0.584953
81819,88301,0.000000,0.001019
103397,106575,0.000000,0.001276
81819,109623,0.000000,0.001169
102667,71234,1.000000,0.993508
122899,83803,0.552156,0.569303
62083,19909,0.000000,0.000315
118778,69875,0.587286,0.521515
82161,72144,0.587612,0.546282
88301,111158,0.000000,0.001572
84307,102576,0.000000,0.494299
72144,6219,0.587612,0.577624
882,19598,0.000000,0.584182
106575,88301,1.000000,0.996776
109196,14637,0.000000,0.004301
43365,27733,0.000000,0.000163
74015,112639,0.000000,0.000039
74015,59309,0.000000,0.000001
93529,122832,0.000000,0.000000
25544,43365,0.000000,0.000206
43365,7390,0.000000,0.002228
82895,25544,0.576563,0.704783
38105,53135,0.000000,0.011866
49281,59309,0.000000,0.000000
122832,100515,0.000000,0.000000
38355,90783,0.000000,0.001641
59309,109196,0.000000,0.016698
88903,59309,0.000000,0.001405
54428,9580,0.554578,0.035750
57369,59464,0.000000,0.314898
47624,38303,0.554578,0.056330
43365,75386,0.000000,0.001401
100515,44310,0.000000,0.002613
22052,115151,0.000000,0.028735
4527,70284,0.000000,0.012032
22052,55188,0.000000,0.000000
81855,70284,0.000000,0.012914
100515,55188,0.000000,0.000000
38303,75386,0.000000,0.025612
90783,109196,0.000000,0.002849
109196,115151,0.000000,0.004748
1971,21541,0.000000,0.000782
72655,43365,0.000000,0.000000
107600,53135,0.000000,0.007982
1971,74345,0.000000,0.044190
76137,74015,0.000000,0.000001
40996,3332,0.000000,0.036560
49281,3016,0.000000,0.000000
45217,30443,0.000000,0.206556
72277,21541,0.000000,0.000235
72655,74015,0.000000,0.000022
95601,49281,0.000000,0.000000
14637,43322,0.000000,0.001297
95601,87326,0.000000,0.000000
47624,6958,0.000000,0.000482
90783,111632,0.000000,0.026145
42638,72655,0.000000,0.000000
9580,54428,0.554578,0.042832
43365,45217,0.000000,0.006891
40996,81855,0.000000,0.030677
38105,45217,0.000000,0.027153
27733,45217,0.000000,0.006129
87326,3332,0.000000,0.000000
113322,47624,0.000000,0.000000
82895,43365,0.000000,0.000197
59309,95601,0.554578,0.427948
7390,38105,0.000000,0.008356
74345,39275,0.000000,0.018189
38105,60298,0.000000,0.010728
87326,54428,0.000000,0.000000
1971,113322,0.000000,0.000005
54428,7390,1.000000,0.899313
5747,43261,1.000000,0.899313
3016,89753,1.000000,0.899313
9580,44310,0.000000,0.003229
74015,113322,0.000000,0.009900
38105,93529,0.000000,0.032640
60298,14637,0.000000,0.000955
25310,107600,0.000000,0.000000
100515,54428,0.000000,0.002922
43322,5747,0.000000,0.000496
75386,111632,0.000000,0.010422
6958,9650,0.000000,0.007787
25544,75386,0.000000,0.004782
88903,47624,0.000000,0.000895
89753,57369,0.000000,0.006956
25544,3332,0.000000,0.160019
57369,122832,0.000000,0.000000
25310,43322,0.000000,0.000000
30443,53135,0.554578,0.426987
38355,54428,1.000000,0.899313
122832,25310,0.000000,0.000061
82895,112639,0.000000,0.002464
56569,115151,0.000000,0.020877
93529,107649,0.000000,0.020563
7390,55188,0.000000,0.000000
81855,59309,0.555867,0.306705
7390,115151,0.000000,0.009772
75386,107600,0.000000,0.030764
75386,45217,0.000000,0.026914
25310,74015,0.000000,0.000061
6958,49281,0.000000,0.000002
49281,88903,0.000000,0.000000
59309,14637,0.000000,0.013687
4527,47624,1.000000,0.899313
30443,25310,0.000000,0.000000
81855,25310,0.000000,0.000000
76137,43365,0.000000,0.003648
40996,72655,0.000000,0.000000
22052,6958,0.000000,0.011071
3016,109196,0.000000,0.016341
45217,100515,0.000000,0.007037
70284,88903,0.000000,0.000842
43261,74015,0.000000,0.000001
104790,60976,0.000000,0.084131
108006,29664,0.589981,0.556813
62083,2299,0.000000,0.000834
33370,63816,0.000000,0.001305
98397,112614,0.590960,0.582883
112718,76049,1.000000,0.407605
48491,63975,0.000000,0.736165
26484,62589,0.588466,0.523616
60004,81279,0.000000,0.001889
51245,57038,0.589395,0.480617
57038,53458,0.589794,0.438258
121912,95544,0.000000,0.203308
25936,74993,0.000000,0.000832
49109,2299,0.000000,0.258780
65202,34147,0.587916,0.515938
60004,97405,0.588955,0.572955
49505,76049,0.588466,0.516689
62589,26610,0.589395,0.535961
11601,81279,0.000000,0.002400
108006,49109,0.589981,0.610017
61536,111806,0.587916,0.484270
107516,104790,0.590960,0.613378
53458,116785,0.587916,0.475867
31466,26610,0.587916,0.466425
6646,112614,0.589395,0.534125
74993,2299,0.000000,0.001116
31466,60976,0.000000,0.110632
60976,71696,0.000000,0.095438
111806,97405,0.587916,0.547153
40062,54420,0.000000,0.000640
91340,55939,0.590658,0.547061
26484,26610,0.588466,0.500721
60976,63975,0.000000,0.094973
11601,111806,0.587916,0.533414
111806,49505,0.587916,0.493777
98939,71696,0.000000,0.421998
60004,111806,0.587916,0.508329
103813,31466,0.587916,0.510536
62083,60353,0.000000,0.000226
62083,6646,0.000000,0.000414
71696,26484,0.000000,0.446399
29664,108006,0.589981,0.556890
122437,95544,0.000000,0.242353
48491,29664,0.588955,0.523477
121912,55955,0.000000,0.001813
112718,54420,0.000000,0.001076
55955,78752,0.000000,0.004928
51097,111806,0.000000,0.512632
116785,103813,0.587916,0.512059
86012,116785,0.587916,0.560741
112614,86012,0.588200,0.544737
49505,64490,0.590160,0.569457
47375,54420,0.000000,0.000718
51097,98939,0.000000,0.514068
24239,53458,0.588955,0.525350
26484,14130,0.588466,0.520958
51097,26484,0.000000,0.734648
112614,81279,0.000000,0.001154
14130,63975,0.000000,0.536617
112614,108006,0.589981,0.553596
6646,97405,0.589180,0.576176
49505,17869,0.000000,0.490367
121912,51245,0.000000,0.539546
53458,98939,0.590498,0.574589
97405,47375,0.589180,0.585194
11601,103813,0.588200,0.520995
91340,119584,0.588200,0.556602
55939,112718,0.588466,0.275940
71696,49109,0.000000,0.418366
63816,14130,0.000000,0.001224
40544,26610,0.589599,0.542629
76049,120562,0.588200,0.468701
112614,98397,0.590960,0.582770
60004,62083,0.000000,0.000406
49505,29664,0.590160,0.562791
98397,76049,0.588466,0.501881
98397,74993,0.000000,0.000675
51097,26610,0.000000,0.499996
86012,81279,0.000000,0.003592
60976,61536,0.000000,0.079410
40544,31466,0.587916,0.498792
71696,111806,0.000000,0.459272
76049,81279,0.000000,0.002195
63816,103813,0.000000,0.001942
95544,78752,0.000000,0.211645
116785,40544,0.587916,0.501314
19785,48491,0.588955,0.537221
55955,122437,0.000000,0.001533
2299,49109,0.000000,0.242290
65202,60004,0.588200,0.517878
32187,26610,0.587916,0.548571
103813,60353,0.588466,0.497171
120562,59025,0.000000,0.488726
98939,34147,0.587916,0.483233
29664,62589,0.589395,0.537713
62083,111806,0.000000,0.000708
11601,47375,0.588200,0.494429
95544,121912,0.000000,0.198122
64490,53458,0.590498,0.575285
6646,14130,0.589395,0.550369
29462,34926,0.000000,0.034922
113646,103569,0.000000,0.002003
12016,69503,0.000000,0.006201
74588,103288,0.000000,0.523975
92210,48292,0.559217,0.576016
102477,62943,0.000000,0.000000
92210,12349,0.559054,0.571641
14203,48292,0.558527,0.560261
94346,36577,0.000000,0.358954
5917,88209,0.587884,0.605080
14203,88209,0.000000,0.002012
70083,55161,0.000000,0.019758
11420,92210,0.558710,0.560964
114297,113646,0.000000,0.002437
78786,68930,0.000000,0.010626
68637,65885,0.000000,0.588146
20117,22280,0.000000,0.000728
43772,107856,0.000000,0.003223
78786,101820,0.000000,0.529817
92270,69503,0.000000,0.000618
42645,74588,0.000000,0.031213
2732,14203,0.000000,0.000239
65813,101820,0.000000,0.019567
101820,62943,0.000000,0.000000
11784,69503,0.000000,0.006337
104380,12349,0.558710,0.567698
78786,19416,0.000000,0.022864
17827,68020,0.000000,0.046764
70083,68020,0.000000,0.020220
11420,113646,0.000000,0.003677
121293,94346,0.000000,0.001364
8753,2732,0.000000,0.000697
2732,23962,0.000000,0.001224
68020,53228,0.000000,0.006888
62943,70568,0.000000,0.000000
85112,86682,0.000000,0.102379
103569,12349,0.000000,0.000274
101820,86682,0.000000,0.330624
42645,22280,0.000000,0.192264
22280,29462,0.000000,0.095076
34926,68088,0.000000,0.430388
12016,101820,0.000000,0.529162
62943,48292,0.000000,0.000000
88209,94346,0.000000,0.001667
39779,62943,0.000000,0.000000
112078,80132,0.000000,0.128180
12349,15145,0.000000,0.001265
5917,92270,0.000000,0.002296
12016,100000,0.000000,0.022902
36577,102477,0.000000,0.000719
2732,55161,0.000000,0.003258
78786,65813,0.000000,0.026956
107856,8753,0.000000,0.001716
85112,43772,0.000000,0.018655
53228,88209,0.000000,0.504788
2732,85112,0.000000,0.000165
5917,102477,0.000000,0.613936
100000,15145,0.000000,0.010092
23962,17764,0.000000,0.079029
114297,43772,1.000000,0.087827
107856,29462,0.000000,0.008371
100000,25182,0.000000,0.016415
88209,20117,0.000000,0.006258
121293,36577,0.000000,0.001347
68020,14203,0.000000,0.014754
104380,92270,0.000000,0.031984
29462,12016,0.000000,0.027070
74588,12349,0.559054,0.566276
103288,103569,0.000000,0.000486
11420,42645,0.000000,0.064299
74588,70083,0.558710,0.555550
48292,103288,0.000000,0.514325
30881,19404,0.000000,0.038716
43772,29462,0.540398,0.037191
2732,48292,0.000000,0.000195
12016,121293,0.000000,0.001338
5917,94346,0.000000,0.001845
20117,70568,0.000000,0.006590
92210,112078,0.559054,0.571640
12016,104380,0.558710,0.600158
102477,70568,0.575513,0.694361
102477,68020,0.000000,0.009070
74588,12016,0.558886,0.561032
8753,103288,0.000000,0.002186
80132,114297,0.541220,0.447800
15145,85112,0.000000,0.001154
8753,5917,0.000000,0.002008
25182,80132,0.000000,0.132072
2732,103569,0.000000,0.006040
56179,19416,0.000000,0.050751
8753,14203,0.000000,0.002150
8753,48292,0.000000,0.001825
114297,13452,0.540827,0.113769
80132,78786,0.000000,0.070166
70083,103288,0.000000,0.501305
121293,23962,0.000000,0.008733
17827,53228,0.000000,0.007565
121293,69503,0.000000,0.363957
53228,48292,0.000000,0.000808
65813,112060,0.000000,0.000007
62083,14146,0.000000,0.000112
58292,27726,0.000000,0.212452
81734,68578,0.000000,0.000379
28103,67455,0.000000,0.000166
85023,23182,0.000000,0.540096
30034,38698,0.533096,0.532460
43421,68578,0.000000,0.425329
38032,98128,0.000000,0.085317
45539,46792,0.000000,0.000534
96940,81895,0.541473,0.235012
98128,3165,0.000000,0.042336
70339,32366,0.000000,0.498875
58292,69016,0.542560,0.010712
68578,93052,0.000000,0.007495
67455,62943,0.000000,0.000000
85023,75758,0.000000,0.000690
75758,32366,0.000000,0.001216
118049,38032,0.000000,0.156815
3282,48262,0.000000,0.025551
30034,92115,0.000000,0.389642
46792,67455,0.000000,0.000610
69016,89351,0.000000,0.218438
2678,38032,0.000000,0.012023
69016,30077,0.542560,0.067658
98128,38032,0.000000,0.066311
92115,4497,0.000000,0.473117
85955,70339,0.000000,0.249672
14185,119016,0.000000,0.070890
87313,48262,0.000000,0.299391
56958,46792,0.000000,0.001779
63599,19357,0.000000,0.504966
70339,23182,0.000000,0.235424
54197,85955,0.000000,0.103558
14632,54197,0.000000,0.079692
3165,40364,0.000000,0.564286
14185,69016,0.000000,0.017223
23182,70339,0.000000,0.221203
43455,118049,0.000000,0.375876
34523,86399,0.000000,0.224577
59635,38505,0.000000,0.001182
14185,14255,0.000000,0.088408
63599,34523,0.000000,0.182158
75758,30034,0.000000,0.000223
14632,58292,0.000000,0.068889
2678,85955,0.000000,0.011646
89637,86399,0.000000,0.148741
45539,56958,0.000000,0.000114
70339,59635,0.541044,0.202056
19357,30077,0.541865,0.227907
75758,34523,0.000000,0.000701
70339,14632,0.000000,0.140059
38698,89637,0.000000,0.504282
118049,2678,0.000000,0.028715
62943,27954,0.000000,0.000000
38505,14146,0.000000,0.000582
38032,89637,0.000000,0.531930
38032,3282,0.000000,0.194500
84380,2678,0.000000,0.003286
62943,93052,0.000000,0.000000
30077,56231,0.000000,0.000000
119016,45539,0.000000,0.000206
2678,89637,0.000000,0.012704
14185,2678,0.000000,0.077197
56958,34523,0.000000,0.008468
32366,3165,0.000000,0.175817
30077,14632,0.000000,0.092220
30077,46792,0.000000,0.007144
30077,63599,0.000000,0.101061
84380,70339,0.000000,0.038760
81734,92115,0.000000,0.001066
58292,30034,0.000000,0.164147
40364,38505,0.000000,0.000178
92115,81895,0.000000,0.086867
89351,32432,0.000000,0.074834
14185,54197,0.000000,0.155542
3165,56231,0.000000,0.000000
75758,8458,0.000000,0.000607
8458,59635,0.000000,0.257309
81734,14632,0.000000,0.000987
59635,89637,0.000000,0.076341
75758,81734,0.000000,0.168135
87313,10677,0.000000,0.000162
86399,119016,0.000000,0.077880
93052,2678,0.000000,0.023019
96940,14255,0.000000,0.086912
62083,23182,0.000000,0.000316
30034,19357,0.000000,0.115908
62083,87313,0.000000,0.000054
2678,5147,0.000000,0.000015
98128,111443,0.000000,0.001268
87313,2678,0.000000,0.001551
23182,92115,0.000000,0.085437
70339,87313,0.000000,0.048957
118049,43421,0.000000,0.037066
34523,23182,0.000000,0.381234
70339,111443,0.000000,0.000616
115297,86399,0.000000,0.140818
84799,14185,0.000000,0.016312
62943,70339,0.000000,0.000000
5147,10677,0.000000,0.065430
90470,113798,0.000000,0.030528
107229,50409,0.572027,0.598817
94769,25602,1.000000,0.003681
44269,52364,0.573305,0.580613
49995,53174,0.000000,0.036378
90470,53174,1.000000,0.899142
37040,53174,0.000000,0.001853
55007,37040,0.000000,0.024144
37001,100101,0.000000,0.022850
44269,40842,0.572027,0.499792
50409,104007,0.000000,0.036838
33102,114586,0.000000,0.064632
8109,108187,0.000000,0.015339
92154,53783,0.000000,0.024113
53174,79648,0.000000,0.016815
79648,111364,0.573660,0.555824
58812,117343,0.000000,0.062548
94769,104007,0.000000,0.214200
50409,933,0.000000,0.017032
24354,33102,0.000000,0.001784
64734,5054,0.000000,0.030474
933,100101,0.552950,0.077027
100101,61738,0.000000,0.110946
52364,61224,0.572495,0.487648
50824,108187,0.000000,0.015339
21555,79648,0.574295,0.630311
103416,21555,0.000000,0.018514
6364,100101,0.000000,0.052531
37001,121775,0.574295,0.578177
102815,58602,0.000000,0.026348
21555,107345,0.574295,0.542158
61345,40842,0.572027,0.597505
12333,26609,0.000000,0.011083
25602,21555,0.573989,0.004195
114586,37001,0.574295,0.563284
53783,99740,0.000000,0.003330
50409,8109,0.000000,0.052504
86743,6069,0.572027,0.496326
113798,933,0.000000,0.013797
50409,91942,0.000000,0.052504
100101,14857,0.552950,0.036392
111364,49995,0.572918,0.572006
91942,6069,0.000000,0.026306
49995,12333,0.000000,0.016347
94038,50409,0.572027,0.354062
40842,111364,0.572027,0.456924
15573,54200,0.571503,0.521222
55007,21555,0.572918,0.503550
40842,24354,0.572027,0.004503
121775,50824,0.000000,0.017774
58602,61738,0.572495,0.267197
25602,100101,0.000000,0.002186
91942,25602,0.000000,0.002255
24354,99740,0.000000,0.101724
21555,99054,0.572027,0.386816
90470,117343,0.000000,0.036150
6364,14857,0.000000,0.014939
100101,67103,0.552950,0.157750
94038,40443,0.000000,0.020829
108729,52364,0.000000,0.020565
61345,107345,0.572495,0.299454
102815,53783,0.552950,0.094883
53174,117343,0.000000,0.036150
91942,933,0.552950,0.070352
12333,79648,0.000000,0.009706
99740,54200,0.000000,0.004418
26609,94769,1.000000,0.297111
49995,6364,0.572027,0.541963
114586,42317,0.572027,0.507993
107345,92154,0.573660,0.477062
99054,25602,0.572027,0.005011
90470,24354,0.000000,0.001796
37040,87377,0.000000,0.009024
33102,99054,0.000000,0.045800
111364,21555,0.573660,0.589136
44269,8669,0.000000,0.043479
58602,94038,0.573305,0.519994
61224,108187,0.572495,0.380978
108187,54200,0.572495,0.389319
91942,61738,0.000000,0.110946
44269,111364,0.573305,0.619126
111364,107229,0.572495,0.519938
37040,58812,0.000000,0.006157
58642,14857,0.000000,0.014197
86743,101163,0.572027,0.596985
26609,90470,0.000000,0.025216
52364,108729,0.000000,0.025166
67103,99054,0.000000,0.029348
107229,21555,0.572495,0.447126
79648,86743,0.572027,0.354058
58812,21555,0.000000,0.041006
8109,58812,0.000000,0.141548
114586,37040,0.000000,0.046019
58602,64734,0.000000,0.031598
933,58642,0.000000,0.013062
107229,14857,0.000000,0.014197
94769,53783,0.000000,0.192278
75442,121775,0.573660,0.515140
44269,79648,0.573305,0.521220
108187,15573,0.571503,0.256630
56330,18650,0.000000,0.005917
81210,93343,0.000000,0.199078
115457,82421,0.000000,0.062571
26629,118581,0.000000,0.000000
42719,524,0.000000,0.187001
53125,51401,0.000000,0.250094
118581,28366,0.000000,0.000000
86969,23335,0.000000,0.004225
47362,86969,0.000000,0.032233
111059,22954,0.000000,0.148615
121672,109496,0.000000,0.008891
121672,16918,0.000000,0.256714
118581,82419,0.000000,0.000000
118581,121373,0.000000,0.000000
79887,16622,0.000000,0.004231
9858,82421,0.000000,0.019891
64121,6405,0.000000,0.014010
82421,9858,0.000000,0.024507
121672,109282,0.000000,0.040096
74934,6405,0.000000,0.016589
110331,61526,0.000000,0.157159
120546,16622,0.000000,0.006386
53125,36473,0.000000,0.045028
109496,28366,0.000000,0.024418
40969,23680,0.000000,0.004612
51401,16918,0.000000,0.181991
109282,61526,0.000000,0.010978
42719,88839,0.000000,0.016890
51401,43078,0.000000,0.013707
65406,23680,0.000000,0.004773
22009,115457,0.000000,0.196560
65175,114557,0.000000,0.027147
110331,118581,0.000000,0.000000
43078,119549,0.000000,0.032253
74934,27394,0.000000,0.031313
22954,16622,0.000000,0.046479
86969,110331,0.000000,0.047877
61526,9858,0.000000,0.053514
61526,103365,0.000000,0.015751
79887,47362,0.000000,0.046487
82421,88839,0.000000,0.044309
79887,99294,0.000000,0.002057
9858,45112,0.000000,0.050470
17930,119549,0.000000,0.031590
65406,524,0.000000,0.035728
81210,109496,0.000000,0.031910
82421,45788,0.000000,0.053030
45112,93343,0.000000,0.011827
27394,17930,0.000000,0.119006
26179,111059,0.000000,0.024381
56159,109282,0.000000,0.020788
22954,68449,0.000000,0.106058
72891,118581,0.000000,0.000000
35312,115051,0.000000,0.091036
9858,118581,0.000000,0.000000
49232,93343,0.000000,0.179612
49232,16918,0.000000,0.089283
109282,80113,0.000000,0.081524
45112,17930,0.000000,0.043935
40969,121373,0.000000,0.004884
18650,49232,0.000000,0.005519
119549,79887,0.000000,0.005860
61526,43078,0.000000,0.053138
111059,53125,0.000000,0.025368
35312,109496,0.000000,0.047970
49232,121487,0.000000,0.184391
22009,109282,0.000000,0.093165
115051,49232,0.000000,0.139529
35312,6405,0.000000,0.143055
109282,16918,0.000000,0.048828
109282,42719,0.000000,0.015913
93343,110331,0.000000,0.022321
49232,23680,0.000000,0.210689
23680,22009,0.000000,0.166827
51401,23680,0.000000,0.062865
51401,72891,0.000000,0.081324
68449,26179,0.000000,0.011565
27394,23335,0.000000,0.006505
23680,36473,0.000000,0.143757
109282,27394,0.000000,0.072883
110647,74934,0.000000,0.009318
121672,45112,0.000000,0.005007
36473,112585,0.000000,0.014479
110647,17930,0.000000,0.038234
88839,61526,0.000000,0.015209
23335,88839,0.000000,0.001975
82421,40969,0.000000,0.001983
79887,53125,0.000000,0.003089
49232,65175,0.000000,0.053807
61526,109282,0.000000,0.010111
95543,65406,0.000000,0.001554
74934,79887,0.000000,0.121082
47362,109496,0.000000,0.128196
22954,51401,0.000000,0.026182
65406,109282,0.000000,0.002774
16918,6405,0.000000,0.106247
79887,6405,0.000000,0.010000
82421,103365,0.000000,0.097142
86969,118581,0.000000,0.000000
22009,118581,0.000000,0.000000
57319,115035,0.000000,0.248935
32503,58410,0.000000,0.007130
119810,54447,0.000000,0.000451
23770,90761,0.000000,0.025316
104987,41222,0.000000,0.100960
108010,22468,0.000000,0.054126
55956,76452,0.000000,0.023865
41612,96253,0.000000,0.296399
97071,89926,0.000000,0.176735
9828,23879,0.000000,0.354899
54211,86995,0.000000,0.297696
46792,76452,0.000000,0.000049
31066,95958,0.000000,0.001105
74680,67767,0.000000,0.002817
89926,102317,0.000000,0.217145
111808,96253,0.000000,0.015536
18780,109221,0.000000,0.103587
56231,84489,0.000000,0.000000
120606,23879,0.000000,0.236625
51147,44935,0.000000,0.015616
44935,119778,0.000000,0.027357
40238,23879,0.000000,0.115397
2236,23770,0.000000,0.225402
121357,23770,0.555241,0.112570
91810,74680,0.000000,0.020664
23879,96253,0.000000,0.227737
31066,97489,0.000000,0.000464
82877,54211,0.000000,0.016753
54211,55087,0.000000,0.261156
32503,62943,0.000000,0.000000
70330,56231,0.000000,0.000000
46792,74451,0.000000,0.001124
51147,29449,0.000000,0.044898
104987,70330,0.000000,0.000647
44008,97489,0.000000,0.003358
5692,115035,0.000000,0.001688
9828,67767,0.000000,0.005241
18780,55956,0.000000,0.088669
74680,97071,0.000000,0.024979
69509,91810,0.000000,0.251976
97071,54447,0.000000,0.000055
41612,54211,0.576051,0.360174
86995,68926,0.000000,0.355624
31066,55956,0.000000,0.003954
84146,97071,0.000000,0.289277
81537,68926,0.000000,0.000416
51147,89926,0.000000,0.171020
5692,23770,0.000000,0.000800
108010,101167,0.000000,0.000292
91810,31066,0.000000,0.000934
95958,104987,0.000000,0.472055
97071,58410,0.000000,0.055344
57319,81537,0.000000,0.000455
81537,86995,0.000000,0.001841
44935,41222,0.000000,0.188065
23770,101167,0.000000,0.000834
22468,44935,0.000000,0.033166
74451,18780,0.000000,0.228925
108010,115035,0.000000,0.036322
29449,82877,0.000000,0.022866
120606,69509,0.575585,0.206003
74680,22468,0.000000,0.035704
54211,41612,0.576051,0.311828
95958,97071,0.000000,0.380558
104987,23879,0.575414,0.461185
74451,84146,0.582593,0.269752
76452,95958,0.000000,0.031831
46792,84489,0.000000,0.000634
119810,102317,0.000000,0.011101
80079,32503,0.000000,0.014955
40238,57319,0.000000,0.232759
86995,111808,0.000000,0.055553
89926,84489,0.000000,0.381238
55087,121357,0.000000,0.104092
119810,82877,0.000000,0.208928
55956,102317,0.000000,0.020827
40238,102317,0.583776,0.150986
74680,54447,0.000000,0.000008
74680,72701,0.000000,0.031973
119810,41612,0.000000,0.042029
44008,106276,0.000000,0.009874
119810,97071,0.000000,0.011897
56940,95958,0.000000,0.484272
80079,70330,0.000000,0.000479
119810,120606,0.000000,0.013492
58410,115035,0.000000,0.037003
46792,70330,0.000000,0.009890
121357,41612,0.000000,0.083977
69509,97489,0.000000,0.009660
54211,22468,0.574253,0.344787
31066,62943,0.000000,0.000000
104987,80079,0.000000,0.338130
16457,29449,0.000000,0.005137
62943,97489,0.000000,0.000000
109221,40238,0.000000,0.101211
86995,69509,0.000000,0.160139
97071,119778,0.000000,0.072394
55956,74451,0.000000,0.141561
76452,108010,0.000000,0.034554
96253,54447,0.000000,0.000134
66449,56754,1.000000,0.898662
98069,86310,1.000000,0.782034
99320,58105,0.000000,0.223957
58105,85413,0.000000,0.072868
122269,100508,0.000000,0.116619
15476,19666,0.000000,0.022326
73025,48541,0.000000,0.016630
34127,4253,0.000000,0.023676
68149,4253,0.000000,0.023676
18032,19666,1.000000,0.898662
6187,15021,0.550368,0.898662
53084,15476,0.000000,0.004370
35178,102964,0.000000,0.025895
19553,14850,0.562629,0.425266
6575,17139,0.000000,0.028616
94904,15476,0.000000,0.004263
19666,28687,0.000000,0.424623
58937,94904,0.000000,0.005603
35488,48541,0.000000,0.104596
79916,20172,0.000000,0.124910
99531,48541,0.000000,0.104596
85413,110880,0.000000,0.116660
17139,113423,0.550531,0.053132
4253,66449,0.000000,0.016600
19369,110880,0.000000,0.100349
110880,113423,0.000000,0.041086
3649,96269,0.000000,0.007512
58937,15476,0.567529,0.643491
34127,6187,0.550368,0.425266
94904,56754,0.000000,0.003622
50560,79916,0.549019,0.242951
73025,11214,0.000000,0.006226
71750,19369,0.000000,0.090416
85413,34127,0.551659,0.779161
57535,58937,0.000000,0.023742
50560,71750,0.554310,0.654303
57535,15476,0.000000,0.031607
79081,4738,0.000000,0.029116
78682,3649,0.000000,0.035123
28687,15476,0.000000,0.031694
85413,78682,0.000000,0.047414
35488,15476,0.000000,0.005862
3649,41345,0.000000,0.107506
110702,18032,0.000000,0.425180
58937,31538,0.000000,0.030527
17139,7830,0.550531,0.782034
56754,28687,0.000000,0.424623
5522,18032,0.551659,0.898662
71750,17139,0.000000,0.111258
35178,79081,0.000000,0.040751
15021,19369,0.000000,0.049306
66449,114123,0.000000,0.032005
17139,56754,0.550531,0.425266
79916,110880,0.549019,0.287917
28687,21841,0.000000,0.001844
3649,34127,0.551659,0.424683
19666,116133,0.554170,0.424651
19553,79916,0.000000,0.102413
19553,73025,0.000000,0.023742
66449,15476,0.000000,0.018006
19553,7830,0.551659,0.782034
79081,85413,0.000000,0.048944
86310,85413,0.551659,0.779202
114123,53084,0.000000,0.071712
4253,122269,0.000000,0.030505
78682,85516,0.565722,0.604815
53084,85516,0.000000,0.004362
116988,73088,0.000000,0.006226
79916,78682,0.000000,0.009554
106267,94904,0.519598,0.445255
6575,53908,0.000000,0.015485
110880,110702,0.000000,0.111251
6187,3649,0.550368,0.898662
73088,116133,0.000000,0.111251
91103,41345,0.553951,0.654303
14850,35178,0.551659,0.424683
98069,34127,1.000000,0.782034
106267,122269,0.000000,0.004691
86310,116988,0.000000,0.023742
71750,41345,0.553951,0.654303
58937,5522,0.000000,0.016630
21841,96269,0.000000,0.022441
50560,106267,0.000000,0.003032
94904,28687,0.000000,0.004446
79081,99320,0.565722,0.019999
61544,91103,0.000000,0.095080
2588,28687,0.000000,0.776787
66449,14850,1.000000,0.898662
114123,6575,0.000000,0.009751
99531,78682,0.000000,0.008980
114123,20172,0.000000,0.031219
78682,48541,0.000000,0.035123
48541,78682,0.000000,0.029613
73088,85413,0.000000,0.111251
15457,74883,0.000000,0.004017
19369,19666,0.000000,0.053691
3649,53908,1.000000,0.898662
17139,110702,0.000000,0.779202
110702,99531,0.000000,0.116660
35178,113423,0.555460,0.053132
51708,45930,0.000000,0.001017
90457,78659,0.000000,0.000033
118759,16176,0.000000,0.095175
90457,30578,0.000000,0.000068
103536,78659,0.000000,0.004166
106846,119393,0.000000,0.052160
72153,57225,0.000000,0.143136
45930,106380,0.000000,0.000876
35614,118930,0.000000,0.065501
13986,14040,0.000000,0.261393
108550,30578,0.000000,0.000189
65603,90921,0.000000,0.074352
35614,64931,0.000000,0.141438
90457,65603,0.000000,0.000006
103536,15015,0.000000,0.128123
57225,20424,0.000000,0.001477
65603,92970,0.000000,0.084443
15015,45930,0.552132,0.164022
106846,103726,0.000000,0.001504
65603,103726,0.000000,0.001388
30578,118759,0.000000,0.000217
11083,90457,0.000000,0.000008
51708,14040,0.000000,0.001096
72153,90921,0.000000,0.143303
103726,82404,0.000000,0.002169
43593,16176,0.000000,0.054305
90311,90457,0.000000,0.000005
92970,78659,0.000000,0.005890
119402,90921,0.000000,0.115847
9024,119402,0.000000,0.039583
119402,100861,0.000000,0.048221
60143,30578,0.000000,0.000424
5164,35614,0.000000,0.142230
13986,93788,0.000000,0.067122
78659,16176,0.000000,0.008569
78659,45930,0.000000,0.025310
91645,30578,0.000000,0.000424
100861,35614,0.000000,0.142230
5164,46022,0.000000,0.003643
16432,90311,0.000000,0.072992
51708,15015,0.000000,0.001003
5164,103726,0.000000,0.001504
93788,60143,0.000000,0.141914
13986,9024,0.000000,0.067122
119393,45930,0.000000,0.193833
11083,88925,0.000000,0.134693
53500,62084,0.000000,0.021736
90457,57723,0.000000,0.000003
33339,92970,0.000000,0.214289
15015,16432,0.000000,0.064200
118930,82404,0.000000,0.077140
106380,16176,0.000000,0.001306
64931,88925,0.000000,0.141896
90457,15015,0.000000,0.000006
14040,103726,0.000000,0.002110
9024,33339,0.000000,0.052116
75042,56931,0.000000,0.030167
119393,51708,0.000000,0.001113
33274,92970,0.000000,0.206524
33339,62084,0.000000,0.006321
108550,82404,0.000000,0.142013
93788,106380,0.000000,0.000292
103536,13986,0.000000,0.209279
93788,92970,0.000000,0.072992
78659,56931,0.000000,0.003419
9024,65603,0.000000,0.036238
11083,51708,0.000000,0.000926
92970,105136,0.000000,0.181106
13986,92970,0.000000,0.255083
67531,5164,0.000000,0.000868
106846,91645,0.000000,0.142000
67531,16176,0.000000,0.001864
6447,72153,0.000000,0.125766
15015,11083,0.000000,0.394531
16432,64931,0.000000,0.898273
90311,119393,0.000000,0.181596
15015,53500,0.000000,0.064200
72153,64931,0.000000,0.060604
35614,118759,0.000000,0.141438
118759,5164,0.000000,0.898273
43593,35614,0.000000,0.038515
62084,16432,0.000000,0.042977
5164,108550,0.000000,0.895201
118759,100861,0.000000,0.898273
90311,56988,0.000000,0.198086
45930,82404,0.000000,0.066212
103726,33274,0.000000,0.002090
106380,67531,0.000000,0.000339
105136,5164,0.000000,0.060655
103726,78659,0.000000,0.003319
62084,33274,0.000000,0.015918
18066,6447,0.000000,0.142566
45930,90921,0.000000,0.066208
49485,75214,0.000000,0.058485
67531,11083,0.000000,0.001108
56931,100861,0.000000,0.196213
103726,90311,0.000000,0.002181
119402,20424,0.000000,0.001854
108550,106380,0.000000,0.000292
72153,91645,0.000000,0.143042
40536,116506,1.000000,0.999727
120477,82734,1.000000,0.035309
4411,2928,0.000000,0.001797
79871,40434,1.000000,0.398811
80876,120477,0.000000,0.072481
26083,92981,0.000000,0.609000
96625,38897,1.000000,0.999915
39805,48899,1.000000,0.999540
6426,38440,0.000000,0.548194
41000,40434,1.000000,0.553304
111292,48899,1.000000,0.076136
86971,45142,1.000000,0.386567
92981,77261,0.000000,0.017887
2928,40434,0.000000,0.012059
12477,45142,1.000000,0.457492
1676,92981,0.000000,0.516677
86971,2928,0.000000,0.001533
28147,113797,1.000000,0.093107
1676,120477,0.000000,0.125658
48899,92396,1.000000,0.999977
80876,32774,0.000000,0.378312
45142,96625,1.000000,0.244039
92981,62831,0.000000,0.030941
77261,79960,1.000000,0.054063
82734,20711,1.000000,0.999921
39805,80876,0.000000,0.003926
58199,12477,1.000000,0.622093
73344,7924,0.000000,0.000602
114262,77261,0.000000,0.003393
65,109345,0.000000,0.000065
14577,62831,1.000000,0.305874
67115,92981,0.000000,0.000552
92981,116506,0.000000,0.000449
39805,79960,1.000000,0.999773
38440,65,0.000000,0.192314
28147,49442,1.000000,0.558499
113797,77261,1.000000,0.456708
32774,38440,0.000000,0.268641
105802,49442,1.000000,0.400651
103810,4411,1.000000,0.100877
45142,2928,0.000000,0.046686
101846,45142,0.000000,0.027877
94451,79960,1.000000,0.999904
114262,41000,0.000000,0.000151
30654,96625,1.000000,0.999966
80876,103810,0.000000,0.022881
116506,65,0.000000,0.000116
49442,94451,1.000000,0.407447
38440,79960,0.000000,0.000966
86971,4411,1.000000,0.999881
4411,109345,1.000000,0.999901
6426,5450,0.000000,0.000775
111292,5450,1.000000,0.097726
4411,86479,1.000000,0.999913
28147,101846,0.000000,0.000610
40434,1676,0.000000,0.023409
116506,101846,0.000000,0.000686
26083,101846,0.000000,0.654415
94451,2928,0.000000,0.001767
14577,38897,1.000000,0.119553
5450,79960,1.000000,0.999929
40434,96625,1.000000,0.376479
92981,41000,0.000000,0.000429
67115,4411,1.000000,0.999918
39805,79871,1.000000,0.999262
111292,82734,1.000000,0.085351
48899,103810,1.000000,0.079664
38897,116506,1.000000,0.999927
77261,48899,1.000000,0.018518
1676,105802,0.000000,0.002279
45142,7924,1.000000,0.230824
109345,30654,1.000000,0.999966
101846,67115,0.000000,0.000550
120477,79871,1.000000,0.022588
7924,62083,1.000000,0.999797
5450,7924,1.000000,0.999969
96625,94451,1.000000,0.999983
65930,38897,1.000000,0.999929
58199,92396,1.000000,0.128609
32774,30654,0.000000,0.000622
62083,38440,0.000000,0.003855
116506,20711,1.000000,0.999928
103810,82734,1.000000,0.057219
92396,30654,1.000000,0.999957
20711,65,0.000000,0.000130
101846,30654,0.000000,0.000578
116506,38440,0.000000,0.001339
45142,4411,1.000000,0.203228
82734,86479,1.000000,0.999979
79163,48899,0.000000,0.000662
120477,38897,1.000000,0.061771
12477,82734,1.000000,0.077583
77261,114262,0.000000,0.003008
79960,113797,1.000000,0.226656
94451,26083,0.000000,0.000696
38440,58199,0.000000,0.013484
40434,30654,1.000000,0.449622
114262,26083,0.000000,0.562740
45142,109345,1.000000,0.243232
103810,1676,0.000000,0.046310
67115,75875,0.000000,0.001123
21070,107418,0.546592,0.596084
53644,74165,0.547066,0.620085
36993,99107,0.546592,0.479296
53746,22051,0.547066,0.597756
36993,97654,0.546592,0.565518
104221,24509,1.000000,0.640579
58094,95264,0.546592,0.601193
92396,110436,1.000000,0.999956
75875,67731,0.546062,0.585086
65930,10290,0.000000,0.000653
82998,118271,0.546592,0.629194
123178,85081,0.547495,0.563980
86908,118271,0.546592,0.610791
104221,86971,0.000000,0.000596
1625,79871,0.000000,0.000584
97654,76486,1.000000,0.570817
118271,36993,1.000000,0.634996
57617,87688,0.547495,0.584116
24509,60239,0.546592,0.576124
26083,54546,0.547066,0.606114
64856,42403,0.546592,0.538451
85081,56096,0.547495,0.627868
61135,18107,0.547066,0.619837
49816,58094,0.546592,0.600152
76486,3952,0.547495,0.578354
104221,79871,0.000000,0.000584
73107,75875,0.547495,0.586495
73107,22993,0.547495,0.540427
3952,67115,0.000000,0.000404
123178,86908,0.547886,0.569773
116570,15497,0.547495,0.645798
88904,97654,0.547495,0.551628
123178,87688,0.547495,0.487499
60239,21070,0.546592,0.567510
82998,86908,0.547066,0.621476
53746,110436,0.000000,0.000835
75875,33856,0.547886,0.603205
86908,82998,0.547066,0.621004
24509,86908,0.547066,0.629292
15497,97654,1.000000,0.568379
110436,67115,1.000000,0.999969
54546,17696,0.547066,0.585140
56096,86908,0.547886,0.650853
96853,36993,1.000000,0.619133
53746,123178,0.547066,0.567221
88904,21070,0.547886,0.602518
67115,24509,0.000000,0.001181
107418,66795,0.546592,0.621691
62083,63555,0.000000,0.003170
60239,57617,0.546592,0.535323
99107,49816,0.547886,0.343374
3592,75875,0.547886,0.577990
61135,86908,0.547886,0.650858
123178,21070,0.548579,0.576217
86971,75875,0.000000,0.000812
33856,64856,0.547886,0.610088
15497,86908,0.547495,0.646204
123178,65930,0.000000,0.000251
118271,74165,0.546592,0.670299
123178,63555,0.547495,0.568150
56096,75875,0.548246,0.588394
24509,107418,0.546592,0.668823
87688,110436,0.000000,0.002495
110521,66795,0.548246,0.606691
17696,49816,0.547886,0.596744
118271,110521,0.546592,0.583980
22051,104221,0.547066,0.593642
61135,76486,0.547495,0.627522
67731,96853,0.546062,0.613572
88904,24509,0.547066,0.599561
79871,24509,0.000000,0.000906
58094,53644,0.546592,0.602688
99107,76486,0.547495,0.409730
104221,36993,0.546592,0.633951
113665,22993,1.000000,0.175164
76486,53746,0.547066,0.640340
86908,17696,1.000000,0.600831
54546,21070,0.547066,0.594097
60239,18107,0.546592,0.567090
54546,67731,0.546062,0.579390
58094,84787,0.546592,0.613870
70454,33856,0.546592,0.632987
49816,27236,0.000000,0.000713
86908,26083,0.547886,0.641106
67731,118271,0.546062,0.624318
70454,67731,0.546062,0.625053
53746,42403,0.546592,0.581220
95264,85081,0.547495,0.609983
24509,116570,0.547066,0.630111
10290,116570,0.547886,0.603332
10290,17696,0.547886,0.575524
113663,67731,0.546062,0.200719
76486,18107,0.547066,0.634495
87688,66795,0.547495,0.619590
3952,67731,0.546062,0.524777
22993,110521,0.548579,0.548243
97654,82998,0.547066,0.570581
66795,118271,0.546592,0.620999
116570,79871,0.000000,0.000502
27255,74871,0.589599,0.584952
95142,96071,0.589180,0.578794
17557,87401,0.590332,0.571279
27255,109617,0.590332,0.596034
36446,39215,0.000000,0.090471
90329,7756,0.589981,0.658718
63970,33590,0.000000,0.233252
109617,27876,0.588955,0.600209
84607,69273,0.589981,0.598322
46779,46140,0.000000,0.000807
54777,74578,1.000000,0.738576
69273,7756,0.589981,0.591676
95854,96279,0.000000,0.000812
77212,109895,0.589599,0.547801
25739,47654,0.589794,0.586774
30878,35866,0.590812,0.690071
50963,59246,0.000000,0.001204
17557,30878,0.590332,0.597512
20672,43683,0.000000,0.002160
76551,84607,0.589981,0.591391
73664,69273,0.589794,0.552375
20672,75882,0.588200,0.499754
77212,46177,0.589599,0.554847
87401,66903,0.589981,0.560524
47654,932,0.589599,0.648012
108519,62083,0.000000,0.000249
75882,27255,0.590658,0.669945
59246,43683,1.000000,0.935112
62083,96071,0.000000,0.000498
932,88641,0.000000,0.001519
79919,21212,0.586551,0.544362
46177,79919,0.586551,0.506576
101202,27876,0.588955,0.574335
62083,50963,0.000000,0.000332
63970,20160,0.589599,0.612474
101202,87401,0.590658,0.578410
39215,95854,0.000000,0.071677
75882,88606,0.589794,0.556482
108519,74871,0.589599,0.585557
53828,20672,0.588200,0.511378
108519,96071,0.589180,0.578612
96071,102515,0.589180,0.607966
33590,84607,0.000000,0.202884
50963,96279,0.000000,0.001044
21212,39215,0.000000,0.139412
96071,20160,0.589180,0.607848
95142,24967,0.589981,0.591561
106825,7756,0.589981,0.619074
26144,122876,0.589794,0.559222
101202,25739,0.590960,0.580966
109617,57265,0.589599,0.590991
109895,96071,0.589180,0.578533
26144,77212,0.589599,0.552406
54777,79919,0.586551,0.500557
93085,74871,0.587612,0.575411
50963,88606,0.589794,0.560941
70528,59409,0.589794,0.547275
62083,75882,0.000000,0.000286
25739,31475,0.587612,0.504225
62083,26144,0.000000,0.000315
95142,33590,0.000000,0.166774
30878,109617,0.590332,0.624345
35866,46140,0.000000,0.000960
35866,27255,0.590812,0.609664
24791,96279,0.000000,0.001054
35866,47654,0.589794,0.613665
26144,33590,0.000000,0.171923
25739,79919,0.586551,0.442643
46140,57164,0.000000,0.000959
73664,109617,0.589794,0.589078
39215,66903,0.000000,0.081792
79919,102515,0.586551,0.544429
46177,74578,0.589981,0.585616
84607,46140,0.000000,0.001140
17557,74871,0.589599,0.584592
74578,96279,0.000000,0.001048
30878,54777,0.590160,0.601598
79919,54777,0.586551,0.511963
96279,20270,0.000000,0.000954
106825,57164,0.590498,0.626342
24967,59409,0.589981,0.597966
24967,20270,0.589981,0.616825
20672,31475,0.587612,0.549728
90329,102515,0.589599,0.613241
65657,30878,0.589794,0.586466
62083,17557,0.000000,0.000316
90329,20270,0.590160,0.620012
70528,96071,0.589180,0.578103
96279,66903,0.000000,0.001241
77212,46140,0.000000,0.001198
25739,21212,0.589599,0.582673
96071,121135,0.589180,0.585601
57164,57265,0.589599,0.585931
109895,27255,1.000000,0.726289
47654,88606,1.000000,0.593055
77212,106825,0.589599,0.583002
90329,21212,0.589599,0.613262
122876,96071,0.589180,0.578141
25739,54777,0.590160,0.556128
79919,75882,0.586551,0.494049
9155,51809,0.000000,0.000138
18197,81922,0.000000,0.000895
94499,25310,0.000000,0.000000
110273,35392,0.577527,0.495039
33645,103671,0.577105,0.600331
82509,110273,0.000000,0.000896
103671,109131,0.577105,0.461992
105971,67862,0.000000,0.002801
81922,109377,0.000000,0.008042
120693,81922,0.577527,0.590370
82509,39099,0.000000,0.000785
120978,25310,0.000000,0.000000
41740,91081,0.000000,0.000000
74924,113040,0.000000,0.023475
17939,80751,0.000000,0.000000
81922,99521,0.000000,0.003260
91081,49829,0.000000,0.003407
94499,44383,0.000000,0.002237
50847,39099,0.577105,0.511158
49829,120046,0.000000,0.000000
96512,41740,0.577527,0.657147
75102,20574,0.000000,0.156633
120978,58479,0.000000,0.000336
51809,80278,0.000000,0.000040
119517,32200,0.000000,0.000829
72655,64529,0.000000,0.000000
36342,117410,0.000000,0.000006
94739,70341,0.577527,0.593105
119517,99521,0.000000,0.020236
113040,40219,0.000000,0.467380
17939,49339,0.000000,0.000000
80751,8910,0.576116,0.620549
57635,62083,0.000000,0.060955
80278,91302,0.000000,0.004227
119436,25310,0.000000,0.000000
40219,49339,0.000000,0.357711
91302,74924,0.000000,0.033281
49339,72655,0.000000,0.000000
99521,40219,0.000000,0.000420
9431,121190,0.577105,0.586315
117779,91081,0.000000,0.001607
9431,117779,0.000000,0.000006
109377,23075,0.000000,0.006661
91081,103131,0.000000,0.000000
109131,120693,0.579706,0.424597
39099,9431,1.000000,0.646679
3555,33645,0.577912,0.662153
49829,22666,0.000000,0.000000
91081,57635,0.000000,0.000000
41160,72655,0.000000,0.000000
94739,41160,0.000000,0.007988
39099,120693,0.577105,0.617302
96512,20574,0.000000,0.144972
39099,117779,0.000000,0.000007
64529,117779,0.000000,0.000002
9431,70341,0.577105,0.631439
17939,99521,0.000000,0.000000
57635,91302,0.577527,0.623360
3555,9431,0.577105,0.591388
99521,80751,0.000000,0.002200
119436,58479,0.000000,0.002037
67862,82509,0.000000,0.425976
81922,20574,0.000000,0.144971
75102,18197,0.000000,0.002082
8910,80278,0.000000,0.004015
121190,23075,0.578900,0.668067
62083,6709,0.000000,0.084049
32200,67862,0.000000,0.003251
105971,29523,0.575524,0.481667
25310,103131,0.000000,0.000000
123118,39009,0.000000,0.000000
110273,121190,0.577527,0.602026
105971,120693,0.575524,0.310224
50847,49829,0.000000,0.000000
80278,36342,0.000000,0.000004
51809,120693,0.000000,0.001554
22666,99521,0.000000,0.004626
119517,20574,0.000000,0.000215
67862,64701,0.000000,0.030586
120978,91081,0.000000,0.000000
8910,109131,0.576638,0.477561
74924,62083,1.000000,0.991855
119436,29523,0.576638,0.484716
99521,20574,0.000000,0.000678
72655,99521,0.000000,0.000000
35392,120693,0.579706,0.464308
80751,41160,0.000000,0.006621
75102,113040,0.577527,0.532480
121190,117779,0.000000,0.000006
64701,96512,0.000000,0.001022
103671,91081,0.000000,0.000000
70341,117779,0.000000,0.000006
109377,25310,0.000000,0.000000
91081,117779,0.000000,0.001277
81922,103131,0.576116,0.658780
64701,103131,0.000000,0.000979
35392,39009,0.000000,0.007763
49829,119517,0.000000,0.000000
64529,119517,0.000000,0.001557
120693,39099,0.577105,0.600170
83432,108026,0.000000,0.502356
14997,95292,0.589599,0.551137
116760,62083,0.000000,0.000293
96851,2174,0.586551,0.507206
14412,60690,0.000000,0.121568
45183,73755,0.000000,0.003111
9790,38535,0.000000,0.001942
113666,60690,0.000000,0.003169
42348,83432,0.588200,0.566193
65247,2174,0.586551,0.405433
9390,38535,0.000000,0.546048
70344,14997,0.587916,0.564476
52403,73755,0.000000,0.001697
13361,14997,0.589599,0.584221
15413,80279,0.000000,0.000981
20254,2601,0.000000,0.004050
48065,84599,0.000000,0.001783
83947,116760,0.000000,0.000518
40615,33678,0.588466,0.514268
65247,80776,0.591104,0.586543
80279,38535,0.000000,0.566044
102164,65247,0.000000,0.000715
9790,108026,0.000000,0.001100
79902,108026,0.000000,0.550578
2174,62168,0.000000,0.412158
79902,96851,0.588466,0.566351
68169,112883,0.000000,0.556611
20254,15413,1.000000,0.897062
65247,48776,0.000000,0.542509
20254,9237,0.000000,0.002349
53250,9790,0.000000,0.002209
14412,65247,0.000000,0.101991
95292,64893,0.586934,0.438150
21370,60767,0.587612,0.182983
13361,48065,0.000000,0.536012
102723,8706,1.000000,0.753547
9237,15413,0.000000,0.001404
73755,60690,0.000000,0.004094
14412,33678,0.000000,0.112215
9390,45183,0.588955,0.573244
84599,15413,1.000000,0.996990
99696,2174,0.586551,0.495395
84599,83432,0.000000,0.002147
60767,83947,0.000000,0.001353
33678,111336,0.000000,0.543887
33678,110580,0.589395,0.582165
38568,43297,0.000000,0.130460
60109,42348,0.588466,0.566095
781,83947,0.000000,0.001532
117825,121788,0.000000,0.574309
64893,79902,0.586934,0.445603
2601,96851,0.000000,0.609505
9237,116760,0.000000,0.532845
14412,83947,0.000000,0.004561
48776,9237,0.000000,0.538611
43297,62168,0.000000,0.551421
42348,44658,0.588466,0.567262
8706,15413,0.000000,0.001027
102164,112883,0.000000,0.001301
83947,70344,0.000000,0.001415
2601,9390,0.000000,0.576119
33678,43297,0.589599,0.551551
99696,117825,0.589180,0.584132
43297,48065,0.000000,0.513260
60109,68114,0.589981,0.615063
15413,9390,0.000000,0.001642
111336,92916,0.000000,0.144627
9237,110580,0.000000,0.574028
80279,110580,0.589395,0.606917
20254,48065,0.000000,0.003033
96851,84599,0.000000,0.001361
112883,95292,0.588955,0.581798
62083,9390,0.000000,0.000477
102164,9790,1.000000,0.995555
121788,96851,0.000000,0.589707
46977,116760,0.590160,0.562288
73755,83432,0.000000,0.002801
117825,8706,0.589180,0.541840
116760,83432,0.588200,0.504190
80776,95292,0.590498,0.573714
48776,96851,0.000000,0.566975
62083,38568,0.000000,0.001498
53250,80776,0.000000,0.481912
43297,2174,0.586551,0.430485
73755,84599,0.000000,0.909741
62083,102723,0.000000,0.000348
117825,38535,0.000000,0.534452
113666,63334,0.000000,0.001347
43297,9390,0.588955,0.538447
70344,77144,0.000000,0.563986
48065,14412,0.000000,0.143471
53250,68114,0.000000,0.517585
110580,71011,0.000000,0.001390
14997,21370,0.589599,0.533963
113666,108026,0.000000,0.000861
80776,62083,0.000000,0.000229
48776,108026,0.000000,0.551709
43297,44658,0.589599,0.543254
13361,116760,0.590160,0.596928
117825,2174,0.586551,0.433449
355,111211,0.000000,0.026520
60028,66369,0.000000,0.104538
12608,56231,0.000000,0.000000
60676,59832,0.571406,0.221559
64087,81119,0.000000,0.237272
18173,7433,0.000000,0.012216
28403,84704,0.000000,0.011717
99928,28403,0.000000,0.004526
84717,28403,0.000000,0.801013
84704,51890,0.000000,0.078410
53083,9711,0.000000,0.020439
28403,51890,0.000000,0.009476
3996,110556,0.000000,0.228251
47240,17675,0.000000,0.076967
119243,96888,0.560197,0.028788
57969,259,0.000000,0.056333
103188,119243,0.000000,0.033944
62406,10226,0.000000,0.522724
38359,7433,0.000000,0.018123
60028,96888,0.000000,0.008785
10226,17675,0.000000,0.105005
10226,99256,0.000000,0.043310
61609,38359,0.000000,0.000553
17675,110556,0.000000,0.060671
56231,3996,0.000000,0.000000
53083,107814,0.000000,0.008990
61609,45671,0.000000,0.000491
9711,62406,0.000000,0.009113
121761,101710,0.000000,0.038604
38359,47240,0.000000,0.046264
3361,81119,0.000000,0.077328
45671,3361,0.000000,0.001116
85895,81119,0.571406,0.136435
81119,47240,0.000000,0.060120
107814,47240,0.000000,0.016594
3361,38359,0.000000,0.001795
10226,81119,0.000000,0.108400
107814,18173,0.000000,0.004588
96888,84704,0.000000,0.071991
62406,78352,0.000000,0.005026
38359,111211,0.000000,0.010190
94352,61609,0.000000,0.001179
3361,111211,0.000000,0.033681
93933,28403,0.000000,0.059742
81828,99256,0.000000,0.135746
61640,45671,0.000000,0.003922
73235,70030,0.000000,0.033500
61640,61609,0.000000,0.000983
35185,62406,0.000000,0.004207
62406,81828,0.000000,0.099246
60028,72473,0.000000,0.007561
99928,355,0.000000,0.002947
12608,73225,0.000000,0.037419
29380,94352,0.000000,0.010653
29380,47240,0.000000,0.049135
73235,45671,0.000000,0.013799
47240,119243,0.000000,0.033852
96888,83359,0.000000,0.110569
81119,101710,0.000000,0.043176
110556,57969,0.000000,0.199231
3361,47240,0.000000,0.010584
115876,62406,0.000000,0.022323
99256,9711,0.000000,0.025646
117688,17675,0.000000,0.065698
103188,10226,0.000000,0.031830
81119,35185,0.000000,0.008000
3996,17675,0.000000,0.054035
18495,102354,0.000000,0.052621
47240,111211,0.000000,0.019517
94352,82501,0.000000,0.014299
84704,96888,0.000000,0.052225
107814,12608,0.000000,0.014463
60676,61609,0.000000,0.009398
45671,72847,0.000000,0.015225
18173,47240,0.000000,0.030259
101710,18495,0.000000,0.020486
57969,103188,0.000000,0.097664
51890,105658,0.000000,0.008837
72473,60028,0.000000,0.009197
61609,18495,0.000000,0.001630
53083,81828,0.000000,0.185478
84704,62406,0.000000,0.033539
355,107814,0.000000,0.234415
81828,104107,0.000000,0.004746
29380,9711,0.000000,0.017538
73316,66369,0.000000,0.017566
60028,119243,0.000000,0.019145
17675,82501,0.000000,0.009442
99256,355,0.000000,0.018357
104107,61609,0.000000,0.000441
82360,96888,0.000000,0.048451
3996,96888,0.000000,0.038451
61609,35185,0.000000,0.000598
35185,51890,0.000000,0.036630
7433,81828,0.000000,0.161529
102354,3361,0.000000,0.003045
3996,81828,0.000000,0.110617
18173,81119,0.000000,0.015724
45671,73235,0.000000,0.011178
73316,61609,0.000000,0.000278
100126,50159,0.586934,0.444367
27955,40392,0.000000,0.001074
11265,98029,0.000000,0.501878
49826,110217,0.586934,0.418580
27955,98675,1.000000,0.411639
74313,112790,0.000000,0.499875
71438,3662,1.000000,0.447295
62589,9368,0.000000,0.001528
64572,39598,0.586934,0.455461
62589,71438,0.587286,0.539300
11913,95732,0.000000,0.001409
45721,74993,1.000000,0.997777
113196,77197,0.587916,0.496904
45721,49826,0.000000,0.002536
39598,40544,0.586934,0.444675
54021,76049,0.547825,0.516428
110217,4975,0.586934,0.422923
33907,25573,0.000000,0.520451
77197,110217,0.586934,0.441677
98675,41603,0.000000,0.517471
44641,33907,0.587612,0.524506
6256,57779,0.000000,0.001738
57037,112790,0.587612,0.455951
31236,71438,0.000000,0.134978
9368,54021,0.000000,0.001422
18936,50159,0.586934,0.467123
71569,102290,0.664478,0.573379
25573,5424,0.000000,0.458525
17749,77197,0.000000,0.002118
111653,119166,0.588200,0.258087
40392,45229,0.000000,0.001948
79608,44641,0.588200,0.486172
119468,119166,0.588200,0.485579
76049,72623,0.000000,0.517596
54021,115487,0.000000,0.553022
62589,45229,0.586934,0.529019
50159,102290,0.000000,0.119037
11265,102290,0.000000,0.137583
5424,79608,0.587916,0.514385
27955,45229,0.586934,0.494876
57779,121046,0.000000,0.004473
100126,74313,0.000000,0.464447
41603,115487,0.000000,0.554833
6256,31236,0.000000,0.030090
111653,98029,0.588955,0.485648
4091,71438,0.587286,0.559400
58229,4091,0.588717,0.561409
25573,17749,0.000000,0.003894
98675,4975,0.588466,0.479844
25573,39261,0.000000,0.003145
57037,1189,0.589395,0.460056
119468,57779,0.000000,0.001302
5424,27955,0.587916,0.425000
74993,5412,0.000000,0.001514
57779,115487,0.000000,0.002077
45229,98397,0.000000,0.508661
100126,115487,1.000000,0.704768
95732,57037,0.000000,0.457774
57037,62083,0.000000,0.000273
100126,3662,0.587286,0.203583
2602,33907,0.587612,0.548414
13495,70889,0.587612,0.454114
18936,28802,0.587612,0.425221
70750,95732,0.000000,0.557669
98397,35775,0.000000,0.229901
27955,33907,0.587612,0.508247
5424,121046,0.586551,0.454231
49826,76678,0.587286,0.404524
11913,64572,0.000000,0.001211
39261,31236,0.000000,0.003498
54021,76678,0.000000,0.453021
58229,113196,0.587916,0.508545
28802,27955,0.587612,0.484813
98675,98397,0.000000,0.505775
11265,76678,0.000000,0.493661
33907,76678,0.587286,0.546406
71569,62083,0.000000,0.001055
11913,1189,0.000000,0.001051
119468,39261,0.000000,0.001130
11265,58229,0.000000,0.508893
50159,1189,0.586934,0.445400
98397,64572,0.000000,0.525931
28802,31236,0.000000,0.062553
45229,57779,0.000000,0.004587
62083,80824,0.000000,0.000436
5412,4091,0.000000,0.561808
68253,44641,0.589180,0.528589
74993,77197,0.000000,0.001047
80824,62589,0.589395,0.587578
74993,64572,0.000000,0.001383
77197,1189,0.589599,0.588581
98029,111653,0.588955,0.500694
98675,40392,0.000000,0.001416
40544,68253,0.589180,0.544322
18936,45229,0.586934,0.533527
119468,68253,1.000000,0.450888
100126,35775,0.588200,0.298309
2602,110217,0.586934,0.477396
17749,4975,0.000000,0.001603
95732,121046,0.000000,0.446725
28052,41384,0.000000,0.002261
55844,111313,0.000000,0.009886
27600,17801,0.589794,0.550416
17801,5316,0.589395,0.549611
68453,57245,0.000000,0.002387
60366,11541,0.592330,0.607300
7361,63401,0.590812,0.611246
7201,79807,0.590498,0.602616
4059,33671,0.000000,0.000494
37631,57841,0.000000,0.003178
16807,89459,0.000000,0.255865
25154,59546,0.000000,0.002214
67519,11731,0.000000,0.000622
113918,5316,0.589395,0.530988
25154,54737,0.000000,0.001040
58247,119848,0.590332,0.595212
5819,21975,0.591760,0.619817
8952,25154,0.000000,0.001018
41384,37631,1.000000,0.894316
121853,120506,0.000000,0.001054
11731,5316,0.000000,0.001183
113918,8952,0.000000,0.545446
120506,30823,0.000000,0.000814
77934,57841,0.665761,0.565337
11541,53246,0.589395,0.583788
119848,8952,0.000000,0.588238
7361,49287,0.591243,0.699454
98642,105164,0.591104,0.568580
27600,21975,0.591104,0.608100
89459,63401,0.590160,0.600224
55844,5819,0.000000,0.003316
53246,30823,0.000000,0.001661
79807,58247,0.590332,0.660086
62083,11541,0.000000,0.000178
8952,19688,0.000000,0.001248
89459,67519,0.590160,0.600786
529,37631,0.000000,0.002161
89459,102240,0.666400,0.598113
110363,100139,0.587612,0.508705
120506,103902,0.000000,0.294121
25384,100139,0.000000,0.327921
67519,112187,0.591243,0.580403
68453,120506,0.591378,0.618295
121853,33671,1.000000,0.910779
77934,19688,0.000000,0.009990
63401,7361,0.590812,0.604947
58247,529,0.589981,0.564207
121853,119848,0.000000,0.002206
79351,37631,1.000000,0.989974
102240,36783,0.590160,0.605411
63133,79351,0.000000,0.000625
63447,96473,0.000000,0.000882
37631,67519,0.000000,0.001778
21975,11541,0.592222,0.631367
63133,7361,1.000000,0.608056
55844,68453,0.000000,0.007678
41384,17801,0.000000,0.001442
121853,54737,0.000000,0.001455
49287,33671,0.000000,0.000749
105768,27600,0.000000,0.001608
49287,30823,0.000000,0.001261
58247,4059,0.590332,0.559416
102240,105164,0.590160,0.577293
5819,36783,0.590332,0.562872
4059,4004,0.000000,0.118196
62083,5316,0.000000,0.000412
11541,63401,0.590812,0.592215
5316,105768,0.000000,0.002147
103902,113918,0.000000,0.267115
119848,11541,0.591509,0.626951
63133,58247,0.590332,0.567396
85140,54737,0.590160,0.567100
105164,85140,0.590658,0.583872
77934,5316,0.000000,0.175412
19688,105164,0.000000,0.001385
7201,105768,0.000000,0.002995
100139,68453,0.590498,0.625238
85140,89459,0.590160,0.593641
8952,68453,0.000000,0.583148
37594,36783,0.589794,0.594239
79807,78420,0.590498,0.570776
105164,33671,0.000000,0.000548
121853,63401,0.000000,0.001286
100139,63447,0.590332,0.603022
30823,25154,1.000000,0.987894
37594,529,0.589794,0.593048
62083,112187,0.000000,0.000156
100139,11541,0.590498,0.612761
77934,8952,0.000000,0.169432
59546,4004,0.000000,0.118534
4059,121853,0.000000,0.001000
98642,57245,0.000000,0.001072
121550,49287,0.590812,0.606133
63447,105164,0.590332,0.579214
33671,71973,0.000000,0.000850
7201,33671,0.000000,0.000704
77934,37594,0.000000,0.204582
103902,37631,0.000000,0.003917
21975,54737,0.590160,0.592243
72100,57245,0.000000,0.003959
105228,2045,0.000000,0.008452
2045,51446,0.000000,0.002472
51446,2045,0.000000,0.002150
95042,105228,0.000000,0.003862
105228,95042,0.000000,0.004463
80977,95042,0.000000,0.006106
36752,51446,0.000000,0.000000
2045,36752,0.000000,0.000000
80977,36752,0.000000,0.000000
2045,105228,0.000000,0.008758
95042,51446,0.000000,0.027196
51446,80977,0.000000,0.002150
36752,80977,0.000000,0.000000
2045,80977,1.000000,0.981245
95042,2045,0.000000,0.004741
36752,2045,0.000000,0.000000
36752,105228,0.000000,0.000000
95042,36752,0.000000,0.000000
36752,95042,0.000000,0.000000
105228,51446,0.000000,0.005967
105228,80977,0.000000,0.008452
51446,95042,0.000000,0.028689
51446,36752,0.000000,0.000000
51446,105228,0.000000,0.005398
2045,95042,0.000000,0.006106
95042,80977,0.000000,0.004741
80977,2045,1.000000,0.981245
80977,51446,0.000000,0.002472
80977,105228,0.000000,0.008758
105228,36752,0.000000,0.000000
34404,107178,0.000000,0.017664
53235,46945,0.000000,0.290416
92717,62754,0.000000,0.000000
46945,62754,0.000000,0.000000
105668,108769,0.000000,0.025872
39009,57448,0.000000,0.000965
82343,119087,0.000000,0.001486
119655,114536,0.000000,0.000788
60256,21605,0.000000,0.038929
45510,119655,0.000000,0.001352
12054,91723,0.000000,0.008014
15109,122450,0.000000,0.008118
10288,62754,0.000000,0.000000
82962,70745,0.000000,0.002985
115440,110637,0.000000,0.005492
119655,120939,0.000000,0.000944
34160,87717,0.000000,0.007587
105668,62192,0.000000,0.013630
33113,105721,0.000000,0.117659
120945,39009,0.000000,0.007804
115440,105668,0.000000,0.000280
115568,82343,0.000000,0.006359
60256,27005,0.000000,0.036730
91723,28700,0.000000,0.000626
63018,78185,0.000000,0.050932
119087,122450,0.000000,0.002114
61034,82343,0.000000,0.000784
3480,27005,0.000000,0.026751
91769,100520,0.000000,0.001246
69269,3044,0.000000,0.001796
60256,112825,0.000000,0.002454
12054,115568,0.000000,0.010186
62083,107178,0.000000,0.001172
91723,39283,0.000000,0.000251
27005,22834,0.000000,0.000379
119655,69269,0.000000,0.000016
62192,119087,0.000000,0.000982
62192,115568,0.000000,0.001208
65917,79313,0.000000,0.003857
69269,110637,0.000000,0.001151
122450,91769,0.000000,0.018698
87717,45510,0.000000,0.000906
34404,15109,0.000000,0.000256
81747,99210,0.559605,0.076920
87717,107469,0.000000,0.000386
28700,79313,0.000000,0.002025
109748,62699,0.000000,0.000169
76,115568,0.000000,0.008927
60256,120939,0.000000,0.000973
107469,115440,0.000000,0.000216
61034,10559,0.000000,0.000784
10559,107469,0.000000,0.005764
65917,119655,0.000000,0.000081
57448,81747,1.000000,0.768417
1628,46945,0.000000,0.080265
119087,78185,0.000000,0.023605
60256,91723,0.000000,0.001341
61034,34160,0.000000,0.004085
62754,78185,0.000000,0.000000
99210,34160,0.000000,0.164266
39009,39283,0.000000,0.000811
62083,61034,0.000000,0.003086
110637,115440,0.000000,0.005484
62083,105721,0.000000,0.015133
27005,10288,0.000000,0.009475
69269,75247,0.000000,0.001151
91769,105668,0.000000,0.002245
15109,106110,0.000000,0.005671
39009,62699,0.000000,0.000031
61034,122450,0.000000,0.001341
22834,10559,0.000000,0.000236
82343,92717,1.000000,0.768417
107469,34404,0.000000,0.000031
34404,81747,0.000000,0.001218
92717,90457,0.000000,0.000003
97499,63018,0.000000,0.028471
97499,120939,0.000000,0.006929
107178,46945,0.000000,0.001985
28700,100520,0.000000,0.004252
110637,82343,1.000000,0.768417
108769,106110,0.000000,0.016781
91769,15109,0.000000,0.037020
34160,106110,0.000000,0.041672
120945,99210,0.000000,0.038140
97499,62083,1.000000,0.833524
75247,114536,0.000000,0.001436
120945,34160,0.000000,0.030541
48606,115440,0.000000,0.001276
70745,62192,0.000000,0.007439
107469,108769,0.000000,0.009603
69269,120945,0.000000,0.000345
62699,75247,0.000000,0.000229
62754,70745,0.000000,0.000000
76,62754,0.000000,0.000000
39283,28700,0.000000,0.002284
110637,91769,1.000000,0.768417
39009,65917,0.000000,0.000113
21605,120939,0.000000,0.002753
120939,114536,0.000000,0.048391
100520,15109,0.000000,0.001235
16456,76188,0.000000,0.003412
104187,75584,1.000000,0.923869
36575,13387,1.000000,0.812501
111787,13028,0.000000,0.002269
19339,76188,0.000000,0.551787
75584,74815,0.000000,0.000014
33063,16456,0.000000,0.053714
95812,58140,0.000000,0.000694
7623,36164,0.000000,0.002127
105939,77486,0.000000,0.001728
36164,34632,0.000000,0.002740
48530,113464,0.000000,0.500884
89764,116902,0.000000,0.002384
13359,104893,0.000000,0.003332
76188,7623,0.000000,0.002404
10204,58140,0.000000,0.000000
95812,111015,0.000000,0.000000
37469,111614,0.000000,0.002077
39728,108081,0.000000,0.005046
113464,39728,0.000000,0.009300
36575,88673,1.000000,0.942879
68875,38613,1.000000,0.994755
74815,103431,0.000000,0.002554
34632,7623,1.000000,0.807744
68672,112238,0.000000,0.000000
19339,112238,0.000000,0.000000
78586,33063,0.000000,0.110022
112238,104893,0.000000,0.000000
103431,43732,1.000000,0.741041
61114,89764,0.000000,0.001446
60946,3472,1.000000,0.997013
69768,104187,1.000000,0.885155
60946,58140,0.000000,0.000000
48134,79004,0.000000,0.000000
104893,62083,1.000000,0.992289
103431,105939,0.000000,0.003774
104187,89764,0.000000,0.001344
66287,12651,0.000000,0.721280
6550,88673,0.000000,0.009554
117267,68672,0.000000,0.003553
39728,38613,0.000000,0.004676
3472,43732,1.000000,0.949171
58533,13359,0.000000,0.003906
78586,13359,0.000000,0.003354
89309,89764,0.000000,0.467725
3472,35201,1.000000,0.847268
89764,111015,0.000000,0.512653
95834,12651,1.000000,0.717350
36575,104187,1.000000,0.996194
76188,6550,0.000000,0.006268
15018,15413,0.000000,0.000000
58533,6550,0.000000,0.012521
7623,105939,0.000000,0.003467
111015,19339,0.000000,0.543698
75584,48530,1.000000,0.974792
66287,104187,0.000000,0.758893
75584,37469,1.000000,0.971583
111787,104187,1.000000,0.849052
80133,15018,0.000000,0.000000
105939,111015,0.000000,0.565579
39728,12651,0.000000,0.008104
35201,15018,0.000000,0.000000
58140,104893,0.000000,0.000000
89764,103431,0.000000,0.001545
69768,21164,0.000000,0.002971
43732,13387,1.000000,0.350719
10204,63009,0.000000,0.000889
88673,95812,0.000000,0.000000
103431,63009,0.000000,0.001355
117267,61114,0.000000,0.005277
80834,82610,0.000000,0.004140
103431,108081,1.000000,0.913209
37469,13359,0.000000,0.003982
77486,36575,1.000000,0.993501
95834,89309,0.000000,0.004157
48134,111614,0.000000,0.002282
13028,43732,0.000000,0.002441
89764,15018,0.000000,0.000000
34632,52505,1.000000,0.863689
85044,36575,1.000000,0.995948
61114,103431,1.000000,0.931033
80133,111015,0.000000,0.000034
104893,75584,1.000000,0.882498
63009,74815,0.000000,0.477677
80834,15413,0.000000,0.002989
21164,38613,0.000000,0.001957
43732,15018,0.000000,0.000000
74815,68672,0.000000,0.001833
37469,89309,0.000000,0.003419
39728,68672,0.000000,0.003677
75584,68875,1.000000,0.973327
78586,68672,1.000000,0.997165
103431,89309,0.000000,0.003618
58140,111787,0.000000,0.000000
74815,38613,0.000000,0.002307
58533,116902,1.000000,0.906301
52505,39728,0.000000,0.007118
60946,21164,0.000000,0.001722
85044,7623,1.000000,0.937677
95834,80133,1.000000,0.106384
88884,31056,0.000000,0.001827
61390,55831,0.587286,0.549405
105220,97687,0.588200,0.528417
36873,15897,0.587286,0.493990
57363,60456,0.000000,0.464912
41767,57806,0.588466,0.536472
50506,37066,0.588200,0.546964
6323,59288,0.589180,0.557286
42424,681,0.589180,0.545781
6636,37066,0.588200,0.518369
29501,68100,0.589180,0.585228
1695,42424,0.589180,0.545798
57363,36873,0.587286,0.501605
36873,9207,0.587286,0.488538
6323,29501,0.589180,0.576993
78489,50506,0.589794,0.586142
61403,1695,0.588717,0.530724
66637,28791,0.588200,0.561585
28791,3860,0.588200,0.557616
112634,60456,0.000000,0.433698
66637,6636,0.588955,0.580501
12407,29713,0.588955,0.524909
58009,57363,0.000000,0.002575
62083,90008,0.000000,0.000298
2420,88535,0.588200,0.502912
54865,28791,0.588200,0.516070
104925,15897,0.587916,0.474547
15897,37066,0.587916,0.513756
122839,61390,0.000000,0.001847
42424,112634,1.000000,0.752125
71936,90008,0.589180,0.537984
30468,37066,0.587916,0.562123
9207,66637,0.588466,0.561940
4216,80654,0.587612,0.468821
28791,57806,0.588200,0.520341
681,122839,0.000000,0.001041
29501,78489,0.589180,0.584173
71936,67410,0.587286,0.473664
70917,57806,0.588717,0.576093
681,42424,0.589180,0.545788
61390,122839,0.000000,0.001516
28791,71936,0.588200,0.516389
88884,1695,0.587916,0.501297
1695,28791,0.588200,0.512655
106336,96998,0.588200,0.564537
1695,15897,0.587916,0.500097
3860,120612,0.588717,0.574984
88535,64825,0.000000,0.001677
101234,105220,0.588466,0.525858
122839,31056,1.000000,0.997185
57806,6636,0.588717,0.544393
106336,14868,0.000000,0.011264
101234,68100,0.589180,0.540615
71936,41359,0.588200,0.516363
97687,106336,0.588200,0.558069
60456,55831,0.000000,0.429143
58718,62083,0.000000,0.000638
31056,90008,0.000000,0.000945
104984,2420,0.000000,0.001031
105123,106336,0.588955,0.574609
41767,82324,0.588200,0.526775
101234,29713,0.588955,0.550831
114813,14868,0.000000,0.011340
30886,60456,0.000000,0.443739
2420,3860,0.588955,0.575059
62083,96998,0.000000,0.000640
82324,114813,0.588200,0.557870
54865,6323,0.589180,0.556654
29713,88535,0.588200,0.516240
36873,104925,0.587286,0.440631
61403,104925,0.588717,0.519099
9207,12407,0.588466,0.504469
15897,50506,0.587916,0.529232
113224,59288,0.589180,0.537738
113224,15897,0.587916,0.482137
104984,1695,0.000000,0.001223
59288,90008,0.589180,0.537998
113224,3860,0.588955,0.574766
63075,60456,0.000000,0.433859
681,57806,0.588717,0.530326
57806,50506,0.588717,0.559330
50506,68100,0.590160,0.601547
105123,29713,0.588955,0.534410
63075,122839,0.000000,0.001193
65282,63075,0.000000,0.100849
105123,681,0.589599,0.555851
82324,58009,0.000000,0.001718
37066,104984,0.000000,0.001664
57363,65282,0.000000,0.092622
54865,96998,0.588200,0.516517
78489,55831,0.589395,0.550058
36873,41359,0.587286,0.491521
50506,36873,0.587286,0.508780
29713,42424,0.588955,0.550592
3860,78489,0.588955,0.580803
90008,105220,0.588466,0.512515
90008,15897,0.587916,0.482335
61403,12407,0.588717,0.518098
12407,37066,0.588200,0.486974
6323,29713,0.588955,0.540509
52493,90042,0.000000,0.006226
811,50302,0.000000,0.262000
11288,115004,0.000000,0.038214
2439,11288,0.000000,0.117100
25611,52493,0.000000,0.014965
114715,24234,0.569362,0.010386
98305,14572,0.000000,0.069527
68326,45605,0.000000,0.035602
17704,85239,0.552132,0.103075
35943,74343,0.000000,0.012191
80620,56216,0.000000,0.006336
90042,98794,0.549019,0.194055
87742,12887,0.554952,0.111800
35943,17704,0.000000,0.022944
90042,103090,0.000000,0.007604
25611,116963,0.551131,0.172050
11288,114715,0.000000,0.005880
45605,90042,0.000000,0.117165
45605,115575,0.000000,0.019430
35943,50302,0.000000,0.004953
3536,48627,0.552132,0.783182
119795,116963,0.551131,0.111800
87742,98305,0.000000,0.654303
14572,26396,0.000000,0.102362
66671,14572,0.000000,0.018765
16973,103493,0.000000,0.001786
82873,11288,0.000000,0.004772
85239,28560,0.000000,0.100858
98305,57425,0.000000,0.111809
55163,115004,0.567269,0.396526
35943,37496,0.000000,0.005369
109555,3536,0.554513,0.111800
103090,43177,0.000000,0.026651
40468,103493,0.000000,0.002304
103493,3723,0.000000,0.003295
52493,115575,0.571165,0.679128
74343,43177,0.000000,0.213623
27174,119795,0.000000,0.654303
811,71839,0.000000,0.008697
56216,120564,0.000000,0.001602
27174,11288,0.000000,0.654303
3536,40468,0.552132,0.131157
43177,28560,0.000000,0.055656
35943,16973,0.000000,0.006257
62623,27980,0.000000,0.002081
114715,52493,0.569886,0.643026
11105,11288,0.549839,0.107139
80620,7292,0.000000,0.005370
103493,811,0.000000,0.002498
25611,87364,0.000000,0.016943
25611,50302,0.000000,0.158888
115004,11105,0.000000,0.111387
50302,12887,0.000000,0.111800
82873,109555,0.000000,0.004772
37496,80620,0.000000,0.004516
62623,24234,0.000000,0.002623
22949,43177,0.549019,0.149953
85239,71839,0.000000,0.006682
17704,90042,0.000000,0.117165
11288,27980,0.000000,0.060075
22949,52493,0.000000,0.004622
14572,28560,0.000000,0.574208
63779,90042,0.000000,0.032403
52493,114715,0.569886,0.642767
62623,82873,0.000000,0.004133
7292,22249,0.000000,0.111800
27980,94498,0.000000,0.017763
11105,116963,0.549839,0.425813
11105,17704,0.549839,0.425813
26483,104623,0.000000,0.004239
40468,3723,0.551659,0.132191
94498,7292,0.000000,0.008522
62623,90042,0.000000,0.002730
24234,50302,0.000000,0.216530
66671,50531,0.570354,0.594526
98305,28560,0.000000,0.069732
25611,104623,0.000000,0.014997
11105,25611,0.549839,0.213560
18924,55163,0.000000,0.019375
58236,2439,0.000000,0.425729
37496,90042,0.000000,0.287883
52493,27980,0.000000,0.020698
90042,57425,0.000000,0.111809
50302,56198,0.000000,0.005330
24234,56216,0.000000,0.002111
12228,27174,0.000000,0.002287
3536,35943,0.000000,0.017341
120564,66671,0.000000,0.006068
74343,48627,0.549839,0.425813
57425,52493,0.000000,0.023541
45605,70410,0.000000,0.117165
50531,80620,0.572157,0.675520
18924,56216,0.000000,0.002740
56198,18924,0.000000,0.035606
50531,50302,0.000000,0.004582
16973,35943,0.000000,0.004930
71839,62623,0.000000,0.005339
11288,115575,0.000000,0.003940
58236,3723,0.549839,0.425753
28560,3740,0.000000,0.053269
26790,98860,0.000000,0.004262
26790,67712,0.000000,0.109863
85367,14243,0.000000,0.217690
56786,81918,0.588717,0.531632
113417,76525,0.588955,0.563149
26867,52214,0.659277,0.549156
34961,56786,0.588200,0.569404
81819,28267,0.588717,0.570554
69521,110280,0.586551,0.421680
111158,12599,0.000000,0.117715
120805,52469,0.587286,0.433224
117952,26867,0.000000,0.123778
117012,56617,0.588955,0.510990
122899,882,0.589981,0.552835
64764,7002,0.589599,0.555408
117952,106157,0.588200,0.530269
110077,97189,0.000000,0.005136
113417,118812,0.000000,0.001510
110077,12599,0.000000,0.005178
26203,882,0.589180,0.541964
52214,40187,0.660449,0.586579
52469,110077,0.000000,0.001599
56617,28267,0.588717,0.555502
106157,85367,0.588200,0.494144
19598,26203,0.589180,0.584788
64764,111158,0.588717,0.529259
14243,26867,0.659277,0.546687
115864,106157,0.588200,0.527688
56617,115864,0.588466,0.485682
97189,69521,0.653776,0.728765
117012,28024,0.000000,0.001412
52214,56739,0.000000,0.182010
38936,34961,0.587916,0.553323
57567,38936,0.587916,0.476919
85367,89408,0.589981,0.558819
7002,111158,0.588717,0.526288
81918,40187,0.000000,0.167574
52469,74933,0.588717,0.303719
117952,79392,0.588466,0.540442
56617,110280,0.589981,0.549353
28016,85367,0.589794,0.552884
98074,120805,0.586551,0.472956
120805,69521,0.586551,0.470667
67072,1897,0.587916,0.503716
882,6219,0.589180,0.578171
56786,89408,0.589395,0.549350
53828,85367,0.589794,0.553954
44179,62128,1.000000,0.993575
64764,113417,0.588955,0.537170
48251,117952,0.588466,0.534141
7002,19598,0.589599,0.584512
56739,98860,0.000000,0.001611
117184,7002,0.586934,0.439055
28016,35005,0.000000,0.001180
15624,117184,0.586934,0.439589
44179,89978,0.000000,0.001510
113417,122899,0.588955,0.518992
117184,110077,0.000000,0.003524
106322,81286,0.000000,0.000626
28267,40187,0.000000,0.267364
117184,113417,0.586934,0.460189
62083,113417,0.000000,0.000483
56786,6219,0.589180,0.576839
19909,19598,0.589599,0.584953
6219,67072,0.589180,0.583649
1897,35005,0.000000,0.002109
103397,106157,0.588200,0.515459
117952,117012,0.588466,0.527050
15624,108686,0.590160,0.580950
67072,98074,0.586551,0.432140
47453,53828,0.000000,0.001423
1897,67712,0.587916,0.495475
35005,52469,0.000000,0.001948
109623,81286,1.000000,0.996647
117184,89408,0.586934,0.439117
118812,74933,0.000000,0.001113
110077,89978,0.000000,0.001609
106322,98074,0.000000,0.016821
74933,882,0.589981,0.562881
64764,103397,0.589180,0.544148
76525,53828,0.589180,0.542778
89408,53828,0.589794,0.619964
14243,111158,0.000000,0.170563
120805,106157,0.587286,0.492071
48251,52469,1.000000,0.421752
81918,62083,0.000000,0.000442
110077,69521,0.000000,0.005148
26790,97189,0.000000,0.110149
35005,56786,0.000000,0.001524
117184,34961,0.586934,0.522923
35005,75806,0.000000,0.001957
19909,15624,1.000000,0.731809
26203,76525,0.656228,0.713515
115864,28016,0.588466,0.520077
76525,98860,0.000000,0.001744
1897,882,0.587916,0.494882
115864,113417,0.588466,0.527741
6219,26203,0.656228,0.582677
81819,122899,0.589599,0.540702
106157,67712,0.588200,0.510074
66059,85004,0.663357,0.560669
30698,41501,0.659829,0.576034
41501,72103,0.659829,0.161663
111842,66059,0.663357,0.527670
55937,61653,0.000000,0.001059
30698,111842,0.663111,0.127061
54917,28579,0.659794,0.578858
21201,101414,0.661943,0.098661
80343,73038,0.663807,0.532525
61653,55937,0.000000,0.001096
55937,40561,0.664015,0.603967
46596,46977,0.663357,0.504833
111842,97661,0.663588,0.160221
79649,41958,0.000000,0.000653
61653,120525,1.000000,0.934570
21370,11108,0.662849,0.084994
21201,119419,0.663357,0.168553
49113,11370,0.000000,0.002298
21201,46977,0.663357,0.504923
66059,14997,0.663357,0.521765
66059,46977,0.663357,0.504538
50822,21201,0.663357,0.491974
85004,72103,0.663807,0.603033
72103,80363,0.663807,0.601459
2558,30698,0.663111,0.117739
49113,38570,0.000000,0.005730
102164,50822,0.000000,0.000711
95292,46977,0.662499,0.573740
46977,62168,0.665229,0.573346
11108,101414,0.661943,0.567532
80279,41789,0.662789,0.606180
88607,21201,0.660110,0.563574
102164,73038,0.000000,0.001050
105539,80363,0.000000,0.003242
95292,50822,0.662499,0.570774
113866,40561,1.000000,0.240883
61653,73038,0.000000,0.001187
46596,80279,0.662789,0.549682
54917,96805,0.659794,0.557781
81274,28579,0.663807,0.597594
86659,30698,0.663111,0.123150
40561,72103,0.663807,0.627471
40561,80363,0.664015,0.605848
79649,46596,0.663357,0.489407
55922,94696,0.664015,0.530558
11108,55937,0.662849,0.132792
49113,21201,0.000000,0.002934
7888,94696,0.664015,0.537222
55937,3965,0.661280,0.579350
86659,46596,0.663357,0.518119
10043,79649,0.665518,0.610247
9119,119419,0.664401,0.217248
85004,50822,0.664401,0.591681
81121,120525,0.000000,0.007013
11108,13361,0.662849,0.125436
97661,81274,0.663588,0.212180
105539,101656,0.000000,0.002022
107251,21370,0.665376,0.567518
62168,11370,0.664015,0.536624
121090,86659,0.663357,0.140610
86659,14997,0.664401,0.555569
101656,70467,0.000000,0.001077
21201,120525,0.000000,0.002074
80343,95292,0.662499,0.529924
9749,81274,0.664212,0.576966
41789,14997,0.664401,0.550666
41501,102164,0.000000,0.002665
85782,119419,0.664015,0.193114
94696,14997,0.664015,0.545854
102164,38570,0.000000,0.003386
111842,117258,0.663807,0.192214
85782,101656,0.664015,0.550808
10043,70467,0.000000,0.000846
2043,62168,0.664212,0.544918
41958,21201,0.000000,0.001880
30698,9743,0.663111,0.096137
2558,11108,0.662849,0.108614
14997,62168,0.664401,0.551132
73038,13361,0.664918,0.591090
55937,86659,0.664753,0.598353
107251,13361,0.665376,0.603074
96805,62168,0.664212,0.543651
120525,119419,0.000000,0.003661
121788,61653,0.000000,0.001090
7888,95292,0.662499,0.735849
101414,81121,0.661444,0.542779
10043,14997,0.664401,0.587857
101414,79649,0.661943,0.063799
120525,79649,0.000000,0.001114
105539,21201,0.000000,0.002732
62168,120525,0.000000,0.001279
25754,54917,0.659794,0.547974
61653,95292,0.000000,0.001073
95292,86659,0.662499,0.562827
9749,11370,0.664015,0.549187
9749,81121,0.661444,0.183180
73038,85004,0.664401,0.584461
119419,60439,0.663807,0.176872
117258,10043,0.664581,0.305193
46596,101656,0.663357,0.523827
39776,71563,0.663671,0.551196
16413,61147,0.664467,0.603100
53489,61147,0.661454,0.274898
71563,20337,0.664879,0.609077
51119,26677,0.000000,0.002584
70295,39473,0.656730,0.509520
13011,31825,0.000000,0.002973
31825,5863,0.660975,0.617351
25859,105009,0.663671,0.554676
108970,45437,0.662677,0.505309
98622,45437,0.655904,0.541488
70295,81572,0.656730,0.513803
76094,31825,0.660975,0.552491
34224,31825,0.660975,0.590486
108074,25859,0.000000,0.001313
52038,6798,0.664167,0.572283
51216,32088,0.657537,0.568736
96808,109744,0.650613,0.516391
47709,109744,0.650613,0.208850
24665,47709,0.000000,0.001663
32843,80829,0.656287,0.102118
46314,53489,0.657643,0.192065
96563,71563,0.664167,0.568990
887,70295,0.656730,0.496545
39473,70295,0.656730,0.497433
13011,49911,1.000000,0.107332
25859,109744,0.650613,0.495604
71563,16413,0.664467,0.578049
52305,75067,0.000000,0.000965
108970,12815,1.000000,0.747228
81572,101538,0.661937,0.477526
53489,105009,0.661454,0.237112
80829,109744,0.650613,0.516476
33890,85595,0.658154,0.151672
57637,52038,0.664167,0.603336
109744,67339,0.650613,0.518278
13011,120662,0.000000,0.000997
96808,108074,0.000000,0.002624
71911,25859,0.661657,0.548423
70769,69393,0.658779,0.550754
47709,16676,0.000000,0.140738
67950,109744,0.000000,0.135402
65311,26677,0.656730,0.491483
6798,32088,0.657537,0.574189
57637,67376,0.000000,0.001740
26677,96563,0.664167,0.564389
52305,16676,0.000000,0.007458
47709,101538,0.661301,0.201037
96563,75067,0.664167,0.564345
54231,6798,0.659324,0.118025
98622,76094,0.655904,0.567778
32843,52038,0.656287,0.088419
101538,47709,0.661301,0.189656
101538,96808,1.000000,0.745674
53033,16413,0.664320,0.537061
98986,32088,0.657537,0.571322
39473,98622,0.655904,0.545096
47709,61147,0.661301,0.262491
108074,105009,0.000000,0.001708
45437,70769,0.658779,0.512017
3908,73077,0.000000,0.000909
120662,13011,0.000000,0.001015
98986,96563,0.664167,0.566228
101538,52038,0.661937,0.490255
108970,61147,0.662677,0.552184
112717,70769,0.658779,0.483843
65311,108074,0.000000,0.002602
5863,33890,0.658154,0.179158
51119,75593,0.000000,0.002954
13011,75067,0.000000,0.000986
67339,39473,0.662896,0.524568
51310,98986,0.665132,0.590542
98622,70295,0.655904,0.567770
47709,12815,0.661301,0.216983
80829,31825,0.660975,0.576462
108074,39473,0.000000,0.001205
103719,67376,0.000000,0.001499
5863,3908,0.000000,0.000823
81572,57637,0.664320,0.575864
32843,73077,0.656287,0.122004
67339,6798,0.662896,0.527302
71911,49911,0.000000,0.001677
112717,32088,0.657537,0.531408
5863,67950,0.000000,0.271993
98010,53489,0.661454,0.221646
69393,39473,0.664320,0.574888
39473,67950,0.000000,0.162047
16413,20337,0.664467,0.603113
109744,39473,0.650613,0.493761
98010,52305,0.000000,0.001049
81572,33890,0.658154,0.122284
32843,45437,0.656287,0.073548
6798,75067,0.664467,0.573660
73077,52038,0.661602,0.604099
108074,112717,0.000000,0.000351
67376,39776,0.000000,0.002104
67950,81572,0.000000,0.141019
109744,51119,0.000000,0.004200
80829,3908,0.000000,0.001175
51119,109744,0.000000,0.004504
55343,26855,0.547382,0.039944
85027,61767,0.547382,0.489581
52525,68298,0.000000,0.067940
118678,103771,0.546853,0.007564
46682,77597,0.547382,0.335451
52865,92465,0.547382,0.314844
36359,84627,0.546853,0.463228
9209,77597,0.000000,0.045078
39501,68298,0.547382,0.016619
110573,78335,0.000000,0.105263
52525,59510,0.000000,0.212606
3372,110573,0.550970,0.409633
94923,110573,0.548676,0.467151
9209,15654,0.000000,0.026326
49307,26855,0.548676,0.132522
52525,52865,0.000000,0.192949
19509,78335,0.000000,0.078414
39501,79193,0.000000,0.094358
108597,96945,0.547382,0.417847
107256,85189,0.549678,0.484611
62083,107256,0.000000,0.000298
49442,68298,0.000000,0.002732
75522,85189,0.000000,0.102614
34780,61767,0.547382,0.503782
15210,78335,0.000000,0.136610
77643,85027,0.000000,0.000167
118867,79193,0.000000,0.003491
17854,62866,0.546853,0.264926
3372,61767,0.547382,0.306666
49442,84627,0.000000,0.014223
83321,49307,0.000000,0.009213
94923,46682,0.547382,0.387838
79193,118678,0.000000,0.082680
88570,39501,0.548285,0.306616
5887,116904,0.547856,0.132216
108597,39501,0.547382,0.324422
112524,79193,0.000000,0.174479
34780,17565,0.549035,0.448975
74110,3372,0.549368,0.073072
17565,77643,0.000000,0.000583
96945,83321,0.000000,0.085300
34780,107256,0.549035,0.478877
49307,85189,0.549968,0.376531
61767,77643,0.000000,0.000520
14843,3372,0.551598,0.484824
61767,85189,0.547382,0.476991
49307,34780,0.549035,0.418548
95844,118867,0.548676,0.043648
75522,77643,0.000000,0.001034
88570,118678,0.548285,0.214379
81908,36359,0.546853,0.430062
84627,94923,0.547856,0.397288
107256,12866,0.549678,0.440502
87560,46682,0.547382,0.264890
103771,17854,0.546853,0.267897
65978,95844,0.548676,0.420573
118678,96945,0.549368,0.201050
55343,46682,1.000000,0.450236
52865,77643,0.000000,0.001917
85027,12866,0.548285,0.429452
23103,77597,0.546853,0.349497
49442,75455,0.000000,0.002723
118678,120431,0.550241,0.031363
34780,23103,0.546853,0.414043
59510,78335,0.000000,0.189028
9209,55916,0.000000,0.039594
68298,77643,0.000000,0.000593
15654,88570,0.547856,0.416480
116904,27738,0.551190,0.388918
62083,78335,0.000000,0.003447
92465,116904,0.548285,0.071463
88570,96945,0.548285,0.370709
23103,49307,0.546853,0.182668
19509,59510,0.547382,0.315816
84627,87560,0.547856,0.211335
9209,92465,0.000000,0.077762
84627,27738,0.547856,0.318263
78335,87560,0.000000,0.062497
23103,61767,0.546853,0.415769
92465,81908,0.547382,0.132593
59510,81908,1.000000,0.439413
15210,87560,0.550740,0.488274
46682,74110,0.547382,0.208996
59510,9209,0.000000,0.023827
95844,39501,0.548676,0.363690
87220,87560,0.546853,0.083827
120431,19509,0.549035,0.094369
65978,84627,0.547856,0.393537
120431,79193,0.000000,0.009902
88570,92465,1.000000,0.331793
103771,68298,0.546853,0.056760
65978,55884,0.548285,0.037564
83321,87560,0.000000,0.077824
81908,95844,0.547382,0.200953
92465,14843,0.548285,0.170830
88570,75522,0.000000,0.129114
17565,9209,0.000000,0.032451
75522,62866,0.000000,0.187957
87560,116904,0.552790,0.507409
118678,118867,0.550970,0.019233
119778,70355,0.000000,0.017202
74699,9828,0.000000,0.033835
78591,5692,0.000000,0.001122
53631,95642,0.000000,0.040438
54637,72480,0.000000,0.008335
31590,107063,0.000000,0.034324
2427,81537,0.000000,0.194831
55915,78013,0.000000,0.200675
25698,123102,0.000000,0.056888
54447,86487,0.000000,0.000130
62943,65542,1.000000,0.000000
85016,12878,0.000000,0.031042
58410,76412,0.000000,0.007331
79008,74699,0.000000,0.005678
52330,95642,0.000000,0.038503
70355,2418,0.000000,0.076792
123102,65621,1.000000,0.120477
16131,93045,0.000000,0.015765
108767,30491,0.000000,0.593736
6225,51605,0.000000,0.025247
5692,53631,0.000000,0.113632
26682,15565,0.000000,0.115594
81537,46507,0.000000,0.001497
87774,79008,0.000000,0.162378
48424,26682,0.000000,0.156403
4907,62943,0.000000,0.000000
78013,65621,1.000000,0.794105
42999,95642,0.000000,0.005294
88563,85016,0.000000,0.041097
12878,67767,0.000000,0.002096
62943,86487,0.000000,0.000000
16131,120365,0.000000,0.011915
85016,94611,0.666634,0.603042
32501,76412,0.000000,0.158664
32501,12878,0.000000,0.004379
119778,78591,0.000000,0.079664
108767,25934,0.000000,0.310115
16131,86487,0.000000,0.011469
65542,70355,0.000000,0.016330
108767,95825,0.000000,0.004736
53631,46507,0.000000,0.016943
95784,95642,0.000000,0.021656
25698,93045,0.000000,0.067465
108767,86487,0.000000,0.268282
70355,118960,0.000000,0.016625
52330,6225,0.000000,0.010877
30491,44745,0.000000,0.310351
72480,54447,0.000000,0.000178
42999,39156,0.000000,0.050084
25934,12878,1.000000,0.996127
86487,45980,0.000000,0.350582
81537,108767,0.000000,0.000810
54447,58410,0.000000,0.000041
118960,51605,0.000000,0.016049
46507,31590,1.000000,0.596419
27598,48424,1.000000,0.283152
26682,85016,0.000000,0.049334
95642,62083,0.000000,0.005728
16131,12878,0.000000,0.031557
26682,107063,0.000000,0.048742
16969,119778,0.000000,0.034121
70355,10467,0.000000,0.010192
12878,62083,1.000000,0.991920
74699,54637,0.000000,0.003920
39156,108767,0.000000,0.076166
2427,67767,0.000000,0.000113
25934,45980,1.000000,0.899166
67767,52330,0.000000,0.001292
94611,12878,0.000000,0.033095
25934,95825,0.000000,0.001986
78013,44745,1.000000,0.855713
48424,81537,0.000000,0.001318
5692,70355,0.000000,0.102217
42999,118960,0.000000,0.012642
88563,65542,0.000000,0.020140
54447,76412,0.000000,0.007099
25934,55915,0.000000,0.636239
12878,65621,1.000000,0.899532
25934,86487,0.000000,0.684972
15565,53603,0.000000,0.016094
65621,25934,1.000000,0.883854
30491,16969,0.000000,0.311849
86487,123102,0.000000,0.247895
32501,25698,0.000000,0.030389
46507,81537,0.000000,0.001586
44745,88563,0.000000,0.015083
118960,15565,0.000000,0.013018
53631,95825,0.000000,0.138035
15565,78013,1.000000,0.716918
86487,95642,0.000000,0.076817
66093,42999,0.000000,0.011037
87774,51605,0.000000,0.013181
39156,123102,0.000000,0.060643
16969,44745,0.000000,0.471481
6225,88563,0.000000,0.517664
42999,26682,0.000000,0.031085
2418,54637,0.000000,0.000060
42176,48424,0.000000,0.375038
101167,123102,0.000000,0.001787
62083,55915,0.000000,0.207712
9626,116546,0.000000,0.000884
79950,38967,0.000000,0.030482
82019,77508,0.000000,0.000000
4258,9626,0.000000,0.010245
29089,38967,0.000000,0.191851
85193,108863,0.000000,0.000537
23053,7216,0.000000,0.032364
58532,113512,0.000000,0.079609
74956,85193,0.000000,0.256062
88001,8492,0.540702,0.090704
24846,62827,0.000000,0.001899
17837,106613,0.000000,0.766632
12208,79950,0.557276,0.202593
38967,7216,0.000000,0.241506
78958,38967,0.000000,0.029581
38967,52686,0.000000,0.038609
70200,16438,0.000000,0.021206
67967,52686,0.558564,0.350498
89196,58532,0.000000,0.322146
67967,78958,0.000000,0.003300
16438,78958,0.000000,0.059472
113375,61963,0.000000,0.000001
9626,38967,0.000000,0.001863
87866,79950,0.000000,0.000143
122672,113512,0.558564,0.311229
42961,12208,0.000000,0.197719
88001,16438,0.539325,0.109913
67220,348,0.000000,0.000399
116546,58532,0.000000,0.003420
63571,70200,0.000000,0.000792
88001,85474,0.540702,0.076794
32770,88001,1.000000,0.028569
112600,62827,0.558564,0.082868
78958,113512,0.000000,0.003559
38967,98125,0.000000,0.004685
106845,17837,0.000000,0.201054
63571,88001,0.000000,0.001816
67967,70200,0.000000,0.000142
30026,79950,0.000000,0.000446
78958,4258,0.000000,0.000897
121448,90468,0.558564,0.318065
89196,24846,0.000000,0.010300
58532,112600,0.000000,0.362502
42961,113,0.000000,0.000275
89364,98125,0.000000,0.000417
106613,4258,0.000000,0.003704
38967,82019,0.000000,0.034048
70200,107654,0.000000,0.000076
106613,85193,1.000000,0.766632
67967,87866,0.000000,0.000204
113375,43324,0.000000,0.002166
74956,24846,0.000000,0.001600
43324,98125,0.000000,0.037715
88001,30276,0.000000,0.004411
24846,16438,0.000000,0.022453
30026,122672,0.000000,0.000446
12208,109706,0.000000,0.026171
77508,112232,0.000000,0.000000
52686,63571,0.558564,0.049176
113512,74956,0.000000,0.304771
112232,9626,0.000000,0.000484
52686,107654,1.000000,0.766632
122672,67967,0.558564,0.301126
122672,61963,0.000000,0.000000
122672,33085,0.000000,0.000848
77508,52686,0.000000,0.000000
115166,98125,0.541362,0.045146
27297,115166,0.000000,0.000269
113375,67220,0.000000,0.254226
27297,89364,0.558564,0.311011
108863,74956,0.000000,0.000950
116546,85474,0.540933,0.076937
87866,38967,0.000000,0.002745
8492,63571,0.000000,0.002510
16438,89196,0.000000,0.003919
108863,30276,0.000000,0.008909
106613,106845,0.558564,0.194709
121448,12208,0.557276,0.143414
27297,98125,0.000000,0.000224
88872,32770,0.540200,0.044520
33085,85474,0.000000,0.001273
112600,121448,0.559562,0.094930
348,67220,0.000000,0.000558
101755,112232,0.000000,0.000517
106613,82019,0.000000,0.001900
89364,109706,0.000000,0.035141
67967,74956,0.000000,0.302825
4258,43324,0.000000,0.000686
112600,87866,0.000000,0.000926
107654,88872,0.000000,0.000285
89364,61963,0.000000,0.000000
89364,24846,0.000000,0.002488
108863,67220,0.000000,0.001590
87866,52686,0.000000,0.000143
61963,101755,0.000000,0.000001
60229,112600,0.000000,0.004309
348,14701,0.000000,0.013878
101755,74956,0.000000,0.210071
107654,106613,1.000000,0.766632
62827,101755,0.000000,0.141638
35899,79775,0.000000,0.002377
5612,47124,0.000000,0.155358
19443,107231,0.000000,0.000112
870,117422,0.000000,0.002870
79775,40887,0.000000,0.002763
118589,94351,1.000000,0.916050
37541,40887,0.000000,0.000001
121931,62461,0.000000,0.015604
21127,18181,0.558721,0.519006
121931,18181,0.000000,0.047117
56600,103203,0.000000,0.000666
96318,115835,0.000000,0.000819
115835,79775,0.000000,0.146889
117422,102527,0.000000,0.000935
81250,78436,0.000000,0.001137
62461,5612,0.000000,0.004380
102527,31846,0.000000,0.008629
3789,81250,0.000000,0.040272
117422,35899,0.000000,0.025770
108707,56258,0.000000,0.241209
77508,82790,0.000000,0.000000
62461,19443,0.000000,0.003380
96943,121931,0.000000,0.028843
97809,83799,0.000000,0.000000
56258,97809,0.000000,0.003544
21127,44217,1.000000,0.915166
82790,79775,0.000000,0.288678
118084,47124,0.000000,0.000000
35894,39009,0.000000,0.000900
96318,72604,0.000000,0.000856
5612,97809,0.000000,0.005718
47124,97633,0.551659,0.082784
56600,31846,0.000000,0.037833
78436,10926,0.000000,0.000000
62461,10926,0.000000,0.000000
77508,121931,0.000000,0.000000
121931,108707,0.000000,0.096909
19443,35899,0.000000,0.000818
107231,18181,0.000000,0.000326
47124,113322,0.000000,0.000001
96318,82790,0.000000,0.001647
94351,118084,0.000000,0.000000
90198,870,0.000000,0.045396
115835,118084,0.000000,0.000000
30154,121931,0.000000,0.016323
96318,94351,0.000000,0.001655
40887,106380,1.000000,0.922728
106380,108707,0.000000,0.001401
870,47124,0.546723,0.422443
79775,47124,0.549019,0.438917
117422,108707,0.000000,0.010732
121931,117422,0.000000,0.020301
62461,56258,0.000000,0.003663
79775,37541,0.000000,0.000001
21127,56258,0.000000,0.076020
108707,121931,0.000000,0.104065
90198,35900,0.000000,0.009842
44217,106380,0.000000,0.000313
870,96943,0.000000,0.017643
56600,47124,0.000000,0.107815
35899,118589,0.000000,0.002072
40887,121371,0.000000,0.003879
18181,35894,0.000000,0.003818
10926,96318,0.000000,0.000000
30154,118589,0.556906,0.546959
18181,86117,1.000000,0.347047
25865,105596,0.000000,0.023310
121371,37541,0.000000,0.000001
5612,77508,0.000000,0.000000
82790,78436,0.000000,0.001907
97809,94351,0.000000,0.000716
121931,83799,0.000000,0.000004
97633,3789,0.000000,0.046412
21127,115835,0.556906,0.599083
35899,117422,0.000000,0.056332
44217,3789,0.558721,0.259553
107231,113322,0.000000,0.000044
44217,39009,0.000000,0.000854
118084,107231,0.000000,0.000002
35894,40887,0.000000,0.001626
56600,90198,0.000000,0.008362
11326,35894,0.000000,0.001657
35899,121371,0.000000,0.002782
25865,72604,1.000000,0.898303
35894,870,0.000000,0.005163
78436,94351,0.000000,0.002099
118084,37541,0.000000,0.001432
103569,11326,0.000000,0.000151
39009,5612,0.000000,0.005524
18181,11326,0.561006,0.527994
3789,103203,0.000000,0.002397
39009,21127,0.000000,0.001035
113322,35900,0.000000,0.000002
105596,78436,0.000000,0.028735
56600,113322,0.000000,0.000000
25865,79775,0.549019,0.328118
121371,11326,0.000000,0.011624
62461,96318,0.000000,0.000442
108707,21127,0.558721,0.124554
113322,90198,0.000000,0.000001
55691,57575,0.000000,0.029418
67110,72689,0.000000,0.261432
17455,122922,0.000000,0.012008
36396,92271,0.000000,0.000779
50923,9794,0.000000,0.165154
18271,94081,0.000000,0.056840
72689,119890,0.000000,0.277773
83725,119734,0.000000,0.005012
89959,99384,0.000000,0.011307
88417,6984,0.000000,0.042011
58993,115382,0.000000,0.101275
65138,67110,0.000000,0.140709
86517,17455,0.000000,0.114838
21491,43532,0.000000,0.013739
67110,82348,0.000000,0.031404
36396,117267,0.000000,0.009708
42380,61682,0.000000,0.010678
99384,100485,0.000000,0.000302
89959,33195,0.000000,0.024613
115382,122089,0.000000,0.093849
67110,18271,0.000000,0.124222
64120,89959,0.000000,0.109826
4834,119505,0.000000,0.002080
21593,51401,0.000000,0.299654
101127,18271,0.000000,0.014278
38020,3881,0.000000,0.027701
26776,122922,0.000000,0.001819
86264,9464,0.000000,0.068582
55372,61682,0.000000,0.136226
101127,9464,0.000000,0.024889
115382,38020,0.000000,0.124717
104286,89959,0.000000,0.261340
69371,120427,0.000000,0.016380
100485,117281,0.000000,0.273106
104286,86517,0.000000,0.093779
88417,92271,0.000000,0.004228
100485,51401,0.000000,0.256043
122089,104103,0.000000,0.002770
57916,122922,0.000000,0.003549
122089,104286,0.000000,0.012242
13901,36396,0.000000,0.007752
93282,44997,0.000000,0.108946
74538,115382,0.000000,0.062592
64120,38020,0.000000,0.026720
3881,17455,0.000000,0.009853
115382,57916,0.000000,0.033685
104103,86517,0.000000,0.012044
57916,48359,0.000000,0.077021
18271,117733,0.000000,0.021731
86264,53125,0.000000,0.281493
42380,21593,0.000000,0.000739
49079,69371,0.000000,0.023592
9794,44997,0.000000,0.011835
92271,100485,0.000000,0.218029
119734,117733,0.000000,0.048809
86264,117267,0.000000,0.022829
122089,26776,0.000000,0.087236
55691,105745,0.000000,0.007788
61682,112585,0.000000,0.004651
112585,88417,0.000000,0.001942
86264,74538,0.000000,0.013251
86517,88417,0.000000,0.109862
61682,48359,0.000000,0.034478
100485,65138,0.000000,0.019264
105745,36396,0.000000,0.001788
93282,117281,0.000000,0.158032
42380,122089,0.000000,0.001977
55981,65138,0.000000,0.026590
94081,86517,0.000000,0.089015
21593,119505,0.000000,0.001571
117267,38020,0.000000,0.072269
88417,100485,0.000000,0.001228
105745,21593,0.000000,0.194009
18271,93282,0.000000,0.087297
21491,33195,0.000000,0.032506
43532,122089,0.000000,0.265221
53125,119734,0.000000,0.002465
65138,21491,0.000000,0.016898
117733,2244,0.000000,0.155523
4834,117733,0.000000,0.009035
61682,51401,0.000000,0.009244
55691,57916,0.000000,0.028290
44997,100485,0.000000,0.252682
100485,122922,0.000000,0.000204
119505,119890,0.000000,0.004139
115382,104286,0.000000,0.028809
21593,104286,0.000000,0.004044
58993,50923,0.000000,0.074616
26776,61682,0.000000,0.014342
58993,86517,0.000000,0.023839
18271,2244,0.000000,0.021623
92271,21593,0.000000,0.329893
38020,64120,0.000000,0.030453
21491,84500,0.000000,0.028594
104103,84500,0.000000,0.002205
9464,6984,0.000000,0.066244
117733,17455,0.000000,0.101988
74538,120427,0.000000,0.098705
21593,33195,0.000000,0.032478
122922,92271,0.000000,0.000940
91573,65976,0.000000,0.001954
7353,62371,0.586132,0.277603
99247,13840,0.000000,0.002153
75861,83928,0.000000,0.407924
100827,13840,0.000000,0.000958
61876,26929,0.000000,0.000947
99285,12462,0.586551,0.492032
26929,51063,0.000000,0.004276
112521,99339,0.000000,0.175759
75526,62371,0.586132,0.298986
103077,75861,0.000000,0.240772
48105,71348,0.588200,0.475218
72963,12462,0.586934,0.235564
117750,99247,0.586934,0.542169
62083,7309,0.000000,0.000440
103077,65976,0.000000,0.001728
27587,39782,0.000000,0.003775
22837,68300,0.588200,0.559528
16612,72963,0.587916,0.493730
42146,99247,0.586551,0.535614
29907,118802,0.000000,0.400037
61876,99247,0.587286,0.451318
80921,16612,0.587916,0.458993
39782,87816,1.000000,0.970655
72963,73064,0.000000,0.001272
103440,117750,0.585149,0.288290
3441,52088,0.587286,0.568028
103440,73064,0.000000,0.003887
31335,21433,0.586934,0.219759
3441,100827,0.587612,0.511705
104100,100827,0.587916,0.448407
99339,117750,0.586934,0.555433
103077,26929,0.000000,0.001263
62083,14507,0.000000,0.000515
62083,104100,0.000000,0.000711
96327,13840,0.000000,0.001392
87816,7353,0.000000,0.003166
27587,96327,0.586132,0.547031
29907,80921,0.585668,0.459476
73064,91573,0.000000,0.002185
96327,37433,0.587916,0.564589
7309,96535,0.586934,0.531107
83928,86576,0.000000,0.481484
59950,99339,0.586934,0.374029
100827,71596,0.588955,0.462020
7309,86576,0.587916,0.432106
99285,73064,0.000000,0.003692
100827,18852,0.588200,0.488390
65976,48105,0.000000,0.003355
3441,44476,0.587612,0.540852
103077,36549,0.588466,0.523684
3441,71596,0.587612,0.540354
12462,96535,0.659576,0.496872
51063,16612,0.586551,0.460053
48105,75526,0.588200,0.542817
54627,42146,0.586551,0.458707
62083,99247,0.000000,0.000903
103077,112521,0.000000,0.132197
62371,3441,0.586132,0.324231
27587,14507,0.586132,0.537713
7353,63317,0.586934,0.433777
13840,29907,0.000000,0.003251
99247,96535,0.586934,0.532698
27587,37433,0.586132,0.515368
71348,16612,0.587916,0.508499
99339,39782,0.000000,0.001874
112131,18852,0.588200,0.468769
118802,68300,0.000000,0.554433
96327,68300,0.587916,0.591301
103440,118802,0.000000,0.057404
99285,7353,0.586551,0.533708
31335,39909,0.586934,0.533763
68300,112131,0.588200,0.588836
78445,104100,0.587612,0.556262
99285,18852,0.586551,0.481380
7353,72963,0.586934,0.437065
12713,73064,0.000000,0.001956
99247,86576,0.587286,0.463250
112131,117750,0.586934,0.555519
103440,18852,0.585149,0.381453
72963,59950,0.586934,0.233158
71596,103440,0.585149,0.138587
117638,65976,0.000000,0.003272
12462,71596,0.586934,0.314868
62083,62371,0.000000,0.001238
75861,37433,0.586551,0.227871
54982,51063,0.586551,0.483377
71638,59950,0.586934,0.399335
13840,54982,0.000000,0.000998
54982,112131,0.589599,0.612316
62083,65976,1.000000,0.901440
86576,96535,0.586934,0.537063
73064,12713,0.000000,0.002247
83928,61876,0.000000,0.460717
117638,12462,0.586934,0.408522
103440,91573,0.585149,0.381355
96327,103440,0.585149,0.286278
96535,62083,0.000000,0.000584
96327,62083,0.000000,0.000517
54627,63317,0.587286,0.401946
122486,54973,0.000000,0.064845
64586,53734,0.000000,0.000549
62943,44945,0.000000,0.000000
22214,5270,0.000000,0.256387
44583,12612,0.000000,0.145057
3210,56720,0.000000,0.002495
18559,78688,0.536867,0.087246
87767,54973,0.535168,0.124999
20763,107569,0.000000,0.319544
117182,90574,0.000000,0.026532
20455,120111,0.000000,0.022215
78688,87767,0.000000,0.116125
77833,70339,0.000000,0.081295
122486,88445,0.000000,0.071202
44945,84695,0.000000,0.183260
87767,122486,0.000000,0.065043
37836,64308,0.000000,0.030883
34856,72209,0.000000,0.434087
27338,20455,0.000000,0.001786
87767,64308,0.541039,0.136200
12612,13697,0.000000,0.055017
64078,53092,1.000000,0.294693
54973,120978,0.000000,0.001332
21468,77311,0.000000,0.533458
41398,58477,0.000000,0.073987
55274,64308,0.000000,0.004664
8601,39567,0.000000,0.197203
82697,72209,0.000000,0.023983
18559,44843,0.000000,0.051272
51647,120978,0.000000,0.000094
53092,20763,0.000000,0.403690
19798,51647,0.000000,0.029282
51647,108423,0.000000,0.107779
44583,76112,0.000000,0.110429
103672,37836,0.000000,0.209618
82451,56720,0.000000,0.517199
62943,103672,0.000000,0.000000
21468,20763,0.000000,0.162116
86588,87767,0.541039,0.115901
110476,54973,0.535168,0.180613
62943,76112,0.000000,0.000000
44945,18559,0.535860,0.226963
21468,107569,0.000000,0.530488
86588,43153,0.539303,0.060081
27338,77311,0.000000,0.005950
5270,90574,0.000000,0.068974
76215,21468,0.000000,0.003485
82697,55274,0.000000,0.084147
78688,65260,0.000000,0.002435
82697,87767,0.000000,0.071380
43153,7811,0.539303,0.228632
88445,44583,0.000000,0.106746
84030,109198,0.000000,0.090046
34856,44945,0.000000,0.242995
82697,65260,0.000000,0.099194
43153,120978,0.000000,0.000370
12612,70339,0.000000,0.017725
103672,44583,0.000000,0.041996
5270,86838,0.000000,0.171950
13697,84030,0.000000,0.063137
90574,43153,0.000000,0.094562
70339,19798,0.000000,0.031560
51647,88445,0.000000,0.039651
86588,55274,0.000000,0.002107
18559,41398,0.000000,0.125528
122486,58477,0.000000,0.211840
43153,86588,0.539303,0.068803
77833,76215,0.000000,0.000884
53092,110476,0.539523,0.176738
64078,53734,0.000000,0.145462
120111,54973,0.000000,0.034727
78688,122486,0.000000,0.064098
41398,20455,0.532037,0.167232
64078,44583,0.539523,0.230667
76215,110476,0.000000,0.004632
12612,6238,0.000000,0.158284
87767,43153,0.539303,0.300413
84695,44583,0.535700,0.098872
13697,76112,0.000000,0.213235
8601,44843,0.000000,0.059803
107569,13697,0.000000,0.231606
39567,90574,0.000000,0.173006
62943,93280,0.000000,0.000000
22385,5270,0.000000,0.375811
64308,51647,0.000000,0.033254
10928,51647,0.000000,0.052500
5270,82451,0.000000,0.517318
22214,65260,0.000000,0.003476
82451,13697,0.000000,0.195162
90574,65260,0.000000,0.000193
77311,87767,0.000000,0.265309
72209,8601,0.000000,0.079142
55274,7811,0.000000,0.002370
108423,53734,0.000000,0.044528
88445,8601,0.000000,0.088317
88445,41398,0.000000,0.097509
88445,77311,0.000000,0.058785
10928,70339,0.000000,0.027704
84695,6238,0.000000,0.055781
44945,88445,0.000000,0.042637
90453,75139,0.000000,0.013277
70745,32916,0.000000,0.859358
56776,57634,0.000000,0.698555
112145,90453,0.557347,0.219394
1998,37230,0.000000,0.003990
31806,110147,0.000000,0.470385
37886,14305,0.000000,0.009668
62083,61644,1.000000,0.996166
112145,3351,0.000000,0.042868
115263,90457,0.000000,0.000097
15275,106380,0.000000,0.001691
36539,63783,1.000000,0.890993
30703,115263,0.000000,0.007457
57968,63783,0.000000,0.042897
107353,90457,0.000000,0.000003
77508,2142,0.000000,0.000000
45215,77508,0.000000,0.000000
30525,83937,0.000000,0.150223
15275,122666,0.000000,0.000360
83937,122666,0.000000,0.003939
84061,36539,0.000000,0.020841
45215,83937,0.000000,0.006182
110147,121551,0.000000,0.002457
115728,44541,0.000000,0.001910
101386,63783,1.000000,0.939218
110608,2142,1.000000,0.926502
106380,90080,0.000000,0.001921
73907,110147,0.000000,0.182303
122666,90457,0.000000,0.000001
121551,70745,0.000000,0.000522
121551,37230,0.000000,0.000662
112145,57968,0.000000,0.174164
9742,78916,0.000000,0.021893
73907,106380,1.000000,0.782086
62754,32916,0.000000,0.000000
23998,87480,0.000000,0.000767
121551,63783,0.000000,0.000122
30703,75139,1.000000,0.899677
57968,61644,0.000000,0.075419
37886,57634,0.000000,0.036110
57634,3706,1.000000,0.997178
101386,115263,0.000000,0.012847
3706,110608,1.000000,0.941726
110608,57968,0.000000,0.082125
77508,48606,0.000000,0.000000
56776,52557,0.000000,0.665322
2142,3706,1.000000,0.997351
83937,37230,0.000000,0.000557
14305,115263,0.000000,0.001129
119581,106380,1.000000,0.651740
53316,31806,0.000000,0.452562
37251,112145,0.000000,0.001462
37886,43968,0.000000,0.027908
77508,3706,0.000000,0.000000
115263,88447,0.000000,0.001102
31806,37886,0.000000,0.346478
3706,36539,1.000000,0.943769
90457,3351,0.000000,0.000005
70745,90453,0.000000,0.003805
57634,23998,0.000000,0.000353
37251,61644,0.000000,0.003017
56776,75139,0.000000,0.641486
120709,3706,1.000000,0.991170
32916,84061,0.000000,0.030269
43968,1998,0.000000,0.001504
1998,113188,0.000000,0.000524
30703,69561,0.000000,0.106946
31806,48606,0.000000,0.000728
36539,69561,0.000000,0.102669
37251,57968,0.000000,0.006806
83263,90457,0.000000,0.000008
98774,88447,0.557347,0.050406
15915,107353,0.000000,0.030045
43968,3351,1.000000,0.917775
101386,75139,1.000000,0.950500
30525,110147,0.000000,0.194753
90457,37886,0.000000,0.000004
75139,110608,1.000000,0.903615
90453,110147,0.557347,0.130850
121551,57968,0.000000,0.001924
37251,56776,0.000000,0.003920
113188,2142,0.000000,0.004599
9742,14305,0.000000,0.007740
75139,116522,0.000000,0.002310
57968,37886,0.000000,0.150670
121551,98774,0.000000,0.002168
2142,122666,0.000000,0.001644
119581,30525,0.000000,0.193111
1998,87480,0.000000,0.002598
37230,20748,0.000000,0.001212
53316,2142,0.000000,0.049562
112145,110147,0.559162,0.390155
120709,116522,0.000000,0.005476
62754,3351,0.000000,0.000000
90080,83937,0.000000,0.002170
112145,90080,0.000000,0.001852
32916,113188,0.000000,0.008160
31806,30703,0.000000,0.064502
84061,56776,0.000000,0.041412
90453,119581,0.000000,0.037452
119750,104268,0.000000,0.031095
28103,76004,0.000000,0.000149
55567,79682,0.000000,0.000072
114467,12034,0.556021,0.547325
38698,55567,0.556021,0.543313
9049,101007,0.000000,0.516745
30034,29564,0.000000,0.000048
56231,18,0.000000,0.000000
96536,76004,0.000000,0.141860
84799,38698,0.000000,0.101496
39259,38032,0.556021,0.453957
91668,77508,0.000000,0.000000
114467,94305,0.000000,0.000566
82321,12034,0.000000,0.000519
40521,65201,0.000000,0.002688
116201,51448,0.000000,0.010757
40364,87228,0.000000,0.277018
26991,76452,0.000000,0.181838
56784,56958,0.000000,0.063914
107636,117779,0.000000,0.000012
119750,59286,0.000000,0.000299
65201,12034,0.000000,0.506345
26991,28103,0.000000,0.000398
108328,46792,0.000000,0.000006
18243,118505,0.000000,0.002196
101007,65201,0.000000,0.491609
97489,59286,0.000000,0.137812
121366,85097,0.000000,0.145138
118697,26991,0.000000,0.000159
76004,39259,0.000000,0.000219
97489,76004,0.000000,0.007967
38698,85955,0.556310,0.521613
46792,85955,0.000000,0.006572
118505,87313,0.000000,0.000011
76004,51147,0.000000,0.056241
114467,108328,0.000000,0.000031
32310,79682,0.000000,0.000064
32310,77508,0.000000,0.000000
110195,14345,0.000000,0.000013
86993,17006,0.000000,0.000640
30034,38032,0.000000,0.505284
51147,76452,0.000000,0.057269
56231,51448,0.000000,0.000000
117779,116201,0.000000,0.000001
91668,59242,0.000000,0.046600
18243,114467,0.000000,0.003454
104268,118505,0.000000,0.000048
17068,30034,0.000000,0.000069
30034,87228,0.000000,0.148655
43421,62943,0.000000,0.000000
51147,38032,0.000000,0.000415
9049,104714,0.000000,0.063873
118505,101007,0.000000,0.000014
76004,18243,0.000000,0.021814
110195,46792,0.000000,0.000004
91668,113055,0.000000,0.000062
77508,107636,0.000000,0.000000
55567,84799,0.000000,0.179888
118697,65201,0.000000,0.436924
79682,97489,0.000000,0.172410
51147,17068,0.000000,0.005590
59286,104268,0.000000,0.000073
56231,81990,0.000000,0.000000
118505,56231,0.000000,0.000000
39259,2678,0.000000,0.016560
38698,91668,0.000000,0.000435
29238,117779,0.000000,0.000014
86993,119750,0.000000,0.005400
104714,30034,0.000000,0.043794
76452,117779,0.000000,0.000015
51147,119750,0.000000,0.001027
51147,59286,0.000000,0.027342
113055,55567,0.000000,0.000065
14345,79682,0.000000,0.000000
14345,56231,0.000000,0.000785
17006,117779,0.000000,0.000017
17068,77508,0.000000,0.000000
118505,110195,0.000000,0.000025
38698,96536,0.000000,0.000279
65201,9049,0.000000,0.148211
59286,59242,0.555844,0.151422
32310,62943,0.000000,0.000000
28103,665,0.000000,0.000168
87228,104714,0.000000,0.031440
56231,59286,0.000000,0.000000
117779,32310,0.000000,0.000001
101007,97489,0.000000,0.001541
59242,119750,0.000000,0.000498
40364,85955,0.000000,0.520332
665,40521,0.587421,0.003000
29238,121366,0.000000,0.142102
116201,119750,0.000000,0.013241
59286,62943,0.000000,0.000000
104268,117779,0.000000,0.000000
104714,51448,0.000000,0.007018
116201,118697,0.000000,0.516881
118697,86993,0.556310,0.365816
62943,40364,0.000000,0.000000
62943,104268,0.000000,0.000000
91668,59286,0.000000,0.057867
22457,44777,0.664403,0.184847
119864,2947,0.000000,0.590438
92821,119864,0.000000,0.555172
36503,109923,0.000000,0.571302
26917,23734,0.662012,0.496937
41811,107701,1.000000,0.749216
33194,117809,0.000000,0.000592
115523,66844,0.665512,0.562960
63608,64993,0.000000,0.061070
10275,109923,0.000000,0.451017
8012,63608,0.000000,0.124450
119864,89726,0.000000,0.557415
48137,91001,0.663445,0.287868
109787,115523,0.663918,0.556623
2947,59406,0.662274,0.581500
44406,48137,0.664184,0.513843
56318,974,0.665175,0.229819
107701,48137,1.000000,0.714201
974,79060,0.000000,0.001446
81015,69376,0.000000,0.573595
69376,103476,0.662187,0.549640
36503,25329,0.000000,0.001876
7214,118706,0.000000,0.611031
115189,54798,0.666112,0.595881
21158,33194,0.666112,0.572536
93413,89726,0.665082,0.584216
77663,57618,0.000000,0.418936
77663,33194,0.000000,0.366359
98974,974,0.662080,0.208280
55496,10275,0.561301,0.469406
52589,93593,0.000000,0.412487
79060,117641,0.000000,0.000719
115189,66844,0.665512,0.593301
56318,109787,0.663918,0.560167
974,7214,0.665175,0.295338
48137,39499,0.000000,0.000696
23734,117641,0.665347,0.557118
28091,52589,0.000000,0.605808
115189,48137,0.666509,0.617479
117641,974,0.665175,0.227895
2279,107701,0.666509,0.618077
122226,21158,0.666112,0.575159
79227,44406,0.000000,0.000907
77663,106793,0.000000,0.516018
109923,10139,0.000000,0.456639
36503,55496,0.563891,0.566830
54798,44777,0.664403,0.558612
121770,23734,0.665347,0.589160
107695,10139,0.000000,0.477651
2279,44777,0.664403,0.563933
974,121770,0.665175,0.278841
107695,64993,0.000000,0.078088
10275,92821,0.000000,0.451230
107701,69376,0.662972,0.572553
109923,57618,0.665347,0.556720
44406,81015,0.000000,0.514703
89726,119864,0.000000,0.557492
117641,25329,0.000000,0.001537
115189,66174,0.000000,0.001493
6472,2947,0.662865,0.499273
91001,121770,0.663445,0.397491
66844,118706,0.000000,0.565605
69376,59406,0.662274,0.590476
121770,22457,0.665175,0.342708
81015,109787,0.000000,0.526032
35779,64993,0.000000,0.070056
96986,64993,0.000000,0.015386
54798,2279,0.666112,0.595719
21158,109787,0.663918,0.577457
77663,64993,1.000000,0.068666
107701,107695,0.665175,0.550429
96986,77663,0.000000,0.008371
64993,118706,0.560223,0.059978
57618,44777,0.664403,0.534841
119864,2279,0.000000,0.584689
109923,92821,1.000000,0.751886
79227,103476,0.000000,0.002750
63608,115189,0.666181,0.621011
96986,36301,0.000000,0.005672
109923,6472,0.662865,0.444086
25329,106793,0.000000,0.004012
109787,25329,0.000000,0.002140
2947,79227,0.000000,0.001143
71472,59406,0.662274,0.228730
10139,89726,0.000000,0.454818
36503,7214,0.000000,0.598500
26917,10275,0.000000,0.505686
117641,44406,0.664184,0.509864
10139,23734,0.000000,0.476045
52589,50504,0.000000,0.586263
56318,10139,0.000000,0.462321
117809,50504,0.000000,0.000666
48137,89726,0.666249,0.583504
66844,81015,0.000000,0.506025
91001,81015,0.000000,0.540985
26917,22457,0.662012,0.157379
93413,92143,0.664610,0.186394
36301,106793,0.000000,0.539098
26917,96986,0.000000,0.004065
57618,66844,0.665347,0.606087
78085,101910,0.000000,0.098331
52594,122162,0.000000,0.061945
50711,3420,0.000000,0.046247
87531,118130,0.000000,0.000001
111068,117779,0.000000,0.000000
8498,20141,0.000000,0.002605
51987,64860,0.000000,0.065731
84188,55116,0.000000,0.142967
111606,36752,0.000000,0.000000
10096,22151,1.000000,0.773001
44789,63307,0.559989,0.072500
3392,97832,0.000000,0.000000
36752,50711,0.000000,0.000000
49600,21888,1.000000,0.898419
49600,62943,0.000000,0.000000
98885,6701,0.559989,0.423327
111606,20141,1.000000,0.898419
101910,64860,0.000000,0.186512
50711,47229,0.000000,0.017137
49600,72368,1.000000,0.898419
64860,12213,0.000000,0.000001
62943,51987,0.000000,0.000000
111068,52594,0.000000,0.026234
50711,22151,0.559989,0.423299
84743,17049,0.000000,0.005040
116812,72368,0.000000,0.030035
111976,49600,0.559989,0.423689
111606,122041,1.000000,0.898419
6123,61748,0.000000,0.000000
82779,16697,0.558175,0.107830
95213,55116,0.000000,0.018323
122162,17049,0.000000,0.072343
21888,61748,0.559989,0.095673
53459,30584,0.000000,0.000000
56542,98885,1.000000,0.898419
62943,84188,0.000000,0.000000
22151,52594,0.000000,0.029437
2669,36752,0.000000,0.000000
111128,87531,0.000000,0.052464
95213,1549,0.000000,0.000000
82779,30584,0.000000,0.000000
20141,50711,1.000000,0.898419
46924,122162,0.000000,0.019594
47229,49600,0.000000,0.016531
36752,20141,0.000000,0.000000
82779,4867,0.558175,0.547068
86126,36752,0.000000,0.000000
6701,52594,0.000000,0.029446
16697,12213,0.000000,0.000002
59578,95213,0.000000,0.020359
26059,21888,1.000000,0.898419
21888,3392,0.000000,0.000000
26059,41557,0.000000,0.001006
122162,46924,0.000000,0.022618
10096,62943,0.000000,0.000000
111976,8501,0.000000,0.006506
6212,20269,0.000000,0.000586
122041,116812,0.000000,0.029018
30584,82779,0.000000,0.000000
21888,53459,1.000000,0.898419
10096,65927,0.000000,0.001847
17049,111606,0.000000,0.898419
56542,36752,0.000000,0.000000
64252,12213,0.000000,0.000001
6212,53459,0.000000,0.000002
8501,84743,0.000000,0.002527
20141,1549,0.000000,0.000000
50711,6123,0.000000,0.000000
117503,122162,0.000000,0.038996
22151,61748,0.561275,0.107801
105500,56542,1.000000,0.898419
53459,78085,1.000000,0.898419
82779,45833,0.000000,0.000171
84188,50711,1.000000,0.898419
98885,36752,0.000000,0.000000
45833,86498,0.000000,0.000641
55116,82779,0.000000,0.028526
111606,118130,0.000000,0.000001
86498,3392,0.000000,0.000000
65927,10096,0.000000,0.001800
95213,84188,0.000000,0.005547
8501,70285,0.000000,0.005553
56542,6212,0.000000,0.000002
86498,111128,0.000000,0.020299
51987,45833,0.000000,0.001067
3420,111068,0.000000,0.044914
118130,45833,0.000000,0.000004
63307,78085,1.000000,0.898419
36752,1549,0.000000,0.000524
20269,95213,0.000000,0.002896
97832,78085,0.000000,0.028867
64252,41557,0.000000,0.001006
111128,51987,0.000000,0.172717
2669,97832,0.000000,0.030380
87531,61748,0.559989,0.095673
3420,97832,0.000000,0.033667
36752,6212,0.000000,0.000435
6701,70285,0.559989,0.423824
1549,22151,0.000000,0.000000
21888,62943,0.000000,0.000000
71683,81244,0.000000,0.216473
92599,35015,0.000000,0.036087
81244,4083,0.000000,0.058918
84592,4083,0.000000,0.132236
71683,35890,0.000000,0.108105
63904,38171,0.000000,0.037216
46695,117380,0.000000,0.020528
100819,93653,0.000000,0.027795
24252,68281,0.000000,0.000968
69229,21435,0.000000,0.109268
117965,46908,0.000000,0.039079
35890,71683,0.000000,0.095944
968,111498,0.000000,0.029183
2290,113166,0.000000,0.276624
100952,85048,0.000000,0.011662
100952,85856,0.000000,0.007267
10732,38171,0.000000,0.012887
24252,100819,1.000000,0.992184
24252,22141,0.000000,0.006808
48734,12630,0.000000,0.005868
11631,8690,0.000000,0.006413
12630,64725,0.000000,0.065218
24252,85839,0.000000,0.004618
21435,45116,0.000000,0.008785
123146,32325,0.000000,0.024454
85048,63904,0.000000,0.035529
85048,4083,0.000000,0.033431
33284,17333,0.000000,0.064958
85048,40602,0.000000,0.006943
117380,68281,0.000000,0.053786
84592,35890,0.000000,0.066957
5407,21603,0.000000,0.020752
61322,45116,0.000000,0.006099
5407,117380,0.000000,0.032232
28780,93653,0.000000,0.106452
34483,84592,0.000000,0.030849
24046,35890,0.000000,0.105943
84592,40602,0.000000,0.052718
116418,97704,0.000000,0.091052
61322,63904,0.000000,0.068331
90966,8690,0.000000,0.009897
97704,117380,0.000000,0.083335
61322,85048,0.000000,0.012186
97704,24046,0.000000,0.079257
98478,84592,0.000000,0.127322
90966,113166,0.000000,0.006798
43651,17333,0.000000,0.013174
105289,104107,0.000000,0.141468
90966,11631,0.000000,0.013759
123146,968,0.000000,0.164278
84592,93653,0.000000,0.148861
46695,15353,0.000000,0.011244
63904,93653,0.000000,0.246907
104107,17333,0.000000,0.030913
86536,71683,0.000000,0.212370
35890,24046,0.000000,0.097586
85839,8451,0.000000,0.004963
32325,105289,0.000000,0.048606
17333,100952,0.000000,0.004392
4083,48734,0.000000,0.012947
40602,85856,0.000000,0.018173
12630,86536,0.000000,0.020747
71683,5407,0.000000,0.038931
22141,81244,0.000000,0.080143
77400,17333,0.000000,0.021092
8451,113166,0.000000,0.003518
35890,21435,0.000000,0.169488
22141,100819,0.000000,0.007361
48734,86536,0.000000,0.011417
86536,43651,0.000000,0.009807
92599,35890,0.000000,0.087766
21603,111498,0.000000,0.073352
111498,48734,0.000000,0.008828
21603,85839,0.000000,0.067925
19554,968,0.000000,0.017332
63904,35015,0.000000,0.071023
24252,46695,0.000000,0.016826
22464,10732,0.000000,0.122124
97704,85839,0.000000,0.081342
43103,35890,0.000000,0.024824
105289,24046,0.000000,0.177901
85839,43651,0.000000,0.009595
10732,104107,0.000000,0.073233
46695,17333,0.000000,0.020270
33284,28780,0.000000,0.083554
85839,12630,0.000000,0.011948
19554,21603,0.000000,0.068406
84592,76177,0.000000,0.019938
22464,92599,0.000000,0.049681
77400,11631,0.000000,0.155859
100952,38171,1.000000,0.068647
116418,117380,0.000000,0.063218
77400,22141,0.000000,0.070651
35015,77400,0.000000,0.007307
43103,22464,0.000000,0.018577
105289,35015,0.000000,0.025929
92599,33284,0.000000,0.073075
40602,38171,0.000000,0.001004
64725,8451,0.000000,0.012485
22464,8451,0.000000,0.004587
12866,59510,0.547382,0.388904
88570,49307,0.548285,0.298957
62866,108597,0.546853,0.451544
20754,49442,0.000000,0.004497
39635,62866,0.546853,0.379065
36359,3372,0.546853,0.097364
65978,49307,0.550241,0.420968
94923,85189,0.548676,0.462225
12866,49307,0.549968,0.373006
55884,49307,0.000000,0.061241
55343,23103,0.546853,0.468301
81908,5887,0.547382,0.441542
14843,87220,0.000000,0.091808
65978,20754,0.000000,0.470553
55916,61767,0.547382,0.345461
39501,61767,0.547382,0.390968
26855,49442,0.000000,0.001241
36359,23807,0.000000,0.030713
93175,49307,0.000000,0.084628
46682,94923,0.547382,0.386834
96945,74110,0.000000,0.219722
116904,52893,0.000000,0.000002
108597,94923,0.547382,0.422310
118867,5887,0.000000,0.009080
12866,118678,0.549968,0.273340
52865,95492,0.000000,0.008813
85189,75455,0.549968,0.459204
118867,55916,0.000000,0.015035
61767,5887,0.547382,0.448551
34780,83321,0.000000,0.111569
23807,19509,0.000000,0.051863
5887,43633,1.000000,0.434462
9209,61767,0.000000,0.037373
75044,116904,0.000000,0.066599
100307,5887,0.000000,0.052534
77597,92465,0.548285,0.280627
96945,65978,0.549368,0.475319
95492,3372,0.000000,0.000777
75044,88570,0.000000,0.306909
15210,112524,0.547856,0.239260
108597,62083,0.000000,0.000579
95844,94923,1.000000,0.300385
68298,49307,0.000000,0.002848
84627,9209,0.000000,0.054612
39501,2708,0.547856,0.313763
17565,95844,0.548676,0.370742
112524,5887,1.000000,0.235954
85189,49442,0.000000,0.002816
27738,118678,0.551190,0.398055
43633,36359,0.546853,0.398841
75044,55916,0.000000,0.232344
52893,3372,0.000000,0.000014
65978,84627,0.547856,0.393537
39501,118678,0.551789,0.448055
87560,108597,0.547382,0.371419
39635,103569,0.000000,0.002753
94923,59510,0.547382,0.418545
49307,94923,0.548676,0.242424
34780,95844,0.548676,0.473944
81908,23103,0.546853,0.430086
84627,92465,0.547856,0.346706
5887,92465,0.547856,0.181234
103569,95844,0.000000,0.004842
46682,81908,1.000000,0.402102
93175,62083,0.000000,0.002152
62083,17565,0.000000,0.000559
17565,85189,1.000000,0.475755
88570,110573,0.548285,0.473504
75455,15654,0.547856,0.353361
19509,68298,0.000000,0.021462
62866,26855,0.000000,0.023790
46682,68298,0.000000,0.065974
20754,75455,0.000000,0.505032
15654,85189,0.547856,0.411657
95492,71208,0.000000,0.029464
5887,96945,0.547856,0.423129
75455,9209,0.000000,0.037273
26855,118678,0.000000,0.122268
81908,112524,0.547382,0.142732
68298,19509,0.000000,0.017135
55884,23807,0.000000,0.043594
116904,83321,0.000000,0.027928
118867,9209,0.000000,0.054242
103569,39501,0.000000,0.000782
85189,49307,0.549968,0.407391
88570,81908,0.547382,0.306189
12866,88570,0.548285,0.383161
19509,103569,0.000000,0.004920
46682,95844,0.547382,0.168530
112524,96945,0.547856,0.181248
87560,62083,0.000000,0.000195
75455,20754,0.000000,0.497991
88570,15654,0.547856,0.409532
110573,75044,0.000000,0.374350
85189,116904,0.549968,0.278484
95844,61767,0.547382,0.389635
49307,3372,0.551190,0.322181
14843,87560,0.551598,0.535487
9209,107256,0.000000,0.076612
112524,116904,0.547856,0.048712
87007,118484,0.559274,0.500334
89736,715,0.000000,0.291193
9674,70160,0.559722,0.543960
52145,61254,0.000000,0.594024
82602,13086,0.000000,0.000601
56010,18739,0.559722,0.542691
17621,34316,0.560319,0.561621
87007,101759,0.560677,0.558073
85035,99850,0.000000,0.002049
34316,20438,0.560319,0.551525
32302,1545,1.000000,0.997544
25296,32302,0.000000,0.000662
43026,62083,0.000000,0.000306
122814,82602,0.000000,0.001465
85749,13998,0.000000,0.484881
32302,122814,0.000000,0.001726
87007,22001,0.000000,0.535247
7068,20438,0.559930,0.539311
22001,10838,0.589599,0.591888
32106,50541,0.587916,0.483627
89094,49754,0.000000,0.278862
43566,30017,0.000000,0.266970
33791,56010,0.000000,0.550197
120895,52145,0.000000,0.590031
76681,50541,0.589794,0.555844
50541,87007,0.000000,0.569112
76681,93912,0.000000,0.281920
22001,15760,0.589599,0.545939
59457,87007,0.000000,0.558816
8774,38369,0.559503,0.537094
18739,112938,0.559722,0.532791
89094,22001,0.000000,0.352374
32302,50541,0.000000,0.000839
89736,30017,0.000000,0.244725
32000,29033,0.558216,0.476655
76681,99850,0.000000,0.495341
13086,87007,0.562253,0.599990
62083,32000,0.000000,0.000716
34045,11472,0.560128,0.557071
99850,13998,0.000000,0.508154
107718,49754,0.000000,0.567043
22001,104576,0.588955,0.574446
34793,32106,0.587916,0.558718
40800,85749,0.000000,0.541181
17621,33791,0.000000,0.540401
122814,17621,0.000000,0.512848
59457,1545,0.000000,0.000804
59457,85035,0.000000,0.000786
70160,15760,0.000000,0.567868
85339,118484,0.558216,0.505248
56010,82602,0.000000,0.000807
7068,59457,0.000000,0.551051
43566,8774,0.000000,0.392483
25296,68366,0.000000,0.588376
34045,104576,0.000000,0.574239
45721,34316,0.000000,0.000997
93912,89736,0.544319,0.566455
78700,40800,0.587612,0.578871
20438,45721,0.000000,0.000574
70160,118484,0.559274,0.529442
8774,40800,0.000000,0.572018
85339,36062,0.558216,0.470791
120895,118484,0.000000,0.573877
9674,13067,0.000000,0.001082
62083,110482,0.000000,0.001035
118484,78700,0.000000,0.548943
13086,49754,0.560845,0.565910
46449,85339,0.558216,0.494537
32302,15760,0.000000,0.000739
99850,70160,0.558216,0.485710
68366,7068,0.000000,0.546240
11472,29033,0.560128,0.552859
59457,122814,0.588466,0.513866
7068,62083,0.000000,0.000338
49754,56010,1.000000,0.762234
70160,43566,0.000000,0.310550
38369,13067,0.000000,0.000824
11472,87007,0.560128,0.540850
45721,13998,0.000000,0.001524
40800,59086,0.000000,0.002211
45721,120895,0.000000,0.000927
69818,32000,0.558216,0.473052
30017,101759,0.560677,0.610458
82602,104576,0.000000,0.001243
32106,715,0.000000,0.499127
32302,34316,0.000000,0.001028
40800,34045,0.000000,0.581278
85035,11472,0.000000,0.001043
13998,61254,0.588717,0.531679
20438,70160,0.560677,0.562697
11472,120895,0.000000,0.587998
78700,1545,0.000000,0.001326
1889,120895,0.000000,0.596308
29033,10838,0.000000,0.553777
29033,18739,0.559722,0.539972
85339,18739,0.558216,0.501121
33791,76681,0.587612,0.555980
70160,76681,0.000000,0.558246
59457,34316,0.000000,0.563619
49754,118484,0.559274,0.528131
27087,114397,0.000000,0.001933
52796,34342,0.590332,0.597427
93977,34342,0.000000,0.526430
93977,99379,1.000000,0.726403
116438,69983,0.587916,0.487404
21167,66782,0.000000,0.001537
4733,27818,0.000000,0.175770
93977,18304,1.000000,0.742475
111484,102502,0.000000,0.587433
69836,36878,0.586551,0.544424
36575,87623,1.000000,0.997530
36878,38639,0.000000,0.002718
27818,52796,0.000000,0.172315
120359,45254,0.000000,0.001526
27509,21167,0.000000,0.001231
120359,65451,0.000000,0.001360
62083,42434,0.000000,0.000289
67337,29419,0.000000,0.001239
27509,16010,0.000000,0.512106
68287,49878,0.000000,0.109334
76817,39133,0.000000,0.001875
100428,5772,0.589395,0.533189
68287,76817,0.000000,0.002754
18304,29419,0.000000,0.003137
67555,16010,0.587286,0.492195
100428,105574,0.000000,0.728792
114397,38639,0.000000,0.001610
30833,27509,0.000000,0.555481
75569,36575,0.000000,0.001391
100428,55256,0.000000,0.513960
90579,32140,0.000000,0.002932
49878,21642,0.000000,0.011323
101653,17447,0.000000,0.491723
56035,14086,0.587286,0.481970
68287,5402,0.000000,0.459231
65451,87623,0.000000,0.001100
4291,55256,0.000000,0.520337
69983,66782,0.587916,0.550875
120359,73570,0.000000,0.002082
56035,42666,0.587286,0.538066
100428,42434,0.589395,0.543118
67555,44875,0.000000,0.146708
68287,27399,0.586551,0.494575
43420,15635,0.000000,0.512332
67555,114397,0.000000,0.477320
68287,93977,0.000000,0.458833
73570,55256,1.000000,0.748277
21642,42666,0.000000,0.017701
27818,30833,0.000000,0.173090
103879,90579,0.000000,0.002110
67337,116438,0.590332,0.554102
91426,99379,0.000000,0.510999
18304,38639,0.000000,0.002345
45254,39133,0.000000,0.566812
99379,73570,0.552020,0.516008
67337,105574,0.000000,0.512454
65451,16010,0.000000,0.513603
43420,102502,0.588466,0.557316
4733,67337,0.588955,0.497685
36575,4733,0.000000,0.001481
42434,34342,0.590658,0.601234
62083,102502,0.000000,0.000435
5402,4733,0.000000,0.507001
96709,105574,0.553530,0.542076
69836,91426,0.586551,0.536061
27399,65451,0.000000,0.577036
114397,120359,0.000000,0.001273
65451,42666,0.000000,0.548161
85899,87623,0.000000,0.002066
103879,55256,0.000000,0.557473
55256,56035,0.000000,0.491755
43420,65451,0.000000,0.522883
58141,21642,0.000000,0.009719
27509,73570,0.552310,0.511394
18304,42666,0.000000,0.547324
42666,85899,0.587286,0.547408
43420,32140,0.000000,0.339451
27818,76817,0.000000,0.001862
18304,103879,0.000000,0.547271
52796,17447,0.000000,0.500101
27818,100428,0.000000,0.174131
49878,90579,0.000000,0.003313
62429,21167,0.000000,0.000900
27818,25010,0.000000,0.112839
39133,18304,0.552020,0.510985
114397,66782,0.000000,0.569558
91426,36575,0.000000,0.001903
58141,67555,0.000000,0.494985
34342,45254,0.588200,0.580477
21642,58141,0.000000,0.009157
116438,4291,0.587916,0.487053
114397,62083,0.000000,0.000381
99379,15635,0.552020,0.481469
38639,99379,0.000000,0.002734
76817,73570,0.000000,0.002058
87623,27399,0.000000,0.001310
5402,18304,1.000000,0.745175
100428,66782,0.588717,0.570621
32944,76817,0.000000,0.001032
62429,43420,0.588466,0.505364
67341,62943,0.000000,0.000000
16855,78275,0.000000,0.000289
490,56231,0.000000,0.000000
32052,108160,0.000000,0.346062
47283,3006,0.000000,0.031601
38387,108160,0.000000,0.427885
86234,71073,0.000000,0.057012
78275,67341,0.000000,0.000427
73974,41257,0.554697,0.202032
16855,122789,0.000000,0.003452
60098,76727,0.000000,0.004740
16457,58471,0.000000,0.028114
62943,67341,0.000000,0.000000
2678,30440,0.000000,0.031938
76727,108160,0.000000,0.103141
77988,71073,0.000000,0.018208
76727,83703,0.000000,0.183103
38387,82636,0.000000,0.000820
2678,16855,0.000000,0.009732
31980,56231,0.000000,0.000000
21239,71950,0.000000,0.036062
77988,22494,0.000000,0.187859
5071,33921,0.000000,0.098134
30440,46792,0.000000,0.276370
107627,490,0.000000,0.038487
56490,62083,0.000000,0.000165
60354,94023,0.000000,0.058232
5071,47283,0.000000,0.022652
62083,42843,0.000000,0.000549
31980,122789,0.000000,0.003518
46792,24755,0.000000,0.134148
56490,82636,0.000000,0.000291
38058,10972,0.554697,0.396155
14006,32052,0.000000,0.212796
73974,83971,0.000000,0.129762
16855,86234,0.000000,0.006035
73974,15483,0.555056,0.168192
49032,16305,1.000000,0.151702
14006,108160,0.000000,0.120107
99148,62943,0.000000,0.000000
105247,46792,0.000000,0.038919
107627,83971,0.000000,0.239081
14006,9530,0.000000,0.024823
31980,1731,0.000000,0.070766
76727,56231,0.000000,0.000000
25530,24755,0.000000,0.039709
44875,30440,0.000000,0.066587
21239,46792,0.000000,0.051905
71950,92373,0.000000,0.158606
42843,44875,0.000000,0.126667
92373,38058,0.000000,0.305488
49032,73974,0.554697,0.077546
89987,9530,0.000000,0.001182
110441,14006,0.000000,0.199385
21239,5071,0.000000,0.046299
62943,73974,0.000000,0.000000
49032,71950,0.000000,0.085957
73529,47283,0.000000,0.035308
58471,31980,0.000000,0.019985
122789,30440,0.000000,0.002731
15483,104268,0.000000,0.037432
38387,105247,0.000000,0.224292
122789,11361,0.000000,0.003082
41257,71073,0.000000,0.028966
490,16457,0.000000,0.076590
25530,60098,0.000000,0.000618
76727,62943,0.000000,0.000000
83971,60098,0.000000,0.001788
110441,15483,0.603461,0.113679
21239,73529,0.000000,0.045504
18785,81537,0.000000,0.460532
83703,72687,0.000000,0.004630
44875,47283,0.000000,0.041296
78275,21239,0.000000,0.000036
89987,42843,0.000000,0.007532
14006,110441,0.000000,0.198608
10972,73529,0.000000,0.087263
62943,42843,0.000000,0.000000
10972,47283,0.000000,0.080557
3006,38058,0.000000,0.127445
104268,110441,0.000000,0.099902
44875,73974,0.556986,0.186896
29202,94023,0.000000,0.141509
490,31980,0.000000,0.071863
73974,24755,0.000000,0.183497
83971,56231,0.000000,0.000000
33921,89987,0.000000,0.001084
94023,56490,0.000000,0.004841
58471,11361,0.000000,0.014136
9530,29202,0.000000,0.056459
99148,122789,0.000000,0.000404
73529,31980,0.000000,0.285402
89987,3006,0.000000,0.004788
9530,16305,0.554697,0.049077
2678,29202,0.000000,0.152218
77988,38387,0.000000,0.374319
60354,105247,0.555210,0.113043
56490,10972,1.000000,0.068686
1731,24755,0.000000,0.032545
88576,71950,0.000000,0.021298
40471,79267,0.588955,0.566153
79267,103905,0.665182,0.735436
82107,105910,0.000000,0.001676
80053,116471,0.590160,0.600497
15727,116471,0.589981,0.596049
104721,99037,0.000000,0.576067
13506,94666,0.000000,0.529751
49651,107075,0.000000,0.001696
3840,40959,0.589395,0.530917
44550,55867,0.000000,0.001745
13759,814,0.000000,0.529516
79402,107747,0.000000,0.481265
56890,94055,0.000000,0.466476
79267,90631,0.666332,0.754969
118514,83371,0.589794,0.593185
79402,80053,0.000000,0.526216
37613,44313,0.000000,0.575302
44550,103905,0.000000,0.001552
118341,89657,0.000000,0.520447
19932,44050,0.553626,0.549599
89657,44550,0.000000,0.001862
107747,107075,0.587286,0.526727
814,49651,0.000000,0.000748
69018,99037,0.589180,0.605781
107747,94055,0.589599,0.549841
61085,80053,0.589180,0.570443
94055,49651,0.000000,0.000967
116471,57747,0.589981,0.642912
62083,118660,0.000000,0.000288
107075,49651,0.000000,0.001352
44050,118514,0.000000,0.571214
20081,104721,0.554074,0.547796
60756,57747,0.000000,0.001026
11103,82872,0.000000,0.000657
104721,107747,0.000000,0.542237
40471,20437,0.000000,0.001736
111936,13759,0.588955,0.535485
20437,3840,0.000000,0.001389
44313,105910,0.000000,0.549158
62083,6947,0.000000,0.000340
121036,62083,0.000000,0.000705
118660,53673,0.587612,0.499311
58291,50097,1.000000,0.250052
40471,94666,0.591378,0.618172
50097,103905,0.000000,0.001655
90595,44313,0.000000,0.566067
33031,103386,0.000000,0.559441
69018,83371,0.589981,0.596694
104721,107075,0.000000,0.539128
121036,80053,0.000000,0.496832
56890,103905,0.000000,0.480967
37613,44550,0.000000,0.001981
103905,90595,0.588955,0.559425
122808,57747,0.588717,0.526408
63330,99037,0.589180,0.577468
116471,118341,0.590160,0.589195
80053,50097,0.000000,0.002371
80053,33031,0.000000,0.596534
56890,2823,0.551923,0.461107
79402,58291,0.000000,0.001959
107747,118660,0.590658,0.595979
814,82872,0.000000,0.000739
58291,44050,0.000000,0.001634
83371,63330,0.591243,0.586369
53673,73891,0.587612,0.483108
82872,44550,1.000000,0.958293
814,53673,0.000000,0.466588
118660,121793,0.590160,0.590191
103905,122808,0.588717,0.541761
60756,121793,0.000000,0.000973
107747,61085,0.589180,0.534900
76616,107075,0.587286,0.536202
40959,99037,0.589180,0.572086
90595,40959,0.591378,0.618231
6947,19932,0.000000,0.572491
20081,73891,0.000000,0.456190
118514,69018,0.589794,0.654683
83371,122808,0.588717,0.492498
44313,15727,0.000000,0.570193
33031,66494,0.553383,0.525410
94055,13506,0.000000,0.556111
76616,2823,0.000000,0.753415
83371,94666,0.668378,0.735330
90595,117028,0.000000,0.605303
44050,50097,0.000000,0.001618
73891,80053,0.588466,0.510826
82107,63330,0.000000,0.000746
56890,6947,0.000000,0.484959
20081,26119,0.000000,0.557185
37613,44050,0.000000,0.575313
94055,53673,0.587612,0.484069
122808,11103,0.588717,0.517329
116471,118660,0.590160,0.583166
89657,99037,0.000000,0.545580
6877,40471,0.000000,0.599051
79267,3840,0.588955,0.538823
118660,20081,0.000000,0.585747
50097,40471,0.000000,0.001928
62083,22725,1.000000,0.996139
20081,90595,0.000000,0.586797
72827,74601,0.542983,0.556428
24411,115123,0.000000,0.003292
115957,23972,0.000000,0.479145
18574,39239,0.539026,0.090230
58741,108404,0.000000,0.149411
116248,12995,0.538491,0.432690
120402,18574,0.000000,0.005142
115123,99644,0.000000,0.005461
58741,80117,0.000000,0.267040
12995,58936,0.000000,0.473606
27814,72827,0.000000,0.001816
27814,116467,0.000000,0.000803
62943,36908,0.000000,0.000000
14376,51957,0.000000,0.002213
49480,59979,0.537528,0.533677
58741,115123,0.000000,0.001964
115157,51957,0.542323,0.366395
27814,92085,0.000000,0.382481
70718,59979,0.000000,0.005086
92085,90074,0.000000,0.003536
105917,81705,0.000000,0.542774
74601,99644,0.000000,0.508034
116248,58741,0.538491,0.570558
18238,108213,0.000000,0.176160
108213,5623,0.000000,0.452461
18238,24411,0.000000,0.473112
14558,25803,0.000000,0.006491
55214,48640,0.000000,0.305457
115123,23972,0.000000,0.003099
58936,121314,0.000000,0.411138
84355,24411,0.000000,0.517066
74601,58741,0.000000,0.513661
38674,39203,0.000000,0.018494
14135,111904,0.000000,0.001322
73670,111904,0.000000,0.002516
116467,49480,0.537076,0.503939
120978,18238,0.000000,0.000196
25803,72584,0.000000,0.080109
68564,121314,0.000000,0.215415
90074,39239,0.536574,0.133606
65140,70718,0.000000,0.005071
34306,23972,0.000000,0.560710
72827,49480,0.000000,0.534249
23972,39239,0.536967,0.071100
18238,55214,0.000000,0.219725
121314,48640,0.000000,0.280988
37239,80117,0.000000,0.477407
58741,111904,0.000000,0.001187
58741,73670,0.000000,0.419714
108213,73670,0.539859,0.485740
108404,69182,0.000000,0.480176
120402,74601,0.000000,0.001685
115123,17857,0.000000,0.001961
108213,113324,0.000000,0.267994
84355,120978,0.000000,0.000634
72584,55214,0.000000,0.130923
38674,51957,0.000000,0.016601
62943,58741,0.000000,0.000000
79974,113324,0.000000,0.000794
113324,17857,0.000000,0.580983
79974,120402,0.586315,0.625242
81705,111904,0.000000,0.001759
58936,38935,0.000000,0.000900
111904,105917,0.000000,0.002539
18238,117677,0.539529,0.380297
68564,5623,0.537938,0.462411
51957,116467,0.000000,0.554738
79229,39239,0.000000,0.140231
25803,38935,0.000000,0.001914
81705,116467,0.000000,0.522546
23972,92085,0.000000,0.003026
34306,92085,0.000000,0.002093
58741,79229,0.000000,0.356226
22376,62943,0.000000,0.000000
107785,80095,0.000000,0.000953
121314,12995,0.000000,0.235509
84355,115157,0.000000,0.448528
25803,73670,0.539430,0.523058
69182,34306,0.000000,0.534852
34306,49480,0.000000,0.534932
25803,116248,0.000000,0.466568
14558,81705,0.000000,0.002864
99644,116248,0.538331,0.423077
58027,72827,0.000000,0.556620
55214,25803,0.539430,0.505580
23972,58936,0.000000,0.577347
39203,92085,0.000000,0.002811
81705,90074,0.000000,0.550894
81705,120402,0.000000,0.002165
113324,58741,0.539737,0.584236
92085,23211,0.000000,0.007279
115123,18574,0.000000,0.007485
14558,18574,0.000000,0.006414
22376,72584,0.000000,0.119123
113324,25803,0.000000,0.348809
48640,92085,0.000000,0.006976
5623,84355,0.000000,0.452727
105917,108404,0.000000,0.265848
51957,79974,0.000000,0.000808
105917,115157,0.000000,0.336635
103195,54300,0.590498,0.569627
41835,84252,0.000000,0.002060
11606,32434,1.000000,0.734982
99668,4189,0.589794,0.551417
19943,100035,0.591243,0.583368
42960,7588,0.000000,0.001434
57040,108552,0.000000,0.001392
111077,84252,0.000000,0.002050
103195,7588,0.000000,0.530119
52821,100262,0.000000,0.168401
7588,88192,0.000000,0.531789
4189,82175,0.589981,0.557066
111077,92705,0.000000,0.002693
51482,15376,0.000000,0.002299
91288,114868,0.590332,0.570523
118209,108552,0.000000,0.002018
100035,3156,0.589794,0.549477
91288,72217,0.590812,0.580911
4189,27329,0.591104,0.583393
100529,101239,0.589794,0.551386
116806,3156,0.588717,0.527591
32434,101519,0.000000,0.000794
42782,100035,1.000000,0.752360
91288,59165,0.590498,0.574528
121777,118209,0.588717,0.525203
15376,101519,0.000000,0.000738
47662,3156,0.589180,0.543548
62083,43594,0.000000,0.000391
11606,106964,0.590812,0.631461
7588,41522,0.000000,0.532063
60521,82175,0.589794,0.635885
10624,121777,0.589395,0.588560
67499,3156,0.589794,0.551353
3156,6615,0.587612,0.478307
108552,6615,0.000000,0.003204
47662,103195,0.589180,0.537434
106964,59165,0.590498,0.575008
27329,3156,0.589794,0.541924
4189,54668,0.000000,0.000690
47662,72055,0.589180,0.543367
100262,4189,0.000000,0.135389
67499,35430,0.591104,0.585270
84814,88192,0.588466,0.514255
114868,121777,0.590160,0.601757
100035,114868,0.590332,0.567007
103195,43594,0.589599,0.550190
10624,15376,0.589395,0.588179
7588,32434,0.000000,0.526589
59165,96439,0.590332,0.616382
37534,54300,0.590332,0.565775
111077,153,0.000000,0.002086
91288,72055,0.589794,0.552846
41522,42782,0.590332,0.567101
82175,92705,0.589794,0.619061
101239,109532,0.000000,0.549103
59165,84814,0.588466,0.509785
114868,153,0.590332,0.571931
109532,108552,0.000000,0.001736
100529,88192,0.590332,0.568897
99668,7588,0.000000,0.536296
96439,106964,0.590332,0.570615
106964,96439,0.590332,0.570611
92705,116806,0.588717,0.527869
4189,101519,0.000000,0.000764
3156,100035,0.589794,0.549486
52821,40583,0.589599,0.553884
92705,19943,0.589794,0.539271
51482,84814,0.000000,0.003750
40583,101519,0.000000,0.000983
37534,100035,0.590332,0.567967
32434,42782,0.590960,0.586688
52821,40498,0.586934,0.442215
43594,10624,0.589395,0.580004
32434,55649,0.588955,0.525046
43594,62083,0.000000,0.000340
122732,72055,0.589794,0.544712
75177,43594,0.589599,0.537865
122732,76923,0.591760,0.593876
90078,27487,1.000000,0.052362
41522,116806,0.588717,0.523151
118209,41835,0.000000,0.003179
116806,82175,0.588717,0.525594
40583,60521,0.589794,0.560366
82175,96439,0.589981,0.563540
41835,40498,0.000000,0.007185
52821,116806,0.588717,0.529547
114868,32434,0.590332,0.569921
82175,37534,0.589981,0.563995
57040,121777,0.590160,0.564798
42960,76923,0.000000,0.000510
15376,96439,0.590332,0.566333
118209,52821,0.588717,0.530281
72055,118209,0.588717,0.527884
7722,88192,0.590332,0.622816
84252,41522,0.590332,0.604486
62083,51482,1.000000,0.843363
15376,11606,0.590960,0.583617
72217,62083,0.000000,0.000228
43594,32434,0.589599,0.546474
47662,75177,0.589180,0.525352
31066,89926,0.000000,0.000733
46792,57319,0.000000,0.000360
96253,81537,0.000000,0.000797
89926,23879,0.575414,0.495527
82877,58410,0.000000,0.024833
76574,23879,0.570827,0.315533
110691,49275,0.000000,0.037324
36154,86995,0.000000,0.026094
25122,503,0.000000,0.001462
56231,101167,0.000000,0.000000
58410,55087,0.572800,0.064391
41222,57319,0.000000,0.031400
102317,96253,0.581434,0.074217
51147,84146,0.000000,0.094114
85439,109221,0.000000,0.032409
86995,80079,0.000000,0.353091
46792,106276,0.000000,0.000889
51147,44935,0.000000,0.015616
89926,81537,0.000000,0.001248
17359,62943,0.000000,0.000000
111808,16457,0.000000,0.009955
101167,119778,0.000000,0.002253
9592,56231,0.000000,0.000000
55087,17359,0.551659,0.281319
74680,84146,0.581579,0.018719
109221,56231,0.000000,0.000000
76452,62943,0.000000,0.000000
54447,55956,0.000000,0.000109
74451,78413,0.000000,0.473034
36154,74451,0.000000,0.019368
57319,57652,0.000000,0.353081
41612,25122,0.000000,0.050515
104987,60085,0.000000,0.049263
54447,101167,0.000000,0.000558
5692,46792,0.000000,0.190848
76452,111808,0.000000,0.006211
60085,14288,0.000000,0.045403
110691,23879,0.000000,0.023498
46237,44935,0.000000,0.058282
67767,39139,0.000000,0.005007
84146,16457,0.000000,0.005249
39139,55087,0.000000,0.028359
57319,55087,0.000000,0.206786
39139,62943,0.000000,0.000000
19286,81537,0.000000,0.001533
51147,60085,0.000000,0.031724
51147,49275,0.000000,0.137402
16457,57652,0.000000,0.005846
82877,78413,0.000000,0.067049
74680,110691,0.000000,0.003622
76452,78413,0.000000,0.035549
94159,503,0.000000,0.023318
25122,23879,0.000000,0.024157
110691,17359,0.000000,0.031606
82877,86995,0.000000,0.067003
94159,1427,0.000000,0.009957
14345,67767,0.000000,0.000000
41222,54211,0.000000,0.026791
60085,39139,0.000000,0.059594
44008,25122,0.000000,0.041090
78413,55956,0.000000,0.210761
62943,22468,0.000000,0.000000
109221,14288,0.000000,0.208065
23879,102317,0.000000,0.232591
29449,5692,0.000000,0.000900
97489,86995,0.000000,0.039581
106276,54211,0.000000,0.432021
16457,1427,0.000000,0.011418
22883,109221,0.567044,0.326481
55956,109221,0.000000,0.081057
110691,58410,0.000000,0.063970
1427,102317,0.000000,0.016828
70330,67767,0.000000,0.000019
67767,97489,0.000000,0.001143
56231,41222,0.000000,0.000000
96253,51147,0.000000,0.084601
76452,49275,0.000000,0.023225
102317,85439,0.580448,0.024643
17359,41612,0.000000,0.293228
110691,31066,0.000000,0.000912
76574,78413,0.570827,0.438884
14345,56231,0.000000,0.000785
56231,9592,0.000000,0.000000
119778,16457,0.000000,0.005372
102317,51147,0.000000,0.086706
1427,104987,0.567755,0.049262
110691,41612,0.000000,0.026941
29449,54211,0.587863,0.035543
86995,89926,0.574854,0.411041
58410,56231,0.000000,0.000000
31066,14288,0.000000,0.000422
55087,74451,0.000000,0.472526
74680,31066,0.000000,0.000146
39139,9828,0.580064,0.021281
55087,25698,0.000000,0.470742
22468,62943,0.000000,0.000000
104987,25122,0.000000,0.052056
60085,76452,0.000000,0.022953
22883,23879,0.567044,0.274278
55087,109221,0.573907,0.452246
50403,116035,0.589599,0.554611
1362,3754,0.586551,0.419883
46107,17370,0.588466,0.567877
975,20979,0.586934,0.468000
48530,46107,0.000000,0.001244
99313,99154,0.000000,0.094051
120162,71523,0.588717,0.515450
59088,112053,0.000000,0.001029
71779,59088,0.588200,0.511471
71282,71523,0.588717,0.515464
46107,88522,0.000000,0.003122
18201,67426,0.585668,0.516130
46107,14607,0.589395,0.589021
20979,71912,0.000000,0.002260
32429,114197,0.586934,0.542149
46107,88825,0.589395,0.643373
49285,62875,0.000000,0.001474
67426,50403,0.587286,0.468111
40157,49386,0.587916,0.496793
88825,49285,0.000000,0.001046
90318,975,0.000000,0.001833
34139,59088,0.587612,0.483307
69988,9821,0.588466,0.523202
114197,66423,0.588717,0.545921
83733,116035,0.589981,0.556919
20285,5772,0.000000,0.000793
63192,66423,0.588717,0.534116
67426,20979,0.587286,0.489576
62083,40157,0.000000,0.000368
99154,40978,0.000000,0.092985
112053,67426,0.000000,0.002869
114101,97268,0.588955,0.569925
112053,5930,0.000000,0.001170
5772,69988,0.589395,0.533001
90318,9028,0.000000,0.001780
66626,62875,0.000000,0.525391
77386,99154,0.000000,0.097822
34139,63556,0.587612,0.496534
81284,17252,0.589599,0.438001
46107,42786,0.587916,0.553996
71282,85805,0.588717,0.529499
47053,81284,0.588466,0.537988
85805,112053,0.000000,0.001090
59088,88825,0.589599,0.583573
71523,43395,0.000000,0.000797
77386,46107,0.588717,0.567916
66423,120162,0.659285,0.684016
63673,62083,0.000000,0.000531
43395,88825,0.000000,0.001251
50403,114101,0.588955,0.537632
40978,20979,1.000000,0.719701
71523,77386,0.588717,0.511634
9821,48530,0.000000,0.001629
3754,71523,0.586551,0.391331
34139,66423,0.587612,0.500151
120162,67434,0.587286,0.483761
77386,88825,0.588717,0.566752
116035,32429,0.586934,0.523827
67434,975,0.586934,0.487161
85805,71912,0.000000,0.001619
42786,27352,0.587916,0.501850
5930,1362,0.589794,0.555030
63556,116035,0.588955,0.532940
120162,63556,0.588717,0.540479
116035,88522,0.000000,0.001444
66423,63192,0.588717,0.534218
32429,97268,0.586934,0.550792
62875,5413,0.000000,0.479840
12188,88825,0.588200,0.588714
9375,67434,0.587286,0.446272
17252,7954,0.588200,0.260816
49285,20285,1.000000,0.994655
67434,50403,0.587286,0.467191
69988,40978,0.588466,0.523525
99154,69988,0.000000,0.088272
5772,46107,0.589395,0.579260
77386,48530,0.000000,0.001491
50403,5413,0.587286,0.463917
12188,85805,0.588200,0.569611
3754,104170,0.586551,0.428537
63673,1362,0.587612,0.548546
40978,104170,0.588466,0.523274
83733,975,0.586934,0.431479
1362,14607,0.590332,0.572276
49386,63673,0.587612,0.548019
112053,12188,0.000000,0.001511
9028,12188,0.587286,0.533674
63556,114197,0.660002,0.707379
63673,5413,0.587286,0.547388
63192,14607,0.589180,0.538822
7954,114101,0.588200,0.338306
32429,48530,0.000000,0.001794
62875,48530,0.000000,0.001386
5039,71523,0.588955,0.523927
71282,114101,0.588717,0.536092
62875,66423,0.000000,0.544587
83733,1362,0.590658,0.577345
40978,40157,0.588466,0.519381
48530,62083,1.000000,0.995814
49285,48530,1.000000,0.996644
36873,55831,0.587286,0.471416
681,98677,0.589599,0.549930
28791,88589,0.588200,0.516347
88589,4373,0.589180,0.540557
12136,38235,0.000000,0.528311
119843,54518,0.000000,0.001233
41046,28791,0.588200,0.513693
109923,54082,0.000000,0.000690
88700,61225,0.000000,0.001273
30886,75427,0.000000,0.001418
30886,66637,0.588466,0.562438
110414,55136,0.588955,0.529559
38235,120765,0.000000,0.563857
54082,58028,0.000000,0.000921
55136,61225,0.000000,0.000949
2420,69189,0.589395,0.547115
109923,114610,0.587916,0.472878
60389,55411,0.587286,0.455581
4373,36873,0.587286,0.453381
104470,12605,0.586551,0.470494
107701,114610,0.587916,0.473478
87816,19762,0.000000,0.001404
67410,55136,0.587286,0.446633
54812,88589,0.588466,0.573422
38235,12212,0.000000,0.001300
55411,55831,0.589395,0.547789
97965,74338,0.589599,0.602006
38790,85913,0.000000,0.000848
65282,67410,0.000000,0.087205
69189,58028,0.589395,0.544001
74338,54812,0.588466,0.566749
62092,23225,0.589599,0.585432
104470,19762,0.587286,0.481258
102513,38790,0.000000,0.001302
61390,66637,0.587286,0.568690
38790,3699,0.000000,0.001224
38790,110414,0.000000,0.001515
65282,107701,0.000000,0.075289
4373,12136,0.589794,0.559873
87816,97965,0.000000,0.001072
62092,61390,0.587286,0.538088
3699,119291,0.589180,0.583833
65282,2420,0.000000,0.089342
119860,90176,0.000000,0.003491
15338,681,0.589180,0.542917
12136,120450,0.589794,0.587498
15897,119843,0.000000,0.001920
88589,43198,0.589180,0.573567
55831,16147,0.589395,0.534049
36873,55136,0.587286,0.446588
60389,15897,0.587286,0.495663
62083,15897,0.000000,0.000714
119860,55411,0.586934,0.531018
42857,3699,0.589180,0.578692
114610,109923,0.587916,0.472123
12605,47758,0.000000,0.001852
69189,109923,0.589395,0.536974
62083,38235,0.000000,0.000519
90176,16147,0.000000,0.001510
55411,15897,0.587916,0.489143
55136,38235,0.000000,0.522023
120765,74338,0.589599,0.592037
85913,88700,0.589180,0.535051
107701,28791,0.588200,0.484099
65282,74338,0.000000,0.096659
19762,109923,0.588955,0.523897
59288,109923,0.589180,0.530974
55411,2420,0.665368,0.757463
30886,54812,0.682213,0.563151
15338,114610,0.587916,0.536242
69189,23225,0.589395,0.580990
47758,88700,0.000000,0.001277
85913,53936,0.590812,0.582123
31056,90176,1.000000,0.991088
88589,59288,1.000000,0.756793
107701,67410,0.587286,0.444788
38235,54812,0.000000,0.564609
12605,28791,0.586551,0.453032
47758,62092,0.000000,0.001158
70917,41046,0.588955,0.580511
41760,23225,0.589981,0.591166
85913,70917,0.588955,0.574649
55831,88700,0.589180,0.556515
62083,3699,0.000000,0.000491
15897,61225,0.000000,0.001827
88700,54082,0.000000,0.001209
42857,62083,0.000000,0.000267
67410,53936,0.587286,0.438365
54812,53936,0.588466,0.569984
119291,42857,0.589395,0.545169
36873,107701,0.587286,0.435738
38235,61225,0.000000,0.001435
23225,53936,0.589981,0.598105
85913,681,0.589599,0.548892
97965,12136,0.664800,0.765597
65282,54518,0.000000,0.094484
119860,36873,0.586934,0.541353
88700,102513,0.588955,0.549164
104470,110414,0.587286,0.481142
15338,55136,0.589180,0.529361
63988,76494,0.000000,0.000066
94742,63988,0.000000,0.000291
44642,76494,0.000000,0.000226
85909,47574,0.000000,0.547154
44642,105685,0.000000,0.012512
25809,63988,0.000000,0.002439
25809,108610,0.000000,0.008285
62083,76494,0.000000,0.006538
62083,76638,1.000000,0.998843
76494,25809,0.000000,0.001276
62083,94742,0.000000,0.440161
105685,44642,0.000000,0.026147
76638,105685,1.000000,0.998818
63988,108610,0.000000,0.066596
25809,44642,0.000000,0.013308
105685,62083,1.000000,0.991202
47574,76638,0.000000,0.509049
76494,85909,0.000000,0.008928
47574,85909,0.000000,0.389000
25809,62083,0.000000,0.130302
25809,94742,0.000000,0.047580
62083,63988,0.000000,0.000880
108610,44642,0.000000,0.049456
108610,105685,0.000000,0.007145
94742,44642,0.000000,0.000747
76494,63988,0.000000,0.000061
76494,108610,0.000000,0.000125
76638,63988,0.000000,0.001625
63988,44642,0.000000,0.015034
108610,76638,0.000000,0.003382
105685,63988,0.000000,0.003036
47574,62083,0.000000,0.153502
85909,108610,0.000000,0.004294
94742,85909,0.000000,0.232270
44642,47574,0.000000,0.009772
25809,76494,0.000000,0.002131
76638,85909,1.000000,0.999698
85909,25809,0.000000,0.551989
76638,62083,1.000000,0.998990
85909,63988,0.000000,0.001398
47574,94742,0.000000,0.015794
76494,44642,0.000000,0.000210
62083,44642,0.000000,0.003285
94742,108610,0.000000,0.000460
44642,63988,0.000000,0.012901
94742,25809,0.000000,0.037582
108610,94742,0.000000,0.000359
63988,76638,0.000000,0.000983
76494,47574,0.000000,0.000813
94742,76638,0.000000,0.219056
44642,94742,0.000000,0.000533
25809,105685,0.000000,0.734263
94742,76494,0.000000,0.001108
62083,105685,1.000000,0.991140
76638,108610,0.000000,0.005600
76494,105685,0.000000,0.017035
76638,25809,0.000000,0.652678
63988,62083,0.000000,0.000566
44642,76638,0.000000,0.005922
47574,105685,0.000000,0.740714
94742,47574,0.000000,0.015030
63988,105685,0.000000,0.001891
105685,47574,0.000000,0.779252
105685,76638,1.000000,0.998697
94742,62083,0.000000,0.297672
108610,47574,0.000000,0.007562
47574,76494,0.000000,0.001173
76638,44642,0.000000,0.012862
85909,105685,1.000000,0.998393
85909,44642,0.000000,0.010177
94742,105685,0.000000,0.234401
76638,47574,0.000000,0.666349
85909,62083,1.000000,0.999262
76638,94742,0.000000,0.340449
47574,25809,0.000000,0.203364
76638,76494,0.000000,0.024148
108610,85909,0.000000,0.002678
47574,108610,0.000000,0.009249
85909,76494,0.000000,0.020301
63988,94742,0.000000,0.000208
63988,47574,0.000000,0.002105
105685,76494,0.000000,0.038439
76494,76638,0.000000,0.010517
63988,85909,0.000000,0.000853
108610,63988,0.000000,0.066408
47574,63988,0.000000,0.002681
85909,94742,0.000000,0.359157
25809,76638,0.000000,0.505136
62083,85909,1.000000,0.999147
105685,25809,0.000000,0.783293
108610,76494,0.000000,0.000150
76494,94742,0.000000,0.000755
62083,108610,0.000000,0.001596
47574,44642,0.000000,0.012713
62083,25809,0.000000,0.180119
25809,85909,0.000000,0.407228
44642,85909,0.000000,0.004819
108610,25809,0.000000,0.005910
105685,94742,0.000000,0.355815
44642,62083,0.000000,0.001865
107918,13067,0.000000,0.001865
44508,45750,0.554802,0.526154
44508,105602,0.000000,0.565230
86985,17967,0.000000,0.491291
119564,65754,1.000000,0.740219
13966,88349,0.000000,0.001661
14197,122082,0.000000,0.147578
16756,102258,0.000000,0.000877
59704,17076,0.663838,0.751876
42505,81446,0.555849,0.554480
67013,98275,0.553742,0.502521
38691,16977,0.555032,0.539422
58106,86584,0.555658,0.551178
52151,16626,0.554802,0.528818
55055,17076,0.000000,0.564242
98275,59704,0.000000,0.475108
119564,11085,0.000000,0.523464
91196,98597,0.000000,0.108945
120041,86584,0.000000,0.228064
112153,59704,0.000000,0.505803
108656,62083,0.000000,0.000380
16756,72396,0.554802,0.530295
45962,107918,0.000000,0.139670
58106,59704,0.000000,0.648551
58106,37887,0.000000,0.000976
44508,86985,0.553742,0.506836
52151,108656,0.555032,0.536326
122877,16756,0.553742,0.487175
13966,115208,0.553742,0.515086
8654,117736,1.000000,0.535984
38691,115208,0.553742,0.505028
108656,70605,0.000000,0.001701
65754,8654,0.000000,0.001130
44508,112153,0.554303,0.526430
42505,37887,0.000000,0.001161
65754,110921,0.555251,0.533472
13966,53966,0.554031,0.516902
70288,24154,0.555032,0.536494
115208,98597,0.000000,0.099678
59704,98597,0.000000,0.090354
11455,17076,0.000000,0.532718
24154,62083,0.000000,0.000382
110823,38691,0.554802,0.549859
122082,119564,0.000000,0.188356
110921,81446,0.557276,0.591509
17076,80682,0.000000,0.584032
14197,119564,0.553742,0.502412
102258,86584,0.000000,0.001155
14197,86985,1.000000,0.751266
91196,121492,0.000000,0.551058
55055,16626,0.554802,0.532000
105602,117736,0.000000,0.026973
17967,80682,0.000000,0.561431
17076,107918,0.000000,0.146836
96634,44508,0.554031,0.516841
80682,11085,0.000000,0.494557
11085,77339,0.000000,0.001512
62083,121492,0.000000,0.000445
16626,117736,0.000000,0.011217
50681,26927,1.000000,0.996081
30450,44508,0.554802,0.528970
53966,13067,0.000000,0.001247
59704,30450,0.000000,0.574286
17967,24154,0.000000,0.539963
122610,8654,0.000000,0.000955
38691,110921,0.555032,0.526598
122610,17076,0.000000,0.558558
122877,120041,0.000000,0.177326
112153,90805,0.554303,0.490114
55055,122643,0.555658,0.559633
90805,112153,0.554303,0.486504
121492,112153,0.554303,0.524228
38691,59704,0.000000,0.532463
102258,41377,0.000000,0.001554
86985,30450,0.553742,0.484128
50681,105602,0.000000,0.001686
38691,70288,0.555032,0.536497
86985,53966,0.553742,0.506437
16977,55055,1.000000,0.766345
45750,80682,0.556697,0.579705
26927,77339,1.000000,0.994896
42505,122877,0.553742,0.492276
110921,115208,0.553742,0.467336
19656,16626,0.000000,0.148819
13067,107918,0.000000,0.001860
108656,65754,0.555032,0.558957
26927,11455,0.000000,0.001722
96634,59704,0.000000,0.492199
105602,65754,0.000000,0.573206
18305,11455,0.555032,0.537944
122610,52151,0.555849,0.562189
86584,58106,0.555658,0.551171
107918,122610,0.000000,0.139910
115208,120041,0.000000,0.177326
17076,96634,0.000000,0.488320
16977,119564,0.555251,0.546473
14197,115208,1.000000,0.751266
70288,96634,0.554031,0.497345
70605,50681,1.000000,0.992205
45962,18305,0.554303,0.514562
628,61671,0.000000,0.047906
39965,61671,0.000000,0.040718
49903,29131,0.000000,0.006328
105612,89478,0.000000,0.014149
49442,80686,0.000000,0.003264
75991,75261,0.000000,0.092641
75261,32351,0.000000,0.000100
64694,628,0.523248,0.654729
61671,64694,0.000000,0.048506
74819,45352,0.000000,0.071952
628,63096,0.000000,0.000334
89478,39965,0.000000,0.011456
61671,96758,0.000000,0.132946
49442,628,0.000000,0.027681
75261,96758,0.000000,0.006289
114827,31892,0.000000,0.001542
628,49903,0.000000,0.446528
31892,63096,1.000000,0.103908
61671,49903,0.000000,0.003753
46727,114827,0.000000,0.055432
46727,32351,0.000000,0.000574
628,46727,0.000000,0.412687
89478,61671,0.000000,0.008367
31892,75991,0.000000,0.001365
74819,80686,0.000000,0.351448
49903,61671,0.000000,0.003959
89478,32351,0.000000,0.000160
46727,628,0.000000,0.318097
89478,75261,0.000000,0.540084
63096,49903,0.000000,0.000095
114827,105612,0.000000,0.004866
46727,49442,0.000000,0.026933
75991,49903,0.000000,0.016072
29131,75261,0.000000,0.010924
114827,80686,0.000000,0.258582
39965,75261,0.000000,0.008842
39965,89478,0.000000,0.009979
75261,628,0.000000,0.292261
49903,63096,0.000000,0.000071
49442,49903,0.000000,0.004299
61671,29131,0.568396,0.128443
46727,105612,0.000000,0.030650
114827,46727,0.000000,0.062612
75991,31892,0.000000,0.001040
96758,46727,0.000000,0.028356
96758,74819,0.000000,0.005920
29131,39965,0.000000,0.019115
96758,114827,0.000000,0.004158
75261,114827,0.000000,0.488950
80686,45352,0.000000,0.045657
89478,64694,0.000000,0.371288
63096,32351,0.000000,0.731308
39965,45352,0.000000,0.002171
49442,75991,0.000000,0.000764
32351,64694,0.000000,0.001474
64694,96758,0.000000,0.037949
75991,64694,0.000000,0.194410
31892,32351,0.000000,0.043593
114827,75261,0.000000,0.473898
39965,628,0.000000,0.027119
49903,45352,0.000000,0.047382
628,105612,0.000000,0.067344
105612,64694,0.000000,0.072621
61671,89478,0.000000,0.008085
29131,74819,0.000000,0.007518
45352,80686,0.000000,0.028256
29131,61671,0.568396,0.131008
45352,75261,0.000000,0.156280
49442,114827,0.000000,0.003839
96758,89478,0.000000,0.009910
39965,74819,0.000000,0.004889
61671,105612,0.574091,0.235443
63096,96758,1.000000,0.039218
628,75991,0.000000,0.256820
63096,74819,0.000000,0.000190
29131,45352,0.000000,0.005633
105612,114827,0.000000,0.005184
75991,45352,0.000000,0.102544
29131,75991,0.000000,0.003028
114827,63096,0.000000,0.000055
49903,114827,0.000000,0.495550
49903,80686,0.000000,0.289577
74819,29131,0.000000,0.008171
89478,105612,0.000000,0.013647
31892,74819,0.000000,0.002197
64694,39965,0.000000,0.038350
75261,46727,0.000000,0.073158
31892,49903,0.000000,0.001803
46727,31892,0.000000,0.006813
39965,75991,0.000000,0.001420
61671,114827,0.000000,0.003364
96758,80686,0.000000,0.003740
46727,75991,0.000000,0.014006
63096,45352,0.000000,0.000079
89478,29131,0.000000,0.015629
105612,49442,0.000000,0.098126
80686,29131,0.000000,0.003382
46727,80686,0.000000,0.047640
75261,49903,0.000000,0.490897
49442,39965,1.000000,0.118462
70875,62744,0.587286,0.530294
59025,11395,0.587286,0.443316
103179,102407,0.000000,0.499702
48166,61054,0.000000,0.001173
23128,61536,0.548725,0.529685
10941,56739,0.000000,0.503492
79000,51124,0.000000,0.001642
83647,45656,0.589180,0.576374
83647,70875,0.587286,0.499250
95864,51065,0.000000,0.569063
105417,47375,0.588466,0.509473
97579,117907,0.000000,0.002111
74993,1699,0.000000,0.000706
45656,85112,0.589180,0.584464
51180,1699,0.000000,0.580774
79306,7294,0.000000,0.578559
83647,21975,0.591509,0.616630
44641,79306,0.000000,0.583575
78752,83897,0.000000,0.019536
113314,78752,0.000000,0.005287
1699,75911,0.000000,0.485390
14403,62083,0.000000,0.000667
83897,6868,0.000000,0.037647
61054,51124,0.000000,0.250104
74103,117887,0.000000,0.074239
61054,25997,0.591104,0.577729
61536,61337,0.000000,0.600711
10941,78752,0.000000,0.534575
48166,6868,0.000000,0.740164
83216,4374,0.000000,0.000749
7294,97579,0.000000,0.507825
44641,85112,0.000000,0.630289
83647,75911,0.000000,0.481470
34480,61337,0.588466,0.548125
74103,78752,0.000000,0.167068
11395,7294,0.590658,0.647977
33278,116785,0.587612,0.556343
48166,86142,0.000000,0.002763
39519,1699,0.588717,0.575899
105417,4374,0.000000,0.001474
112525,97579,0.000000,0.493804
44641,11541,0.000000,0.601417
112525,2108,0.000000,0.590620
18977,112525,0.591378,0.619578
116785,23128,0.000000,0.507868
11541,44641,0.000000,0.604670
103813,44641,0.000000,0.499350
78786,21975,0.591378,0.613624
75911,61536,0.547952,0.501803
62744,70875,0.587286,0.518714
61337,5422,0.589794,0.591576
11395,103179,0.000000,0.241517
2602,75911,0.000000,0.525868
47375,14403,0.586132,0.453799
1699,61054,0.591104,0.586408
78786,116785,0.587916,0.470891
79000,75911,0.000000,0.002301
97405,116785,0.587916,0.555516
83647,59025,0.587286,0.444034
21975,97405,0.589180,0.594159
105417,117887,0.588466,0.517517
103813,51065,0.000000,0.504382
16011,83897,0.000000,0.003808
45866,4374,0.000000,0.001873
2108,4374,0.000000,0.000616
83647,78752,0.000000,0.482202
75911,10941,0.547662,0.515153
103813,44973,0.000000,0.514941
61054,95864,0.000000,0.565879
113314,64352,0.000000,0.002835
97579,61536,0.548225,0.513875
74103,83216,0.000000,0.049853
2602,7294,0.590658,0.604095
11395,61536,0.000000,0.575052
33278,85112,0.587612,0.539440
113314,11541,0.000000,0.001453
45866,79306,0.547352,0.457583
117907,16011,0.000000,0.001316
21975,47375,0.590812,0.607581
74103,6868,0.000000,0.003428
75911,95864,0.000000,0.504485
2602,74103,0.000000,0.121339
25997,108006,0.000000,0.579711
62744,23128,0.000000,0.525464
83647,79000,0.000000,0.000884
70875,48166,0.000000,0.003200
70875,14403,0.586132,0.551869
16011,97405,0.000000,0.578361
51124,78786,0.000000,0.214770
83647,51124,0.000000,0.250443
85112,45437,0.591243,0.587859
45437,44641,0.000000,0.590968
83647,7294,0.590658,0.575329
86142,83897,0.000000,0.006541
7294,45437,0.590658,0.572798
10941,83216,0.000000,0.473337
70875,7294,0.587286,0.536567
97579,79306,0.548225,0.506680
117887,97579,0.000000,0.526912
117887,51180,0.000000,0.634821
70179,99775,0.000000,0.002131
14681,30841,0.000000,0.003940
71062,18563,1.000000,0.904840
17701,6368,1.000000,0.990142
24934,97737,1.000000,0.997090
99775,66290,0.000000,0.001999
39775,43406,1.000000,0.901457
86747,24757,0.000000,0.000466
50502,9895,1.000000,0.924342
23685,70179,1.000000,0.995174
99775,23951,0.000000,0.002436
18563,60330,1.000000,0.873713
22311,72525,1.000000,0.825632
64964,76594,0.000000,0.003423
421,50953,1.000000,0.992928
24934,83339,1.000000,0.996061
109623,91479,0.000000,0.001542
89701,118379,1.000000,0.997073
71062,92616,1.000000,0.997065
66297,46944,0.000000,0.013807
77712,88106,1.000000,0.418966
7296,70179,1.000000,0.994832
50502,76594,0.000000,0.001242
16709,115435,1.000000,0.989114
99775,43406,0.000000,0.002985
60466,74395,0.000000,0.001044
118379,91479,0.000000,0.001342
60466,7296,0.000000,0.001342
24934,14681,1.000000,0.991322
118379,77712,1.000000,0.911303
88106,23685,1.000000,0.555064
70179,112358,1.000000,0.912921
7296,35947,1.000000,0.995080
72525,24934,1.000000,0.852107
43406,34008,1.000000,0.869878
64964,16477,0.000000,0.003231
97737,118379,1.000000,0.997099
32916,34008,1.000000,0.996711
66297,92995,0.000000,0.002264
96317,55852,0.579961,0.778013
34190,39775,1.000000,0.990906
66297,2978,0.000000,0.078439
14681,72525,1.000000,0.882858
18563,50502,1.000000,0.876179
18563,89701,1.000000,0.858269
35005,39775,1.000000,0.995821
421,47632,1.000000,0.990435
115435,36876,1.000000,0.864833
99775,76594,0.588200,0.552236
16477,64964,0.000000,0.002800
72463,17701,1.000000,0.996873
109623,115435,1.000000,0.996453
66290,3811,0.000000,0.001684
47632,23685,1.000000,0.994842
14681,35005,1.000000,0.991955
112358,16477,0.000000,0.003575
421,9895,1.000000,0.917590
83339,33868,1.000000,0.927672
86747,23685,0.000000,0.000980
99775,3811,0.588200,0.559165
60330,50953,1.000000,0.993813
60330,83339,1.000000,0.996269
92995,86747,0.000000,0.000633
76594,92616,0.000000,0.001147
97737,55852,0.000000,0.865757
76594,20982,0.000000,0.003817
88106,47632,1.000000,0.512626
23951,14681,1.000000,0.905335
7296,34190,1.000000,0.992558
16477,112358,0.000000,0.003106
115435,47632,1.000000,0.997396
89701,70179,1.000000,0.996499
55852,47632,0.000000,0.801466
83889,97737,1.000000,0.985291
76594,24757,0.000000,0.001002
20982,66297,0.000000,0.011343
17701,62083,1.000000,0.995872
35005,32916,1.000000,0.995432
24757,114534,1.000000,0.996115
96317,66297,0.000000,0.009613
60466,30841,0.558042,0.528727
50953,23951,1.000000,0.926590
7296,88106,1.000000,0.647261
92995,43406,1.000000,0.895863
58679,96317,0.000000,0.787239
115435,66297,0.000000,0.002516
23685,91479,0.000000,0.001877
83339,66297,0.000000,0.003193
7296,58679,1.000000,0.880825
50502,74395,1.000000,0.996283
72525,91479,0.000000,0.005662
96317,99775,0.000000,0.002158
62083,83889,1.000000,0.987858
66297,50953,0.000000,0.004098
89701,35005,1.000000,0.995301
71062,118379,1.000000,0.997072
96317,66290,0.000000,0.882369
70179,39775,1.000000,0.996973
3811,39775,0.000000,0.001325
83889,35005,1.000000,0.987386
114554,25600,0.000000,0.025304
106632,43203,0.553479,0.068718
82854,99048,0.551659,0.019825
122156,74822,0.551659,0.025170
106632,92040,0.000000,0.032780
74822,71896,0.551659,0.006525
71896,106632,0.560378,0.482484
40933,19042,0.551659,0.008145
12798,92278,0.551659,0.023339
12798,25600,0.560686,0.025759
61693,122156,0.555769,0.013572
71896,43203,0.553479,0.080925
114554,92040,0.000000,0.000294
40933,92040,0.000000,0.090564
3276,82854,0.551659,0.015036
46154,106632,0.562190,0.189158
106632,3276,0.562190,0.130023
99048,106380,0.000000,0.056270
74822,3276,0.551659,0.012344
25600,82854,0.551659,0.001354
106380,92278,0.000000,0.000362
43203,122156,0.553479,0.089854
114554,92278,0.000000,0.000084
43203,106632,0.553479,0.059892
114554,46154,0.000000,0.001431
43203,19042,0.553479,0.111303
71896,19042,0.555769,0.154306
114554,71896,0.000000,0.005001
19042,12798,0.555769,0.076582
74822,82854,1.000000,0.981292
99048,25600,0.560686,0.021212
40933,106632,0.551659,0.005432
99048,46154,0.565690,0.769308
92040,99048,0.000000,0.097811
92040,19042,0.000000,0.017709
82854,92278,1.000000,0.981292
19042,92278,0.551659,0.007807
25600,99048,0.560686,0.016957
114554,12798,0.000000,0.002853
19042,46154,0.555769,0.029103
43203,40933,0.551659,0.042783
25600,122156,0.555769,0.011907
12798,122156,0.555769,0.029958
12798,46154,0.563144,0.678742
106632,19042,0.555769,0.129479
74822,19042,0.551659,0.008145
106632,122156,0.555769,0.019139
82854,25600,0.551659,0.001590
12798,3276,0.563144,0.646359
92040,43203,0.000000,0.077901
82854,106380,0.000000,0.000273
99048,3276,0.565690,0.752994
106380,106632,0.000000,0.013096
40933,25600,0.551659,0.001590
122156,46154,0.555769,0.012808
71896,40933,0.551659,0.007349
25600,92278,0.551659,0.001354
74822,25600,0.551659,0.001590
106380,25600,0.000000,0.000419
122156,61693,0.555769,0.012297
43203,114554,0.000000,0.001653
82854,71896,0.551659,0.006525
99048,71896,0.560378,0.199432
99048,40933,0.551659,0.022805
122156,106380,0.000000,0.000517
74822,43203,0.551659,0.042100
19042,40933,0.551659,0.007807
3276,40933,0.551659,0.015036
92040,61693,0.000000,0.081546
122156,92040,0.000000,0.024714
74822,46154,0.551659,0.014672
3276,43203,0.553479,0.048201
82854,12798,0.551659,0.020617
114554,122156,0.000000,0.000944
71896,61693,0.560378,0.103000
46154,43203,0.553479,0.060541
92278,12798,0.551659,0.020617
43203,3276,0.553479,0.045004
61693,74822,0.551659,0.017165
122156,19042,1.000000,0.043711
71896,74822,0.551659,0.007349
40933,122156,0.551659,0.025720
106632,61693,0.562190,0.153073
12798,114554,0.000000,0.003288
46154,106380,0.000000,0.241346
12798,61693,0.563144,0.674417
82854,43203,0.551659,0.042100
82854,3276,0.551659,0.012344
3276,92278,0.551659,0.015036
82854,46154,0.551659,0.014672
114554,106380,0.000000,0.000079
61693,82854,0.551659,0.017165
82854,122156,0.551659,0.025720
3276,114554,0.000000,0.001385
114554,40933,0.000000,0.000084
92040,3276,0.000000,0.070678
43203,25600,0.553479,0.018073
122156,71896,0.555769,0.018790
61693,71896,0.560378,0.120989
19042,71896,0.555769,0.132839
18129,74547,0.000000,0.010276
50332,14985,0.000000,0.637961
3121,40427,0.000000,0.000056
2154,116722,0.562190,0.203403
89651,34537,0.564471,0.046736
108500,85097,0.000000,0.001996
2464,18129,0.000000,0.008554
117603,54424,0.000000,0.001080
24140,101401,0.000000,0.074583
114666,51285,0.000000,0.009093
2878,47201,0.000000,0.468310
45067,3121,0.000000,0.018309
50332,56574,1.000000,0.835781
72469,18129,0.000000,0.016814
29213,23842,0.000000,0.001460
116722,31395,0.000000,0.000000
98095,2878,0.000000,0.567690
29213,85097,0.000000,0.000311
23842,88903,0.000000,0.042335
10571,45067,0.000000,0.042185
31395,98095,0.000000,0.000000
2464,64581,0.566567,0.022223
64581,45067,0.000000,0.011014
14985,72469,0.000000,0.030568
82321,101231,0.000000,0.007137
34537,45067,0.000000,0.053571
108500,14985,0.000000,0.016721
101401,49829,0.000000,0.000000
56574,54424,1.000000,0.753021
5201,15283,0.000000,0.048200
98095,56574,0.000000,0.631462
58836,54424,0.000000,0.062002
64581,62083,0.000000,0.295862
98095,54424,0.000000,0.596453
50332,101231,1.000000,0.995925
56574,19783,0.000000,0.040622
85097,20211,0.000000,0.038076
10571,64581,0.000000,0.320319
72469,34537,0.565971,0.152003
81690,71007,0.000000,0.002271
5201,28130,0.000000,0.004803
109832,34537,0.000000,0.267307
47201,52501,0.000000,0.016019
108328,52509,0.000000,0.008922
37265,15283,1.000000,0.915937
82321,3121,0.000000,0.007908
117779,108500,0.000000,0.000001
43497,64581,0.000000,0.009372
15283,98095,0.000000,0.645335
108328,48778,0.000000,0.000400
82088,49829,0.000000,0.000000
64581,28130,0.000000,0.002034
88376,101231,0.000000,0.001752
64581,10571,0.000000,0.279221
24140,64581,0.000000,0.011852
20211,31395,0.000000,0.000000
62083,120995,0.000000,0.005672
88376,31395,0.000000,0.000000
82088,99324,0.000000,0.011844
58836,10571,0.000000,0.178096
15283,121772,0.000000,0.025100
24140,101231,0.000000,0.004434
31395,5201,0.000000,0.000000
101401,117779,0.000000,0.000002
20211,58836,0.000000,0.001079
51285,23842,0.000000,0.295001
116722,99324,0.563475,0.012397
62083,112304,0.000000,0.015190
88376,14985,0.000000,0.007113
47201,51285,0.569059,0.249651
56993,121772,0.563475,0.033151
37265,114666,0.000000,0.003027
5201,56993,0.000000,0.104378
18129,51285,0.000000,0.022783
45067,116722,0.000000,0.767585
114666,15283,0.000000,0.004222
37265,110900,0.000000,0.705975
101231,23842,0.000000,0.909123
50332,34537,0.000000,0.344666
23842,108500,0.000000,0.011996
48778,115768,0.000000,0.000164
20211,28130,0.000000,0.000070
43497,101231,0.000000,0.005029
117779,89651,0.000000,0.000001
71007,108328,0.000000,0.000021
110900,121772,0.563475,0.031152
20211,101401,0.000000,0.000273
82088,108500,0.000000,0.221938
89651,20211,0.000000,0.000390
47201,112304,0.563475,0.040319
112304,82088,0.000000,0.004107
71007,56993,0.000000,0.007226
48778,20211,0.000000,0.001250
112304,58836,0.563475,0.020107
31395,117603,0.000000,0.000000
82321,31395,0.000000,0.000000
52501,99324,0.000000,0.024240
2154,47201,0.562190,0.029047
48778,117603,0.000000,0.022716
52509,48778,0.000000,0.229419
10697,47386,0.588955,0.572782
16967,35715,0.591997,0.626584
62083,41206,0.000000,0.000223
16762,116873,0.589981,0.591246
116873,14347,0.589395,0.587267
48120,34128,0.589180,0.584578
14347,58540,0.589395,0.549148
6947,579,0.589599,0.607586
54968,41206,0.589180,0.583751
57158,116873,0.589981,0.590407
62713,91386,0.588955,0.597278
39501,104255,0.000000,0.000788
69340,41206,0.591243,0.615713
105125,805,0.587286,0.529953
48120,15257,0.589180,0.605133
14347,116767,0.589395,0.576836
54968,14347,0.589180,0.582992
35316,54767,0.000000,0.002650
40268,69340,0.591243,0.634052
104255,61652,0.000000,0.001152
116258,6947,1.000000,0.611421
16762,47386,0.589599,0.584420
20127,36746,0.590332,0.595938
48120,116767,0.589180,0.603908
20876,63851,0.589599,0.560288
107771,57158,0.590498,0.606528
116258,85538,0.590658,0.600875
51074,61652,0.590658,0.573157
57158,15257,0.590332,0.594946
93039,54767,0.000000,0.003369
39501,52024,0.000000,0.000596
36746,54968,0.589180,0.604529
4791,93039,0.589981,0.589400
10697,31924,0.588955,0.573168
44009,61652,0.589395,0.588067
35715,93039,0.589981,0.583309
102029,107771,0.590960,0.605529
101576,107771,0.000000,0.000898
66243,579,0.667033,0.786325
50906,44009,0.589395,0.581134
76515,56079,0.000000,0.000649
31924,57158,0.589180,0.584988
93039,16967,0.589981,0.613330
40975,102029,0.589180,0.510651
20127,62083,0.000000,0.000188
61314,56121,0.589395,0.528984
41206,116767,0.590658,0.601711
116767,116015,0.590658,0.607663
34128,116258,0.591509,0.613042
116015,39501,0.590658,0.495353
93039,105125,0.587286,0.562535
58540,52024,0.000000,0.000969
93329,54968,0.589180,0.606565
41206,39501,0.590658,0.485098
99599,101576,0.000000,0.001003
58540,102029,0.589794,0.537763
56121,16386,0.591880,0.618016
63851,31924,0.589180,0.607500
48120,101576,0.000000,0.001157
57158,66243,0.589599,0.584742
116258,56121,0.591509,0.592592
10697,67921,0.588955,0.533008
40268,47386,0.589599,0.603126
16386,41206,0.591509,0.621636
41206,104255,0.000000,0.000958
116258,20127,0.591509,0.592707
14347,20127,0.589395,0.530460
20115,52024,1.000000,0.951246
100024,41206,0.590960,0.612340
10697,116258,0.588955,0.520467
102029,108122,0.589395,0.518088
48120,6947,0.589180,0.598825
35715,35316,0.591760,0.617040
56079,108122,0.589395,0.575400
10697,805,0.588955,0.525779
57158,20876,0.590498,0.551398
48120,62713,0.588955,0.627961
58540,1785,1.000000,0.717312
51074,56079,0.591509,0.614971
35715,579,0.589599,0.570494
58540,40268,0.589794,0.576854
107771,83307,0.590960,0.633417
54968,62713,0.588955,0.628153
48120,16386,0.589180,0.596603
40975,105125,0.587286,0.539751
85538,116015,0.590658,0.607659
100024,16762,0.590960,0.612647
116767,579,0.589599,0.611185
10697,91386,0.588955,0.563569
62713,20127,0.588955,0.575694
20876,85538,0.590658,0.593871
107771,6947,0.590960,0.632783
83307,104255,0.000000,0.001972
109077,16967,0.589794,0.578842
109077,16386,0.589794,0.579541
1785,85538,0.589794,0.587447
31924,63851,0.589180,0.607882
14347,100024,0.589395,0.574996
35316,67921,0.590160,0.595621
6947,44009,0.589395,0.603063
24037,119682,0.589794,0.616670
103247,78786,0.589981,0.597786
61337,101714,0.590812,0.689737
76232,47008,0.589395,0.588254
85112,17120,0.591243,0.611743
42238,53123,0.589599,0.613697
102128,79755,0.588466,0.517191
24037,113049,0.589180,0.597600
113049,55976,0.589180,0.592179
110679,38393,1.000000,0.997812
55976,60281,0.588717,0.599130
101714,55659,0.000000,0.000871
40786,53123,0.590160,0.594381
62083,102128,0.000000,0.000583
17120,35238,0.588200,0.573050
119682,78786,0.590332,0.603108
101702,74292,0.000000,0.000975
79755,60281,0.588717,0.570877
33836,110679,0.000000,0.000935
11784,76232,0.589599,0.584319
103743,7001,0.590160,0.619768
21573,38393,0.000000,0.000826
102128,41946,0.587286,0.486524
103247,42238,0.589599,0.614039
110679,93613,0.000000,0.001057
19931,102128,0.588466,0.550127
48292,60281,0.588717,0.569733
60281,53123,0.588717,0.596953
4965,63710,0.588200,0.590234
74588,119682,0.590332,0.596373
47008,70306,0.000000,0.001096
11784,35410,0.589395,0.545826
61337,4965,0.588200,0.579375
5013,47008,0.589395,0.543590
91667,102128,0.588466,0.510467
48292,85904,0.000000,0.001329
53123,40786,0.590160,0.600947
56179,42238,0.589599,0.586699
5490,49173,0.590332,0.597686
93438,56179,0.000000,0.002750
30127,79755,0.589981,0.598546
110679,41946,0.000000,0.002676
21573,11784,0.590160,0.600599
24037,22183,0.588717,0.571436
7001,47008,0.589395,0.587475
108478,103247,0.589981,0.591481
75625,35238,0.588200,0.582538
101702,72082,0.589794,0.557199
121667,76232,0.000000,0.384945
4965,79755,0.588200,0.569190
5490,72082,1.000000,0.731797
11784,5013,0.590160,0.566586
102128,72082,0.588466,0.513839
102128,22183,0.588466,0.533879
85904,48292,0.000000,0.001417
49173,75625,0.590498,0.677891
108478,56179,0.589981,0.538012
30127,62083,0.000000,0.000382
53383,35410,0.000000,0.001193
5490,33836,0.589981,0.590597
70306,49173,0.000000,0.000905
57164,16423,0.000000,0.002117
60281,101714,0.588717,0.593032
7001,119682,0.590160,0.668622
22183,76232,0.588717,0.566252
101702,70306,0.000000,0.000982
113049,5490,0.589180,0.570781
57986,24037,0.000000,0.001039
49650,76232,0.588200,0.588715
75625,101714,0.590498,0.627802
63710,113049,0.664871,0.593744
56179,35410,0.589395,0.562580
21573,56179,0.589981,0.584306
19931,56179,0.589981,0.582526
103247,62083,0.000000,0.000398
75625,35410,0.589395,0.583902
4965,17120,0.588200,0.573741
5013,57164,0.590658,0.603213
78786,85112,0.591243,0.638281
55976,41946,0.587286,0.522001
78786,38503,0.589794,0.548160
49173,113049,0.589180,0.595339
60281,30127,0.588717,0.595931
53123,38503,0.589794,0.594893
45655,119682,0.590332,0.621519
77095,4965,0.588200,0.588863
121667,22422,0.000000,0.001154
17120,57986,0.000000,0.000705
102128,85112,0.588466,0.500535
60281,102128,0.588466,0.570476
41946,76232,0.587286,0.516684
103743,22183,0.588717,0.560459
75625,119682,0.590332,0.673831
91667,55976,0.589395,0.582243
16423,33836,0.000000,0.002500
57986,74588,0.000000,0.000585
74588,57164,0.591104,0.607735
93613,102128,0.588466,0.566279
74588,110679,0.000000,0.000534
4965,101714,0.588200,0.581610
83495,80573,1.000000,0.994061
58812,82844,1.000000,0.186521
78976,102331,1.000000,0.845437
82196,122566,1.000000,0.897183
104865,777,1.000000,0.912899
62083,104865,1.000000,0.908282
15838,23531,0.000000,0.001357
118848,63020,1.000000,0.971974
118848,23531,1.000000,0.989128
41079,15838,0.000000,0.001276
777,13397,1.000000,0.994080
41079,120188,1.000000,0.993996
48336,77151,1.000000,0.286377
22296,63020,1.000000,0.925744
24892,17534,1.000000,0.917917
103433,82196,0.000000,0.002286
118848,17534,1.000000,0.926782
83495,77151,1.000000,0.282777
102331,80573,1.000000,0.927284
118848,120188,1.000000,0.990363
29585,83495,1.000000,0.991548
122566,93779,1.000000,0.763462
103433,104865,0.000000,0.002608
61208,777,1.000000,0.967657
104375,93779,1.000000,0.867188
15838,82196,0.000000,0.001501
108659,29585,0.000000,0.002006
118848,108659,0.000000,0.003844
80573,62083,1.000000,0.995302
29585,41079,1.000000,0.988957
61208,83495,1.000000,0.961800
77151,83495,1.000000,0.258014
13397,83495,1.000000,0.995130
15838,24892,0.000000,0.001403
61208,122566,1.000000,0.824570
104865,48336,1.000000,0.913080
104375,82196,1.000000,0.940431
777,24892,1.000000,0.995265
104375,63020,1.000000,0.995730
77151,80573,1.000000,0.155929
77151,29585,1.000000,0.303770
61208,62083,1.000000,0.980066
24892,82196,1.000000,0.938402
61208,77151,1.000000,0.174265
78976,58812,1.000000,0.079345
83495,78976,1.000000,0.912417
63020,80573,1.000000,0.997815
13397,48336,1.000000,0.994951
13397,108659,0.000000,0.001689
80573,103433,0.000000,0.002030
23531,77151,1.000000,0.276360
86763,13397,1.000000,0.996586
48336,114845,0.000000,0.003858
86763,82844,1.000000,0.974127
86763,17534,1.000000,0.886667
122566,23531,1.000000,0.952337
24892,77151,1.000000,0.288933
120188,102331,1.000000,0.941425
120188,41079,1.000000,0.993906
118848,80573,1.000000,0.974688
15838,17534,0.000000,0.001228
62083,15838,0.000000,0.000416
83495,120188,1.000000,0.995396
58812,22296,1.000000,0.060737
22296,15838,0.000000,0.001595
77151,86763,1.000000,0.154957
120188,17534,1.000000,0.918274
93779,103433,0.000000,0.004230
103433,46634,0.000000,0.002237
15838,62083,0.000000,0.000361
17534,104375,1.000000,0.871255
103433,29585,0.000000,0.002608
118848,13397,1.000000,0.984596
93779,122566,1.000000,0.726015
29585,777,1.000000,0.992033
118848,24892,1.000000,0.989962
48336,83495,1.000000,0.995875
78976,22296,1.000000,0.846348
122566,15838,0.000000,0.001297
29585,103433,0.000000,0.003181
103433,13397,0.000000,0.001849
62083,103433,0.000000,0.000709
29585,58812,1.000000,0.199206
46634,17534,1.000000,0.844525
120188,78976,1.000000,0.911938
62083,48336,1.000000,0.995437
78976,48336,1.000000,0.890373
118848,83495,1.000000,0.989571
29585,17534,1.000000,0.916620
22296,118848,1.000000,0.917556
78976,86763,1.000000,0.861369
23531,82196,1.000000,0.939286
118848,58812,1.000000,0.094122
777,23531,1.000000,0.995010
82196,15838,0.000000,0.001656
82844,17534,1.000000,0.912995
777,114845,0.000000,0.003978
102331,118848,1.000000,0.917212
29585,122566,1.000000,0.944518
13397,77151,1.000000,0.228959
72329,45766,0.000000,0.000069
106149,16725,0.560603,0.374815
106149,31081,0.000000,0.220306
113860,91668,0.000000,0.000411
88207,22834,0.000000,0.000157
102136,92489,0.549480,0.021297
2351,22834,0.000000,0.000186
56231,62368,0.000000,0.000000
22834,114093,0.000000,0.000317
85097,5677,0.000000,0.000895
72329,13319,0.558318,0.064627
79177,106149,0.000000,0.000180
57447,19178,1.000000,0.854396
5854,9338,0.000000,0.000949
56231,20726,0.000000,0.000000
72329,56231,0.000000,0.000000
5677,4627,0.000000,0.206053
53331,102136,0.000000,0.000294
44134,122581,0.558318,0.102877
44134,12842,0.000000,0.026756
45766,57215,0.000000,0.000788
44134,88207,0.000000,0.000808
57215,19178,0.000000,0.000737
100752,85581,0.000000,0.000385
50988,9338,0.560603,0.162585
22956,122581,0.000000,0.103523
106149,70080,0.562106,0.446232
9338,100752,0.000000,0.001292
107231,114093,0.000000,0.000107
70080,110577,0.000000,0.009265
4627,31081,1.000000,0.770718
61034,5854,0.545670,0.053813
100752,9338,0.000000,0.001574
45766,116238,0.000000,0.000680
68435,122581,0.558318,0.187521
84890,50988,1.000000,0.468593
114415,68435,0.000000,0.003006
61034,57447,0.000000,0.001585
100752,70025,0.545140,0.030016
120260,57447,0.559605,0.171495
85581,68435,0.000000,0.143774
22834,85581,0.000000,0.000233
5854,44134,0.000000,0.000806
50988,26094,0.000000,0.018291
120260,2351,0.000000,0.089768
30347,44134,0.559605,0.283170
120260,16725,0.560603,0.276439
4677,69202,0.000000,0.042373
16725,106149,0.560603,0.348519
5677,85581,0.000000,0.206053
12842,53769,0.000000,0.000294
44815,9338,0.560603,0.210772
107231,79177,0.000000,0.000019
57215,85097,0.000000,0.000987
31081,4627,1.000000,0.770718
114415,62943,0.000000,0.000000
61034,62943,0.000000,0.000000
113860,83116,0.000000,0.001370
2351,26094,0.000000,0.024536
113860,110577,0.000000,0.000555
114415,5677,0.000000,0.000403
44134,106149,0.561418,0.146546
122581,85097,0.000000,0.000724
57447,17779,0.000000,0.277970
53769,62943,0.000000,0.000000
4677,8599,0.000000,0.023432
8599,13319,0.000000,0.045526
2351,50988,0.000000,0.100789
44815,83116,0.560603,0.013166
12842,62943,0.000000,0.000000
69202,56231,0.000000,0.000000
90655,83116,0.000000,0.001746
5677,16725,0.558318,0.082795
92489,88380,0.543024,0.056968
100752,53769,0.000000,0.000901
110577,84890,0.000000,0.006435
99193,79177,0.000000,0.000142
13319,26094,0.000000,0.206299
60518,62368,0.000000,0.006587
8599,114093,0.000000,0.000212
68435,31081,0.000000,0.173964
5677,99193,0.558318,0.190875
72329,53331,0.558318,0.229308
72329,106149,0.558318,0.250109
19178,20726,0.000000,0.001229
12842,74146,0.000000,0.000780
45766,56231,0.000000,0.000000
110577,106149,0.000000,0.008182
57447,85581,0.000000,0.277970
85356,16725,0.560603,0.174875
44134,88380,0.000000,0.002376
114415,57215,0.000000,0.001155
57447,60518,0.559605,0.388263
61034,99193,0.000000,0.001542
116238,99193,0.000000,0.001165
68435,74146,0.000000,0.001108
60518,79177,0.000000,0.000283
106149,113860,0.000000,0.000248
85581,17779,0.551131,0.770718
94646,31081,0.000000,0.036812
117841,40438,0.000000,0.056630
55188,35838,0.000000,0.000000
14605,111540,0.000000,0.011449
38028,75393,0.000000,0.130945
31161,74015,0.000000,0.000002
64847,5857,0.000000,0.065843
31161,41843,0.000000,0.012351
43571,28649,0.000000,0.036316
1243,27784,0.000000,0.004106
98543,27784,0.000000,0.261316
80886,63501,0.000000,0.005362
38028,77203,0.000000,0.026315
63501,87326,0.000000,0.000000
85925,42084,0.000000,0.002240
69163,79350,0.000000,0.199550
11190,31161,0.000000,0.024712
106985,43571,0.000000,0.010229
55188,88903,0.000000,0.000000
83799,21637,0.000000,0.000005
38028,119035,0.000000,0.052554
65335,69163,0.000000,0.051964
959,39568,0.000000,0.009933
31161,106343,0.000000,0.025909
30855,114443,0.000000,0.018922
117841,63501,0.000000,0.028343
98543,63956,0.000000,0.028225
114443,85925,0.000000,0.033051
42258,35838,0.000000,0.013217
106985,109929,0.000000,0.214135
55188,98543,0.000000,0.000000
21637,11190,0.000000,0.009191
77160,83799,0.000000,0.000001
80886,11190,0.000000,0.009508
115122,66889,0.000000,0.007332
35838,41843,0.000000,0.267345
85925,24869,0.000000,0.094864
66889,61303,0.000000,0.010395
38864,111540,0.000000,0.012965
93836,74015,0.000000,0.000001
1243,959,0.000000,0.015096
54663,5857,0.000000,0.043031
62083,119035,0.000000,0.041173
114443,30855,0.000000,0.022334
85925,11190,0.000000,0.250515
94795,35838,0.000000,0.000000
75393,68559,0.000000,0.251145
35838,1243,0.000000,0.004024
16918,62083,0.000000,0.005296
79350,21294,0.000000,0.026121
39568,30855,0.000000,0.012504
14605,77203,0.000000,0.039017
114443,109929,0.000000,0.045336
110978,115122,0.000000,0.014328
42258,94795,0.000000,0.000000
28649,14605,0.000000,0.375773
21294,68559,0.000000,0.090403
61303,62083,0.000000,0.007628
75393,77203,0.000000,0.020528
106343,83750,0.000000,0.021991
28649,114443,0.000000,0.055379
65335,74015,0.000000,0.000007
1243,106985,0.000000,0.004572
54663,106343,0.000000,0.137900
61303,94795,0.000000,0.000000
14605,6459,0.000000,0.323858
109929,55188,0.000000,0.000000
38028,24869,0.000000,0.031687
35838,42084,0.000000,0.002152
42084,85925,0.000000,0.002659
55188,288,0.000000,0.000000
6459,119035,0.000000,0.192016
69163,83750,0.000000,0.009966
31161,21637,0.000000,0.017539
35838,959,0.000000,0.102010
30855,24869,0.560785,0.043281
88903,77160,0.000000,0.000015
55188,25080,0.000000,0.000000
117841,75393,0.000000,0.130945
63956,6459,0.000000,0.038237
288,64847,0.000000,0.033398
63501,117841,0.000000,0.036320
41843,63956,0.000000,0.033149
106343,98543,0.000000,0.121383
62083,80886,0.000000,0.000498
115122,65422,0.000000,0.081661
98543,83799,0.000000,0.000001
6459,68559,0.000000,0.402867
959,38028,0.000000,0.034872
30855,28649,0.000000,0.238914
30855,63956,0.000000,0.033146
109929,39568,0.000000,0.024641
114443,98543,0.000000,0.035296
27784,21294,0.000000,0.033923
66889,119035,0.000000,0.014400
39568,54663,0.000000,0.104716
24869,61303,0.000000,0.034303
55188,79350,0.000000,0.000000
115122,74015,0.000000,0.000001
75393,117841,0.000000,0.150948
14605,28649,0.000000,0.356676
103808,75612,0.000000,0.003980
32363,98756,0.587916,0.544885
105464,14411,0.586934,0.569272
120615,114459,0.000000,0.111827
91338,45939,0.587612,0.141790
39419,19019,0.000000,0.009159
2701,37563,0.000000,0.000962
63448,40147,0.591378,0.612359
103808,62083,0.000000,0.000619
22721,73760,0.590960,0.566484
90373,115108,0.000000,0.001211
19019,113143,0.589395,0.546195
55221,81046,0.587916,0.530600
115108,40147,0.590332,0.622191
97212,98756,0.587916,0.509650
86906,113143,0.590332,0.595526
90373,22498,1.000000,0.995214
102021,38384,1.000000,0.994887
40147,70475,0.588466,0.542969
45232,91338,0.587612,0.154441
22721,73308,0.587612,0.531814
30150,61673,0.589599,0.549397
112350,19019,0.589395,0.588085
55221,97212,0.587916,0.508669
16308,80745,0.586934,0.440780
105464,63448,0.586934,0.493227
116027,90895,0.000000,0.000984
2701,107792,0.589395,0.549350
102045,85563,1.000000,0.719823
22498,114459,0.000000,0.000895
73760,99984,0.590960,0.583062
73076,99984,0.586132,0.439864
107792,73076,0.586132,0.498805
114459,113143,0.590332,0.570086
112350,103808,0.586551,0.541394
90373,17323,0.000000,0.002435
76972,37563,0.000000,0.000789
55221,9779,0.587916,0.552740
30150,113143,0.589599,0.552805
63448,17621,0.590498,0.571639
39419,90373,0.000000,0.000934
107792,45232,0.589395,0.532895
97212,99984,0.588717,0.513372
103808,80244,0.586551,0.527752
73076,47047,0.586132,0.522497
38384,99984,0.000000,0.000888
85864,99984,0.000000,0.001787
56904,14411,0.587612,0.570470
30150,22498,0.000000,0.001146
40147,37563,0.000000,0.000806
107792,25330,0.589395,0.551174
56904,90328,0.588200,0.584759
75612,73760,0.000000,0.003766
30150,45232,0.589599,0.539535
9779,73760,0.588200,0.584307
25330,9779,0.588200,0.561514
30150,62969,0.589599,0.584931
99984,105865,0.588717,0.565891
45939,63448,0.590960,0.583871
73760,9779,0.588200,0.590656
16308,105396,0.588955,0.536085
105396,32363,0.588955,0.570913
116027,45232,0.000000,0.000595
80244,80745,0.586934,0.444865
86906,14411,0.587612,0.540802
102045,2701,0.589981,0.563655
120615,75612,0.000000,0.004403
62083,40147,0.000000,0.000343
37563,22498,1.000000,0.996625
81046,62083,0.000000,0.000288
76972,35840,0.590658,0.600413
70475,16308,0.588466,0.518656
90895,9779,0.588200,0.584706
19861,9779,0.588200,0.559323
22498,14411,0.000000,0.001823
91338,86906,0.587612,0.158242
105464,19019,0.586934,0.539079
14411,24305,0.587612,0.577629
74641,22721,0.588955,0.524102
62083,35840,0.000000,0.000391
70475,30150,0.588466,0.520438
109162,32363,0.000000,0.001195
62083,45232,0.000000,0.000204
16308,25330,0.664083,0.751879
22721,85864,0.000000,0.001789
35840,109162,0.000000,0.001020
45232,22498,0.000000,0.000627
24305,14411,0.587612,0.576985
30150,105865,0.588717,0.570919
73308,22721,0.587612,0.541525
90328,116027,0.000000,0.001259
74641,120615,0.000000,0.139703
19861,105396,0.588466,0.526703
30150,22721,0.589599,0.546139
73760,73308,0.587612,0.582126
2701,97212,0.588717,0.525948
112350,115108,0.589599,0.612994
70475,35840,0.588466,0.549512
39419,24305,0.000000,0.010363
22721,76972,0.590812,0.581327
101519,42972,0.000000,0.001770
70846,43362,1.000000,0.574650
89270,109094,0.000000,0.480342
93705,74997,0.588466,0.563597
35326,62083,0.000000,0.000308
93705,101592,0.000000,0.324880
89617,5865,0.000000,0.608549
32761,37741,0.000000,0.518258
67268,110999,0.000000,0.550488
101592,50651,0.000000,0.321772
23194,62163,0.000000,0.561635
108358,66723,0.000000,0.740638
121123,30668,0.000000,0.533728
44962,47382,0.588717,0.544188
43362,107698,0.000000,0.562354
121123,75065,0.000000,0.491595
109094,36878,0.000000,0.531907
43237,44962,0.000000,0.570136
119901,50963,0.587916,0.562188
30878,52104,0.000000,0.601300
67268,98691,0.000000,0.004864
42972,60560,0.588717,0.519599
62083,108552,0.000000,0.909104
62163,2202,0.588200,0.569037
32035,47382,0.588955,0.534392
49901,4643,0.000000,0.001743
70846,20909,0.588717,0.600503
47382,52104,0.588955,0.533171
77480,32035,0.000000,0.590706
12152,84393,0.000000,0.523385
7588,101592,0.000000,0.218497
43237,98691,0.000000,0.003317
109094,63396,0.000000,0.456694
75065,50651,0.588200,0.556720
7588,62083,0.000000,0.000403
824,67268,0.000000,0.547628
70846,52150,0.000000,0.002767
62163,50963,0.000000,0.568953
119901,4694,0.000000,0.003565
30878,53774,0.589981,0.617668
62083,19689,0.000000,0.000797
44962,119901,0.000000,0.556609
4694,62163,0.000000,0.003730
57524,7588,0.000000,0.537092
37741,121123,0.000000,0.491797
108552,39382,0.000000,0.001328
84393,52104,0.000000,0.517265
42972,83070,0.000000,0.568780
109094,110999,0.000000,0.467636
43237,10318,0.000000,0.590759
110999,83070,0.000000,0.578359
77480,30668,0.000000,0.574370
108358,49901,0.000000,0.001378
25739,75065,0.000000,0.475815
19689,10318,0.000000,0.543170
7588,84393,0.000000,0.528272
47382,110999,0.588955,0.530042
57524,77480,0.588717,0.547855
89617,75065,0.588200,0.550566
55595,44962,0.588200,0.568420
4643,7588,0.588717,0.537431
89270,20909,0.000000,0.578095
107698,91887,0.589395,0.585695
66723,52150,0.000000,0.001580
80582,67268,0.000000,0.549839
2202,35326,0.000000,0.577040
2202,30668,0.588200,0.561085
50963,66723,0.000000,0.533017
84393,30878,0.588466,0.549741
63396,4643,0.000000,0.513021
108552,57524,0.000000,0.002289
121123,44962,0.000000,0.486253
30668,93705,0.588200,0.598489
101592,42972,0.000000,0.211997
80582,23194,0.000000,0.518645
39382,2202,0.000000,0.547565
89617,43362,0.588717,0.568917
62163,70846,0.588200,0.592100
74997,32761,0.000000,0.514454
32761,2202,0.000000,0.535577
12152,89270,0.000000,0.550478
32761,89270,0.000000,0.536038
91887,35326,0.589395,0.548768
84393,36878,0.588466,0.561020
52150,91887,0.000000,0.001571
60560,32761,0.000000,0.527333
23194,37741,0.000000,0.518480
25739,70846,0.000000,0.557397
20909,43362,0.588717,0.575938
43237,101592,0.000000,0.407325
20909,63396,0.000000,0.585291
84393,32424,0.000000,0.522138
47382,55595,0.588200,0.561734
56256,52150,0.000000,0.002682
53774,52150,0.000000,0.002415
43237,70846,0.000000,0.596198
62163,44962,0.588200,0.568429
23194,50651,0.000000,0.571587
62083,75065,0.000000,0.000642
43362,25739,0.000000,0.501823
26292,49065,0.530481,0.440996
49065,80124,0.530481,0.576344
86451,29711,0.532605,0.590765
50656,112251,0.530481,0.595898
83504,71139,0.000000,0.529397
103279,115,1.000000,0.483184
29129,112251,0.000000,0.552604
76068,26292,0.531305,0.387081
3790,91639,0.532002,0.481391
113019,73536,0.000000,0.153269
577,91639,0.000000,0.062343
19235,49065,0.530481,0.558585
112251,86451,0.531305,0.550894
107499,30654,0.000000,0.001140
104191,71139,0.000000,0.489207
28021,29711,0.532605,0.612634
84391,49947,0.000000,0.221420
112311,30654,0.000000,0.001527
60108,111587,0.532605,0.593431
60108,26292,0.532605,0.560580
104021,50656,0.530481,0.594495
96113,92981,0.532605,0.507635
92981,10269,0.000000,0.000251
16712,92808,0.531305,0.588868
76068,41435,1.000000,0.452255
29711,62083,0.000000,0.003391
107499,56073,0.532605,0.590081
49065,51700,0.000000,0.173681
113203,71139,0.000000,0.426756
42253,62083,0.000000,0.002713
4164,30654,0.000000,0.000169
10269,104021,0.000000,0.000515
113203,102675,0.000000,0.336268
102675,115,0.000000,0.366526
16494,83504,0.000000,0.040654
51662,112311,0.531305,0.599898
112311,51700,0.000000,0.144960
29129,56770,0.000000,0.547524
731,51662,0.533138,0.542659
104191,60108,0.532605,0.660966
73536,71139,0.542421,0.076292
10269,16712,0.000000,0.000686
56295,56073,0.530481,0.538803
103279,92981,0.532002,0.223875
80124,112311,0.531305,0.646836
8245,16712,0.531305,0.646836
86451,10059,0.532002,0.569769
3790,16494,0.000000,0.029374
91639,29711,0.532002,0.564603
60108,29711,1.000000,0.833159
6437,577,0.000000,0.155563
121421,119678,0.000000,0.024732
91639,8245,1.000000,0.558606
113019,2841,0.530481,0.510751
3790,113019,0.534798,0.616990
62083,3790,0.000000,0.000833
91639,56295,0.530481,0.531036
86451,80706,0.535444,0.646735
4164,92808,0.000000,0.481848
41435,96113,0.531305,0.111792
80706,80124,0.532002,0.565997
79163,29129,0.000000,0.506882
104021,73536,0.000000,0.260908
104021,49065,0.530481,0.592570
76441,26292,0.531305,0.502400
96113,91639,0.532002,0.543630
42253,76068,0.531305,0.546713
41435,104191,0.531305,0.223049
86451,24338,0.530481,0.120227
103279,113203,0.532002,0.346334
76441,91639,0.531305,0.548748
39041,50744,0.530481,0.552760
29711,55696,0.532605,0.561498
10059,107499,0.532002,0.614928
94379,41435,0.000000,0.105805
92808,8245,0.532002,0.610641
60108,80706,0.532605,0.586286
30654,112311,0.000000,0.002181
96113,16494,0.000000,0.120177
80124,4164,0.000000,0.375585
3790,51700,0.000000,0.031171
6437,92981,0.530481,0.530941
56770,113203,0.532002,0.599583
112251,10059,0.531305,0.602314
113019,75181,1.000000,0.605263
10269,92808,0.000000,0.000414
10623,577,0.000000,0.032141
16712,56770,0.531305,0.582524
112251,10269,0.000000,0.000684
29711,8245,0.532002,0.650858
51662,16494,0.000000,0.062290
56770,110910,0.532002,0.572638
24338,731,0.530481,0.025914
16712,119678,0.531305,0.576699
112251,29129,0.000000,0.551386
83504,102675,0.000000,0.313527
16494,26292,0.000000,0.082316
115,103279,1.000000,0.477198
71139,80706,0.000000,0.538628
8245,113019,0.532002,0.570653
58043,80645,0.000000,0.002632
92182,84302,1.000000,0.987293
120330,84302,1.000000,0.990270
110215,119381,0.000000,0.002440
103976,69977,1.000000,0.927750
62083,115077,1.000000,0.996362
110129,101063,1.000000,0.995698
119381,84302,1.000000,0.988833
90330,101063,1.000000,0.900768
120330,109832,1.000000,0.982901
110215,9897,0.000000,0.517591
37720,84302,1.000000,0.989479
100093,63982,1.000000,0.995722
120330,58043,0.000000,0.001814
31832,96700,1.000000,0.989442
54715,120827,1.000000,0.996109
110215,85130,0.000000,0.002063
94989,114144,0.000000,0.001602
98686,103976,1.000000,0.850900
110215,98686,0.000000,0.004444
97938,100093,1.000000,0.995679
57600,72088,1.000000,0.297330
62083,114144,1.000000,0.995634
63982,101063,1.000000,0.995464
19389,100921,0.000000,0.858336
120330,100921,1.000000,0.907999
119381,90330,1.000000,0.920758
58043,13939,0.000000,0.003490
31832,37720,1.000000,0.995824
101063,100093,1.000000,0.996004
57600,120827,1.000000,0.995699
24349,98686,1.000000,0.631334
69977,92182,1.000000,0.911133
73726,84302,0.000000,0.838160
62083,72088,1.000000,0.150510
62243,100921,1.000000,0.911197
115077,97938,1.000000,0.996915
37720,67991,1.000000,0.239704
92182,110215,0.000000,0.002903
110215,57600,0.000000,0.002606
19389,72284,0.000000,0.897811
84302,62243,1.000000,0.991411
110129,63982,1.000000,0.996604
67991,114144,1.000000,0.195215
85130,98686,1.000000,0.858652
72284,72088,1.000000,0.321150
80645,115077,1.000000,0.900210
103976,54715,1.000000,0.994021
29419,73726,0.000000,0.777864
84302,120827,1.000000,0.988379
94989,24349,0.000000,0.012274
101063,58043,0.000000,0.000906
24349,37720,1.000000,0.648045
31832,69977,1.000000,0.931429
85130,73726,0.000000,0.833999
24349,110129,1.000000,0.617647
13939,69460,0.000000,0.003656
94989,120827,0.000000,0.001466
94989,72088,0.000000,0.008287
115077,110129,1.000000,0.996249
84302,9897,0.000000,0.004068
69460,88715,0.000000,0.001994
58043,103976,0.000000,0.001033
120827,62083,1.000000,0.995607
94989,57600,0.000000,0.001599
69460,115077,0.000000,0.001794
115077,29419,1.000000,0.905555
98686,69977,1.000000,0.791632
84302,72284,1.000000,0.990254
100093,57600,1.000000,0.996065
110215,96700,0.000000,0.003314
29419,98686,1.000000,0.798184
80645,120330,1.000000,0.896765
90330,72088,1.000000,0.144964
13939,110574,1.000000,0.880145
19389,88715,0.000000,0.894316
92182,19389,0.000000,0.916960
110215,72284,0.000000,0.002799
96700,101063,1.000000,0.990205
110574,54715,1.000000,0.995335
63982,100093,1.000000,0.995761
9897,13939,0.000000,0.005758
115077,57600,1.000000,0.995106
100900,19389,0.000000,0.916113
120827,120330,1.000000,0.985979
63982,69977,1.000000,0.931667
90330,71057,0.000000,0.008982
19389,94989,0.000000,0.004445
54715,9897,0.000000,0.003218
13939,63982,1.000000,0.872723
72284,57600,1.000000,0.994846
29419,88715,1.000000,0.881067
71057,88715,0.000000,0.002524
120827,110129,1.000000,0.996782
29419,72088,1.000000,0.146076
103976,19389,0.000000,0.915357
69977,85130,1.000000,0.908230
114144,29419,1.000000,0.908829
73726,72284,0.000000,0.831842
80645,37720,1.000000,0.906564
95317,26917,0.587916,0.510501
91923,38978,0.000000,0.001406
192,30012,0.588466,0.564982
111927,1041,0.588200,0.559260
45856,62083,0.000000,0.000444
26917,110118,0.587916,0.506705
20289,85190,0.000000,0.085904
58269,49616,0.587286,0.447418
58887,95143,0.000000,0.001145
33749,74783,0.586934,0.564097
83675,33971,0.588717,0.521035
91923,67177,0.000000,0.001648
59688,111372,0.588466,0.519618
20289,2947,0.000000,0.180521
104179,20758,0.662604,0.586538
8154,110118,0.000000,0.001819
33749,77375,0.000000,0.002639
59688,8154,0.000000,0.001949
110751,49616,0.588717,0.522802
83675,74783,0.588717,0.569913
42112,49616,0.000000,0.103773
101196,77375,0.000000,0.002458
111372,68603,0.588200,0.561452
74783,50870,0.587916,0.585832
83675,94777,0.587916,0.482530
37900,123180,0.000000,0.002118
65587,28833,0.000000,0.001235
123180,58269,0.587286,0.447366
10705,120680,0.589180,0.582043
34714,123180,0.000000,0.001194
93413,101196,0.588200,0.484040
77375,85190,0.000000,0.005210
91923,8154,1.000000,0.993943
192,1325,0.586934,0.437797
72529,3709,0.587286,0.447866
58269,85190,0.586551,0.470005
120680,8154,0.000000,0.001537
111927,120680,0.588200,0.516889
91923,1041,0.000000,0.001347
111372,10705,0.589794,0.588857
101196,37900,0.000000,0.003739
77375,33971,0.000000,0.002465
8154,20289,0.000000,0.003557
15517,72529,0.000000,0.002764
68603,93413,0.588200,0.560293
58887,8154,0.000000,0.001285
15517,94777,0.000000,0.002118
91923,111372,0.000000,0.001150
30012,95143,0.000000,0.001423
110751,62083,0.000000,0.000436
101196,3709,0.588200,0.501711
26917,42112,0.000000,0.133700
74270,62083,1.000000,0.910705
48636,101196,0.588200,0.517626
62083,8154,1.000000,0.994927
62083,50739,0.000000,0.000441
95317,67177,0.661978,0.744578
20289,10705,0.000000,0.188190
192,2947,0.590332,0.596579
20758,64435,0.589395,0.583824
120680,20289,0.000000,0.143455
110751,15517,0.000000,0.001355
1325,30012,0.586934,0.520808
93413,8154,0.000000,0.000867
83675,50870,0.587916,0.549511
33971,111372,0.588717,0.528303
77375,192,0.000000,0.001480
83675,74270,0.000000,0.001149
33971,63075,0.588717,0.534167
93413,49368,0.586551,0.259565
97498,50739,0.588955,0.580311
95317,83675,0.588717,0.521541
33749,24040,0.586934,0.532129
91923,110751,0.000000,0.001649
75264,111372,0.000000,0.181356
85190,48636,0.586551,0.435747
62083,111372,0.000000,0.000368
35422,97498,0.000000,0.001633
48636,27663,1.000000,0.744723
95143,74340,0.000000,0.002713
1041,30012,0.588466,0.610660
74783,27663,0.588717,0.575900
30218,91923,1.000000,0.990392
27663,15517,0.000000,0.001260
34714,111372,0.000000,0.001434
42112,97498,0.000000,0.150505
93413,35779,0.590812,0.581511
24040,63075,0.589180,0.565066
59688,95143,0.000000,0.001718
111372,74340,0.587612,0.481266
30012,37900,0.000000,0.002635
74340,10984,0.587612,0.496713
91923,50870,0.000000,0.001594
53217,35779,0.588466,0.511178
104179,63075,0.589180,0.584483
50870,33749,0.586934,0.567935
77375,74270,1.000000,0.931016
192,67177,0.588717,0.522649
1325,8154,0.000000,0.003071
104179,27663,0.588955,0.580411
63730,38796,0.000000,0.009013
41694,23230,0.000000,0.000000
87988,22438,0.000000,0.000155
86493,32372,0.000000,0.000206
79227,64944,0.000000,0.000112
119914,57395,1.000000,0.628858
38796,69016,0.000000,0.011134
92340,68726,0.000000,0.012756
92491,99337,0.000000,0.131243
61094,99337,0.000000,0.011058
45030,23733,0.000000,0.007515
112979,101317,0.000000,0.000463
24586,40871,0.000000,0.363142
119618,61094,0.000000,0.003186
32218,107969,0.000000,0.052561
54052,55380,0.000000,0.081014
7982,60805,0.000000,0.024660
79227,65731,0.000000,0.000297
22438,6940,0.000000,0.000173
92340,62083,0.000000,0.000061
39259,28382,0.000000,0.024368
60805,102424,0.000000,0.122630
6940,18282,0.000000,0.004781
102424,94239,0.000000,0.005042
57395,69016,0.000000,0.000482
17580,119618,0.000000,0.002598
87988,49938,0.000000,0.000147
94239,60805,0.000000,0.002318
18282,18553,0.000000,0.189234
55380,38796,0.000000,0.071679
87988,119618,0.000000,0.000322
48076,17580,0.000000,0.001299
118299,23230,0.000000,0.000002
63730,61320,0.000000,0.011047
32372,107969,0.000000,0.000366
69016,76789,0.000000,0.034933
101317,23733,0.000000,0.000689
62083,22438,0.000000,0.000293
30090,18282,0.000000,0.051516
116579,18282,0.000000,0.002400
54052,57395,0.000000,0.001097
28375,41694,0.000000,0.007225
55380,86493,0.000000,0.005652
71888,79227,0.000000,0.000114
24586,69267,0.000000,0.110083
41694,116086,0.000000,0.000694
18553,39259,0.000000,0.035438
119618,110059,0.000000,0.068511
69267,49938,0.000000,0.038483
17580,63730,0.000000,0.000524
17580,92340,0.000000,0.000414
118299,49938,0.000000,0.010602
32372,110059,0.000000,0.000115
65731,99337,0.000000,0.062979
60805,62083,0.000000,0.001051
39259,19998,0.000000,0.014784
55125,76164,0.000000,0.002723
112979,40871,0.000000,0.010585
22438,44080,0.000000,0.000841
118299,107969,0.000000,0.024127
79227,62083,0.000000,0.027901
54052,118299,0.000000,0.136831
7982,94239,0.547098,0.186491
116086,107969,0.000000,0.000300
19998,71888,0.000000,0.004768
30090,23733,0.000000,0.005393
24586,92340,0.000000,0.043738
64944,51346,0.000000,0.007032
112979,45030,1.000000,0.019367
38796,22438,0.000000,0.000041
63730,41694,0.000000,0.065920
119618,118299,0.000000,0.010152
101317,54052,0.000000,0.000507
18282,101317,0.000000,0.001552
110059,44080,0.000000,0.004667
85921,51346,0.000000,0.003665
32218,44080,0.000000,0.010283
119914,2642,0.000000,0.000733
85921,55125,0.000000,0.245994
92340,61320,0.000000,0.024450
6940,23230,0.000000,0.000000
7982,28382,0.000000,0.113844
32372,85921,0.000000,0.000231
41694,54052,0.000000,0.105038
57395,71888,0.000000,0.000901
32372,55125,0.000000,0.000297
32218,60805,0.000000,0.005639
112979,28382,0.000000,0.013299
63730,64944,0.000000,0.094400
22438,32372,0.000000,0.000089
39259,41694,0.000000,0.084169
63730,116579,0.000000,0.004576
30090,79227,0.000000,0.000132
48076,28382,0.000000,0.066977
6940,74380,0.000000,0.014456
94239,119914,0.000000,0.000214
69016,7982,0.000000,0.019328
23230,40871,0.000000,0.000000
118299,61320,0.000000,0.011415
63730,68726,0.000000,0.012569
106664,62078,0.663384,0.551786
89031,15433,0.000000,0.002930
5890,84109,0.664743,0.549163
73179,122527,0.000000,0.661067
3346,18293,0.666850,0.595802
67037,58305,0.666850,0.550396
58305,100587,0.000000,0.001189
40178,61617,0.000000,0.119970
74544,61617,0.000000,0.004457
71919,97347,0.000000,0.003964
36166,49791,0.665124,0.299781
27108,67037,0.666483,0.588708
1944,30762,0.666483,0.533952
18949,45439,0.665730,0.540013
33199,3037,0.665730,0.567949
64017,3037,0.667496,0.587874
84400,84109,0.664085,0.580366
122527,32442,0.000000,0.038696
14408,1944,0.000000,0.002173
15433,3287,0.000000,0.002834
9543,109126,0.665214,0.323168
30762,71919,0.000000,0.001219
23388,22340,0.667496,0.569346
9543,89031,0.000000,0.002312
121091,5890,0.662170,0.540747
36166,85559,0.000000,0.491279
100587,18949,0.000000,0.001187
84400,1944,0.664085,0.573690
5890,67037,0.664743,0.531093
96122,100447,0.000000,0.000743
18240,32442,0.000000,0.073531
18240,41220,0.666330,0.571231
97347,45439,0.664171,0.573518
23661,5890,0.664743,0.535866
49493,32510,0.000000,0.377091
100447,30762,0.667784,0.578884
23120,45439,0.666286,0.535188
32442,109126,0.000000,0.091327
49791,18293,0.666850,0.570147
53542,14408,1.000000,0.692218
96122,32442,0.000000,0.005359
61957,89031,0.000000,0.001103
61957,59511,0.000000,0.427030
74544,84109,0.000000,0.003798
32442,62078,0.000000,0.030926
11194,49493,0.000000,0.424052
3037,18293,0.666850,0.556008
36166,64017,0.665124,0.319175
5890,22340,0.664743,0.527223
30784,100587,0.000000,0.000961
18240,3287,0.000000,0.002205
67037,18293,0.666850,0.551346
122527,23661,1.000000,0.727278
11388,42092,0.000000,0.004655
59301,23661,0.666850,0.556186
23388,3346,0.667186,0.593400
9543,18240,0.666670,0.607205
27108,106664,0.663384,0.575607
49791,5890,0.664743,0.550413
59511,59301,0.000000,0.453949
61957,100587,0.000000,0.001106
53542,18240,0.000000,0.003726
22553,121091,0.662170,0.565891
106664,64017,0.663384,0.550171
97347,40178,0.000000,0.573022
100587,27108,0.000000,0.002427
15433,18949,0.664221,0.202521
115222,61617,0.000000,0.114242
86631,3037,0.000000,0.002043
24823,62858,0.667784,0.579386
71919,1944,0.000000,0.001959
24806,9543,0.666670,0.610715
61456,22553,1.000000,0.714884
24823,100587,0.000000,0.000912
15433,53542,0.000000,0.005051
16540,23388,0.666286,0.537956
32510,100587,0.000000,0.001024
86631,32442,0.000000,0.015890
42092,106664,0.000000,0.019760
109126,30784,0.665214,0.185302
23120,62858,1.000000,0.710014
96122,22553,0.000000,0.000749
30784,96122,0.000000,0.000632
97347,3346,0.664171,0.591489
30762,27108,0.666483,0.579794
61617,122527,0.000000,0.093493
23120,86631,0.000000,0.001895
14408,96122,1.000000,0.737380
74544,62858,0.000000,0.001272
18240,15433,0.664221,0.323050
62858,97347,0.664171,0.562303
40178,100447,0.000000,0.540778
115222,36166,0.665124,0.369658
22553,115222,0.667186,0.564760
32510,1944,0.666483,0.543261
11194,32510,0.665566,0.562523
23388,59511,0.000000,0.410103
49493,5890,0.000000,0.465969
64017,36166,0.665124,0.343871
27108,21777,0.665385,0.588823
123069,24716,0.590498,0.618332
120150,26807,0.000000,0.001731
52970,86802,0.589981,0.555851
62744,46788,0.000000,0.000762
95720,52970,0.000000,0.001228
113902,110861,0.000000,0.000927
61508,51321,0.000000,0.000976
89791,53361,0.590332,0.558210
76931,82898,0.000000,0.001226
51852,43955,0.590960,0.581914
111429,119699,0.000000,0.001288
47424,89791,0.590160,0.608563
62083,38345,0.000000,0.000263
27379,52970,0.000000,0.232557
82898,61269,0.000000,0.002243
43791,95330,0.588717,0.567874
62744,111752,0.590332,0.569763
62744,119699,0.590160,0.563984
92443,47582,0.000000,0.082218
89791,76931,0.589180,0.537748
110893,76931,0.000000,0.001628
27379,90587,0.000000,0.328706
47424,27379,0.000000,0.251789
26653,30609,0.589599,0.609582
30609,123069,0.590498,0.625180
43955,95330,0.589395,0.579700
61269,51321,0.000000,0.114569
111752,62320,0.589981,0.564339
62320,57261,0.589981,0.591840
72377,92443,0.000000,0.012284
111093,95720,0.000000,0.003506
62744,34388,0.589981,0.591283
43955,38345,0.590960,0.582159
110861,62083,0.000000,0.000376
57261,51321,0.590332,0.602862
26807,101251,0.588717,0.570718
51852,119699,0.590160,0.563862
51852,68088,0.590812,0.609616
53361,44670,0.590812,0.603683
61269,84034,0.000000,0.002569
89791,17764,0.590332,0.570967
23406,113902,0.000000,0.001163
110861,79111,0.588717,0.594340
47582,43955,0.000000,0.116536
57261,68088,0.590332,0.602632
44670,120150,0.000000,0.001620
47582,86549,0.000000,0.002225
89791,68088,0.590332,0.570895
17764,72377,0.587286,0.523805
112402,57261,0.590332,0.596332
43791,61269,0.000000,0.138035
111093,123069,0.587286,0.501237
111093,82898,0.000000,0.002127
101251,26807,0.588717,0.577834
111752,92443,0.000000,0.007146
113902,76931,0.000000,0.001344
90587,112402,0.589599,0.592049
76931,68088,0.589180,0.533209
52970,7848,0.590332,0.596501
38212,30609,0.589794,0.582933
72377,88489,0.000000,0.001540
79111,111093,0.587286,0.536429
42858,113902,0.000000,0.001256
51065,62083,0.000000,0.000230
38212,120150,0.000000,0.001762
62744,112402,0.590812,0.634695
7222,111429,0.000000,0.003770
80510,36577,0.000000,0.004031
42858,27379,0.000000,0.205178
53361,23406,0.589180,0.512319
76931,101251,0.588717,0.569224
113902,38345,0.000000,0.000771
82898,84034,1.000000,0.996612
88489,38345,0.000000,0.000809
52970,57261,0.590332,0.596457
29109,24716,0.589794,0.576975
44670,119699,0.590160,0.600745
53361,47424,0.590160,0.552858
51065,68088,0.590812,0.581088
90587,26653,0.663324,0.785628
72517,92443,0.000000,0.035685
43791,62744,0.588717,0.517992
24716,52970,0.591243,0.600447
113902,47582,0.000000,0.001632
73783,2513,0.000000,0.001536
57261,52970,0.590332,0.603069
17764,47424,0.590160,0.565480
51065,89791,0.590332,0.568641
17764,43791,0.588717,0.517926
38345,53361,0.590960,0.578631
61269,80510,0.000000,0.014999
88489,111752,0.000000,0.000967
17764,51321,0.664443,0.741623
76931,123069,0.589180,0.572473
119699,112402,0.590160,0.565278
38345,88489,0.000000,0.000738
42858,17764,0.588955,0.525840
27379,92443,0.000000,0.034049
2513,62083,0.000000,0.000486
84034,119699,0.000000,0.001114
113148,54500,0.000000,0.001993
75135,29733,0.570804,0.017832
62943,98702,0.000000,0.000000
106352,17341,0.000000,0.053024
1526,28768,0.000000,0.052092
61719,98222,0.000000,0.019350
28768,36136,0.000000,0.000364
36136,97489,0.000000,0.000303
88139,23170,0.570804,0.433441
54500,75135,0.000000,0.003776
76452,23170,0.000000,0.015634
29733,77444,0.570804,0.238813
96588,76452,0.000000,0.002638
110157,42929,0.000000,0.012881
42929,96536,0.000000,0.021137
56231,98222,0.000000,0.000000
81563,103932,0.000000,0.002039
77249,75135,0.571921,0.029208
84232,759,0.000000,0.006756
63537,35364,0.000000,0.004893
110157,36136,0.000000,0.000455
35905,60190,1.000000,0.408838
75135,84232,0.571921,0.021823
76452,17341,0.000000,0.020118
43175,56093,0.571397,0.240353
14345,2464,0.000000,0.000000
21658,1526,0.000000,0.033952
15665,36136,0.000000,0.000718
60190,109514,0.000000,0.013346
76452,81239,0.000000,0.028339
21851,99725,0.000000,0.066809
54500,81563,0.000000,0.013736
99725,15665,0.000000,0.218255
89087,99725,0.000000,0.261847
62305,19326,0.570804,0.155031
97489,24266,0.000000,0.008137
81239,83620,0.572389,0.408314
103932,96536,0.000000,0.000492
98222,1526,0.000000,0.010190
76452,24266,0.000000,0.008137
42929,41560,0.000000,0.010129
19326,35905,0.570804,0.254801
73187,21658,0.000000,0.016148
32528,96536,0.000000,0.075763
36136,69996,0.000000,0.001413
54500,89087,0.000000,0.014044
759,21673,0.000000,0.034779
103932,53131,0.000000,0.001037
64233,110157,0.000000,0.080000
19326,56093,0.570804,0.459042
17341,76452,0.000000,0.019531
37167,97489,0.000000,0.004180
35364,11942,0.570804,0.045027
61719,97489,0.000000,0.008421
89087,76452,0.000000,0.023791
35905,1832,1.000000,0.408896
84232,112177,0.000000,0.013022
14345,56231,0.000000,0.000785
21658,29733,0.570804,0.391675
23170,83620,0.570804,0.369018
19326,113148,0.000000,0.060150
81563,94773,0.000000,0.248642
103932,54500,0.000000,0.000576
28768,59192,0.570804,0.518765
54500,77249,0.000000,0.006170
81239,110157,0.000000,0.038732
46792,37167,0.000000,0.001603
60190,36136,0.000000,0.000503
35905,120638,0.571397,0.282093
60190,21658,0.571921,0.284244
110195,29733,0.000000,0.000174
19326,63537,0.000000,0.010837
88139,1526,0.000000,0.026442
59192,28768,0.570804,0.523179
60190,53131,0.571921,0.248272
96588,94773,0.000000,0.006410
11942,84232,0.570804,0.109697
84232,62305,0.574476,0.144858
98702,64233,0.000000,0.156398
120638,76452,0.000000,0.009003
88139,110195,0.000000,0.000171
103932,96588,0.000000,0.000275
1526,81239,0.000000,0.030049
81239,84232,0.578536,0.409041
109514,77249,0.000000,0.019181
42929,94773,0.000000,0.017293
77249,69996,0.571921,0.451767
24266,54500,0.000000,0.032509
84232,35364,0.574998,0.036717
56231,77444,0.000000,0.000000
36136,46792,0.000000,0.007073
62943,120638,0.000000,0.000000
109514,64233,0.000000,0.015668
15665,104006,0.571397,0.487497
41560,99725,0.000000,0.245362
83620,81239,0.572389,0.406724
2464,60190,0.000000,0.100371
69996,106352,0.000000,0.030867
77249,36136,0.000000,0.001198
15665,84232,0.573554,0.265974
67688,99072,0.000000,0.023640
34128,8022,0.593998,0.629842
19558,115221,0.000000,0.028198
34128,37236,0.593998,0.651343
65779,109632,0.594070,0.593721
38759,72206,0.000000,0.025262
29467,46682,0.000000,0.010495
53065,65779,0.594415,0.664496
53204,90514,0.000000,0.007334
41481,52257,0.593998,0.649425
104057,65779,0.593849,0.625389
74674,21656,0.000000,0.055836
44450,115221,0.595089,0.640670
97942,66249,0.000000,0.119475
14991,90131,0.000000,0.005657
14991,67602,0.000000,0.006152
19558,110922,0.000000,0.041159
13306,19558,0.000000,0.031944
74674,115221,0.594280,0.634156
99072,70636,0.000000,0.014580
67186,62083,0.000000,0.000050
14991,70636,0.000000,0.043825
122489,7193,0.000000,0.084241
37236,14991,0.594348,0.640388
37236,90131,0.000000,0.005919
72424,8022,0.594211,0.593065
94975,122489,0.000000,0.037200
21656,72424,0.000000,0.068589
115221,37236,0.594348,0.638955
3541,67688,0.000000,0.019301
13306,20278,0.594415,0.615153
58565,7193,0.000000,0.001538
21038,58443,0.000000,0.002958
117481,13306,0.000000,0.009415
49837,115221,0.594141,0.638392
29467,6612,0.000000,0.016327
67602,122489,0.000000,0.014698
97942,67602,0.000000,0.009804
90514,55676,0.000000,0.003864
53065,104057,0.593849,0.648471
87091,55676,1.000000,0.581337
41481,21038,0.593998,0.640972
58565,97942,0.000000,0.002065
115221,46682,0.000000,0.052866
49837,21038,0.594141,0.628489
44450,72206,0.593924,0.607600
72424,1108,0.000000,0.004481
66249,65133,0.000000,0.093171
18614,55676,0.594070,0.524523
3541,19558,0.542352,0.001741
58565,19558,0.000000,0.008987
65133,67688,0.000000,0.009949
99072,53204,0.000000,0.014602
18772,109632,0.000000,0.000148
66249,58565,0.000000,0.003103
53065,18772,0.000000,0.001163
65779,37236,0.594348,0.586610
66249,8022,0.000000,0.107344
52257,113663,0.594070,0.630681
53204,29467,0.000000,0.121978
72424,47667,0.594211,0.432988
38759,5658,0.541507,0.540232
53204,5658,0.000000,0.094503
97942,62083,0.000000,0.000230
65779,55610,0.597638,0.136620
97942,48906,0.000000,0.268430
30567,72206,0.593924,0.617490
35166,122489,0.000000,0.009272
38759,35166,0.000000,0.012487
86936,87091,0.000000,0.001432
1108,29467,0.000000,0.005525
13306,53204,0.594734,0.630638
34128,49837,0.593998,0.643660
49837,18614,0.594070,0.633106
70636,48906,0.000000,0.015686
65133,122489,0.000000,0.141889
72424,35166,0.000000,0.043139
2175,67186,0.000000,0.000411
18772,74674,0.000000,0.000487
14991,90514,0.000000,0.004553
55610,30567,0.594481,0.435943
55676,113663,0.594211,0.542135
72206,5658,0.000000,0.077208
104057,35066,0.000000,0.008846
113663,46682,0.000000,0.022714
20278,67186,0.000000,0.007738
67186,102960,0.000000,0.054434
72424,87091,1.000000,0.600632
115221,65133,0.000000,0.588538
55610,53204,0.595364,0.420823
18614,47667,0.594070,0.588058
2175,110922,0.000000,0.002591
1108,72206,0.000000,0.003066
29467,113663,0.000000,0.124673
21038,47667,0.594546,0.598094
35166,13306,0.000000,0.012881
113663,49837,0.594141,0.639325
122489,65133,0.000000,0.099964
87091,86936,0.000000,0.001858
49837,34128,0.593998,0.635489
5703,82364,1.000000,0.256618
40864,8787,1.000000,0.292727
90390,72778,0.566628,0.332368
55268,93816,0.565128,0.189985
112398,94805,0.000000,0.268566
109622,38515,0.000000,0.178974
49545,106305,0.000000,0.135579
120503,10362,0.000000,0.289231
87215,82364,0.000000,0.018298
90337,112520,0.000000,0.104463
56116,72778,0.000000,0.190116
72778,33741,0.565128,0.250285
106305,112520,0.000000,0.095096
90819,53870,0.000000,0.133768
38515,5147,0.000000,0.008993
12010,94805,0.000000,0.134394
8787,35514,1.000000,0.170082
12928,24562,0.000000,0.020056
87811,43001,0.000000,0.207757
82364,38358,0.565128,0.343086
94805,106076,0.000000,0.089793
106076,8787,0.000000,0.072499
120503,24562,0.000000,0.118464
69679,79335,0.565128,0.147815
81734,90819,0.550022,0.136233
106076,119110,0.000000,0.076885
9524,72778,0.565128,0.204163
66541,81097,1.000000,0.849855
40864,94805,0.000000,0.185555
112398,41781,0.565128,0.227269
106305,92470,0.000000,0.333635
80659,43001,0.000000,0.111332
109622,94805,0.000000,0.113053
82671,80659,0.000000,0.128198
12010,52952,0.000000,0.259031
103932,93816,0.000000,0.000934
86289,90819,0.000000,0.020587
35514,66541,1.000000,0.849839
120503,33741,0.000000,0.634741
87215,8787,0.000000,0.020014
56116,8787,0.000000,0.219791
106076,69679,0.000000,0.058094
94805,103932,0.000000,0.001419
87811,37752,0.000000,0.154768
118691,81097,1.000000,0.256740
69679,62943,0.000000,0.000000
9524,24525,0.000000,0.046815
12480,40864,0.000000,0.289064
37752,24562,0.000000,0.053790
70228,92470,0.000000,0.156274
16233,81097,0.000000,0.227544
119110,24562,0.000000,0.270461
10362,79335,0.565941,0.361728
2454,70228,0.000000,0.201892
52952,92470,0.000000,0.092766
112520,69679,0.000000,0.128632
8787,5147,0.000000,0.010646
69679,76684,0.565128,0.256453
66541,87215,0.000000,0.016488
81097,93816,0.565128,0.343319
86289,53522,1.000000,0.130938
49545,72778,0.000000,0.190041
81734,87811,0.550022,0.269231
53870,84059,1.000000,0.151386
10362,40864,1.000000,0.304951
24562,53870,0.000000,0.429367
90337,364,1.000000,0.637346
43001,86289,0.000000,0.010486
80659,8787,0.565941,0.161700
43001,40864,0.000000,0.199336
51770,27957,0.000000,0.041261
94805,10362,0.000000,0.098168
79335,53870,0.566628,0.192628
106305,41781,0.565128,0.554633
106076,90337,0.000000,0.058176
103547,43001,0.000000,0.204176
90390,24525,0.000000,0.037018
69679,90390,0.565128,0.225547
87215,106076,0.000000,0.017823
89656,9524,1.000000,0.492149
82364,86289,0.000000,0.019309
118691,62943,0.000000,0.000000
87811,89656,0.000000,0.406896
10362,5147,0.000000,0.006063
90337,106076,0.000000,0.053114
94805,92470,0.000000,0.089993
81734,9524,0.000000,0.136281
92470,112520,0.000000,0.041798
80659,53064,0.565941,0.178228
66541,56116,0.000000,0.314226
43001,70228,0.000000,0.133454
41781,5703,0.565128,0.167151
103932,70228,0.000000,0.003951
49545,93816,0.000000,0.478131
24525,38515,0.000000,0.037003
12010,72778,0.000000,0.204067
40864,62943,0.000000,0.000000
33741,81097,0.565128,0.290250
92470,27957,0.000000,0.037184
52952,87215,0.000000,0.021143
77260,121465,0.659745,0.512222
26502,68245,0.660444,0.574440
19051,58273,0.659745,0.183118
60020,14412,0.659992,0.122791
64515,117856,0.659992,0.204250
13390,9237,0.659745,0.569111
74258,60020,0.659992,0.240618
14412,116686,0.659992,0.131518
89690,82899,0.659992,0.255901
121465,86247,0.659745,0.515732
14108,14412,1.000000,0.792316
34807,69195,0.659200,0.580207
31787,35820,1.000000,0.743069
50749,45511,0.659745,0.151050
54264,15454,0.659745,0.556271
58273,66601,0.659745,0.563746
58273,87607,0.659745,0.226304
35820,48782,0.659992,0.523996
117856,7149,0.659482,0.584149
64515,55473,1.000000,0.188178
34807,72638,0.659200,0.558851
27672,55862,0.659482,0.518928
74258,106897,0.659992,0.324929
65429,105847,1.000000,0.169761
86034,50186,0.661395,0.589689
81274,116686,0.660852,0.582756
74695,114826,0.659745,0.242604
64515,7149,0.659482,0.173940
13390,14412,0.659745,0.181578
31787,81274,0.660852,0.576894
55862,54264,0.659482,0.562329
74695,58273,0.659745,0.584717
106897,74695,0.661041,0.585509
118658,74695,0.661222,0.588958
74258,82899,0.659992,0.048624
121465,7149,0.659482,0.554804
121465,26678,0.659745,0.516590
117825,26678,1.000000,0.734009
74258,118658,0.659992,0.308740
26678,50186,0.660653,0.577045
48782,106897,0.659992,0.521684
55862,48138,0.659482,0.561878
65429,14108,0.659992,0.146877
66601,60020,0.662163,0.602041
87607,74258,0.659992,0.048477
74695,55473,0.659992,0.590793
55473,14108,1.000000,0.184156
14412,55473,1.000000,0.158872
25226,35417,0.660444,0.544080
33053,116686,0.660852,0.188761
9237,89690,0.659992,0.565935
94079,13390,0.659745,0.561648
106897,50749,0.659745,0.512667
13390,48138,0.659745,0.568679
94079,19051,0.660653,0.171717
119044,26502,0.661041,0.191688
116686,21201,0.659992,0.523719
21201,116686,0.659992,0.523854
48782,27672,0.659992,0.428616
14108,86247,0.659992,0.134419
117825,19051,1.000000,0.174498
7149,50186,0.659482,0.580224
77260,45511,0.660653,0.190374
48138,86247,0.660653,0.538981
81274,117825,0.660653,0.577261
50110,35417,0.660653,0.546049
114826,19051,0.659745,0.577306
60020,27672,0.660224,0.312645
65429,26678,0.660444,0.542882
77260,31787,0.660852,0.596076
48138,18275,0.000000,0.000949
26678,54264,0.659745,0.516843
55473,81274,0.659992,0.587546
87040,21201,0.659992,0.518521
77260,68245,0.660444,0.573963
116686,9237,0.660444,0.540312
72638,34807,0.659200,0.550585
86034,33053,0.661041,0.195308
65429,45511,0.660444,0.175764
87607,86034,0.660224,0.116328
106897,109965,0.659745,0.561861
12707,15454,0.660653,0.578574
18275,45511,0.000000,0.001887
35417,21201,0.659992,0.525912
115895,21201,0.659992,0.500215
7149,72638,0.659482,0.563775
12707,86247,0.660653,0.538036
60020,25226,0.660444,0.525478
69195,54264,0.659745,0.566067
66601,117825,0.660653,0.532832
106095,66601,0.660852,0.540488
15454,12707,0.660653,0.585418
12707,18275,0.000000,0.000904
48138,77260,0.661041,0.552840
55862,118658,0.659482,0.563996
114826,9237,0.659745,0.130691
106095,50749,0.659745,0.514875
74258,114826,0.659745,0.040797
106095,48138,0.660852,0.547298
21201,72638,1.000000,0.735587
82176,43201,0.000000,0.002465
101966,109274,0.587286,0.547052
86988,19043,0.000000,0.000697
43201,88458,0.000000,0.005440
42747,92232,0.587286,0.489063
61234,89462,0.589180,0.546587
50077,94660,0.000000,0.456070
92618,84730,0.000000,0.004872
109434,92618,0.000000,0.003628
84730,75276,0.000000,0.012736
36163,98872,0.588717,0.577634
84730,101966,0.587286,0.572230
75276,115055,0.000000,0.013549
86988,91200,0.000000,0.226432
40827,66266,0.587612,0.581266
17987,101054,0.000000,0.006508
109274,122369,0.000000,0.001218
89243,40827,0.000000,0.012306
12370,19043,0.000000,0.001783
79905,94660,0.000000,0.477547
91200,79905,0.000000,0.012823
85696,109434,0.000000,0.012291
47171,17987,0.000000,0.007132
109274,31917,0.587612,0.547156
118148,91200,0.000000,0.005680
19043,17987,1.000000,0.871529
67108,17987,1.000000,0.873410
91200,98872,0.000000,0.009914
115055,27258,0.587612,0.573303
82176,122369,0.000000,0.001419
101054,20570,0.588200,0.592427
82176,101966,0.587286,0.542299
20570,62584,0.588717,0.576247
18576,91200,0.000000,0.068198
81230,115055,0.587612,0.580695
111681,98872,0.000000,0.002213
94660,91200,0.000000,0.006215
79905,108537,0.000000,0.001686
118148,88502,0.588717,0.565594
43201,86988,0.000000,0.002979
118148,19043,0.000000,0.000789
36163,62083,0.000000,0.000478
19043,80714,0.000000,0.001999
109434,19043,0.000000,0.000826
16501,19266,0.588955,0.534036
61234,82176,0.588955,0.538943
98872,16501,0.588955,0.549175
50077,66266,0.586132,0.542463
81460,91200,0.000000,0.011361
82176,92232,0.587286,0.479976
103911,31054,0.000000,0.001502
79905,111681,0.000000,0.002839
84730,111681,0.000000,0.001964
51337,52668,0.000000,0.002225
57431,61234,0.588717,0.578233
98872,111681,0.000000,0.001883
82176,84730,0.588717,0.569240
67108,31917,0.000000,0.002217
103911,91867,0.000000,0.001492
108537,101054,0.000000,0.001715
61234,16501,0.588955,0.539014
18576,92232,0.000000,0.097635
18576,17987,0.000000,0.019414
61234,43201,0.000000,0.002137
66266,89462,0.588466,0.573767
20570,109434,0.000000,0.014184
31054,20570,0.588717,0.570476
62083,98872,0.000000,0.000444
85696,40827,0.587612,0.550603
88458,17987,0.000000,0.006146
36163,82176,0.588717,0.576322
94762,18576,0.000000,0.086091
40827,48952,0.587612,0.556178
67108,111681,1.000000,0.990119
66266,115055,0.587612,0.580692
40827,101054,0.587612,0.582368
47171,88502,0.586551,0.552881
92232,81230,0.587286,0.532111
92232,43201,0.000000,0.004130
62083,31253,0.000000,0.001461
101966,109434,0.000000,0.015492
19043,50077,0.000000,0.003286
48952,27258,0.587916,0.538553
48952,94660,0.000000,0.475806
40827,94762,0.587612,0.558707
101054,88502,0.588200,0.592392
82176,49841,0.000000,0.007666
12370,116861,0.586934,0.569200
16501,101966,0.587286,0.542374
16501,88458,0.588200,0.562198
101966,84730,0.587286,0.572806
101054,116861,0.586934,0.566789
109434,49841,0.585668,0.604487
40827,12370,0.655053,0.793678
111681,40827,0.000000,0.002678
75276,50077,0.000000,0.015955
12370,98872,0.587612,0.559326
48952,31917,0.587612,0.547831
66266,27258,0.588466,0.592719
12370,14100,0.000000,0.195272
62290,46434,0.587884,0.542274
62943,111730,0.000000,0.000000
665,114259,0.000000,0.000199
121857,66131,0.588303,0.600366
14590,111730,0.587421,0.545104
58151,66131,0.588303,0.503751
96536,57327,0.588303,0.419933
51147,117779,0.000000,0.000004
77329,109718,0.587884,0.615393
110195,665,0.000000,0.000121
51147,112347,0.587884,0.355747
66131,102013,0.000000,0.004095
102013,29803,0.000000,0.002894
109718,114259,0.000000,0.001170
110195,96536,0.000000,0.000022
4609,14345,0.000000,0.000000
109718,8670,0.587884,0.644739
117464,121857,0.589037,0.669123
62083,121366,0.000000,0.004423
51147,118397,0.000000,0.008185
57327,62943,0.000000,0.000000
92796,29803,0.586902,0.587559
55754,50932,0.585636,0.610190
62290,121366,0.000000,0.041042
77329,106977,0.000000,0.006817
66131,54597,0.588303,0.605520
46434,112347,1.000000,0.542372
117464,108328,0.000000,0.001664
29238,40364,0.000000,0.000609
37382,121366,0.000000,0.040005
96536,109718,0.588303,0.421198
14345,106977,0.000000,0.000000
57327,88709,0.587884,0.539209
55754,109718,0.585636,0.556341
76452,96536,0.000000,0.015764
76452,92796,0.000000,0.069627
15446,88709,1.000000,0.749310
665,104131,0.587421,0.260798
66131,97417,1.000000,0.607623
30248,88149,0.000000,0.009847
88709,51147,0.587884,0.518059
77508,104131,0.000000,0.000000
92796,29238,1.000000,0.125202
11536,62290,0.587421,0.550061
62943,15446,0.000000,0.000000
66131,117464,0.588303,0.605067
111730,60017,0.000000,0.005244
29564,97417,0.587421,0.286378
111730,62083,0.000000,0.048566
46434,77329,1.000000,0.559317
29564,55352,0.587421,0.326943
51147,42944,0.589037,0.111973
118397,77329,0.000000,0.024591
51147,50932,0.587884,0.419285
15446,37382,1.000000,0.534176
14345,66131,0.000000,0.000000
102013,77329,0.000000,0.003545
97417,82793,1.000000,0.617741
96536,92796,0.588685,0.458824
110195,104131,0.000000,0.000038
97489,58151,0.000000,0.049531
102013,54597,0.000000,0.003419
40243,55754,0.585636,0.583415
108328,110195,0.000000,0.000090
104131,56231,0.000000,0.000000
4609,88709,0.587884,0.592255
15446,77508,0.000000,0.000000
42944,106977,0.000000,0.004332
96536,46347,0.588303,0.141397
58151,79877,0.588303,0.504636
102013,11536,0.000000,0.002273
88709,92796,0.587884,0.610258
106977,66131,0.000000,0.004774
27742,15446,0.000000,0.004858
50932,117464,0.587884,0.617502
118397,109718,0.000000,0.022783
109718,104131,0.588303,0.602537
102013,88852,0.000000,0.003660
92796,50932,0.587884,0.568233
665,30248,0.587421,0.268492
46792,30248,0.000000,0.000804
60017,665,0.000000,0.004460
121857,88709,0.587884,0.546818
24753,121366,0.000000,0.044721
51147,66131,0.588303,0.362579
46434,79877,0.587884,0.547593
29238,62290,0.588303,0.072731
46792,113055,0.000000,0.000018
11536,50932,0.587421,0.609668
58151,40364,0.000000,0.000241
14590,54597,0.588685,0.678073
42944,77508,0.000000,0.000000
104131,46347,0.588303,0.347678
66131,29803,0.586902,0.542848
88149,46347,0.000000,0.026588
46792,97417,0.000000,0.000862
54597,29803,0.586902,0.548298
97417,117464,0.588303,0.620518
29803,79877,0.586902,0.542846
114259,37382,0.000000,0.000857
32884,17880,0.000000,0.227926
22159,111562,0.565936,0.146776
89490,3381,0.000000,0.048813
21819,3381,0.000000,0.038768
109665,16513,0.567435,0.336107
2023,26389,0.568030,0.319318
665,14345,0.000000,0.000000
103932,73316,0.000000,0.000870
21021,6395,0.000000,0.020758
56231,19349,0.000000,0.000000
76452,4605,0.000000,0.005447
32884,8848,1.000000,0.165594
21021,79335,0.000000,0.012882
83973,14345,0.000000,0.000000
21819,59729,0.567435,0.458910
17920,99903,0.566749,0.070486
97489,73316,0.000000,0.006183
73316,53592,0.000000,0.018124
8198,23601,0.551533,0.013466
26950,46792,0.000000,0.000963
62943,44925,0.000000,0.000000
99903,23601,0.000000,0.015420
104292,6395,0.565936,0.178388
99903,57760,0.000000,0.042231
22397,75292,0.565936,0.231394
76452,36246,0.000000,0.004536
16513,17920,0.569835,0.223279
17880,9189,0.000000,0.162503
57760,26950,0.000000,0.369558
59242,73316,0.000000,0.006124
3381,4605,0.000000,0.051499
11604,16113,0.000000,0.030838
87245,665,0.000000,0.016290
9159,113103,0.000000,0.108958
44925,108059,0.566749,0.391465
4605,9159,0.568555,0.272729
9159,19349,0.567435,0.085701
19654,4605,0.565936,0.075483
82916,103932,0.000000,0.000397
32998,665,0.000000,0.005734
17920,2023,0.568030,0.257658
38496,14345,0.000000,0.000000
104224,62943,0.000000,0.000000
6395,38496,0.000000,0.046941
82916,75292,0.000000,0.004266
38496,110195,0.000000,0.000131
23601,96536,0.000000,0.092407
9159,96536,0.000000,0.017213
16513,11604,0.567435,0.139619
79335,110195,0.000000,0.000747
111562,44925,1.000000,0.273216
23601,110195,0.000000,0.000025
26389,107503,0.000000,0.036880
9189,87245,0.566749,0.488279
14345,11604,0.000000,0.000000
83973,17880,0.000000,0.106323
2023,9189,0.567435,0.373527
59729,4605,0.568555,0.078038
44925,89490,1.000000,0.263746
46792,17880,0.000000,0.000182
2023,665,0.000000,0.024353
109665,8198,0.000000,0.037870
8198,8848,0.000000,0.069920
97489,111562,0.000000,0.010073
83973,44925,0.567435,0.293976
104292,17920,0.566749,0.278324
103932,75292,0.000000,0.000834
9176,21021,0.000000,0.009278
103932,23601,0.000000,0.000215
32392,38496,0.000000,0.052676
73316,107503,0.000000,0.011873
9159,97489,0.000000,0.004102
83973,22397,0.565936,0.199796
75155,87245,0.566749,0.266294
37064,46792,0.000000,0.000262
37064,17880,0.000000,0.362693
17880,54479,0.000000,0.078585
89490,42741,0.565936,0.120015
46792,21021,0.000000,0.000023
109665,26950,1.000000,0.048360
75292,96536,0.000000,0.076821
28829,21021,0.000000,0.007090
76452,3381,0.000000,0.010675
75292,107503,0.000000,0.026891
99903,113103,0.000000,0.266238
32998,6395,0.000000,0.075266
21021,75292,0.000000,0.013193
76452,109665,0.000000,0.008139
83973,103932,0.000000,0.001182
75155,17920,0.568030,0.383273
44925,49902,0.567435,0.250990
76452,26389,0.000000,0.011782
2023,9176,0.566749,0.297735
62943,111562,0.000000,0.000000
44925,8198,0.000000,0.057682
9159,32998,0.000000,0.272014
8198,54479,0.000000,0.013188
54479,83973,0.000000,0.120232
8198,2023,0.000000,0.029811
37064,38496,0.000000,0.052703
97681,15234,0.000000,0.023677
55028,74005,0.000000,0.043456
108232,101062,0.000000,0.002587
119395,62754,0.000000,0.000000
67203,104525,0.000000,0.206683
22177,119395,0.000000,0.000000
25436,4656,0.567582,0.050439
119395,101062,0.000000,0.036288
98691,17772,0.000000,0.053785
69658,17888,0.000000,0.103620
85979,22177,0.000000,0.000000
47320,74276,0.000000,0.000383
62754,7844,0.000000,0.000000
30720,17888,0.000000,0.000175
62754,42307,0.000000,0.000000
79874,42307,0.587979,0.041663
29331,67203,0.564492,0.082201
29243,33327,0.000000,0.007381
96044,2679,0.000000,0.001875
18729,106380,0.000000,0.001610
18729,4656,0.000000,0.001467
67203,29331,0.564492,0.063892
97480,67954,0.000000,0.001858
116705,43324,0.000000,0.001288
30276,103698,0.000000,0.031971
80277,62257,0.564492,0.206683
113648,42307,0.000000,0.002438
16224,11689,0.000000,0.062585
29243,31227,0.000000,0.039950
104525,29243,0.000000,0.005237
42307,2679,0.000000,0.001451
77508,7603,0.000000,0.000000
69658,74276,0.000000,0.042994
62257,7844,0.000000,0.771420
116705,11689,0.000000,0.002699
104692,50380,0.000000,0.223287
70231,109706,0.000000,0.000001
113648,80277,0.564492,0.207897
22177,117779,0.000000,0.000032
31227,103698,0.000000,0.035178
85979,29243,0.000000,0.010587
29331,44265,0.000000,0.081274
85979,44265,0.000000,0.019759
103569,96044,0.000000,0.000212
30276,29331,0.000000,0.231687
13290,16224,0.000000,0.018525
33327,4844,0.000000,0.043370
17772,4844,0.000000,0.029845
62943,120644,0.000000,0.000005
117779,22177,0.000000,0.000043
74276,22177,0.000000,0.000000
121315,17772,0.000000,0.017517
55028,98691,0.000000,0.306414
47320,80277,0.000000,0.001462
13290,22177,0.000000,0.000000
96044,104525,0.000000,0.002042
62257,52181,0.000000,0.007646
7844,67954,0.000000,0.001008
85979,30720,0.000000,0.000065
55028,29243,0.000000,0.058358
103045,4656,0.567582,0.002468
42307,79874,0.587979,0.045067
98691,113648,0.000000,0.070241
106380,79874,0.000000,0.026040
2679,43324,0.000000,0.001240
17888,43324,0.000000,0.015603
18729,80277,0.000000,0.001170
117779,116705,0.000000,0.000010
43324,80277,0.000000,0.000930
98135,7603,0.000000,0.001386
30720,47320,0.000000,0.000364
15234,62943,0.000000,0.000000
67203,7844,0.000000,0.206683
74005,4656,0.000000,0.214842
97480,98135,0.565775,0.055264
62943,4656,0.000000,0.000000
7603,97480,0.000000,0.000849
7603,98135,0.000000,0.001232
67203,16050,0.000000,0.013656
119395,7844,0.000000,0.045912
62943,104525,0.000000,0.000000
18729,120644,0.000000,0.000023
109706,74276,0.000000,0.349134
120644,79874,0.000000,0.000003
30974,43324,0.000000,0.015456
98691,25436,0.000000,0.058590
97480,33327,0.000000,0.064489
117779,30974,0.000000,0.000002
109706,17772,0.000000,0.050253
106380,23080,0.000000,0.000000
16050,96044,0.000000,0.001939
17888,23080,0.000000,0.000000
85979,50380,0.570280,0.020053
106380,62943,0.000000,0.000000
103569,104692,0.000000,0.001729
103698,104692,0.000000,0.027798
17772,85979,0.000000,0.018484
106380,101062,0.000000,0.000576
70231,44265,0.000000,0.000000
113648,108232,0.000000,0.002175
110423,91124,0.000000,0.001826
28135,94505,0.000000,0.002856
116923,50006,0.000000,0.433994
102349,86911,1.000000,0.994840
23731,91124,0.000000,0.451513
73617,44625,0.000000,0.000000
110423,94505,1.000000,0.990158
63916,96179,0.000000,0.003764
28135,91124,0.000000,0.325589
122566,86514,1.000000,0.938885
50199,11892,0.000000,0.000170
20054,100864,0.545542,0.423442
60586,15625,0.000000,0.002084
9379,115332,1.000000,0.881698
20054,76639,0.000000,0.004749
68774,98375,0.545542,0.433939
14096,28135,0.000000,0.002920
107428,34855,0.000000,0.001404
107428,101029,0.000000,0.002229
67446,23731,0.000000,0.393212
62102,116923,0.000000,0.531021
43457,73617,1.000000,0.000001
102349,83855,1.000000,0.953237
71614,110998,0.000000,0.388517
34855,110423,1.000000,0.997805
60586,68774,0.000000,0.495744
98375,53348,0.000000,0.435234
61778,50199,0.000000,0.487876
50006,20054,0.649912,0.732056
17914,94505,1.000000,0.990209
17914,63916,0.000000,0.003072
14096,114425,1.000000,0.959553
20054,60586,0.000000,0.465090
73644,50006,0.000000,0.446397
46536,48144,0.000000,0.555337
53348,34855,0.000000,0.001160
110423,76639,0.000000,0.002659
86911,62083,1.000000,0.995551
77361,119405,0.000000,0.001944
102349,85416,0.000000,0.003229
15625,86514,1.000000,0.961925
66667,46536,0.000000,0.001292
91616,50657,1.000000,0.101364
73644,100864,0.000000,0.365760
15625,50006,0.000000,0.004154
100864,98375,0.545542,0.427612
61904,43457,1.000000,0.925800
73644,34855,0.000000,0.003199
44625,62083,0.000000,0.931433
110998,43457,0.000000,0.001631
94505,68803,0.000000,0.002970
82111,86514,0.000000,0.002060
34855,48144,0.000000,0.001076
91124,28135,0.000000,0.340795
45391,15625,0.000000,0.001851
49542,15625,0.000000,0.002101
122566,68774,0.000000,0.001493
34855,15625,1.000000,0.995923
82241,68774,0.000000,0.002996
82111,50199,0.665233,0.744895
94505,98375,0.000000,0.004888
47830,50199,0.546293,0.491473
28135,82241,0.000000,0.005234
67446,21636,0.000000,0.137940
114425,20054,0.000000,0.003235
91682,14096,0.000000,0.002293
61778,86911,0.000000,0.001416
62083,11892,0.000000,0.014166
43457,48144,0.000000,0.001259
61904,28135,0.000000,0.003128
63916,48144,0.000000,0.444467
9379,110998,0.000000,0.002435
91124,37707,0.546293,0.491431
17914,115332,1.000000,0.884057
61904,44625,0.000000,0.926924
68774,110998,0.000000,0.272571
49542,82241,0.000000,0.004045
63916,62102,0.000000,0.433266
48144,53348,0.000000,0.537367
76639,34855,0.000000,0.001756
73617,82241,1.000000,0.000001
15625,45391,0.000000,0.003144
119405,50006,0.000000,0.004987
66667,102349,1.000000,0.937159
119405,17914,1.000000,0.989141
67446,101029,0.000000,0.002202
17914,86514,1.000000,0.963335
77361,63916,0.000000,0.460265
63916,76639,0.000000,0.004749
28135,76639,0.000000,0.014665
11892,98375,0.000000,0.000208
68774,85416,0.546293,0.478642
23731,76639,0.000000,0.004730
119405,61778,0.000000,0.002545
61778,68774,0.547500,0.526974
50199,71614,0.663616,0.741004
116923,107428,0.546627,0.270832
14096,91616,1.000000,0.958839
100864,94505,0.000000,0.001363
14096,50657,1.000000,0.200400
111002,117779,0.000000,0.000017
104615,86410,0.577094,0.630362
64489,62118,0.000000,0.092959
115440,111236,0.000000,0.013113
49697,96484,0.536301,0.531861
64489,30720,0.000000,0.000165
62083,96484,0.000000,0.000677
120978,64489,0.000000,0.050998
96484,9414,0.000000,0.512232
85880,117779,0.000000,0.000008
100424,54416,0.000000,0.061262
120993,61384,0.000000,0.219717
111236,6045,0.000000,0.001011
120993,51478,0.000000,0.369348
96484,6045,0.000000,0.010500
22008,103569,0.000000,0.006253
120978,62118,0.000000,0.094900
117779,8183,0.000000,0.000004
47291,8183,0.000000,0.024606
22008,56124,0.577561,0.107184
23080,19566,0.000000,0.000000
61384,30720,0.000000,0.000619
10912,6045,0.000000,0.073192
73617,100424,0.000000,0.000020
57860,115440,0.000000,0.078233
29243,61242,0.000000,0.075848
62118,8183,0.000000,0.014745
29243,49697,0.000000,0.001289
6045,94439,0.000000,0.430246
72605,100424,0.000000,0.128136
90944,76057,0.000000,0.066818
122608,54416,0.000000,0.275161
104615,120978,0.000000,0.135529
30720,16313,0.000000,0.402649
52250,61242,0.576572,0.300088
62943,52074,0.000000,0.000000
120978,56231,0.000000,0.000000
86410,10912,0.000000,0.086676
72605,10912,0.000000,0.117563
54416,56124,0.577983,0.078347
51478,62118,0.577561,0.500879
122608,120978,0.000000,0.010428
111236,120978,0.000000,0.000047
19566,6045,0.577983,0.452167
16313,89987,0.000000,0.000118
64489,120993,0.000000,0.087621
56231,96484,0.000000,0.000000
28103,56124,0.000000,0.002775
120993,21809,0.000000,0.232701
64489,51478,0.000000,0.092976
85880,100104,0.000000,0.266232
16313,120644,0.000000,0.017194
100424,115440,0.000000,0.088819
122608,72671,0.000000,0.238131
24975,76057,0.000000,0.000100
8183,14205,0.000000,0.032397
112155,21809,0.000000,0.034194
52250,62118,0.577983,0.312339
3034,47291,0.000000,0.144143
28442,120993,0.000000,0.331232
56124,89987,0.000000,0.001214
21809,29243,0.000000,0.015383
51478,14205,0.577561,0.411075
65201,100424,0.000000,0.004557
64489,111002,0.000000,0.004487
49697,22008,0.000000,0.013522
16313,23080,0.000000,0.000645
117779,112155,0.000000,0.000000
96484,122608,0.000000,0.015394
87228,28442,0.000000,0.012327
104615,72671,0.577561,0.158846
28103,62754,0.000000,0.000005
28103,61242,0.000000,0.001026
92749,21809,0.000000,0.016923
94439,10912,0.000000,0.095271
47291,80731,0.000000,0.041726
104615,87228,0.000000,0.001527
9414,22008,0.000000,0.017667
3034,86410,1.000000,0.169995
14205,49697,0.000000,0.025189
51478,22008,1.000000,0.431600
28103,80731,0.000000,0.000280
9414,62943,0.000000,0.000000
80731,85880,0.000000,0.119183
56231,115440,0.000000,0.000000
86410,54416,0.577094,0.161449
122608,104615,0.000000,0.066513
100424,94439,0.000000,0.075927
24975,73617,0.000000,0.001409
3034,120993,0.000000,0.469296
104615,62118,1.000000,0.380327
111002,100424,0.000000,0.005723
73617,36999,0.000000,0.000003
76057,94439,0.000000,0.303090
16313,86410,0.000000,0.000434
28103,85880,0.000000,0.001991
29243,73617,0.000000,0.000009
73617,112155,0.000000,0.000000
62754,120978,0.000000,0.000000
72605,61384,0.000000,0.149135
53065,67186,0.000000,0.011645
102960,42726,0.000000,0.000415
110922,21656,0.000000,0.098486
22804,47667,0.000000,0.001869
37236,117481,0.000000,0.009081
58565,21038,0.000000,0.002962
35066,113663,0.000000,0.026854
22804,92686,0.000000,0.005050
86078,48906,0.000000,0.000208
27557,53204,0.000000,0.087637
55610,13306,0.594734,0.028579
98719,19558,0.000000,0.001026
115221,86078,0.000000,0.001073
86936,1108,0.000000,0.001728
77646,37236,0.000000,0.055882
61273,86078,0.000000,0.003892
53204,35066,0.000000,0.023175
102960,2430,0.000000,0.002547
65133,20278,0.000000,0.580407
77646,67688,0.000000,0.002082
65133,22804,0.000000,0.000467
65133,41467,0.000000,0.046914
5658,20278,0.000000,0.255256
1108,74674,0.000000,0.003946
115221,35066,0.000000,0.010882
12507,109500,0.585668,0.530870
5658,44450,0.000000,0.067180
77646,21038,0.000000,0.092004
71783,65133,0.000000,0.111164
61273,22804,0.000000,0.003892
47667,22804,0.000000,0.001155
44450,92686,0.000000,0.191434
77646,122489,0.000000,0.019959
92686,38759,0.000000,0.012985
99072,53204,0.000000,0.014602
1108,35179,0.000000,0.002768
67688,99072,0.000000,0.023640
47667,99005,0.000000,0.201991
55676,62083,0.000000,0.000040
29467,66249,0.000000,0.059301
61273,62083,0.000000,0.000861
27557,67186,0.000000,0.001128
5658,67186,0.000000,0.011918
98719,55610,0.000000,0.011934
87091,13306,0.594211,0.641813
1108,58443,0.000000,0.001886
80448,44450,0.594734,0.653135
109500,37236,0.000000,0.130572
55676,109500,0.000000,0.066786
66249,30567,0.000000,0.078310
99072,35179,0.000000,0.002174
58443,62083,0.000000,0.000241
55610,72424,0.594211,0.088839
8022,65779,0.594280,0.658798
55610,90514,0.000000,0.000828
48906,71783,0.000000,0.043021
87091,62083,0.000000,0.000538
53065,2430,0.000000,0.493271
122489,98719,0.000000,0.000265
67688,115221,0.000000,0.010161
44450,21656,0.000000,0.155648
38759,42726,0.000000,0.000066
38759,30567,0.594141,0.025413
29467,19558,0.000000,0.059660
72424,58565,0.000000,0.002151
42726,113663,0.000000,0.001593
113663,74674,0.594280,0.636570
62083,94975,0.000000,0.000059
14339,38759,0.000000,0.039074
48906,90514,0.000000,0.005427
62083,67688,0.000000,0.000194
65133,110922,0.000000,0.571484
58443,27557,0.000000,0.000301
86078,92686,0.000000,0.005035
117481,87091,0.000000,0.013724
44450,12507,0.000000,0.191210
65133,55610,0.000000,0.125297
35066,37236,0.000000,0.018068
115221,77646,0.000000,0.423478
30567,57453,0.000000,0.361719
55610,113663,0.595311,0.310081
3541,29467,0.000000,0.000857
19558,67186,0.000000,0.027295
57453,87091,0.000000,0.350609
19558,117481,0.542352,0.011196
30567,22804,0.000000,0.001394
2430,67186,0.000000,0.004522
99005,12507,0.585668,0.512686
1108,55676,0.000000,0.007186
86078,66249,0.000000,0.000332
1108,102960,0.000000,0.016416
73578,35066,0.000000,0.001859
102960,55610,0.000000,0.002100
102960,53204,0.000000,0.017072
58443,35066,0.000000,0.004037
74674,5658,0.000000,0.070068
29467,65779,0.000000,0.066588
99005,42726,0.000000,0.001725
20278,80448,0.594415,0.623181
80448,48906,0.000000,0.325210
99072,14991,0.000000,0.010279
65133,21656,0.000000,0.227474
104057,55676,0.593849,0.438967
80448,72206,0.593924,0.561240
55676,90514,0.000000,0.004047
34128,14991,0.593998,0.644683
3541,67602,0.000000,0.001239
109632,38759,0.000000,0.047025
90514,14991,0.000000,0.003207
67688,80448,0.000000,0.006693
97942,104057,0.593849,0.712717
67186,113663,0.000000,0.025340
34128,90131,0.000000,0.005131
55676,113663,0.594211,0.542135
90514,7193,0.000000,0.002248
58443,67602,0.000000,0.004624
72206,47667,0.593924,0.530439
67186,38759,0.000000,0.013409
20278,20876,0.593773,0.594347
19493,37236,0.593773,0.632998
74674,113663,0.594280,0.631504
115221,67602,0.000000,0.012879
8022,53065,0.594280,0.667591
99072,72424,0.000000,0.005581
53204,21038,0.595364,0.673629
97942,37236,0.593998,0.651422
5018,55676,0.000000,0.000291
49837,90514,0.000000,0.002461
67186,35066,0.000000,0.020050
47667,66249,0.000000,0.072614
20278,58565,0.000000,0.002883
18614,65779,0.594070,0.627315
102960,57155,0.000000,0.001937
102960,90131,0.000000,0.027656
35179,67602,0.000000,0.002613
38759,86936,0.000000,0.009708
7193,90131,0.000000,0.004712
65133,52257,0.000000,0.558421
67602,49837,0.000000,0.003569
48906,80448,0.000000,0.302044
57155,53204,0.000000,0.023562
21656,94975,0.000000,0.069001
109632,97942,0.593998,0.638361
70636,72206,0.000000,0.021026
19558,66249,0.542352,0.033746
18614,5658,0.000000,0.103266
53065,70636,0.000000,0.048848
34128,65779,0.593998,0.628687
70636,53065,0.000000,0.031550
18614,20278,0.594070,0.597768
86042,122489,0.000000,0.003100
55610,87091,0.594211,0.410673
67186,86936,0.000000,0.009661
53204,38759,0.000000,0.024255
52257,7193,0.593998,0.646980
52257,122489,0.000000,0.173068
65133,117481,0.000000,0.009770
86936,80448,0.000000,0.000635
21656,20278,0.000000,0.090119
67186,18614,0.000000,0.018534
18614,52257,1.000000,0.629388
3541,86042,0.000000,0.000047
13306,20876,0.593773,0.569342
72206,55610,0.593924,0.428300
80448,67186,0.000000,0.014900
109632,62083,0.000000,0.000052
18614,65133,0.000000,0.603502
7193,20876,0.593773,0.618037
72206,90514,0.000000,0.001909
1108,109632,0.000000,0.008258
72206,99072,0.000000,0.005048
86936,5018,0.000000,0.000147
55676,53065,0.594211,0.329133
66249,113663,0.000000,0.237093
87091,97942,0.593998,0.626998
34128,70636,0.000000,0.038228
90131,58443,0.000000,0.015384
1108,72206,0.000000,0.003066
34128,38759,0.000000,0.063716
53204,21656,0.000000,0.161257
5018,115221,0.000000,0.004802
72206,65133,0.000000,0.378055
67688,38759,0.000000,0.013584
122489,109632,0.000000,0.152306
21656,35179,0.000000,0.000511
48906,53065,0.000000,0.208455
14991,21038,0.597794,0.667478
19493,41481,0.593773,0.640617
110922,44450,0.595089,0.643676
55610,49837,0.594141,0.358283
72206,58443,0.000000,0.002760
20876,57155,0.000000,0.006648
7193,13306,0.593998,0.590014
110922,67186,0.000000,0.026505
86936,22835,0.000000,0.001894
110922,99072,0.000000,0.013118
72206,122489,0.000000,0.078335
37236,53204,0.594348,0.650410
8022,86042,0.000000,0.017012
90131,20876,0.000000,0.001689
11264,79283,0.000000,0.010323
51021,69359,0.000000,0.143223
4250,35160,0.000000,0.376783
15588,83799,0.000000,0.000007
105308,45683,0.000000,0.021388
98148,83799,0.000000,0.000005
79283,79304,0.000000,0.009334
83799,64776,0.000000,0.000001
72452,102047,0.000000,0.521143
115383,113322,0.000000,0.000002
71709,74603,0.000000,0.007936
40502,65320,0.000000,0.006794
23771,96244,0.000000,0.017756
79304,70946,0.000000,0.822645
107420,115383,0.000000,0.005657
15588,4250,0.000000,0.679919
4250,32597,0.000000,0.388581
51958,38408,0.000000,0.003445
62587,120373,0.000000,0.733814
63087,35160,0.000000,0.022840
32597,57685,0.000000,0.412509
19585,38408,0.000000,0.382888
51021,4250,0.000000,0.003510
51021,71709,0.000000,0.002722
102047,38408,0.000000,0.023303
19585,51021,0.000000,0.002878
56813,64865,0.000000,0.718879
79283,48184,0.000000,0.000983
45683,118084,0.000000,0.000000
85783,45683,0.000000,0.008788
65320,56813,0.000000,0.011875
1272,6681,0.000000,0.557015
77282,108646,0.000000,0.008540
71709,77282,0.000000,0.007877
1272,48184,0.000000,0.026255
86567,96244,0.000000,0.018868
45683,103331,0.571812,0.455979
19585,81945,0.000000,0.000547
44533,23771,0.000000,0.007195
51021,48184,0.000000,0.010089
83799,71709,0.000000,0.000003
102047,68320,0.000000,0.526431
120373,51021,0.000000,0.002364
5059,4250,0.570646,0.438036
81945,5059,0.000000,0.000678
10841,64865,1.000000,0.992406
66415,105308,0.000000,0.000292
47760,51958,0.000000,0.003549
119151,119778,0.000000,0.076162
96244,11264,0.000000,0.015919
62083,85783,0.000000,0.001203
72452,86567,0.000000,0.005544
120373,46634,1.000000,0.731047
81945,10841,0.000000,0.000149
74603,83799,0.000000,0.000001
79304,19585,0.000000,0.804795
57685,28328,1.000000,0.899842
83799,79304,0.000000,0.000003
102047,10841,0.000000,0.003640
51021,51958,0.000000,0.006844
79304,64776,0.000000,0.000263
51021,5059,0.000000,0.003539
81945,67148,0.000000,0.000834
86567,116291,0.000000,0.527194
64865,119151,0.000000,0.334718
38408,44533,0.000000,0.007053
66415,108646,0.000000,0.001612
65320,32597,0.000000,0.015739
81945,113322,0.000000,0.000004
72452,56813,0.000000,0.010376
108646,45683,0.000000,0.796012
57685,32597,0.000000,0.557932
48184,64776,0.000000,0.001318
105308,103331,0.000000,0.011465
19585,10841,0.000000,0.360474
98148,62587,0.000000,0.564502
28328,103331,0.000000,0.572410
14622,83799,0.000000,0.000003
107420,81945,0.000000,0.015794
5059,45683,0.571457,0.420335
51021,40502,0.000000,0.002573
4250,38408,0.000000,0.152002
118084,74603,0.000000,0.000000
10841,63087,0.000000,0.003284
64865,66415,0.000000,0.001145
119151,57685,0.000000,0.188673
67148,119778,0.000000,0.031540
119151,62587,0.000000,0.051482
62083,47760,0.000000,0.406655
45683,38408,0.000000,0.206944
23771,98148,0.000000,0.266082
92348,56813,0.000000,0.675930
6681,118084,0.000000,0.000000
115383,81945,0.000000,0.000315
71709,38408,0.000000,0.430777
10841,68320,0.000000,0.005643
79283,46634,0.000000,0.011504
72452,120373,0.000000,0.004375
47760,83799,0.000000,0.000003
40502,74603,0.000000,0.007215
84769,117779,0.000000,0.000006
104980,31164,0.000000,0.002168
70341,9155,0.000000,0.036033
91081,33871,0.000000,0.000000
49828,9155,0.000000,0.036116
50847,121190,0.579186,0.470476
25042,36342,0.000000,0.000003
23075,65656,0.578595,0.667852
53152,91081,0.000000,0.000000
49828,121190,0.577527,0.593473
96161,23075,0.000000,0.008688
103424,64529,0.000000,0.466146
31164,50847,0.000000,0.001219
81394,31164,0.000000,0.001153
33645,121190,0.578267,0.606581
23075,42550,0.578267,0.531197
40361,38562,0.000000,0.067245
121190,33645,0.578267,0.606968
119209,35392,0.000000,0.000000
49828,23075,0.577527,0.597780
91081,9155,0.000000,0.000001
9155,91302,0.000000,0.032682
5150,90458,0.577527,0.503147
6709,98079,0.000000,0.028072
90458,113040,0.577912,0.541045
50847,117410,0.000000,0.000083
123118,32200,0.000000,0.000000
57635,98079,0.000000,0.021676
103029,121190,0.578900,0.671861
107304,68504,0.577527,0.542808
96458,18557,0.577527,0.595912
36342,103029,0.000000,0.000001
70164,96161,0.000000,0.014016
96458,109632,0.000000,0.000295
65887,68504,1.000000,0.609010
98079,117779,0.000000,0.000002
31164,33871,0.000000,0.403260
103029,112688,0.578267,0.612389
32200,117779,0.000000,0.000006
120693,36342,0.000000,0.000002
32200,9155,0.000000,0.034045
104980,53152,1.000000,0.449079
4345,25042,0.576116,0.576270
120693,123118,0.000000,0.000000
113040,38562,0.000000,0.015806
113040,40361,0.000000,0.000729
23075,120978,0.000000,0.053440
91302,35392,0.578267,0.496897
69051,98079,0.000000,0.034183
64529,77638,0.000000,0.441399
119209,51809,0.000000,0.000000
25042,9155,0.000000,0.035255
57635,69348,0.576116,0.635979
121190,89653,0.578267,0.607531
64529,31164,0.000000,0.002103
62083,67543,0.000000,0.083943
7694,80278,0.000000,0.003862
70341,98079,0.000000,0.021265
33645,41920,0.578267,0.321021
41920,32200,0.577527,0.451967
62083,65656,0.000000,0.094814
62083,50847,0.000000,0.253019
62083,107304,0.000000,0.093843
38562,109632,0.000000,0.022514
70341,35392,0.577912,0.480840
103029,33645,0.578267,0.612651
33871,103424,0.000000,0.001841
90458,23075,0.578267,0.533495
50847,7694,0.577527,0.433622
5150,69051,0.577527,0.496823
40219,117779,0.000000,0.000004
119209,84769,0.000000,0.000001
32200,117410,0.000000,0.000174
64529,103029,0.000000,0.438061
33645,67543,1.000000,0.605241
103424,69051,0.577912,0.533133
80278,18557,0.000000,0.003904
4345,121190,0.576116,0.609970
109632,91081,0.000000,0.000000
120693,109632,0.000000,0.000265
50847,120978,0.000000,0.142063
81394,2361,0.577527,0.530972
77638,53152,0.578267,0.654288
38562,31164,0.000000,0.075796
6709,51809,0.000000,0.001674
84769,9431,0.577105,0.587693
41920,120693,0.579706,0.264921
80278,51809,0.000000,0.000036
64529,113040,0.000000,0.448442
84769,117410,0.000000,0.000111
6709,32200,1.000000,0.534249
65656,5150,0.577527,0.584546
40361,65887,0.000000,0.000419
112688,33871,0.000000,0.002166
65656,9155,0.000000,0.037380
123118,103029,0.000000,0.000000
25042,117779,0.000000,0.000006
23075,91081,0.000000,0.000000
4345,119209,0.000000,0.000002
32200,38562,0.000000,0.020524
62083,51432,0.000000,0.000564
101029,17895,1.000000,0.875620
59523,37104,1.000000,0.934888
122566,101766,1.000000,0.933416
82058,58613,0.000000,0.000694
37104,91616,1.000000,0.958964
101029,24323,1.000000,0.655033
62083,97382,1.000000,0.953786
62083,101417,1.000000,0.995557
62083,86911,1.000000,0.996072
86911,103144,1.000000,0.997499
56325,81156,1.000000,0.280267
84780,81156,1.000000,0.910142
56325,101417,1.000000,0.343309
86911,101029,1.000000,0.904787
110423,59523,1.000000,0.948690
111191,51432,0.000000,0.001929
44550,62083,1.000000,0.939680
61508,51432,0.000000,0.002582
62948,97382,1.000000,0.961817
62948,17914,1.000000,0.997885
22054,110423,0.000000,0.001732
22054,56725,0.000000,0.002650
3103,24323,0.000000,0.002998
122566,101417,1.000000,0.953030
84780,56725,1.000000,0.926688
38575,91616,1.000000,0.957660
59523,111771,1.000000,0.916365
60414,91616,0.000000,0.915052
101029,62083,1.000000,0.544824
122566,61508,1.000000,0.934247
110423,111191,1.000000,0.991825
61508,62083,1.000000,0.939644
109808,101417,1.000000,0.989025
111771,60414,0.000000,0.928008
51432,61508,0.000000,0.002466
56725,49442,1.000000,0.733209
111191,81156,1.000000,0.951222
20115,110423,1.000000,0.950292
60414,41383,0.000000,0.003579
17914,41383,0.000000,0.001444
17895,51432,0.000000,0.001333
49442,37104,1.000000,0.705063
82058,24323,0.000000,0.000893
111191,60414,0.000000,0.938536
41383,59523,0.000000,0.003570
41383,17895,0.000000,0.001189
97382,101417,1.000000,0.953923
15625,49442,1.000000,0.765532
121589,81156,1.000000,0.068223
62948,44550,1.000000,0.958395
15625,24323,1.000000,0.955889
49442,62948,1.000000,0.661047
38575,101417,1.000000,0.995367
22054,61508,0.000000,0.002051
91616,77512,1.000000,0.939001
49442,22054,0.000000,0.004016
77512,81156,1.000000,0.942016
111191,62083,1.000000,0.993192
56325,97382,1.000000,0.268769
62948,84780,1.000000,0.976225
59523,41383,0.000000,0.003738
38575,17914,1.000000,0.995515
59523,38575,1.000000,0.933209
41383,56325,0.000000,0.007770
56325,59523,1.000000,0.212138
109808,56725,1.000000,0.993965
109808,111771,1.000000,0.992288
17914,51432,0.000000,0.001365
24323,60414,0.000000,0.916422
22054,60414,0.000000,0.002428
97382,41383,0.000000,0.002516
101029,59523,1.000000,0.668926
101766,22054,0.000000,0.003804
61508,44550,1.000000,0.934548
20115,44550,1.000000,0.935112
56325,51432,0.000000,0.007805
44550,97382,1.000000,0.934367
122566,17895,1.000000,0.952677
44550,49442,1.000000,0.599554
122566,59523,1.000000,0.916905
24323,110423,1.000000,0.945955
17914,91616,1.000000,0.959211
56325,61508,1.000000,0.282296
15625,58613,1.000000,0.995970
97382,101029,1.000000,0.746663
17895,17914,1.000000,0.997769
60414,17895,0.000000,0.936747
51432,44550,0.000000,0.002450
58613,111771,1.000000,0.985117
60414,15625,0.000000,0.937203
82058,122566,0.000000,0.000834
81156,17895,1.000000,0.949217
91616,109808,1.000000,0.943558
44550,17895,1.000000,0.948670
38575,62083,1.000000,0.995497
51432,101417,0.000000,0.001161
44550,59523,1.000000,0.915399
58613,91616,1.000000,0.958930
49442,81156,1.000000,0.555935
62729,54616,0.665516,0.515322
50269,77898,1.000000,0.557649
112561,45149,0.664302,0.204299
16358,71880,0.000000,0.001120
98313,5336,0.665516,0.520867
47167,82427,1.000000,0.934130
95617,119208,0.664070,0.559264
54616,45380,0.666417,0.577844
99156,71880,1.000000,0.082657
78726,57023,0.664000,0.442514
81138,99156,0.000000,0.022803
89675,45149,0.664759,0.152648
84168,99806,0.665255,0.561780
99684,28751,1.000000,0.834828
82427,52003,0.000000,0.004936
5651,58571,0.662659,0.446138
64842,28751,0.000000,0.001303
49788,49555,0.665991,0.274880
84168,107664,0.000000,0.001284
71880,120196,0.000000,0.001204
3637,99156,0.000000,0.005316
99156,107664,1.000000,0.085180
62729,16414,0.664521,0.517310
57305,11193,0.665114,0.560768
23857,23544,0.000000,0.004994
37833,57023,0.664000,0.081798
112561,15298,0.000000,0.224167
86952,80327,0.663297,0.217419
99806,112561,0.664302,0.570415
63726,73491,0.000000,0.001848
41333,28751,0.000000,0.002011
119208,57846,0.664070,0.595633
77953,33756,0.000000,0.001086
95617,101932,0.663825,0.750581
99011,89675,0.664728,0.585160
98313,52306,0.664302,0.559403
11193,64842,0.666417,0.564532
99011,64842,0.664728,0.582319
45380,77953,0.000000,0.001020
15298,57846,0.000000,0.190589
119208,37833,0.664070,0.206217
41333,49788,0.664422,0.614403
119550,99806,0.665630,0.563502
57305,120955,0.664728,0.577376
5651,81138,0.662659,0.119617
15298,107554,0.000000,0.126051
3637,49555,0.665516,0.137826
95617,112561,0.664302,0.559054
73491,61340,0.000000,0.004605
95617,84168,0.665255,0.554610
111288,64842,0.666417,0.545094
50269,99011,0.664728,0.555407
28751,119550,0.000000,0.001022
86952,62729,0.665114,0.176434
107664,45149,0.000000,0.001570
62729,80817,1.000000,0.730657
107664,80327,0.000000,0.001001
23857,77953,0.000000,0.859822
107664,57846,0.000000,0.001164
82427,80327,0.000000,0.003445
99156,41333,0.000000,0.008650
81138,3637,0.665516,0.138337
71880,5336,0.000000,0.001524
81138,14870,0.663306,0.139275
120196,98313,0.665516,0.564772
3637,107664,0.000000,0.001542
81138,80817,0.665516,0.138092
84168,63726,0.665255,0.562921
52306,120196,0.664302,0.619790
50269,95629,0.665516,0.524757
41333,120196,0.664422,0.602104
82427,73491,1.000000,0.865696
77953,86952,0.000000,0.001492
64842,98313,0.665516,0.516250
107554,120196,0.664070,0.564570
45149,11193,0.666210,0.153319
16358,45380,0.666417,0.578370
58571,62729,0.665516,0.511922
57846,107664,0.000000,0.001080
45149,80817,0.665516,0.152061
61340,41333,0.663783,0.598123
57305,107554,0.664070,0.521654
18439,95629,0.664521,0.527909
5651,107554,0.662659,0.472146
84168,73491,0.000000,0.004747
80817,23857,0.000000,0.002903
5651,62729,0.662659,0.477578
37833,41333,0.664422,0.174615
78726,119208,0.664070,0.562397
84168,101932,0.663825,0.562103
52003,99156,0.000000,0.015782
64842,73491,0.000000,0.002067
99156,120955,0.000000,0.009939
58571,45846,0.664002,0.574291
107664,86952,0.000000,0.001463
80327,63726,0.663297,0.595438
45149,28751,0.000000,0.008004
23544,107664,0.000000,0.001286
63726,15298,0.000000,0.145614
57846,99806,0.665630,0.584886
35179,102960,0.000000,0.008291
117481,20278,0.000000,0.004771
67186,100200,0.000000,0.002129
22835,86079,0.000000,0.000592
86936,98906,0.000000,0.000186
55610,113663,0.595311,0.310081
13194,117481,0.000000,0.000793
74674,62083,0.000000,0.000240
121069,113663,0.000000,0.001690
98906,66674,0.000000,0.008409
55676,13299,0.000000,0.000300
19558,66674,0.000000,0.003866
100200,44450,0.000000,0.190492
44450,107005,0.000000,0.002327
62083,38759,0.000000,0.000021
49837,58443,0.000000,0.002373
37236,49837,0.594141,0.614291
3541,21656,0.000000,0.000815
973,117481,0.000000,0.000603
110922,13299,0.000000,0.001175
62083,19558,0.000000,0.000222
110922,19558,0.000000,0.079922
117481,98906,0.000000,0.000092
100200,85220,0.000000,0.376228
49837,47667,0.594141,0.579453
122489,85220,0.000000,0.005904
14991,37236,0.594348,0.644546
99342,102960,0.000000,0.002615
65779,53065,0.594415,0.649688
44450,110922,0.595089,0.646394
22835,35066,0.000000,0.012795
85220,121069,0.000000,0.004625
66249,53204,0.000000,0.109090
122489,121069,0.000000,0.000252
973,113663,0.000000,0.145641
55610,67688,0.000000,0.003585
35066,29467,0.000000,0.003715
99072,62083,0.000000,0.000022
121069,90185,0.000000,0.014891
100200,84953,1.000000,0.530151
3541,13299,0.000000,0.000063
99342,90185,0.000000,0.440280
30567,86079,0.000000,0.087525
107005,110922,0.000000,0.000624
107005,48906,0.000000,0.000209
90514,86079,0.000000,0.000120
107005,67688,0.000000,0.000522
115221,84953,0.000000,0.294541
90185,62083,0.000000,0.002415
100200,55676,0.000000,0.041297
18614,67186,0.000000,0.026294
55610,86079,0.000000,0.147511
90185,55610,0.000000,0.221021
18614,49375,0.000000,0.076000
22835,8022,0.000000,0.015563
66674,66249,0.000000,0.005858
13306,53065,0.594415,0.638643
62083,35179,0.000000,0.000135
80448,122489,0.000000,0.106637
110922,21038,0.595470,0.623279
55610,122489,0.000000,0.009496
49375,115221,0.000000,0.170996
80448,99342,0.000000,0.101930
13299,67186,0.000000,0.000134
107005,22990,0.000000,0.027956
90131,18614,0.000000,0.004433
87091,37236,0.594211,0.642392
98906,55676,0.000000,0.000338
55610,99072,0.000000,0.001648
35179,973,0.000000,0.000228
86079,35066,0.000000,0.000275
3541,37236,0.000000,0.001126
13299,65779,0.000000,0.000755
66249,84953,0.000000,0.003458
99072,35066,0.000000,0.079075
90185,19558,0.000000,0.003462
86079,49837,0.000000,0.067033
55676,47667,0.594211,0.270325
100200,121069,0.000000,0.003115
35066,90514,0.000000,0.064163
80448,55676,0.594211,0.385411
19558,47667,0.000000,0.010077
65779,13299,0.000000,0.000613
94975,38759,0.000000,0.028268
8022,90131,0.000000,0.008782
37236,38759,0.594141,0.057042
74674,102960,0.000000,0.012037
99072,84953,0.000000,0.000257
66674,90514,0.000000,0.000292
20278,47667,0.594415,0.554893
38759,49837,1.000000,0.019229
90514,20278,0.000000,0.003273
20278,102960,0.000000,0.008737
55676,107005,0.000000,0.000184
117481,22990,0.000000,0.000043
113663,66674,0.000000,0.121234
22835,37236,0.000000,0.017014
102960,115221,0.000000,0.011733
86936,65779,0.000000,0.000414
1108,65779,0.000000,0.009409
52524,28347,0.000000,0.004401
83971,31980,0.000000,0.110507
25530,71073,0.000000,0.002591
120423,71950,0.000000,0.028090
116898,42768,1.000000,0.353693
13073,113668,0.000000,0.003060
101167,42843,0.000000,0.016999
13073,14006,0.000000,0.002532
120423,16457,0.000000,0.015085
30440,2678,0.000000,0.041564
16457,116898,0.000000,0.020770
7384,101167,0.000000,0.001289
31980,103353,0.000000,0.016410
54447,74277,0.000000,0.000738
114467,85955,0.000000,0.521060
42768,120423,0.000000,0.371776
42768,34853,0.000000,0.308969
19749,81537,0.000000,0.013023
71073,56231,0.000000,0.000000
116201,50246,0.000000,0.016171
83971,67767,0.000000,0.000006
11361,104268,0.552280,0.018779
44008,54211,0.000000,0.010719
2678,30440,0.000000,0.031938
94962,71950,0.000000,0.041816
11361,85955,0.000000,0.001392
3006,119810,0.000000,0.004258
7384,42843,0.000000,0.053083
94159,42843,0.000000,0.001518
62083,28347,0.000000,0.028455
56231,16457,0.000000,0.000000
31980,116898,0.000000,0.039785
104268,18,0.000000,0.023548
16457,22494,0.000000,0.347537
59764,93270,0.000000,0.013508
5692,72272,0.000000,0.032310
28347,111579,0.000000,0.002707
24195,93270,0.542689,0.401518
114467,76412,0.000000,0.106536
62943,15685,0.000000,0.000000
111579,32052,0.000000,0.172124
73529,56231,0.000000,0.000000
93270,94962,0.000000,0.011180
1448,62943,0.000000,0.000000
34853,2678,0.000000,0.026868
83971,119810,0.000000,0.001753
59764,94159,0.000000,0.000120
62083,116201,0.000000,0.000102
116201,73529,0.000000,0.007127
71073,73529,0.000000,0.036331
114467,119810,0.000000,0.001110
30440,46792,0.000000,0.276370
76412,31980,0.543118,0.429333
7384,15685,0.000000,0.011702
71950,50246,0.000000,0.517304
61291,34853,0.000000,0.026316
13073,22494,0.000000,0.001364
59764,54211,0.000000,0.000630
16457,113668,0.000000,0.534136
116201,83971,0.000000,0.007698
33257,59764,0.000000,0.001919
46792,32052,0.000000,0.120297
33257,28347,0.000000,0.070269
33257,74277,0.000000,0.000983
50246,15685,0.000000,0.382900
11361,30440,0.000000,0.040085
61291,5692,0.000000,0.080212
50246,85955,0.000000,0.033482
5362,22494,0.000000,0.008666
104268,74277,0.000000,0.020723
15685,56231,0.000000,0.000000
18,2678,0.000000,0.008811
2678,7384,0.000000,0.003098
44008,52524,0.000000,0.144218
103353,7384,0.000000,0.000890
46792,61291,0.000000,0.058767
29449,116201,0.000000,0.002630
1448,113668,0.000000,0.399583
5692,120423,0.000000,0.006034
119810,19749,0.000000,0.001559
113668,42768,0.000000,0.036497
46792,7384,0.000000,0.001130
114467,5692,0.000000,0.007550
59764,104268,0.000000,0.016274
3006,81537,0.000000,0.187861
103353,76412,0.000000,0.033320
111579,74277,0.000000,0.029008
24195,31980,0.000000,0.209445
44008,62083,0.000000,0.000429
44008,29449,0.000000,0.013498
116201,74277,0.000000,0.197593
104268,62943,0.000000,0.000000
14006,116201,0.000000,0.011181
14006,101167,0.000000,0.026873
5362,52524,0.000000,0.009193
83971,18,0.000000,0.007649
56231,5692,0.000000,0.000000
14006,119810,0.000000,0.002310
104268,113668,0.000000,0.380014
116201,119810,0.000000,0.001351
88553,81414,0.000000,0.447867
55965,81238,0.544231,0.070648
46392,22736,0.543328,0.282447
12549,118572,0.000000,0.123690
5879,44441,1.000000,0.999411
86692,49497,0.000000,0.032216
24388,49497,0.000000,0.247634
81667,23653,0.000000,0.004494
109160,49497,0.000000,0.000643
14923,114093,0.000000,0.009152
118194,23653,0.000000,0.002637
9018,64579,0.000000,0.001021
32891,114586,0.000000,0.000488
42808,74125,0.000000,0.181539
115788,72792,0.000000,0.222946
48710,106900,0.000000,0.443608
74125,52252,0.543328,0.315559
103534,9018,0.000000,0.001269
26897,27380,0.000000,0.003920
463,46392,0.543328,0.158189
55171,463,0.544623,0.108895
118194,115788,0.000000,0.148256
48242,24388,0.000000,0.108726
62083,122944,0.000000,0.000599
86692,66445,0.000000,0.460122
14923,64198,0.545918,0.447451
20448,38394,0.000000,0.564056
81667,49497,0.000000,0.058614
52568,38394,0.000000,0.012443
81667,12549,0.000000,0.218024
74125,109160,0.000000,0.002470
103534,66445,0.544231,0.148024
118572,114586,0.000000,0.001314
32891,52568,0.000000,0.005053
55965,50334,0.000000,0.022581
91462,103534,0.000000,0.206874
93879,35403,0.543328,0.104824
92880,103534,0.000000,0.099715
103534,5283,0.000000,0.027538
52568,35403,0.000000,0.008848
74125,35403,0.544623,0.538008
44441,62837,0.000000,0.001890
52568,48242,0.000000,0.020783
47742,81238,0.000000,0.007967
109815,48859,0.543802,0.551589
5283,42808,0.000000,0.008746
91462,2868,0.000000,0.533879
27380,116850,0.526642,0.295386
70231,72792,0.000000,0.000001
118572,5879,0.000000,0.004606
103534,122944,0.546691,0.372246
20448,48710,0.000000,0.151912
3574,114586,0.000000,0.343715
36071,48710,0.544231,0.156606
118572,12549,0.000000,0.131148
27380,48242,0.000000,0.253155
48710,46392,0.543328,0.338574
64579,103534,0.546691,0.188461
35403,86692,0.000000,0.244810
64198,48242,0.545918,0.120054
55171,26897,0.000000,0.002278
64579,52568,0.000000,0.040218
35403,50334,0.000000,0.206377
81238,35403,0.544231,0.144087
52568,3574,0.000000,0.000577
56644,114586,0.000000,0.001028
74125,9018,0.000000,0.004269
106900,27380,0.000000,0.102382
106900,3574,0.000000,0.002105
93879,38394,0.543328,0.068462
109160,14923,0.000000,0.000855
40005,36071,0.544623,0.143549
91462,49497,0.000000,0.322324
5283,62837,0.000000,0.196998
91462,72792,0.000000,0.505148
62083,36071,0.000000,0.001160
42808,22736,0.000000,0.033303
118572,23653,0.000000,0.004259
88553,47742,0.000000,0.003729
46392,5879,0.000000,0.003327
27380,55965,0.000000,0.199960
48242,20448,0.000000,0.094260
115788,22736,0.543802,0.097206
22736,9018,0.000000,0.003801
74125,93879,0.543328,0.118690
12549,118194,0.000000,0.213602
116850,66445,0.000000,0.145375
52252,42808,0.000000,0.218428
48859,23653,0.000000,0.003609
91462,92880,0.000000,0.274216
55965,23653,0.000000,0.001147
109160,81414,0.000000,0.000648
62837,5283,0.000000,0.209119
3574,5879,1.000000,0.996623
92880,37377,0.000000,0.184313
118572,16494,0.000000,0.183057
52252,74125,0.543328,0.273653
116850,20448,0.000000,0.244580
74125,92880,0.000000,0.147818
72792,38394,0.000000,0.452491
95010,64856,0.547352,0.577842
113663,3283,0.547042,0.396490
113663,80706,0.547352,0.455940
116967,74978,1.000000,0.583470
123178,121208,0.000000,0.000344
15736,731,0.547352,0.566434
84540,66590,0.000000,0.003077
95010,77997,1.000000,0.524698
82721,77997,1.000000,0.338649
82721,66590,0.547352,0.476615
23250,54118,0.547642,0.353087
2637,66341,0.549273,0.406178
23250,57583,0.547642,0.528222
80706,99217,0.547352,0.585626
54118,93289,0.547915,0.599481
2637,74978,0.547915,0.263826
91821,47746,0.549073,0.498030
84540,48249,0.000000,0.001850
12520,80706,0.547042,0.582906
10131,35380,0.000000,0.339212
32337,22051,0.548645,0.633602
105872,23250,0.547352,0.467428
22051,95010,0.547352,0.601462
71986,82721,0.547352,0.528517
66590,71986,1.000000,0.549675
35380,10290,0.000000,0.255582
75181,82721,1.000000,0.452962
21477,97075,0.547352,0.571051
79871,47746,0.000000,0.001060
123178,53204,0.547642,0.180167
113663,66590,0.547642,0.320533
10131,57946,0.000000,0.562910
29370,80706,0.547352,0.619866
15736,10131,0.547042,0.529122
116967,105872,0.547352,0.538182
66341,10290,0.547042,0.477075
108328,10623,0.000000,0.000082
74978,95264,0.547915,0.623063
110521,57946,0.000000,0.544695
88296,75181,0.547352,0.575669
66341,93289,0.547915,0.594650
10131,10290,1.000000,0.609218
84540,119495,0.000000,0.001885
731,110521,0.548172,0.577035
48249,110271,0.547642,0.547464
23250,66590,1.000000,0.446156
75181,77997,1.000000,0.526586
40962,80571,0.548645,0.599656
80706,75181,1.000000,0.605288
10131,3952,0.547042,0.597935
99217,106410,0.548172,0.593656
731,35380,0.000000,0.201762
40962,84540,0.000000,0.004892
116967,37504,0.547915,0.507274
91202,123178,1.000000,0.379056
108328,123178,0.000000,0.000031
57946,91821,0.000000,0.346037
94753,108328,0.000000,0.000278
21477,47746,0.547352,0.557352
57583,29370,1.000000,0.416920
119495,40962,0.548864,0.594123
95264,106410,0.548172,0.603533
40962,21477,0.547352,0.592283
7799,119495,0.547042,0.449488
37504,40962,0.548415,0.541055
94753,71986,0.000000,0.057166
108328,87505,0.000000,0.000047
10131,731,0.547042,0.601388
3283,32337,0.547042,0.599681
88296,106410,0.547642,0.456611
29370,94753,0.000000,0.081312
32337,71986,0.547642,0.580798
95010,15736,1.000000,0.312113
105872,22051,0.547352,0.578908
57583,54118,0.548415,0.311178
82721,113663,0.547352,0.536568
21477,57583,0.547352,0.395127
93289,44056,0.547915,0.611495
66590,93289,0.547642,0.571109
18368,66341,0.548645,0.592910
80706,119495,0.547352,0.535745
53204,23250,0.547642,0.098565
23250,2637,0.547642,0.092844
116967,54118,0.547915,0.550780
105872,113663,0.547352,0.264310
79871,80706,0.000000,0.000525
54118,80571,0.548645,0.480424
53204,80706,0.547352,0.488358
80706,116967,0.547352,0.582776
93289,12520,0.547042,0.592499
94753,7514,0.000000,0.045811
123178,18368,0.547642,0.463182
80571,110521,0.548172,0.516157
119495,47746,0.549824,0.613830
113663,53204,0.554924,0.676977
40962,15736,0.547352,0.585665
105872,94753,0.000000,0.098312
64856,75181,0.547352,0.585512
95010,23250,0.547352,0.538111
84540,80706,0.000000,0.003505
101846,28354,0.548246,0.598383
1424,44100,0.548246,0.688021
62083,26083,0.000000,0.002314
42228,61258,0.549708,0.563257
113665,53065,0.548579,0.084181
13218,61258,0.548246,0.537998
1424,49816,0.548246,0.651085
7514,75875,0.548579,0.491043
74506,17071,0.548889,0.590874
102226,21634,0.000000,0.582125
62083,17071,0.000000,0.003157
13218,26936,0.000000,0.021895
65133,101846,0.548889,0.213599
74506,87004,0.548579,0.530454
101846,41723,0.548246,0.575401
32774,54997,0.000000,0.381533
29915,32774,0.000000,0.000899
40884,7514,0.000000,0.548181
95010,102226,0.000000,0.484804
29409,80571,0.548246,0.520779
21249,92396,0.000000,0.000327
92396,49816,0.000000,0.000591
36613,54997,0.000000,0.289124
61342,22993,0.548579,0.585644
110271,95010,0.548889,0.552246
28354,61258,0.548246,0.543923
65133,13218,0.548246,0.204466
53644,8022,0.548246,0.395555
20706,28354,1.000000,0.602086
28354,21249,1.000000,0.573052
78146,26083,0.548579,0.532373
48249,41530,0.548246,0.593944
75875,54997,0.000000,0.145043
22051,8022,0.550181,0.537620
91060,28354,0.548246,0.555515
7514,62083,0.000000,0.001593
22051,113663,0.550181,0.533884
66341,41530,0.548246,0.541505
116967,87004,0.548579,0.546631
22051,61258,0.550181,0.595766
15736,95010,1.000000,0.290820
26936,28354,0.000000,0.037871
53204,35711,0.549179,0.278471
74506,110271,0.549179,0.489026
113663,21249,0.548246,0.378232
15736,7514,0.548889,0.557141
87004,22051,0.548579,0.604632
65133,40884,0.000000,0.078930
10290,77997,0.548579,0.571875
113665,74506,0.548579,0.141687
21634,22051,0.548246,0.597194
40058,4945,1.000000,0.605163
4945,29915,0.000000,0.000674
22993,32774,0.548579,0.435191
53065,41723,0.548246,0.497956
28354,1424,0.548246,0.597062
95010,7514,0.548889,0.512676
8022,52664,0.548579,0.504884
65133,95010,0.548889,0.080250
66341,86971,0.000000,0.000328
13218,40058,1.000000,0.606245
26936,21249,0.000000,0.033297
78146,21070,0.548579,0.528556
87004,22993,1.000000,0.550625
1424,87778,1.000000,0.617056
61342,42228,0.548889,0.602516
80571,1424,0.548579,0.518576
1424,29915,0.000000,0.000631
7514,74506,0.549179,0.578007
29915,113665,0.000000,0.000377
116967,66341,0.549451,0.547725
17071,40884,0.000000,0.569823
70992,101846,0.548889,0.565830
35711,4945,0.548246,0.569274
62083,87778,0.000000,0.001469
4945,48249,0.548246,0.539877
12438,49816,0.548246,0.601272
77997,53065,0.548889,0.303836
116967,29409,0.548246,0.565367
52664,28354,0.548246,0.601721
41723,8022,0.548246,0.435809
26083,53204,0.548579,0.422035
54997,29915,0.000000,0.000170
54997,21249,0.000000,0.203567
75875,29915,0.000000,0.000794
110271,101846,0.548889,0.591996
57617,36613,0.549179,0.594261
7514,66341,0.549179,0.572475
74506,113665,0.548579,0.196086
7514,4945,0.548246,0.550095
53204,53644,0.548246,0.438176
29915,49816,0.000000,0.000654
113665,77997,0.548579,0.264463
4945,53065,0.548246,0.536518
29915,116967,0.000000,0.001039
57617,53644,0.548246,0.604957
21634,110271,0.548246,0.577229
29409,110271,0.548246,0.599014
26936,4945,0.000000,0.005715
91060,41530,0.548246,0.551723
43011,95349,0.587612,0.503933
95774,59662,0.000000,0.289262
26876,95349,0.587612,0.464739
4059,6574,1.000000,0.714745
5653,46751,0.000000,0.001115
82678,44885,0.000000,0.091269
45437,26876,0.590812,0.577336
5653,46889,0.000000,0.005326
47920,87306,0.586551,0.461792
7201,31767,0.589599,0.606042
44885,49814,0.590960,0.606193
95808,45437,0.591760,0.625132
21090,104259,0.586934,0.488033
31767,36965,0.589599,0.588650
6574,95774,0.591104,0.582339
80051,81607,0.000000,0.001016
43011,46889,0.000000,0.003365
82678,21975,0.000000,0.138593
82678,80051,0.000000,0.124284
82678,27827,0.000000,0.114079
76405,46751,0.000000,0.000694
48969,63413,0.000000,0.442955
43011,18024,0.588200,0.519115
4301,13357,0.000000,0.256367
29508,43011,0.000000,0.002224
104259,22969,0.591509,0.612248
5600,82678,0.000000,0.187205
62390,95808,0.590160,0.615868
34990,121597,0.591636,0.641670
5653,41761,0.588717,0.565119
29508,7201,0.000000,0.000858
7201,81418,0.000000,0.200148
4059,36965,0.592222,0.637202
43011,45437,0.588200,0.477962
4059,4301,0.000000,0.235305
95774,4059,0.591104,0.581843
18024,67839,0.588955,0.549041
36965,80051,0.589794,0.541213
87306,95349,0.586551,0.536098
48969,45437,0.591636,0.687780
44885,85544,0.589180,0.567932
12278,76405,0.589794,0.553584
57667,27827,0.589395,0.544177
62083,81418,0.000000,0.001592
31767,104259,0.589599,0.591061
49814,22969,0.590960,0.632808
81607,49814,0.000000,0.000885
59662,2279,0.000000,0.357172
7201,61143,0.591636,0.621095
31767,44885,0.589599,0.588632
6574,45437,0.591760,0.598511
7201,95774,0.591104,0.615641
43011,87306,0.586551,0.525629
63413,48969,0.000000,0.427382
82678,120013,0.000000,0.131798
104259,4301,0.000000,0.250200
121741,7201,0.590658,0.601420
5600,13357,0.588717,0.570745
107711,36965,0.587612,0.433433
61121,82678,0.000000,0.016307
61143,107711,0.587612,0.455473
120013,95808,0.589395,0.565951
120013,118801,0.589395,0.534051
18024,18623,0.587916,0.548043
79749,61143,0.591636,0.622072
87306,47920,0.586551,0.467362
110033,76405,0.590812,0.569015
21975,18024,0.591760,0.615696
76405,81607,0.000000,0.000775
4301,110033,0.000000,0.202769
4301,96002,0.000000,0.282986
59662,104259,0.000000,0.266301
121597,34990,0.591636,0.641332
95808,110033,0.592222,0.628935
7201,104259,0.591636,0.621063
59662,121741,0.000000,0.297412
61143,120013,0.589395,0.533954
62390,18623,0.587916,0.578146
79749,44885,0.591880,0.624628
7201,110033,0.591760,0.623036
96263,61143,0.587916,0.463123
48969,84529,0.590498,0.599519
43011,31767,0.588200,0.552376
85544,43011,0.588200,0.563027
76405,6574,0.590812,0.575340
21975,82678,0.000000,0.171024
62083,12278,0.000000,0.000367
27827,4301,0.000000,0.274477
121741,5653,0.588717,0.570365
87306,67839,0.586551,0.531432
63413,13357,0.000000,0.486305
84529,81607,0.000000,0.000938
48969,80051,0.589794,0.546529
21975,62390,0.590160,0.615518
18024,118801,0.591636,0.594547
5600,87306,0.586551,0.534485
18623,43011,0.587916,0.562113
7201,118801,0.591636,0.621079
36965,81418,0.000000,0.126645
15693,104259,0.591636,0.622884
44700,10108,1.000000,0.994749
40922,10108,1.000000,0.746284
85105,24736,1.000000,0.968753
103151,62083,1.000000,0.994447
104273,45132,1.000000,0.034012
35231,63170,0.000000,0.001242
45132,67880,0.000000,0.006950
118600,35231,0.000000,0.023585
103151,63170,0.000000,0.001629
27561,83939,0.000000,0.002607
63170,45132,0.000000,0.001198
35231,45132,0.000000,0.007455
10108,63170,0.000000,0.001702
23283,24736,1.000000,0.980473
44700,7280,0.000000,0.004912
7280,62083,0.000000,0.002754
10108,103151,1.000000,0.994924
85105,45132,1.000000,0.996284
63170,104273,0.000000,0.000610
63170,7280,0.000000,0.000323
27561,118600,0.000000,0.013761
62083,35231,0.000000,0.011947
67880,46835,0.000000,0.013034
67880,45132,0.000000,0.004854
17108,40922,0.000000,0.011431
10108,27561,0.000000,0.010887
17108,44700,0.000000,0.003916
104273,21972,1.000000,0.038737
46835,118600,1.000000,0.818476
14498,62083,0.000000,0.007100
118600,40922,1.000000,0.699170
103151,38054,0.000000,0.023037
67880,40922,0.000000,0.025845
44700,21972,1.000000,0.995106
67880,7280,0.534962,0.007515
7280,10108,0.000000,0.004371
118600,46835,1.000000,0.814963
118600,17108,0.000000,0.009048
45132,21972,1.000000,0.994279
118600,38054,0.000000,0.020611
44700,38054,0.000000,0.021881
40922,14498,0.000000,0.037804
24736,35231,0.000000,0.034505
103151,21972,1.000000,0.995289
14498,7280,0.000000,0.003435
85105,62083,1.000000,0.995418
118600,85105,1.000000,0.860248
10108,21972,1.000000,0.995150
38054,24736,0.000000,0.013289
83939,40922,0.000000,0.024272
46835,67880,0.000000,0.013996
104273,23283,1.000000,0.039817
38054,40922,0.000000,0.021318
40922,104273,1.000000,0.014817
7280,118600,0.000000,0.006967
104273,46835,1.000000,0.015237
23283,35231,0.000000,0.020302
103151,118600,1.000000,0.894293
14498,40922,0.000000,0.036793
7280,67880,0.534962,0.006694
7280,38054,0.000000,0.011816
40922,27561,0.000000,0.023442
17108,85105,0.000000,0.003323
27561,10108,0.000000,0.007454
35231,10108,0.000000,0.012943
14498,83939,0.000000,0.001060
40922,83939,0.000000,0.025806
40922,23283,1.000000,0.754168
7280,35231,0.534962,0.080957
38054,27561,0.000000,0.002387
83939,118600,0.000000,0.021907
85105,83939,0.000000,0.034804
35231,62083,0.000000,0.008039
35231,85105,0.000000,0.009028
35231,44700,0.000000,0.010598
23283,44700,1.000000,0.993800
27561,38054,0.000000,0.002332
46835,23283,1.000000,0.896051
14498,63170,0.000000,0.009713
21972,17108,0.000000,0.006417
45132,14498,0.000000,0.015253
35231,21972,0.000000,0.012408
14498,23283,0.000000,0.017833
17108,21972,0.000000,0.004609
45132,85105,1.000000,0.996310
45132,63170,0.000000,0.001374
35231,17108,0.000000,0.100365
103151,104273,1.000000,0.071578
118600,103151,1.000000,0.864909
46835,85105,1.000000,0.894091
40922,38054,0.000000,0.023285
27561,7280,0.000000,0.015358
23283,14498,0.000000,0.026412
85105,67880,0.000000,0.008511
62083,27561,0.000000,0.008372
17108,23283,0.000000,0.005295
62083,45132,1.000000,0.996418
83939,10108,0.000000,0.035384
67880,21972,0.000000,0.008139
104273,118600,1.000000,0.014253
122093,90669,0.565035,0.395735
90669,8293,0.000000,0.167684
39592,11184,0.000000,0.033052
29717,51735,0.564040,0.253700
70608,45241,0.000000,0.050536
67213,62943,0.000000,0.000000
40605,46792,0.000000,0.000421
18636,75134,0.565848,0.199035
90669,20768,1.000000,0.405500
106857,18636,0.565848,0.047343
46792,17821,0.000000,0.000154
6077,113391,0.000000,0.315669
14353,18942,0.000000,0.012689
29717,106857,0.564040,0.018311
30414,90809,0.566536,0.087436
92936,90065,0.000000,0.013539
44465,759,0.000000,0.000031
103816,11184,0.565035,0.342742
2863,30414,0.565035,0.411605
24649,45869,0.565848,0.484924
90133,51735,0.565848,0.487416
62943,122991,0.000000,0.000000
59331,31738,0.000000,0.324865
17821,18636,0.565035,0.198999
108479,90133,0.565035,0.259461
76452,31804,0.000000,0.006243
94847,108479,0.000000,0.630158
11184,4577,0.000000,0.048574
122991,18942,0.000000,0.029030
91328,30414,0.565848,0.136529
115688,45241,0.000000,0.036698
31804,49842,1.000000,0.848002
110195,11184,0.000000,0.000267
46792,108479,0.000000,0.000154
60185,17821,0.000000,0.038394
4577,90809,0.000000,0.317537
31804,30414,0.565848,0.478602
16966,8405,0.000000,0.023830
113538,35782,0.000000,0.198082
90809,18636,0.565848,0.068632
24649,113538,0.000000,0.131242
90065,14353,0.000000,0.012434
14345,75134,0.000000,0.000000
18636,115688,0.000000,0.017447
11184,30414,0.565035,0.263006
59331,56231,0.000000,0.000000
97489,24649,0.000000,0.006238
40605,35782,0.000000,0.168599
44465,122991,0.000000,0.000156
29717,31738,0.564040,0.314672
60185,103816,0.000000,0.031461
46792,40605,0.000000,0.000508
30414,77508,0.000000,0.000000
56231,77508,0.000000,0.000889
759,35782,0.000000,0.005705
18942,30414,0.564040,0.186106
61642,94847,0.000000,0.375519
113391,40605,0.000000,0.077569
40605,6077,0.000000,0.120713
94847,96536,0.000000,0.035612
116987,70608,0.000000,0.046557
98008,60185,0.000000,0.042719
759,31804,0.000000,0.008104
70608,75134,0.000000,0.281422
17821,97489,0.000000,0.003588
90133,110195,0.000000,0.000223
92936,91328,0.000000,0.011593
56231,67213,0.000000,0.000000
17821,45869,0.565035,0.258648
122093,62943,0.000000,0.000000
90133,40605,0.000000,0.175660
2863,67213,0.565035,0.474186
24649,18636,1.000000,0.279250
70608,96536,0.000000,0.043405
14353,92936,0.000000,0.001563
122093,8293,0.000000,0.120374
113148,98008,0.000000,0.056627
39975,92936,0.000000,0.011453
29717,45869,0.564040,0.162083
113538,103816,0.000000,0.151669
6077,76452,0.000000,0.003587
11184,24649,0.565035,0.288339
98008,14345,0.000000,0.000000
97489,61642,0.000000,0.009901
39592,60185,0.000000,0.012665
62943,44465,0.000000,0.000000
90065,115688,0.000000,0.021295
759,113391,0.000000,0.003726
90065,31804,0.565035,0.473880
96536,14345,0.000000,0.000000
90809,24649,0.565848,0.044353
75134,60185,0.000000,0.035519
35782,75134,0.000000,0.199318
106857,24649,0.565848,0.055368
39975,6077,0.565035,0.210231
46792,29717,0.000000,0.000182
122093,11184,1.000000,0.426951
76452,108479,0.000000,0.004536
6077,40605,0.000000,0.099913
46792,18942,0.000000,0.000182
61349,85112,0.666142,0.603066
86581,26436,0.665468,0.610084
82222,7333,0.665819,0.660350
30172,3820,0.665647,0.594829
99716,15301,0.665647,0.617383
70691,71402,1.000000,0.595895
15301,101714,0.665984,0.621478
112078,70691,0.665819,0.590364
110679,43902,0.000000,0.000842
88526,70691,0.665819,0.616255
112078,85112,0.666295,0.571661
110679,56179,0.000000,0.000815
88526,40483,0.665984,0.598731
61466,15301,0.665819,0.660095
103743,22868,0.665468,0.609562
85112,25755,0.666583,0.580250
120981,86581,0.665647,0.614345
71402,22868,0.665468,0.584500
21573,113661,0.665819,0.617650
61466,27333,0.665819,0.596798
480,62744,0.665468,0.591975
47867,24716,0.666142,0.587486
45,7333,1.000000,0.781356
101714,40483,0.665984,0.601457
47925,85112,0.665819,0.597771
30172,119699,0.665647,0.593957
71402,40190,0.665647,0.580965
99716,120710,0.665647,0.592585
26868,27333,0.665647,0.594466
47867,110679,0.000000,0.000794
110679,21573,0.000000,0.000839
110407,44112,0.665819,0.594655
120710,82222,0.665819,0.589096
110679,97487,0.000000,0.001045
7333,26868,0.665647,0.617070
47925,81373,1.000000,0.784942
45999,63115,0.665984,0.622615
30172,40483,0.665647,0.594509
63115,88526,0.665984,0.620050
65331,119699,0.665819,0.596243
70691,44112,1.000000,0.782678
3820,113661,0.665819,0.590780
62744,47273,1.000000,0.296574
65331,88526,0.665819,0.616841
109030,61466,0.665819,0.590377
60012,85112,0.666441,0.607693
76386,40190,0.665647,0.594491
1216,106138,0.665647,0.615452
99716,57248,1.000000,0.263717
26868,24716,0.665647,0.603771
1216,54556,0.665647,0.616672
60012,43902,0.666295,0.605047
120710,30172,0.665647,0.585113
109030,10695,0.666295,0.599519
103743,21573,0.666583,0.633215
72572,26868,0.665647,0.587389
61466,103743,0.665819,0.617252
24102,7333,0.665647,0.617376
30172,63115,0.665647,0.617396
54556,112078,0.666142,0.601665
57248,111674,1.000000,0.233904
111674,21573,0.665647,0.614911
21215,109030,0.666295,0.605820
10695,7333,0.665984,0.621005
81373,101714,0.665819,0.618217
70691,65337,0.665647,0.594344
85112,40190,0.665647,0.550115
27333,1216,0.665647,0.587661
47273,24102,0.665647,0.383768
97487,63115,0.665647,0.588870
15301,30172,0.665647,0.617075
106138,26436,0.665468,0.611179
112078,88526,0.666295,0.599586
45,10695,0.665984,0.621506
103743,40483,0.665984,0.599599
103743,110679,0.000000,0.000778
120981,480,0.665468,0.648606
81373,62744,0.665819,0.597926
25755,480,0.665468,0.584883
27333,60012,0.665984,0.595464
33836,65331,1.000000,0.781595
47867,120981,0.665647,0.587948
88526,56179,0.665819,0.581713
86581,15301,0.665984,0.620251
60012,56179,0.665819,0.585187
1216,110407,0.665647,0.591243
10695,47273,0.666583,0.442905
76386,47273,0.666295,0.437873
27333,96069,0.665984,0.593896
25755,45999,0.666295,0.598108
62744,99716,0.665647,0.588304
96069,26436,0.665468,0.612463
97487,86581,0.665647,0.585303
47273,43902,0.666295,0.277403
7333,47867,0.665984,0.599521
40483,24102,0.665647,0.587697
112078,65337,0.665647,0.556147
88526,60012,0.666441,0.628254
10443,86581,0.666142,0.597575
56179,111674,0.665647,0.586343
42537,96536,0.000000,0.024211
82849,62904,0.000000,0.000038
12895,108064,0.000000,0.005087
119069,62461,0.000000,0.289790
99198,42473,0.000000,0.001572
30202,107828,0.000000,0.046634
30202,28908,0.556952,0.536122
42537,73433,0.000000,0.002709
21271,87619,0.000000,0.504522
2140,108064,0.000000,0.000159
48300,58041,0.000000,0.004532
23671,2140,0.000000,0.001240
21271,52148,0.000000,0.051492
2140,104940,0.000000,0.002029
106348,28908,0.000000,0.001523
96536,60117,0.000000,0.006998
77278,42604,0.000000,0.000857
62131,119810,0.000000,0.007106
62461,114399,0.570213,0.006027
5801,30957,0.000000,0.001687
30202,44875,0.000000,0.110978
96536,87619,0.000000,0.027247
94951,73433,0.000000,0.000576
94048,88398,0.000000,0.066756
60117,57691,0.000000,0.007478
95892,60098,0.000000,0.004049
107828,44875,0.000000,0.043727
23671,104940,0.565319,0.100933
106348,8175,0.580615,0.847275
94951,99198,0.566602,0.009249
102956,106348,0.000000,0.003141
49354,96536,0.000000,0.034197
95892,97615,0.000000,0.017349
104940,12895,0.000000,0.013741
21271,106348,0.000000,0.012839
23671,87619,0.000000,0.056492
7735,96536,0.000000,0.022347
62131,49354,0.000000,0.513339
107828,30957,0.000000,0.001904
57691,30957,0.000000,0.036704
99198,17124,1.000000,0.081826
58243,77278,0.565319,0.014995
44875,62131,0.000000,0.000306
7735,96876,0.000000,0.109112
112713,114399,0.000000,0.031423
48300,115882,0.000000,0.024753
45297,42604,0.000000,0.001777
77278,42537,0.565319,0.033515
73858,42537,0.000000,0.001042
119069,62943,0.000000,0.000000
111222,115882,0.000000,0.007733
94048,45297,0.000000,0.100740
112713,8716,0.000000,0.000460
106348,49354,0.000000,0.013486
5801,60119,0.000000,0.003187
58041,44875,0.000000,0.162587
94951,107828,0.000000,0.000889
82849,62943,0.000000,0.000000
58041,21271,0.000000,0.004009
17124,106348,0.000000,0.012153
58243,64037,0.575845,0.281976
23671,94048,0.000000,0.154194
36816,42537,0.000000,0.000823
5801,42473,0.000000,0.000029
2140,87619,0.000000,0.003442
5801,77278,0.000000,0.000790
42604,62943,0.000000,0.000000
114399,96439,0.000000,0.001080
87619,7735,0.000000,0.007604
87619,73858,0.000000,0.002674
42537,7735,0.000000,0.018661
66853,58243,0.000000,0.094072
66853,108064,0.563510,0.001478
66853,117503,0.571492,0.010522
114399,66853,0.000000,0.013153
108064,21271,0.000000,0.008782
117503,77278,0.000000,0.013506
36913,5801,0.000000,0.001192
119069,36913,0.565319,0.008212
73433,87619,0.000000,0.013478
73858,106348,0.000000,0.001063
48300,57691,0.000000,0.129729
64037,106348,0.000000,0.235887
5801,55562,0.000000,0.003565
106348,108064,0.563510,0.010207
58041,60119,0.000000,0.003407
2140,77278,0.000000,0.000865
95892,66853,0.566602,0.003727
114399,36816,0.000000,0.000821
94951,48300,0.000000,0.003913
12895,30957,0.000000,0.146198
77278,106348,0.000000,0.010121
23671,42473,0.000000,0.005021
36913,98055,0.000000,0.032173
23671,57800,0.000000,0.082513
36913,2140,0.000000,0.001241
111222,98055,0.000000,0.017287
52148,36816,0.000000,0.000587
94048,36816,0.000000,0.000735
12895,117503,0.000000,0.018931
120661,12157,0.000000,0.002557
48375,69280,0.000000,0.001841
94604,109500,0.587612,0.582278
79158,62306,0.588466,0.595111
10805,59632,0.587612,0.579685
62306,64056,0.587916,0.587066
82071,35739,0.588717,0.600244
90321,84992,0.586551,0.557362
8347,82071,0.589180,0.578494
77455,101787,0.587286,0.567023
71205,80819,0.000000,0.001906
48375,96757,0.660309,0.527755
35976,64471,0.000000,0.001134
84870,35739,0.588466,0.609860
64471,58610,0.000000,0.001033
80819,84992,0.587916,0.591321
10805,77455,0.587286,0.572146
62083,79158,0.000000,0.000499
58610,92648,0.587612,0.542704
21359,110720,1.000000,0.995108
90321,96757,0.000000,0.029967
8347,83844,0.586551,0.506467
110720,64471,1.000000,0.996960
96789,62668,0.000000,0.002407
96757,69280,0.000000,0.001783
59632,84992,0.587612,0.582278
101787,57231,0.000000,0.001287
109500,35976,0.588200,0.588875
45579,12157,0.586551,0.560663
64471,101787,0.000000,0.001197
620,58610,0.590160,0.577416
62083,21359,1.000000,0.995415
32124,111832,0.587612,0.579685
79158,620,0.589180,0.584865
99005,88569,0.588200,0.589751
74417,79158,0.588200,0.590446
10805,57231,0.000000,0.001471
80819,12157,0.586551,0.559022
56660,109450,0.589395,0.581779
96757,8347,0.000000,0.048071
33878,110720,0.000000,0.001225
88569,42038,0.588200,0.590457
5141,11513,0.659096,0.558127
64471,84992,0.000000,0.001563
14339,10196,1.000000,0.792073
83844,110720,0.000000,0.001988
620,62142,0.588466,0.515329
33878,94604,0.587612,0.577202
33878,62219,0.587286,0.569284
33878,101787,0.589180,0.607997
69946,96789,0.000000,0.001418
111832,48375,0.000000,0.240402
21359,109450,0.000000,0.001437
99005,32124,0.588717,0.600244
48375,62083,0.000000,0.000933
59632,48375,0.000000,0.240402
64056,109450,0.587916,0.583503
84870,97740,0.588466,0.609860
11513,8347,0.588200,0.569300
50593,21359,0.000000,0.001820
72180,84870,0.587612,0.543631
59632,62306,0.587612,0.581191
59632,79158,0.587612,0.577846
58610,97740,0.588717,0.570948
72180,41696,0.586934,0.535054
62083,45579,0.000000,0.000620
72180,110720,0.000000,0.002109
33878,83844,0.586551,0.547805
11513,58610,0.588200,0.568643
80819,10196,0.587916,0.586543
10196,74417,0.588200,0.591788
88569,79158,0.588200,0.590450
14339,11513,0.588200,0.591789
92648,56660,0.587612,0.556627
62219,109450,0.587286,0.568677
21359,45579,0.000000,0.002063
77455,46068,0.587286,0.548221
62142,99005,0.588466,0.562819
96333,11513,0.588200,0.597958
90321,110720,0.000000,0.001989
62083,48375,0.000000,0.000986
111832,90320,0.587612,0.580262
92648,62306,0.587612,0.581191
72180,96789,0.000000,0.002272
42038,74417,0.588200,0.589749
57231,79158,0.000000,0.001469
99005,96333,0.588466,0.595100
96757,48375,0.660309,0.536496
59933,90321,0.586551,0.552292
97740,69946,1.000000,0.792073
79158,64471,0.000000,0.001204
62142,72180,0.587612,0.501451
32124,64056,0.587916,0.585960
64471,96333,0.000000,0.001461
92648,77455,0.587286,0.576902
109450,14339,0.588717,0.599079
5141,69280,0.000000,0.001820
46068,80819,0.587916,0.555691
120661,62142,0.000000,0.001952
46068,71205,0.000000,0.001303
91862,27422,0.000000,0.141113
17283,11578,0.000000,0.000000
73566,18629,0.573480,0.186002
118357,55955,0.000000,0.000000
3421,76047,0.000000,0.026205
10239,36966,0.000000,0.174352
9075,19090,0.000000,0.022523
18629,1369,0.573240,0.303621
98775,83625,0.000000,0.058741
120288,111812,0.000000,0.543849
47325,62083,0.000000,0.000372
11578,52841,0.000000,0.000000
91862,74876,0.000000,0.004999
94103,117785,0.000000,0.421066
39296,24298,0.000000,0.021300
6696,17283,1.000000,0.471044
6696,35359,0.000000,0.001518
23950,94103,0.000000,0.007921
16317,71512,0.000000,0.000001
1369,104988,0.000000,0.000008
120288,55955,0.000000,0.088375
118357,19709,0.000000,0.000000
71512,118357,0.000000,0.000000
39296,104988,0.000000,0.000008
19090,117785,0.000000,0.003437
74924,70907,0.000000,0.000729
960,36966,0.000000,0.017545
19709,23950,0.000000,0.011778
111812,16317,0.000000,0.000009
120288,99513,0.000000,0.013891
76047,66962,0.000000,0.090314
9478,83897,0.572430,0.021348
17749,74876,0.000000,0.004056
37541,62208,0.000000,0.000001
18629,74876,0.000000,0.003847
69264,17283,0.000000,0.056735
17283,91862,0.000000,0.388302
17749,3542,0.000000,0.115602
35359,17749,0.000000,0.000842
120288,9075,0.000000,0.024383
17102,23950,0.000000,0.004080
98775,19090,0.571795,0.007935
96943,73566,0.000000,0.051841
6696,118357,0.000000,0.000001
71512,10239,0.000000,0.018674
71512,96943,0.000000,0.001697
16317,69264,0.000000,0.000001
37541,66962,0.000000,0.000000
104563,106998,0.000000,0.054982
94103,10239,0.000000,0.601704
3421,106998,0.000000,0.081655
48423,71512,0.000000,0.017344
74876,39296,0.000000,0.001880
17577,9075,0.000000,0.028547
16317,39296,0.000000,0.000001
62083,3421,0.000000,0.020774
74876,3421,0.000000,0.000977
47325,106998,0.000000,0.000829
55955,117785,0.000000,0.061324
17577,69264,0.000000,0.038420
105318,36966,0.000000,0.080182
16317,111812,0.000000,0.000003
23950,17749,0.000000,0.008740
19090,98775,0.571795,0.008203
111695,9478,0.000000,0.014457
90725,19709,0.571795,0.048462
17749,104988,0.000000,0.000003
83625,17577,0.000000,0.043953
33236,62083,0.000000,0.065805
74924,106380,1.000000,0.928099
960,48423,0.000000,0.007937
99513,55955,0.000000,0.052632
76047,17749,0.000000,0.145611
19090,69264,0.000000,0.037069
62208,120288,0.000000,0.019013
111695,6696,0.000000,0.036634
16317,117785,0.000000,0.000001
83897,55955,0.574131,0.074500
70907,52841,0.000000,0.039084
70907,19090,0.000000,0.049155
16050,18629,0.000000,0.042472
74876,104563,0.000000,0.013901
16317,99513,0.000000,0.000003
1369,111416,0.000000,0.000010
94103,1369,0.566549,0.655163
27422,74924,0.000000,0.010276
122234,70907,0.000000,0.092221
96943,3421,0.000000,0.006755
96943,17749,0.000000,0.011136
120288,9478,0.000000,0.464157
39296,55955,0.574131,0.163653
19090,10239,0.000000,0.016100
35359,106998,0.000000,0.001881
6696,104988,0.000000,0.000009
102851,98775,0.000000,0.044657
100438,9075,0.000000,0.021956
24033,48423,0.000000,0.016531
17577,24298,0.000000,0.025123
106380,17577,0.000000,0.002744
17577,73566,0.569636,0.179840
1625,104970,0.000000,0.565919
66795,38873,0.000000,0.556003
106340,67892,0.000000,0.593195
63214,120978,0.000000,0.002091
24357,116363,0.535265,0.614565
92898,35850,0.545461,0.546935
65410,1881,0.000000,0.593762
57748,83587,0.000000,0.602092
21070,81338,0.547886,0.634314
106340,113243,0.535894,0.616358
40633,82167,0.546062,0.585814
49060,57748,0.547495,0.607126
12112,21431,0.000000,0.588900
21070,18709,0.000000,0.616224
52358,98296,0.545461,0.586706
75875,17696,0.547886,0.574515
106233,66590,0.547066,0.578153
38873,35850,0.543947,0.478788
77463,65930,0.000000,0.000777
63214,38873,0.543947,0.555498
40633,52358,0.546592,0.594544
110521,51750,0.000000,0.587983
91175,113665,0.548246,0.377594
101846,77557,0.000000,0.050622
65930,38873,0.000000,0.002703
61534,57748,0.545461,0.576410
35850,67115,0.000000,0.000950
66590,110521,0.000000,0.571909
118338,75875,0.548579,0.606919
95264,17696,0.547886,0.598181
21070,51750,0.000000,0.616813
83319,67115,0.000000,0.001662
57617,83319,0.000000,0.557830
116363,65930,0.000000,0.001129
75875,113243,0.000000,0.593994
112687,65410,0.000000,0.000871
65410,57617,0.548246,0.614239
92396,66590,0.000000,0.000436
12112,35850,0.547066,0.551160
64856,106340,0.000000,0.540607
65930,77463,0.000000,0.001294
27948,10131,0.000000,0.582094
92898,99843,0.000000,0.547101
77463,1625,0.000000,0.555856
92396,17696,0.000000,0.000537
104970,81338,0.000000,0.550340
112687,66590,0.000000,0.000705
65930,51750,0.000000,0.000982
113243,27948,0.000000,0.612561
35850,116363,0.535265,0.530094
49060,70326,0.000000,0.581494
18709,67115,0.000000,0.000748
116363,101846,0.000000,0.560474
118338,72582,0.000000,0.605413
22051,112687,0.000000,0.000460
75875,10131,0.000000,0.587810
40633,38873,0.543947,0.571706
118338,95264,0.549708,0.693048
106233,67115,0.000000,0.000608
91644,38873,0.000000,0.567698
104970,18709,0.543947,0.556269
116363,82167,0.535265,0.578769
83319,75875,0.000000,0.551391
21070,106233,0.000000,0.576575
104970,64856,0.000000,0.500490
113665,120978,0.000000,0.000333
95264,1881,0.000000,0.573154
111324,83587,0.000000,0.567162
66590,99843,0.000000,0.427774
106233,72582,0.547066,0.608874
95264,106340,0.000000,0.557974
1881,66795,0.000000,0.594761
26083,61534,0.000000,0.583273
77463,91175,0.000000,0.520701
77463,118338,0.000000,0.542292
52358,120978,0.000000,0.002323
104970,49060,0.543947,0.570132
113243,18709,0.535894,0.602913
104970,1881,0.543947,0.571118
61534,86479,0.000000,0.001297
75875,70326,0.547886,0.509860
66795,112687,0.000000,0.000708
111324,91175,0.000000,0.562110
110521,17696,0.547886,0.565568
83319,18709,1.000000,0.581477
65930,52358,0.000000,0.001085
49060,17696,0.000000,0.607348
104970,65410,0.000000,0.557262
49060,106340,0.545461,0.588200
27948,66590,0.000000,0.579017
35850,66795,0.000000,0.586213
65410,12112,0.000000,0.599219
18709,77463,0.546062,0.552204
91175,52358,0.000000,0.556231
52358,66795,0.000000,0.586567
70326,21070,0.547886,0.589740
51284,7036,0.544768,0.582358
98296,20358,0.000000,0.578266
51750,106233,0.547066,0.586573
26083,101846,0.548579,0.654415
18985,1536,0.588955,0.539069
18508,88687,0.588955,0.504941
48921,52788,0.590160,0.562203
98003,96450,0.000000,0.230512
82467,4579,0.589981,0.618151
121037,26094,0.000000,0.010517
33258,1536,0.589395,0.545607
62712,69261,0.590160,0.554939
48921,1536,0.589395,0.537370
47449,18508,0.588955,0.491946
72781,11927,0.000000,0.001345
57060,18508,0.586551,0.462550
82467,54340,0.000000,0.005519
34855,52788,0.000000,0.000888
20287,32974,0.588200,0.536820
114922,57060,0.586551,0.430907
26301,89969,0.588466,0.542667
72781,82467,0.000000,0.000836
88687,4579,0.589794,0.587294
20287,24717,0.588200,0.509374
1764,32828,0.590332,0.570411
48921,26301,0.591243,0.610639
26094,73368,0.000000,0.016043
48113,18985,0.588955,0.506606
88687,22693,0.589180,0.541364
116694,52788,0.589599,0.553023
71856,1536,0.589395,0.550480
87374,122981,0.588955,0.593728
10106,52788,0.588200,0.568973
38132,57060,0.586551,0.432324
32828,30164,0.589981,0.590769
32828,34855,0.000000,0.000676
87256,69261,0.589599,0.589472
22693,48921,0.589180,0.528616
14479,11927,0.588955,0.577122
21922,82467,0.589180,0.571333
62083,47449,0.000000,0.000414
34855,117614,0.000000,0.001010
32974,72781,0.000000,0.000691
98145,47449,0.589395,0.533854
21922,114922,0.589180,0.555207
4579,90085,0.589599,0.534270
47449,48113,0.589395,0.529667
47449,97570,0.588200,0.512087
4579,14479,0.667477,0.783491
117614,122981,0.588955,0.574276
48921,62712,0.590160,0.562287
62083,88687,0.000000,0.000366
97570,116694,0.588200,0.510978
96728,76853,0.588717,0.575842
48921,88687,0.589794,0.549660
62712,58801,0.590160,0.595198
10106,52195,0.588200,0.582496
43426,121037,0.000000,0.001151
52195,96728,0.588717,0.593189
71856,62083,0.000000,0.000319
62712,13377,0.589180,0.578708
88687,72781,0.000000,0.000905
89969,42954,0.588466,0.485493
16583,3372,0.590658,0.593091
82467,96728,0.588717,0.593159
62083,82467,0.000000,0.000388
14479,87374,0.589180,0.590600
16583,42954,0.590658,0.579931
98003,73368,0.588466,0.517708
34855,13377,0.000000,0.001116
20287,121037,0.588200,0.512616
96020,38132,0.589180,0.583414
34855,1536,0.000000,0.001149
96020,114922,0.589395,0.587110
87374,1536,0.589180,0.568817
87256,122981,0.588955,0.602974
1536,88687,0.589395,0.550276
18985,44261,0.588955,0.530465
69261,24717,0.589794,0.542540
69261,71856,0.589794,0.542453
34855,54340,1.000000,0.391278
71856,104357,0.589395,0.550831
76853,3372,0.591104,0.555550
98003,22693,0.588466,0.523885
87256,44261,0.589599,0.591573
62083,52195,0.000000,0.000389
90085,52788,0.589599,0.449971
26094,44261,0.000000,0.008540
76853,52837,0.588955,0.522441
32828,3372,0.590812,0.548651
1764,62083,0.000000,0.000278
23157,89969,0.588466,0.512878
73368,24717,0.589395,0.530994
104357,67871,0.667169,0.699440
72781,26301,0.000000,0.000707
43426,87256,0.000000,0.001020
117614,52195,0.589794,0.586862
11927,116694,0.588955,0.537311
97570,1764,0.588200,0.503260
88687,117614,1.000000,0.758814
34855,57060,0.000000,0.003606
69261,33258,0.590332,0.559703
58801,26094,0.000000,0.019453
90085,22693,0.589180,0.482104
97767,62083,0.000000,0.000357
106412,84602,0.000000,0.001458
33465,41201,0.588955,0.537024
8587,37516,0.000000,0.002240
78913,39129,0.589180,0.570900
81967,50962,0.000000,0.488511
93997,62083,0.000000,0.000888
106212,118437,0.588200,0.100740
2776,98353,0.000000,0.001558
15790,51653,0.586551,0.471071
9866,110822,0.587286,0.487609
8587,77757,0.000000,0.207721
82062,28615,0.586551,0.264772
34924,64124,0.588955,0.536470
115555,118437,0.588717,0.526483
37458,8587,0.000000,0.277320
120014,8587,0.000000,0.279177
84602,28615,0.586551,0.136017
32165,544,0.586934,0.482993
15949,18979,0.000000,0.087525
64386,57322,0.587286,0.479687
34924,51653,0.587286,0.460927
64386,40923,0.588955,0.571278
81387,33465,0.587916,0.508750
37458,33465,0.587916,0.508234
52939,53724,0.587286,0.528050
8587,98353,0.000000,0.002246
53724,33830,0.587286,0.450926
52939,112090,1.000000,0.582176
32169,49218,0.000000,0.005291
81967,118437,0.000000,0.464546
77757,2776,0.588466,0.527655
706,544,0.586934,0.447172
54614,47714,0.000000,0.386468
37516,106412,1.000000,0.931678
65709,7278,0.588955,0.539274
78913,81387,0.587916,0.507381
100613,112090,0.588955,0.568099
706,98353,0.000000,0.001390
115555,28615,0.586551,0.143410
64124,78913,0.588955,0.546844
7278,15790,0.586551,0.431316
706,93997,0.586551,0.431380
57322,50962,1.000000,0.738242
51653,33830,0.587286,0.451216
93997,73051,0.586551,0.510730
34924,81387,0.587916,0.498826
27931,106412,1.000000,0.931430
40923,15790,0.586551,0.489514
47714,118437,0.000000,0.397200
2776,73051,0.587916,0.556736
40923,99871,0.587916,0.548245
47714,112090,0.000000,0.359813
72716,15949,0.663397,0.555760
48197,7278,0.588717,0.532134
9866,81387,0.587916,0.512174
49218,97767,0.589395,0.549055
77757,57322,0.587286,0.488837
102273,97767,0.587916,0.503568
111708,50962,0.000000,0.004086
15949,73051,0.000000,0.131176
15949,64124,0.000000,0.091227
47714,110822,0.000000,0.436456
54614,15949,0.000000,0.098887
56567,706,0.587916,0.504818
115555,49218,1.000000,0.761335
78913,80573,0.000000,0.001110
33830,32169,0.000000,0.005141
32165,106412,0.000000,0.002225
57322,81387,0.587286,0.495996
100613,2776,0.657963,0.745673
8587,115555,0.000000,0.135305
78913,112090,1.000000,0.707567
97767,36410,0.588200,0.514716
8587,91415,0.000000,0.227508
81967,54614,0.000000,0.464486
93997,9866,0.586551,0.445808
8587,112090,0.000000,0.168512
7278,106212,0.588200,0.089789
33465,39129,0.588955,0.564227
80573,72716,0.000000,0.001468
15790,65709,0.586551,0.435634
50962,36410,0.587286,0.492444
106412,64386,0.000000,0.002114
73051,57322,0.587286,0.545894
53724,98353,0.000000,0.002564
64386,115555,0.588955,0.533592
107631,544,0.586934,0.475897
33465,110822,0.587286,0.478882
15949,81387,0.000000,0.091054
64124,81967,0.000000,0.455356
106412,80573,1.000000,0.905295
77757,36410,0.588200,0.530466
84156,50962,0.587286,0.488816
51653,91415,0.587286,0.492077
108513,81967,0.000000,0.436406
7278,706,1.000000,0.759250
84156,73051,0.587916,0.556171
81967,15790,0.000000,0.476193
52939,80573,0.000000,0.001054
121872,32883,0.000000,0.135586
67649,18290,0.000000,0.002806
31260,49150,0.000000,0.002579
52254,63870,0.000000,0.124432
39223,18290,0.000000,0.307203
9258,110995,0.000000,0.001097
24100,91176,0.538884,0.566047
65082,25065,0.000000,0.193122
26992,50398,0.000000,0.248701
89306,25065,0.000000,0.007825
91176,79319,0.000000,0.101045
39223,40272,0.000000,0.001382
66341,46157,0.537409,0.469380
31260,80936,0.586132,0.507030
95209,62167,0.000000,0.036506
31642,61235,0.000000,0.003496
25065,11267,0.587286,0.537292
31260,92141,0.000000,0.433014
38070,41889,0.000000,0.008872
30049,92828,0.587421,0.575296
24100,121082,0.000000,0.449219
66341,18290,0.000000,0.221322
39223,88523,0.000000,0.002355
67649,53257,0.000000,0.001197
92828,63870,0.587421,0.515802
111280,61267,0.000000,0.003261
80936,19032,0.000000,0.292345
9258,54929,0.000000,0.000914
32883,82035,0.000000,0.008027
122435,108642,0.000000,0.479666
12577,103863,0.538554,0.513792
99065,34853,0.000000,0.001665
111280,11267,0.000000,0.006162
28110,46157,0.537409,0.552432
61267,121082,0.000000,0.258610
44450,61235,0.000000,0.001098
88523,121872,0.000000,0.008704
46157,63870,0.000000,0.001168
31642,24100,0.000000,0.433524
108642,50398,0.000000,0.504118
12577,34853,0.000000,0.477738
67649,95209,0.000000,0.009528
26992,62083,0.000000,0.000152
99065,89306,0.000000,0.009192
38070,120412,0.000000,0.006731
121082,24100,0.000000,0.438010
111280,82035,0.588685,0.619335
38070,103863,0.000000,0.008460
38070,25065,0.000000,0.006669
24100,41889,0.000000,0.554089
12577,53257,0.000000,0.059567
28110,120412,0.000000,0.271216
25065,50398,0.586934,0.534181
103863,80936,0.000000,0.110030
34853,117066,0.000000,0.188239
121082,9258,0.000000,0.001010
24100,73355,0.000000,0.000534
122435,120203,0.000000,0.092983
1317,12577,0.000000,0.203356
72919,9258,0.589666,0.062734
96650,61267,0.000000,0.147241
61267,19032,0.000000,0.334912
12577,54929,0.000000,0.086082
30049,61235,0.587421,0.517298
32824,115221,0.000000,0.594380
18290,111280,0.000000,0.002867
121872,92141,0.000000,0.432254
110995,66341,0.000000,0.143278
32883,88523,0.000000,0.007081
88523,19032,0.000000,0.001757
62083,82035,0.000000,0.199066
19032,63870,0.000000,0.001554
11267,117066,0.000000,0.218930
119160,117066,0.000000,0.000242
28110,91176,0.538884,0.520656
46157,89306,0.000000,0.003814
95209,40272,0.000000,0.003436
72919,120412,0.000000,0.044083
61267,61235,0.000000,0.001590
34853,115221,0.000000,0.153828
30049,52254,0.000000,0.097192
66341,108642,0.538476,0.345262
61235,120203,0.000000,0.000556
50398,54929,0.000000,0.018696
66341,92828,0.000000,0.004112
40272,112138,0.587884,0.663344
112138,54929,0.000000,0.000379
11267,65082,0.000000,0.138177
112138,110995,0.000000,0.000639
32824,24100,0.540060,0.271420
41889,12577,0.000000,0.458917
39223,92141,0.000000,0.181467
41889,115221,0.000000,0.326969
89306,54929,0.000000,0.003325
38070,26992,0.000000,0.005002
61267,63870,0.000000,0.002621
38070,24100,0.000000,0.010168
65082,32883,0.000000,0.059856
38070,120203,0.000000,0.008715
122435,19032,0.000000,0.330462
45142,84553,0.558721,0.020299
34885,58758,0.560008,0.251152
42469,49432,0.562509,0.540357
7251,34713,1.000000,0.478876
55842,72216,0.560008,0.164749
98954,32713,1.000000,0.899539
40166,63545,0.558721,0.083484
49432,40153,0.000000,0.000189
40166,34713,0.558721,0.428276
101173,34713,0.000000,0.222683
34713,8418,0.000000,0.231304
49513,104225,0.558721,0.238593
119767,38367,0.000000,0.000163
110333,102381,0.000000,0.000114
109104,63545,0.558721,0.083484
101173,32593,0.000000,0.000183
44960,98904,0.560008,0.061101
98904,32593,0.000000,0.000143
104225,34885,0.558721,0.412896
75263,37332,0.000000,0.000415
23608,81721,1.000000,0.899539
1841,101170,0.560008,0.119189
49513,34713,0.560008,0.356900
30720,34713,0.000000,0.000111
32713,63545,0.558721,0.083484
58758,55842,0.564102,0.391688
45142,81721,0.558721,0.020299
117660,73772,0.558721,0.221306
98696,122051,0.000000,0.098297
42469,118969,0.560008,0.202382
52798,119767,0.000000,0.251751
68638,1841,0.000000,0.001156
75263,101395,0.560008,0.196556
72216,1841,1.000000,0.300068
1841,122051,1.000000,0.255400
42469,50754,0.558721,0.272087
119767,37359,0.000000,0.216610
68638,101395,0.000000,0.001789
8418,84553,0.000000,0.200607
81503,37359,0.000000,0.000015
55842,92964,0.558721,0.084211
101170,84436,0.560008,0.284121
37359,122051,0.000000,0.000121
50754,34885,0.558721,0.412896
34713,49513,0.560008,0.295439
4348,32593,0.000000,0.004530
54596,81721,0.558721,0.233290
98696,40153,0.000000,0.000287
10853,50754,1.000000,0.899539
72216,73772,0.558721,0.449135
40016,770,0.000000,0.000682
40016,4348,0.000000,0.002705
63545,32713,0.558721,0.112278
49513,75263,0.560008,0.477029
40016,81503,0.000000,0.000024
84436,95043,0.560008,0.232321
92964,54596,0.558721,0.188753
57853,101395,0.000000,0.000166
40016,32593,0.541120,0.047998
4348,52529,0.000000,0.000099
95043,119767,0.000000,0.000198
84553,31369,0.000000,0.098945
104225,118969,0.558721,0.237061
92964,42469,0.558721,0.221599
84436,37332,0.000000,0.000840
110053,15715,0.000000,0.002361
101173,98696,0.000000,0.077642
770,50754,0.000000,0.050984
32593,101170,0.000000,0.000131
50754,87794,1.000000,0.899539
37359,54596,0.000000,0.000162
37359,117660,0.000000,0.000032
101170,73772,0.558721,0.238858
68638,122051,0.000000,0.001033
32713,54596,0.558721,0.188753
98696,7251,0.000000,0.098383
53315,8418,0.000000,0.118382
92964,64609,0.000000,0.000055
40166,84553,1.000000,0.899539
84553,118969,0.558721,0.237061
118969,770,0.000000,0.028515
84553,54596,0.558721,0.188753
95043,15715,0.564102,0.162725
45142,58758,0.564102,0.095048
73772,52798,0.000000,0.000097
27622,81721,0.000000,0.000098
49432,57853,0.000000,0.000105
84553,87794,1.000000,0.899539
23608,110053,0.000000,0.001080
57853,40016,0.000000,0.002621
110053,50754,0.000000,0.001280
37359,58758,0.000000,0.000179
27622,44960,0.000000,0.000151
81503,8418,0.000000,0.099124
42469,101170,0.561821,0.503496
75263,7251,1.000000,0.937547
4348,98954,0.000000,0.000099
40016,37359,0.000000,0.002656
23608,15180,0.558721,0.119815
104225,119767,0.000000,0.000075
3790,75181,0.546170,0.584549
121118,97654,0.545419,0.533795
61875,4648,0.544990,0.635269
11276,114932,0.544515,0.503687
731,18107,0.544990,0.560966
75875,87269,0.541052,0.571058
18846,123008,0.544515,0.630190
79163,29409,0.545419,0.627087
86451,28021,0.544990,0.606191
1625,42253,0.000000,0.621742
11276,112538,0.544515,0.534241
53864,109345,0.000000,0.000735
56073,15497,0.539965,0.598166
91060,87269,0.541052,0.527786
86971,97654,0.000000,0.000278
28021,10623,0.544990,0.588052
101846,59436,0.543985,0.574797
86479,59436,0.000000,0.001311
87269,56073,0.539965,0.589589
56073,113019,0.539965,0.599191
109345,56073,0.000000,0.002129
86451,7924,0.000000,0.001815
21431,3952,0.545419,0.586447
30654,46935,0.000000,0.001184
101846,113019,1.000000,0.796370
17696,3790,0.545810,0.568032
29409,11276,0.544515,0.514913
79163,7924,0.000000,0.000774
66795,40321,0.543985,0.600847
110910,20358,0.540358,0.645975
84174,103317,0.000000,0.001267
43108,84174,0.545810,0.594509
43108,120044,0.000000,0.064264
86908,120044,0.000000,0.075055
120044,80706,0.000000,0.049094
86451,731,0.547634,0.619494
95264,29409,0.542185,0.624719
97654,92808,0.544990,0.577128
84174,97654,0.545419,0.380269
113019,92808,0.544990,0.602302
1625,86479,0.000000,0.000793
10623,121118,0.546504,0.311732
4648,60108,0.538529,0.600805
43108,114932,0.545810,0.596700
86451,53864,0.544990,0.606388
90264,92808,0.544515,0.669790
18107,56073,0.539965,0.610728
75875,731,0.546504,0.441290
86479,112538,0.000000,0.001044
74506,112538,0.545419,0.551107
10623,91060,0.546504,0.553568
75181,20358,0.545419,0.575609
40321,120044,0.000000,0.104358
84174,22051,0.545810,0.587691
84174,123008,0.544990,0.587550
113019,53864,0.544990,0.596899
4648,110910,0.540358,0.645884
18846,91060,0.544515,0.523927
123008,53864,1.000000,0.818261
112538,121118,0.545419,0.490957
92808,46935,0.544515,0.591264
36613,60108,0.538529,0.577558
10623,97654,0.545419,0.354545
59436,17696,0.543985,0.583613
28021,21431,0.544990,0.637102
40321,95264,0.542185,0.587071
43108,83587,0.545810,0.640090
22051,18846,0.544515,0.589384
4648,28021,0.544990,0.639965
43108,60108,0.538529,0.585588
62083,110910,0.000000,0.002640
74506,3790,0.546170,0.564461
97654,42253,0.000000,0.567025
47122,15497,0.544990,0.641333
60108,92808,0.538529,0.635958
29711,90264,0.538529,0.661120
62083,17696,0.000000,0.001797
4648,75181,0.545419,0.590449
90264,30654,0.000000,0.001027
120044,42253,0.000000,0.083218
29409,123008,0.544990,0.609866
90264,3790,0.544515,0.592451
40321,1424,0.543985,0.598726
86451,87269,0.541052,0.613547
84174,113019,0.545810,0.589041
113019,56073,0.539965,0.601008
113019,61875,0.544990,0.602437
97654,75181,0.545419,0.502782
110910,56073,0.539965,0.603297
80706,84174,0.545810,0.593160
22051,84174,0.545810,0.590422
122533,61875,1.000000,0.840948
83587,86451,0.545810,0.658656
92808,103317,0.000000,0.000893
59436,29711,0.538529,0.628265
95264,36613,0.542185,0.621554
46935,36613,0.544515,0.552412
83587,86971,0.000000,0.000707
40321,10623,0.543985,0.574782
90264,110910,0.540358,0.613184
96809,41498,0.000000,0.001311
107365,102448,0.589794,0.557707
55409,3794,0.587916,0.481053
95942,76461,0.000000,0.008890
81270,41637,0.000000,0.001636
52049,85358,0.000000,0.005341
45816,45750,0.588466,0.509366
71746,74411,0.589794,0.559348
116278,116756,0.591104,0.614405
62083,95942,0.000000,0.000313
116756,45816,0.588466,0.489334
76968,45816,0.586551,0.446152
1631,114459,0.585668,0.306513
121142,18686,0.000000,0.001731
116756,62083,0.000000,0.000200
49317,64924,0.000000,0.000784
2318,97700,0.589180,0.599068
18686,112601,0.589395,0.573605
52123,18686,0.589395,0.587685
1631,4540,0.585668,0.315114
38494,34955,0.588955,0.530233
50793,99190,0.590812,0.686576
112601,43277,0.000000,0.008965
105826,102448,0.590332,0.602188
22611,112601,0.591243,0.611452
2318,52123,0.589599,0.608345
97700,24499,0.589180,0.579773
79204,76461,0.000000,0.010037
112601,49317,0.591243,0.615147
121142,76968,0.000000,0.004755
40492,99363,0.590658,0.601732
39364,76461,0.000000,0.010821
64924,107375,0.000000,0.000970
59981,97700,0.589180,0.603898
1631,38494,0.585668,0.332508
50161,41637,0.000000,0.001186
41498,13059,0.000000,0.001482
75802,110062,0.000000,0.001459
116756,52049,0.000000,0.000896
18686,76968,0.586551,0.430908
13059,40492,0.591509,0.619885
30392,11860,0.590812,0.606126
4540,105826,0.590332,0.596264
107375,91457,0.590658,0.601329
76461,33442,0.000000,0.008002
45816,114459,0.588466,0.506767
116756,11860,0.591509,0.612937
50161,61317,0.000000,0.280300
33442,95942,0.590332,0.570545
50161,105826,0.590332,0.596819
52123,59981,0.589599,0.612319
41637,102448,0.000000,0.001519
33442,116278,0.590960,0.605707
43277,34955,0.000000,0.009202
13059,38494,0.590498,0.605442
107375,38494,0.590498,0.575631
39364,33442,0.589395,0.540325
39364,13059,0.589395,0.572408
59981,114459,0.590498,0.605442
55409,116756,0.587916,0.464514
99363,34955,0.588955,0.572720
81270,43652,0.589981,0.659885
112601,68261,0.000000,0.001279
85358,41637,0.000000,0.004551
74411,71746,0.589794,0.559270
105826,61317,0.000000,0.414759
107375,110062,0.000000,0.000829
40492,85358,0.586551,0.381388
64924,3794,0.000000,0.001071
112362,76461,0.000000,0.001026
4540,59981,0.590498,0.598475
105826,76461,0.000000,0.012899
112362,61317,0.000000,0.001948
22611,107365,0.589794,0.576174
118472,50161,1.000000,0.753074
102448,99363,0.590498,0.598998
116278,86494,0.589981,0.594804
4540,52049,0.000000,0.001126
85358,4540,0.586551,0.398280
96809,4540,0.659937,0.750352
45750,38494,0.590498,0.576246
49317,97700,0.589180,0.576741
107375,74411,0.589794,0.553855
50161,43277,0.000000,0.005440
62083,41637,1.000000,0.987854
18686,50793,0.589395,0.576253
33238,95942,0.000000,0.001516
22611,4540,0.590812,0.590322
22611,99363,0.590658,0.610844
116756,107365,0.589794,0.547849
105826,64924,0.000000,0.001136
55409,121142,0.000000,0.002322
76968,55409,0.586551,0.458290
99363,81270,0.590160,0.621667
116278,39364,0.589395,0.580972
95942,114459,0.590332,0.570531
85358,97700,0.586551,0.481813
62083,110062,1.000000,0.996187
1631,52049,0.000000,0.005345
40492,43277,0.000000,0.004499
30024,29695,0.000000,0.792522
122476,115174,0.000000,0.516199
20190,73347,0.000000,0.001941
30024,42016,0.587612,0.520548
71982,25346,0.000000,0.584469
122970,19351,0.000000,0.573830
114747,41714,0.588955,0.529002
8011,114747,0.000000,0.002491
115783,32800,0.000000,0.004448
53649,41563,0.590498,0.572304
33801,8011,0.000000,0.002540
29695,2598,0.587612,0.509792
97362,42016,0.000000,0.001058
24724,122476,0.000000,0.565522
2598,30377,0.000000,0.544888
115174,64363,0.000000,0.525497
19710,5787,0.590160,0.568510
99516,40465,0.000000,0.003743
30377,30024,0.587612,0.580420
97362,2598,0.000000,0.001013
30377,73347,0.000000,0.004504
15152,33801,0.000000,0.002139
122094,49287,0.590160,0.619619
97577,64363,0.000000,0.564422
8011,78965,1.000000,0.898347
49287,12479,0.591243,0.616120
49287,78965,0.000000,0.000805
54885,15152,0.000000,0.003053
9129,26884,0.588200,0.516759
8011,22295,0.000000,0.002491
122970,5787,0.588466,0.573290
4435,100551,0.588466,0.562065
29695,43800,0.000000,0.557708
15152,88987,0.000000,0.001711
54885,29695,0.000000,0.582856
108045,52750,0.000000,0.605567
15152,26884,0.000000,0.002346
2908,32800,0.000000,0.001656
65208,30024,0.000000,0.549069
107055,30377,0.000000,0.590788
100551,2908,0.000000,0.502235
100551,26884,0.588200,0.533838
9129,100551,0.588466,0.525085
5787,29695,0.000000,0.540771
62083,108045,0.000000,0.000391
100551,19710,0.588466,0.516417
115783,84946,0.589180,0.606554
41714,118958,0.000000,0.602855
86833,65208,0.588200,0.475524
29695,122476,0.587612,0.532945
118958,108022,0.000000,0.592591
97577,100551,0.000000,0.516514
76150,97362,0.000000,0.001761
90644,20190,0.588717,0.530287
12915,73347,0.000000,0.004883
40465,62348,0.000000,0.002554
84946,52750,0.000000,0.597790
46098,42016,0.000000,0.606157
122094,65208,0.588200,0.553372
73347,54885,0.000000,0.005012
84946,71982,0.589180,0.605909
118958,30024,0.000000,0.555856
122094,26884,0.000000,0.555158
99516,86833,0.000000,0.511387
12915,15152,0.000000,0.003284
30377,26884,0.588200,0.566805
46098,19710,0.000000,0.601070
108022,2598,0.000000,0.548746
20190,122476,0.000000,0.542267
88987,115783,0.000000,0.575105
114747,115783,0.000000,0.573461
118959,33801,0.000000,0.002182
76150,62348,0.000000,0.524445
115783,114747,0.000000,0.580339
86833,41714,0.000000,0.571454
118959,32800,1.000000,0.918625
29695,53649,0.587612,0.550307
9129,122094,0.000000,0.575415
46098,115783,0.589180,0.603984
97577,55338,0.000000,0.595168
30024,26884,0.587612,0.558332
43800,41714,0.000000,0.499460
33801,4435,0.588466,0.554633
54885,24724,0.000000,0.587483
24574,26884,0.588200,0.506102
122970,100551,0.661654,0.570009
12479,122970,0.000000,0.559363
5787,64363,0.590498,0.574789
19351,115783,0.000000,0.578328
115174,65208,0.000000,0.517012
114747,118959,0.000000,0.001573
62348,5787,0.000000,0.573654
2908,38936,0.000000,0.472857
43800,122970,0.000000,0.559052
20190,32800,0.000000,0.002057
88987,30024,0.587612,0.548885
73139,26884,0.000000,0.563514
84946,40465,0.000000,0.006586
65208,115174,0.000000,0.517220
122476,20190,0.000000,0.542083
64073,1830,0.000000,0.004802
19241,13306,0.000000,0.064467
66249,80658,0.000000,0.013932
89951,32564,0.000000,0.001847
115221,117481,0.000000,0.013197
52062,13306,0.000000,0.000405
64073,6479,0.000000,0.007158
24370,76952,0.000000,0.005210
35179,6479,0.000000,0.000132
99072,62083,0.000000,0.000022
64073,108174,0.000000,0.010535
86185,99072,0.000000,0.000156
1830,24170,0.000000,0.506708
89951,446,0.000000,0.443910
35066,10537,0.000000,0.000122
118073,100638,0.587286,0.491604
1108,66249,0.000000,0.009632
44450,21656,0.000000,0.155648
118073,10537,0.000000,0.002805
117481,122489,0.000000,0.019786
56285,80658,0.586934,0.526292
110754,80658,1.000000,0.545884
76952,19241,0.000000,0.015360
35179,38970,0.000000,0.000146
56285,108174,1.000000,0.528257
80362,121024,0.000000,0.003012
14991,46362,0.000000,0.134168
44242,56285,0.000000,0.477959
65779,24170,0.000000,0.191461
80658,121024,0.000000,0.002364
35066,70997,0.000000,0.001640
48906,21656,0.000000,0.121136
19241,67688,0.000000,0.002122
62083,106705,0.000000,0.000477
44242,118073,0.000000,0.452942
65779,14991,0.597824,0.643641
69129,115221,0.000000,0.255716
13306,80448,1.000000,0.589771
65779,21038,0.597794,0.631111
99070,24170,0.000000,0.001391
110922,60371,0.000000,0.174094
80658,113663,0.000000,0.270031
70997,76952,0.000000,0.012867
99072,105520,0.000000,0.000590
53204,99072,0.000000,0.022700
108174,69129,0.000000,0.539352
46362,67186,0.000000,0.001311
110754,119764,0.587612,0.543742
106705,52526,0.000000,0.004491
99072,65779,0.000000,0.012308
60371,108174,0.586551,0.564236
86185,65779,0.000000,0.012497
100638,65779,0.000000,0.040969
89951,1108,0.000000,0.000834
19241,55610,0.000000,0.269094
24170,67186,0.000000,0.003004
60371,67186,0.000000,0.002711
36412,21038,0.000000,0.172939
90514,76952,0.000000,0.000048
3541,118073,0.000000,0.000088
48906,55610,0.000000,0.010388
115221,64073,0.000000,0.003756
122489,32564,0.000000,0.000265
52062,117698,0.000000,0.004819
13306,76952,0.000000,0.000115
67688,53204,0.000000,0.020633
52526,117481,0.000000,0.000104
56285,19241,1.000000,0.528301
80658,1830,0.587612,0.557949
46362,117481,0.000000,0.000669
64073,60030,0.000000,0.005194
35179,110754,0.000000,0.000171
44242,70997,0.000000,0.507127
24170,13306,0.000000,0.134665
48906,60371,0.000000,0.016856
110922,60030,0.000000,0.197926
115221,15346,0.000000,0.569935
100638,86185,0.585149,0.407235
70997,115221,0.000000,0.497538
52526,48906,0.000000,0.000215
35066,44242,0.000000,0.000336
44450,64073,0.000000,0.006166
1830,44242,0.000000,0.449843
117698,90514,0.000000,0.000435
80362,65779,0.000000,0.049017
21656,15346,0.000000,0.018502
105520,67186,0.000000,0.001667
446,76952,0.000000,0.006416
117481,106705,0.000000,0.000884
446,89951,0.000000,0.445173
80658,13306,0.000000,0.098102
35066,100638,0.000000,0.000438
113663,38970,0.000000,0.201075
48906,67186,0.000000,0.043107
1108,19241,0.000000,0.000713
446,38970,1.000000,0.728655
3541,53204,0.000000,0.001192
52062,15346,0.000000,0.002309
24170,62083,0.000000,0.000291
86185,13306,0.000000,0.006914
57317,47423,0.000000,0.001284
72112,41271,0.588466,0.535884
114460,9544,0.000000,0.513045
78577,98299,0.000000,0.517639
454,100408,0.000000,0.001891
57939,114460,0.000000,0.174377
100429,54573,0.000000,0.549920
63119,75865,0.549120,0.493003
114460,81811,0.588466,0.489845
110371,12648,0.000000,0.154917
114460,41350,0.588466,0.560988
32055,116274,0.000000,0.001733
75865,51881,0.000000,0.511627
32055,48038,0.000000,0.003910
81811,54573,0.590658,0.573278
88945,105317,0.000000,0.604419
101323,51501,0.589180,0.535615
108626,82052,0.000000,0.585042
95335,454,0.000000,0.524129
14788,109507,0.000000,0.000548
88945,48038,0.590658,0.600952
40689,78577,0.000000,0.566964
12648,92253,0.000000,0.324488
106173,42425,0.588955,0.488438
100429,10773,0.000000,0.555241
54573,70877,0.000000,0.741234
9544,47423,0.000000,0.001482
75865,81459,0.000000,0.548163
1365,82052,0.000000,0.000718
5401,40689,0.000000,0.580667
106173,101323,0.590658,0.572030
101323,97517,0.000000,0.000855
42425,1803,0.588955,0.539465
62689,95335,0.588466,0.567576
12648,1365,0.000000,0.001312
81459,108626,0.000000,0.575823
102184,75865,0.000000,0.002605
40689,49623,0.589395,0.581301
10773,106173,0.589981,0.550106
36489,106173,0.589180,0.524856
81459,82052,0.588955,0.580966
72112,41350,0.588717,0.568706
63119,12648,0.000000,0.232107
78577,110371,0.587612,0.550122
81811,98299,0.586934,0.419628
116274,51881,0.000000,0.489266
454,70877,0.550631,0.542621
81811,116274,0.591636,0.596768
1803,41271,0.588466,0.538279
97517,106173,0.000000,0.000656
110371,454,0.000000,0.491115
58166,51501,0.589180,0.531446
47423,48038,0.000000,0.002962
105317,110371,0.000000,0.508584
98299,75865,0.000000,0.479837
5401,1803,0.000000,0.590452
114460,40689,0.588466,0.502591
49623,95335,0.000000,0.568803
81811,7992,0.590332,0.596929
49623,48038,0.589395,0.607999
35394,101323,0.000000,0.481681
62689,13098,0.000000,0.012874
41271,57939,0.000000,0.178714
70877,8169,0.000000,0.563891
72112,100429,0.000000,0.530944
8169,102184,0.000000,0.002610
48038,40689,0.590658,0.607431
75865,58166,0.000000,0.472583
105317,70877,0.000000,0.606201
100408,42425,0.000000,0.002609
70877,116274,0.000000,0.574055
101323,81811,0.590658,0.572280
70877,13098,0.000000,0.004645
58166,75865,0.000000,0.472724
81459,41350,0.588955,0.604350
114460,1803,0.588466,0.529894
16470,68437,0.588466,0.516476
35394,57317,0.000000,0.467030
114460,7992,0.588466,0.552691
100408,114460,0.000000,0.002404
41271,48038,0.588466,0.551176
72112,82268,0.588717,0.496334
72112,10773,0.588717,0.526588
81459,114460,0.588466,0.570075
105317,106173,0.000000,0.623593
97517,92253,0.000000,0.000962
114460,62083,0.000000,0.000480
95335,48038,0.000000,0.551255
16470,70877,0.000000,0.512623
82268,78577,0.000000,0.552188
42425,114460,0.588466,0.541024
58166,5401,0.000000,0.573149
1412,48038,0.586934,0.479892
1803,84928,0.000000,0.578536
12648,105317,0.000000,0.303683
72112,32055,0.000000,0.002707
36489,109507,0.000000,0.001179
36489,1803,0.589180,0.559164
14788,81459,0.000000,0.565000
101323,102184,0.000000,0.001049
86281,117598,0.588200,0.515498
59981,15357,0.589599,0.611728
116278,64099,0.000000,0.002133
64099,10945,0.000000,0.003285
119271,12534,0.000000,0.004187
111132,31781,0.589180,0.532985
121842,27077,0.000000,0.001663
10945,64215,0.587916,0.563831
118472,66563,0.587286,0.447818
42319,60560,0.590332,0.571215
50161,36293,0.000000,0.003323
39364,62990,0.589180,0.552548
8742,122496,0.586934,0.434386
5805,62083,0.000000,0.000440
25430,121842,0.000000,0.001500
49391,60560,0.000000,0.002250
55071,62990,0.000000,0.539771
49574,45481,1.000000,0.544104
119271,81422,0.587286,0.476385
66292,86281,0.589180,0.558991
81422,25234,0.589180,0.577609
49574,87801,0.000000,0.001713
3352,12534,0.000000,0.002242
17138,8742,0.586934,0.441158
55180,25234,0.589599,0.610275
115962,45481,0.000000,0.003653
115902,42319,0.588955,0.581584
60560,115962,0.000000,0.001734
38494,69055,0.587916,0.483336
59981,50161,0.590498,0.605694
34332,116278,0.588466,0.545982
32116,122496,0.588466,0.515156
39364,100871,0.589395,0.595675
66563,39364,0.587286,0.473118
62990,25430,0.589180,0.577451
116278,50161,0.590960,0.612266
50161,111132,0.589180,0.533958
15357,10876,0.588955,0.603081
59981,39364,0.589395,0.584695
49574,53853,0.000000,0.002066
121842,115962,1.000000,0.985780
55071,104384,0.000000,0.001192
8742,49574,0.586934,0.485045
116278,96090,0.588955,0.569820
104965,60560,0.588200,0.496457
62990,95801,0.000000,0.001390
51218,31781,0.000000,0.001854
103133,27077,0.000000,0.008866
21358,103133,0.000000,0.009638
121842,36293,1.000000,0.136809
62083,95801,1.000000,0.996060
66563,55180,0.587286,0.496623
15357,103133,0.000000,0.008284
106296,87801,0.000000,0.000962
38494,66563,0.587286,0.451791
59981,86281,0.589180,0.579826
111132,122496,0.589180,0.539764
42319,81458,0.000000,0.000858
96090,118472,0.588955,0.525979
87801,115962,1.000000,0.987636
100871,104965,0.588200,0.511689
104384,53853,1.000000,0.931948
35950,64262,0.000000,0.027492
11201,9392,0.589180,0.541677
96090,45481,0.587612,0.549565
64215,66292,0.588717,0.531678
43132,49574,0.587612,0.487578
87801,36293,1.000000,0.175085
60560,95801,0.000000,0.000877
55071,95801,0.000000,0.001039
25430,43132,0.589395,0.587778
62083,116278,0.000000,0.000366
64262,109145,0.000000,0.007971
39364,45481,0.587612,0.548432
62083,96090,0.000000,0.000477
49574,115962,0.000000,0.004409
11201,87801,0.000000,0.001093
118472,100871,0.589599,0.546349
9392,116278,0.589981,0.589683
10945,9392,0.587916,0.563357
49391,38494,0.000000,0.002320
121842,62083,1.000000,0.993908
109145,42319,0.590332,0.572110
36293,100871,0.000000,0.003975
55071,118472,0.000000,0.565225
62990,10876,0.588955,0.572518
116278,64262,0.000000,0.015978
49574,81458,0.000000,0.001903
17138,96090,0.588955,0.534723
50161,31781,0.590960,0.617688
27077,109145,0.589180,0.585442
27077,115962,0.000000,0.002404
122496,49391,0.000000,0.002122
8742,59981,0.586934,0.485309
103133,9392,0.000000,0.003838
122496,115962,0.000000,0.001983
5805,117598,0.588200,0.518097
104965,4540,0.588200,0.495936
9392,10945,0.587916,0.553886
43132,119271,0.587286,0.468022
46132,5817,0.663313,0.553215
94431,116048,0.661092,0.556639
38470,76417,0.662926,0.553893
66120,84832,0.662666,0.205091
19769,60880,0.662885,0.568259
98197,67295,0.661926,0.474571
100379,38051,0.000000,0.002217
66995,116048,0.661092,0.507620
5817,33363,0.662459,0.182433
66120,118973,0.662666,0.563921
80883,52325,0.000000,0.000887
118973,48427,0.662926,0.581668
69782,99612,1.000000,0.906340
116274,92899,0.000000,0.000626
74758,33363,0.662459,0.179952
76417,61250,0.662926,0.541980
44916,61250,0.000000,0.001708
46132,9868,0.663666,0.626492
9868,19769,0.663660,0.224571
74758,98960,0.662885,0.534992
86340,94696,0.662499,0.533410
38470,94431,0.662885,0.573968
88991,38051,1.000000,0.997385
92995,2976,0.000000,0.002090
118973,80516,0.661646,0.525390
89817,122870,0.000000,0.001789
67295,74758,0.661926,0.507469
107806,66120,1.000000,0.752874
116048,84832,0.661092,0.183175
94431,83115,0.662885,0.226790
52325,80883,0.000000,0.000989
107806,116274,0.662666,0.507714
38470,82666,0.000000,0.001128
86340,101295,0.662188,0.519737
98197,122870,0.000000,0.000752
66995,98960,0.661646,0.481923
98724,66318,0.000000,0.001832
91133,88991,0.000000,0.001259
80516,118601,0.661646,0.481224
58842,89599,0.662188,0.560251
99612,82666,1.000000,0.873400
9868,33363,0.662459,0.178655
16644,100980,0.662188,0.144612
66995,100980,0.661646,0.124221
100642,84832,0.663093,0.270611
76417,100642,0.662926,0.575450
89599,60880,0.662188,0.144525
10836,116048,0.661092,0.501222
100642,61250,0.663093,0.585561
101295,83115,0.662188,0.166654
66995,80516,1.000000,0.719765
58842,80883,0.663480,0.591975
61250,36644,0.662828,0.586773
116048,100379,0.661092,0.112392
98724,8616,0.662188,0.554456
58842,116048,0.661092,0.550400
89817,66318,0.000000,0.002941
98724,89817,0.662188,0.235620
98960,415,0.663660,0.552494
100642,106530,0.663093,0.584756
89599,82666,0.000000,0.001649
92995,76417,0.000000,0.001366
415,92611,0.664309,0.599134
80883,8140,0.000000,0.000837
98197,116048,0.661092,0.474225
94696,118973,0.663093,0.575767
9868,82666,0.000000,0.000950
107806,94696,0.662666,0.534454
88991,8616,0.000000,0.000667
16644,92611,0.662188,0.543696
16644,76417,0.662188,0.516273
46132,52325,0.000000,0.000964
89817,44916,0.000000,0.003770
9868,1768,0.663093,0.542371
5817,74758,0.662885,0.536872
80516,89599,0.661646,0.503202
101295,99612,0.000000,0.002874
1768,94431,0.662885,0.573055
91133,84832,0.662434,0.252308
19769,16644,0.662188,0.163144
100642,94431,0.662885,0.628430
66120,33363,0.662459,0.177758
89817,80883,0.663832,0.188971
52325,16644,0.000000,0.002092
91133,5817,0.662434,0.573501
100642,66120,0.662666,0.576025
91673,98960,0.663291,0.550681
98960,95527,0.000000,0.001134
44916,80516,0.000000,0.003768
66318,86340,0.000000,0.002290
84832,80883,0.663831,0.201935
1768,69782,0.000000,0.001207
122870,101295,0.000000,0.002075
38470,106530,0.663291,0.567959
92995,99612,1.000000,0.904864
98960,52325,0.000000,0.001066
5817,76417,0.662926,0.544901
91673,38470,1.000000,0.754386
106530,89817,0.663480,0.211025
9868,38470,0.663291,0.549446
14988,110840,0.553297,0.026317
10743,51909,0.553297,0.011133
10743,13639,0.553297,0.047383
79875,16415,0.553988,0.028206
44148,26776,0.554725,0.017570
84818,53879,0.557622,0.119710
54631,100404,0.557622,0.122836
13639,57587,0.556213,0.069680
88604,60588,0.557014,0.095612
73170,77820,0.553825,0.033929
35152,68101,0.560687,0.309577
23162,3881,0.553825,0.007569
48107,1017,0.555911,0.111929
15816,779,0.557014,0.214013
16415,51250,0.559553,0.258009
6685,48107,0.555474,0.061694
100583,44148,0.554725,0.035650
3881,82850,0.558578,0.071681
114394,31509,0.560392,0.164947
35152,18424,0.560687,0.391562
70091,100583,0.558281,0.095207
12949,100404,0.557622,0.156144
82850,39184,0.558578,0.131751
57641,53620,0.554445,0.057811
70091,779,0.557014,0.172772
13639,61838,0.556213,0.071651
119705,2670,0.553480,0.019792
119499,54631,0.559268,0.308384
89968,110840,0.559992,0.229595
13639,15816,0.556213,0.145209
114394,16415,0.559553,0.133151
90415,60588,0.557014,0.080194
107741,10743,0.553297,0.007420
84818,61838,0.557622,0.160086
62597,95856,0.560075,0.149128
84818,88604,0.557622,0.140728
55681,57641,0.557897,0.205510
18424,31026,0.561097,0.253572
39184,73170,0.556115,0.068027
100583,110840,0.560793,0.210885
4543,10743,0.553297,0.087390
81875,14988,0.553297,0.013440
114860,32936,0.561064,0.113943
107501,60588,0.557014,0.099590
3881,35152,0.560687,0.275204
16415,85658,0.559168,0.237084
53620,16415,0.554445,0.042645
10743,119499,0.553297,0.009557
53620,119705,0.554445,0.023392
26776,114860,0.563924,0.293449
54631,107501,0.559268,0.291416
102081,81875,0.555698,0.032804
12816,48957,0.553480,0.029189
102081,31509,0.555698,0.061112
15816,114860,0.557252,0.024853
62597,82249,0.557964,0.210935
68101,3881,0.562511,0.354682
16415,48107,0.555911,0.100844
14988,57587,0.553297,0.030258
110840,31509,0.560392,0.260142
114860,73771,0.553825,0.006693
10743,18424,0.553297,0.008513
4543,73771,0.553825,0.049897
1017,3881,0.556404,0.022538
51250,2670,0.553480,0.030317
12816,26776,0.553480,0.008934
88604,12949,0.559599,0.178290
53081,73771,0.553825,0.013400
70091,31026,0.558281,0.100263
114394,88604,0.561874,0.238692
79875,89968,0.553988,0.026167
119705,779,0.557014,0.092433
100404,10743,0.553297,0.033749
53620,51250,0.554445,0.040016
119499,39184,0.560615,0.289127
119705,88604,0.560430,0.293884
48957,26776,0.560931,0.125707
95543,107741,0.563675,0.374923
100404,95856,0.557622,0.073478
23162,51909,0.553825,0.025863
68101,119499,0.560615,0.356058
114394,32936,0.561064,0.192755
15816,95856,0.557252,0.067837
57641,31509,0.558802,0.184172
82850,107501,0.558578,0.140402
54631,82850,0.558578,0.163622
6685,12949,0.555474,0.061225
1017,55681,0.556404,0.132776
12949,53620,0.554445,0.050410
23162,44148,0.553825,0.119224
10743,60588,0.553297,0.033961
88604,51909,0.561874,0.319678
100404,102081,0.555698,0.117824
26776,54631,0.559268,0.116089
31509,82249,0.557964,0.213708
79875,90415,0.553988,0.012830
89968,77820,0.553825,0.029967
73170,60588,0.556115,0.132350
89968,100583,0.559992,0.143695
86264,82850,0.558578,0.103646
48926,64490,0.589794,0.556804
104962,111621,0.589180,0.544491
44748,47937,0.000000,0.001685
25132,58987,0.588717,0.530577
1269,66169,0.589395,0.548602
36969,20075,0.588717,0.533230
21311,116995,0.589395,0.545219
111621,70621,0.589599,0.551549
121481,58198,0.588466,0.572105
112614,64490,0.590498,0.570471
71287,39995,0.588466,0.521616
109049,14682,0.000000,0.001643
21311,116553,0.000000,0.002213
56786,116995,1.000000,0.741759
98620,663,0.589981,0.563902
61353,56786,0.589395,0.550643
58652,48926,0.589180,0.543140
47368,109049,0.000000,0.004071
59054,58198,0.000000,0.000936
61353,89647,0.589794,0.556587
62839,61353,0.589599,0.618873
9020,71287,0.587916,0.503061
23473,19110,0.588466,0.506007
32094,39995,0.588466,0.487924
47937,116553,1.000000,0.957620
45721,57406,1.000000,0.061188
21311,47937,0.000000,0.000978
108720,44638,0.588717,0.575356
67254,20075,0.588717,0.562611
47937,62839,0.000000,0.001353
113032,85088,0.000000,0.196037
109049,47368,0.000000,0.004787
94340,109810,0.659977,0.748902
32094,108720,0.588955,0.568228
89647,62839,0.589599,0.551531
104962,58198,0.589180,0.533564
58652,116553,0.000000,0.002927
67400,108720,0.000000,0.007419
663,19110,0.590332,0.500749
89647,33270,0.589599,0.551259
62083,73408,0.000000,0.000577
48926,56786,0.589395,0.550643
112614,41792,0.588955,0.514298
94340,98620,0.659977,0.588730
19110,62839,0.589599,0.547423
116995,116416,0.588955,0.539008
54522,67254,0.000000,0.352910
64490,73408,0.588466,0.512238
66169,20075,0.588717,0.530621
58987,70695,0.589395,0.559527
89647,73408,0.588466,0.511958
663,66169,0.589395,0.512198
109049,121481,0.000000,0.003979
104962,109049,0.000000,0.001890
89647,21311,0.590332,0.584822
48926,80049,0.587916,0.498008
23473,64490,0.588466,0.513657
44748,58987,0.588466,0.522489
116553,57406,1.000000,0.022700
113032,112614,0.589395,0.535323
57129,71287,0.589395,0.543495
33270,114920,0.589599,0.554339
116553,51232,0.000000,0.003346
89647,58987,0.589599,0.551409
64490,20075,0.588717,0.521709
41792,66169,0.588955,0.538944
47368,59054,0.000000,0.002903
47368,44748,0.586551,0.446623
71287,80049,0.587916,0.503930
57129,62083,0.000000,0.000268
41792,62839,0.588955,0.537573
32303,112614,0.591104,0.586015
56786,47368,0.586551,0.431448
14682,44638,0.588717,0.524428
62083,45721,1.000000,0.996012
48926,663,0.589794,0.506605
62839,58987,0.659870,0.760643
59054,116553,1.000000,0.958250
48926,32094,0.589794,0.545839
64490,109810,0.589981,0.563665
85088,47937,0.000000,0.002074
104962,51232,0.000000,0.215191
109810,68094,0.588466,0.517495
58198,104962,0.589180,0.533541
57406,67254,0.000000,0.002481
62083,44748,0.000000,0.000574
66169,14682,0.589395,0.546668
39995,14682,0.588466,0.516177
21311,111621,0.589599,0.551413
36969,116995,0.589180,0.572575
62839,51232,0.000000,0.235119
49090,21311,0.588200,0.503357
66169,19110,0.589395,0.539631
58987,45721,0.000000,0.000992
113032,19110,0.589395,0.540833
44638,58198,0.588717,0.518684
48926,49090,0.588200,0.509582
33270,57129,0.589599,0.551280
75092,111621,0.589599,0.549192
59054,112614,0.000000,0.000724
45506,12375,0.000000,0.001006
12375,15088,0.000000,0.001535
61367,119751,0.588200,0.515246
88301,97928,0.000000,0.000796
69538,18546,0.000000,0.004065
19410,82726,0.000000,0.001054
98701,21564,0.000000,0.001503
86666,67876,0.588955,0.526402
101803,88301,0.000000,0.000729
88301,119751,0.000000,0.001336
119751,68619,0.588717,0.532434
20764,73188,0.589395,0.538285
98701,81749,0.000000,0.001056
45506,98701,0.000000,0.001061
86098,92308,0.589599,0.541965
123116,20764,0.588466,0.522409
86098,26539,0.589599,0.542958
78055,86098,0.588200,0.484063
84257,92308,0.588955,0.536379
20764,15737,0.000000,0.545010
18351,57619,0.587916,0.502484
73188,90049,0.589794,0.550754
82161,119751,0.589180,0.542425
21564,45506,0.588955,0.572223
114430,45506,0.589180,0.607953
81749,97928,0.589981,0.588090
20690,57619,1.000000,0.585818
62083,82318,0.000000,0.000474
15088,28888,0.000000,0.521457
119751,114430,0.663727,0.574890
13156,69538,0.000000,0.002261
86666,12375,0.000000,0.001220
18351,77354,0.587916,0.484029
6112,98867,0.588200,0.512407
64542,78055,0.588200,0.509873
81749,6112,0.589395,0.547660
78055,64542,0.588200,0.509990
75112,97928,0.590658,0.602514
26539,45506,0.664812,0.582823
82227,45506,0.589599,0.582827
86098,28888,0.590498,0.570546
97928,101545,0.000000,0.548826
15535,19410,0.000000,0.001346
85977,20690,0.000000,0.001114
101803,114430,0.589180,0.578403
12375,57619,0.000000,0.001207
85977,81461,0.000000,0.001208
31517,86666,0.588955,0.498936
80605,98867,0.588200,0.514165
53150,18351,0.000000,0.505607
64542,62176,0.589794,0.555402
28642,90049,0.589794,0.594850
82318,15737,0.000000,0.588586
21564,28642,0.588955,0.569044
44859,123116,0.588466,0.559400
31517,62083,0.000000,0.000170
62176,6112,0.589395,0.542008
57619,114430,0.589180,0.576226
31517,13156,0.000000,0.000536
98701,82318,0.000000,0.001163
82161,67876,0.589794,0.554091
82161,48533,0.664992,0.748611
18351,90049,0.587916,0.496763
15535,62083,0.000000,0.000406
81461,68619,0.588717,0.575175
44859,82227,0.589794,0.593616
15088,45506,0.000000,0.567000
64542,69538,0.587916,0.495938
82726,90049,0.000000,0.559440
62083,59415,0.000000,0.000412
68619,116008,0.000000,0.001469
57619,84257,0.588955,0.538576
81749,13156,0.000000,0.000982
28642,20764,0.589395,0.586523
62083,101545,0.000000,0.000579
92308,81461,0.588955,0.573759
26539,66860,0.589180,0.545174
28888,61367,0.588200,0.497517
82318,48533,0.589395,0.587812
61676,57619,0.588717,0.531200
28888,20764,0.589395,0.543191
19122,67701,0.000000,0.000977
77354,82161,0.589794,0.556477
20690,61367,0.588200,0.561276
1735,18546,0.000000,0.003038
67701,53150,0.000000,0.001443
66860,77354,0.589180,0.536316
62083,75112,0.000000,0.000288
45506,18546,0.000000,0.007432
67876,80605,0.589180,0.533567
31517,17159,0.000000,0.581315
82318,40108,0.588200,0.561306
80605,6112,0.589180,0.562707
101545,116008,0.000000,0.001589
48533,98867,0.588200,0.509587
69538,18351,1.000000,0.749047
123116,92308,0.588466,0.520451
19122,40108,0.588200,0.469507
68619,48533,0.588717,0.527127
84257,82726,0.000000,0.531859
62083,61652,0.000000,0.000287
925,18128,0.589599,0.591599
39660,98246,0.590160,0.597991
13995,19725,0.589981,0.559458
46885,62083,0.000000,0.000292
14313,502,0.589395,0.572432
112008,38279,0.590332,0.596957
120393,119802,0.590332,0.601037
118341,122566,0.000000,0.001536
40745,88309,0.589794,0.588005
113723,98246,0.000000,0.001094
63941,25108,0.590160,0.620282
59680,51261,0.000000,0.003830
84775,118341,0.590160,0.618523
502,57158,0.590498,0.604305
46885,113723,0.000000,0.001020
114092,2931,0.588955,0.519607
84775,66398,0.667689,0.597972
14534,34128,0.591378,0.605143
42121,36746,0.000000,0.001244
42121,29251,0.000000,0.001085
76199,54776,0.590160,0.567997
59680,32080,0.588955,0.528747
13995,29251,0.590812,0.604699
8899,24668,0.590498,0.561131
24668,4168,0.000000,0.480529
46885,58705,0.589981,0.624713
29251,51261,0.000000,0.007322
76199,49855,0.000000,0.005887
14534,76199,0.590160,0.561079
925,33539,0.589599,0.591522
57158,76199,0.590160,0.568098
63941,120393,0.590960,0.633388
42121,2931,0.000000,0.001954
115315,63941,0.590960,0.606317
88309,98314,0.590160,0.599945
62083,120393,0.000000,0.000347
22296,105853,0.000000,0.001282
114092,122306,0.591243,0.612065
105853,63941,0.590160,0.593575
121158,19379,0.590160,0.550334
88309,36746,0.667642,0.783017
4168,38279,0.000000,0.554108
19379,34128,0.590658,0.586769
42121,8899,0.000000,0.001179
33539,3372,0.591104,0.555569
49855,121158,0.000000,0.009636
35313,36746,0.000000,0.001984
98246,120393,0.590160,0.591106
58705,22296,0.000000,0.001230
120087,19379,0.590658,0.608073
19379,112008,0.590658,0.574896
38279,58613,0.000000,0.000860
54776,36746,0.590332,0.594823
25108,122566,0.000000,0.001903
38279,3372,0.590332,0.587662
84775,98314,1.000000,0.598263
18128,61652,0.590160,0.566574
14534,51261,0.000000,0.003566
103275,13995,0.590332,0.571332
114092,112008,0.591243,0.589633
35313,64891,0.000000,0.001228
105853,40745,0.589794,0.558996
113086,57158,0.590498,0.646502
13995,120393,0.590812,0.605549
25108,103275,0.590160,0.599451
33539,46885,0.590160,0.561743
32080,4168,0.000000,0.527150
62083,925,0.000000,0.000458
88309,114539,0.590160,0.600290
42121,22296,1.000000,0.941400
112008,63941,0.590960,0.605980
119802,120393,0.590332,0.594919
63941,42121,0.000000,0.001076
29251,22296,0.000000,0.002053
29251,4168,0.000000,0.551651
18128,72008,0.589981,0.589761
120393,105853,0.590160,0.597146
105853,51261,0.000000,0.003945
13995,84775,0.590160,0.593913
14534,35313,0.000000,0.000864
35313,39660,0.000000,0.001711
118341,56091,0.589981,0.591213
84775,19379,0.590160,0.600036
105853,72008,0.589981,0.589386
66398,46885,1.000000,0.761514
19379,49855,0.000000,0.005458
33539,19725,0.589981,0.556229
114092,13995,0.590812,0.580817
27778,76199,0.589981,0.596375
22296,122306,0.000000,0.001831
22296,27778,0.000000,0.002432
76199,14534,0.590160,0.560962
925,84775,0.589599,0.613635
98314,49855,0.000000,0.005866
57158,87859,0.590332,0.644515
40745,122306,0.589794,0.579665
87859,36746,1.000000,0.594662
57158,29251,0.590498,0.600066
113086,122306,0.590658,0.599779
10995,109716,0.000000,0.003688
52150,88853,0.000000,0.000992
33221,55289,0.587916,0.547022
71852,8763,0.588955,0.572847
114174,16147,0.590160,0.557741
9628,48724,0.665977,0.536904
31331,1693,0.000000,0.182431
98974,45409,0.588200,0.514214
58618,14668,0.588717,0.584478
17216,31331,0.000000,0.205384
46947,87816,0.000000,0.001323
61052,37571,1.000000,0.581916
48724,52150,0.000000,0.001692
8763,10995,0.588955,0.603533
69189,52150,0.000000,0.001420
23734,17216,0.589981,0.565134
76743,71852,0.588200,0.516700
97852,73099,0.588200,0.546566
1693,308,0.589599,0.584002
58618,17216,0.590332,0.577385
23734,123018,0.589180,0.541257
61052,9003,0.587916,0.547379
1693,36335,0.589599,0.545123
1693,87816,0.000000,0.000996
123018,308,0.589180,0.572705
123018,58028,0.589180,0.536802
2232,52150,0.000000,0.001122
88085,37571,0.000000,0.002173
52150,21929,0.000000,0.001379
76511,76743,0.588200,0.502117
7379,61052,0.589180,0.577506
32278,52150,0.000000,0.001489
52913,112170,0.587916,0.563688
10995,45409,0.588200,0.560446
16147,1693,0.589599,0.540809
76743,88853,0.588200,0.484329
8763,16147,0.588955,0.577274
88085,57363,0.000000,0.002498
1728,109716,0.000000,0.003994
25362,88173,0.588466,0.517460
45409,87816,0.000000,0.001539
92326,46947,0.588717,0.527845
14668,114174,0.588717,0.577798
10995,64028,1.000000,0.589230
87816,55289,0.000000,0.001163
16147,35779,0.590812,0.578272
45409,123018,0.588200,0.515979
27108,52150,0.000000,0.002554
76511,88085,0.000000,0.001352
308,64028,0.589599,0.589400
52467,114174,0.588955,0.532042
69189,25362,0.589395,0.546760
88085,9003,0.000000,0.002292
2232,123018,0.589180,0.536912
123018,23734,0.589180,0.541176
35779,31331,0.000000,0.205934
71852,23320,0.588717,0.569898
53306,37571,0.589794,0.524617
23320,87816,0.000000,0.001143
23320,27108,0.588717,0.599678
53306,1728,0.588717,0.570390
52913,87816,0.000000,0.001281
58618,36335,0.590658,0.571790
52913,88853,0.587916,0.545871
8241,76743,0.588200,0.526455
53306,7379,0.589180,0.536465
46947,32278,0.588717,0.533243
308,92326,0.589794,0.594578
76511,21929,0.589794,0.559086
55289,35779,0.589180,0.585485
14668,31331,0.000000,0.274939
62083,76743,0.000000,0.000635
71852,53306,0.589180,0.536407
55289,52467,0.588955,0.579658
92326,112170,0.663125,0.737402
27108,308,0.589395,0.608643
63608,98974,0.589395,0.521694
36335,7379,0.589180,0.531128
87816,64028,0.000000,0.001135
52150,55289,0.000000,0.002694
48724,58028,0.588717,0.522312
52467,21929,0.588955,0.535550
2232,88853,0.590498,0.571316
25362,52467,0.588955,0.532207
44150,48724,0.588200,0.568120
45409,52150,0.000000,0.001994
92326,33221,0.587916,0.498511
24040,109716,0.000000,0.001746
88085,98974,0.000000,0.001616
21929,88085,0.000000,0.001446
74270,14668,0.000000,0.003005
44150,76511,0.588200,0.568322
112170,88085,0.000000,0.001429
53306,76743,0.588200,0.496264
23320,88173,0.588466,0.571674
74270,58618,0.000000,0.001436
109716,1728,0.000000,0.003845
9628,73099,0.588717,0.554272
48724,62083,0.000000,0.000435
46947,17216,0.588717,0.523077
58877,23262,0.000000,0.061578
42517,13534,0.000000,0.051739
54135,61918,0.565458,0.002912
90562,82427,0.000000,0.012421
122255,77508,0.000000,0.000000
84247,54234,0.000000,0.079628
50796,111654,0.000000,0.007708
106380,34459,0.000000,0.000521
11175,81988,0.000000,0.064514
116540,16939,0.000000,0.060317
77508,50796,0.000000,0.000000
90562,82282,0.000000,0.004651
65625,110976,0.000000,0.199560
32346,110976,0.000000,0.411860
90562,54234,0.000000,0.082310
87590,58877,0.000000,0.045793
110450,193,0.000000,0.030106
110976,37075,0.000000,0.066589
52353,66294,0.000000,0.312423
23583,88464,0.000000,0.047469
106380,116509,0.000000,0.000257
11175,111654,0.000000,0.356379
116509,9950,0.000000,0.212120
23262,116509,0.000000,0.003557
50796,73694,0.000000,0.019982
9950,37075,0.000000,0.000811
13534,193,0.000000,0.032272
55465,77508,0.000000,0.000000
66294,54234,0.000000,0.292589
11175,110976,0.000000,0.198650
77508,71005,0.000000,0.000000
116540,110450,0.000000,0.397208
66294,61918,0.000000,0.002607
106380,11175,0.000000,0.001338
193,110450,0.000000,0.033823
116540,77508,0.000000,0.000000
65625,39428,0.000000,0.002916
122040,52353,0.000000,0.061024
37075,55465,0.000000,0.001038
73674,101648,0.000000,0.000484
34459,116540,0.000000,0.097105
82427,122040,0.000000,0.018434
58528,110450,0.000000,0.039945
22899,32346,0.000000,0.026527
69455,52353,0.000000,0.131049
81988,90562,0.554379,0.197732
58528,82282,0.000000,0.002229
52353,13993,0.000000,0.050921
60415,64731,0.000000,0.003147
5733,64731,0.000000,0.003485
101648,99156,0.000000,0.043515
111654,106380,0.000000,0.001329
90562,13534,0.000000,0.071089
54234,29822,0.000000,0.170688
77508,71107,0.000000,0.000000
69455,110976,0.000000,0.147082
11175,90562,0.000000,0.053089
32800,16939,0.000000,0.761490
122255,59338,0.000000,0.369559
66294,106380,0.000000,0.001494
18350,54234,0.000000,0.495213
106380,29822,0.000000,0.000750
193,29822,0.000000,0.029451
7628,29822,0.000000,0.293510
106380,110450,0.000000,0.001224
81988,32346,0.000000,0.054373
34459,82427,0.000000,0.017954
122516,54234,0.000000,0.053462
16939,116509,0.000000,0.000808
52353,119018,0.000000,0.398696
55465,90562,0.000000,0.003223
108560,59338,0.000000,0.053634
77508,34459,0.000000,0.000000
81988,122516,0.000000,0.036205
32800,7628,0.000000,0.058253
37075,16939,0.000000,0.611996
18350,32346,0.569232,0.329160
101648,106380,0.000000,0.133413
122255,73674,0.000000,0.003678
59338,99156,0.000000,0.384013
78342,58528,0.000000,0.005637
122516,29822,0.000000,0.074839
32346,193,0.000000,0.031437
22899,50796,0.000000,0.006984
122040,59338,0.000000,0.021593
73694,71107,0.000000,0.029682
19157,73674,0.000000,0.004174
108560,7628,0.000000,0.104911
55465,108560,0.000000,0.000961
23262,73694,0.000000,0.053451
111654,71005,0.000000,0.447764
55021,29822,0.000000,0.003733
116509,111654,0.000000,0.002531
73694,82427,0.000000,0.009880
70200,69455,0.000000,0.000181
34459,71107,0.000000,0.061632
81988,108560,0.000000,0.029983
122255,71107,0.000000,0.071023
82282,42517,0.000000,0.004622
111654,32346,0.000000,0.391301
111756,28919,0.545461,0.569740
48842,58197,0.000000,0.004314
27757,102600,0.545461,0.615133
27757,50458,0.543947,0.565362
50458,22160,0.543947,0.580493
30956,43488,0.000000,0.443525
91569,53204,0.544768,0.117555
93289,52524,0.000000,0.079534
27757,43488,0.545461,0.561720
102600,118513,0.544768,0.579219
87131,62083,0.000000,0.001094
337,35547,0.000000,0.009691
47077,20573,0.000000,0.120589
120234,82041,0.000000,0.105647
77365,111756,0.543947,0.565737
99107,87131,0.000000,0.505870
22160,48402,0.543947,0.579344
108835,84682,0.544768,0.582842
20573,87131,0.544768,0.308422
70992,22160,0.000000,0.340726
51856,28919,0.543947,0.539434
52524,82736,0.000000,0.227388
99107,10015,0.000000,0.518416
110193,65051,0.000000,0.216701
62083,118513,0.000000,0.004911
48842,48402,0.000000,0.033318
70992,88088,0.000000,0.144084
10110,62647,0.000000,0.043580
37542,51856,0.000000,0.328763
62083,101703,0.000000,0.003843
35547,99107,0.000000,0.268075
101703,99107,0.000000,0.508937
95370,62647,0.000000,0.021425
5678,82734,0.000000,0.000299
94627,16248,1.000000,0.829943
43488,102600,0.546062,0.570602
92396,62647,0.000000,0.000431
70114,70992,0.000000,0.098351
1407,35380,0.000000,0.136698
35607,70992,0.000000,0.448834
70992,111756,0.000000,0.411558
10015,16248,0.000000,0.346184
22051,30956,0.000000,0.454924
50458,82041,0.000000,0.112819
70992,18865,0.000000,0.095477
85826,5678,0.000000,0.160231
20573,51856,0.543947,0.526005
119778,16248,0.000000,0.050351
35607,92396,0.000000,0.002166
51856,102600,0.543947,0.525400
51856,57583,0.000000,0.195908
84682,35547,0.544768,0.557746
70114,31123,0.000000,0.316519
1407,43488,0.544768,0.542446
18865,82736,0.000000,0.363061
5678,35380,0.000000,0.504625
62083,35380,0.000000,0.000382
62647,85826,0.000000,0.062189
77365,43488,0.543947,0.517117
110193,1407,0.000000,0.487705
22051,88088,0.000000,0.146166
337,82736,0.000000,0.023229
93289,118338,0.000000,0.634968
77365,99107,0.000000,0.465863
9571,53204,0.546592,0.162295
27757,88088,0.000000,0.348478
48402,57583,0.000000,0.250831
120234,47077,0.000000,0.185837
120234,82734,0.000000,0.001854
30956,10110,0.000000,0.382946
10015,18865,0.000000,0.502560
51856,10110,0.000000,0.124130
108835,58197,0.000000,0.066455
101703,27757,0.545461,0.614224
18865,87131,0.000000,0.847905
53204,22160,0.545461,0.114198
118338,53204,0.000000,0.505969
77365,48402,1.000000,0.834721
37504,70992,0.000000,0.534405
99107,77365,0.000000,0.464314
22051,93289,0.000000,0.627585
82734,70114,0.000000,0.002033
111756,88088,0.000000,0.348478
93289,37504,0.000000,0.557607
9571,82736,0.545461,0.576347
93289,1407,0.544768,0.506573
5678,87131,0.000000,0.240187
101703,20573,0.545461,0.562826
101703,52524,0.000000,0.208026
102600,82041,0.000000,0.095947
101703,1407,0.544768,0.579219
10110,37504,0.000000,0.142145
22160,50458,0.543947,0.579344
85826,82736,0.000000,0.141816
53204,37542,0.000000,0.126856
93289,50458,0.543947,0.453230
47077,50458,0.000000,0.148581
48842,101703,0.000000,0.024220
