entity_i,entity_j,exact,predicted
50080,84838,0.000000,0.568942
118835,109996,0.000000,0.000471
85097,77902,0.000000,0.000005
31395,29792,0.000000,0.000000
6646,100126,0.000000,0.531894
187,47468,0.000000,0.001420
62083,27323,0.000000,0.000001
57814,62348,0.000000,0.000529
104958,34990,0.000000,0.529638
112904,109996,0.000000,0.000222
98666,113786,0.000000,0.000063
112904,81690,0.000000,0.000256
76238,20445,0.589599,0.536233
12707,53419,0.000000,0.572926
49636,71435,0.000000,0.525961
81926,84208,0.589599,0.521010
187,62083,1.000000,0.998106
117346,53419,0.000000,0.000036
27083,29792,0.000000,0.175605
49636,109832,0.000000,0.000001
10605,27323,0.000000,0.032728
35083,20445,0.589180,0.522181
23842,89598,0.000000,0.002683
98007,104958,0.589395,0.532466
27323,53107,0.000000,0.061375
27323,20445,0.000000,0.008699
34990,23842,0.000000,0.000018
113786,23842,0.000000,0.000002
10605,27083,0.661744,0.554740
77902,109832,0.000000,0.000004
57814,118835,0.000000,0.001115
113786,31395,0.000000,0.000000
81926,118835,0.000000,0.302333
110204,76238,0.591760,0.628809
10605,29340,0.000000,0.000102
34990,98762,0.000000,0.599055
118835,84838,0.000000,0.348675
53107,98666,0.000000,0.001207
31395,20445,0.000000,0.000000
84208,98007,0.000000,0.586428
101231,50080,0.000000,0.000159
84838,8233,0.000000,0.592821
62348,118835,0.000000,0.360849
98007,19635,0.591378,0.643841
72064,109996,0.000000,0.000009
93722,113786,0.000000,0.503281
72064,35083,0.000000,0.529588
81540,84838,0.000000,0.000136
77902,20445,1.000000,0.565129
49636,8233,0.000000,0.437622
81690,12707,0.000000,0.000322
12707,98762,0.589395,0.566211
81690,35083,0.000000,0.000052
8233,121938,0.590498,0.533588
100126,27323,0.000000,0.019380
35083,118835,0.000000,0.282023
60235,19635,0.000000,0.510751
77902,112904,0.000000,0.216177
71435,84838,0.589395,0.607404
84838,98762,0.000000,0.601745
31395,35083,0.000000,0.000000
50080,85097,0.000000,0.000000
84208,88399,0.000000,0.564515
113786,104958,0.000000,0.535931
53419,31395,0.000000,0.000000
35083,62083,0.000000,0.000000
113112,112904,0.000000,0.223501
53107,81690,0.000000,0.002419
86203,75288,0.000000,0.259765
112904,85097,0.000000,0.000001
52509,53419,0.000000,0.000119
112904,88399,0.000000,0.229037
118835,75288,0.000000,0.134670
6646,81690,0.000000,0.000007
71435,8290,0.000000,0.169119
62348,113786,0.000000,0.507704
75288,52509,0.000000,0.000000
81690,27083,0.000000,0.000149
49716,86203,0.000000,0.509570
8290,81690,0.000000,0.000196
29340,109832,1.000000,0.937457
31395,13370,0.000000,0.000000
84838,113112,0.589981,0.618163
6646,104958,0.000000,0.534626
85097,112904,0.000000,0.000181
113786,34990,0.000000,0.530224
109832,112904,0.000000,0.000190
88399,77953,0.000000,0.000003
6646,23842,0.000000,0.000002
76238,88399,0.590498,0.581048
121938,72064,0.000000,0.517362
47468,100126,0.000000,0.000000
77953,113112,0.000000,0.000072
97318,98666,0.000000,0.000005
110204,98762,0.589395,0.572915
101231,20445,0.000000,0.000055
50080,6646,0.000000,0.518103
98007,109996,0.000000,0.000075
50080,121938,0.590332,0.556601
81926,23842,0.000000,0.000003
38119,75121,0.657697,0.448901
71297,64441,0.000000,0.000001
74958,71297,0.658324,0.450508
36712,115283,0.000000,0.000010
111932,119748,0.000000,0.000332
94700,29627,0.658150,0.549099
79795,115283,0.000000,0.000145
3736,58589,0.000000,0.428906
1293,93842,0.000000,0.000072
38119,843,0.657697,0.478949
26020,78701,0.657149,0.500286
58586,107522,0.000000,0.473443
64441,102242,1.000000,0.849866
84758,1293,0.000000,0.000309
49602,29627,0.000000,0.477776
38119,85448,0.000000,0.110325
41540,84758,0.660364,0.570045
100429,78701,0.659623,0.537140
63991,107522,0.658281,0.426738
32055,106220,0.000000,0.000014
89610,4795,0.657779,0.560045
29627,63991,0.658150,0.532957
4795,21905,0.658545,0.494590
21905,107882,0.000000,0.000005
49602,94700,0.000000,0.473325
84758,36712,0.659455,0.527924
21905,20984,0.658545,0.465571
38119,64441,0.000000,0.000000
41233,69768,1.000000,0.855961
26020,71297,0.657149,0.494279
72632,41540,0.660364,0.551565
71297,89610,0.657779,0.474567
102541,69768,1.000000,0.840208
1293,102242,1.000000,0.838427
6200,93842,0.000000,0.516218
29627,84192,0.000000,0.000061
21905,84928,0.658545,0.531075
121483,102165,0.000000,0.480615
85983,91229,1.000000,0.639474
41540,1293,0.000000,0.000090
46969,73755,0.000000,0.000001
63991,85448,0.000000,0.211112
106220,114340,0.656403,0.514556
106220,73247,0.656403,0.531356
73247,85983,0.658324,0.579797
58586,71297,0.000000,0.466148
843,37754,0.000000,0.439320
85983,58586,0.000000,0.442693
100429,46746,0.658491,0.537434
85983,36712,0.658324,0.544934
111932,32055,1.000000,0.350394
58586,117459,0.000000,0.419346
1293,119748,0.000000,0.000094
37683,57468,0.660748,0.563483
46746,119748,0.658491,0.539866
1293,37683,0.000000,0.001583
64441,3269,1.000000,0.866830
20984,73755,0.000000,0.000004
102165,49602,0.000000,0.499726
43757,94700,0.000000,0.000346
63991,58589,0.658491,0.547812
78701,6200,0.656624,0.490556
107882,43757,1.000000,0.881864
6200,6062,0.000000,0.516218
107882,100429,0.000000,0.000228
69768,74958,0.000000,0.000286
58589,43757,0.000000,0.000052
55313,114424,0.658000,0.420568
89610,84192,0.000000,0.000036
46969,41233,0.000000,0.000014
102165,94700,0.658324,0.460122
26020,843,0.657149,0.538874
6200,119748,0.656624,0.594961
107882,71297,0.000000,0.000025
78701,85983,0.658324,0.558215
111932,100429,0.000000,0.001842
111932,49602,0.000000,0.000428
20984,36712,0.659455,0.520471
73247,38119,0.657697,0.408591
26020,102242,0.000000,0.000009
71297,37754,0.000000,0.441381
119748,71297,0.658324,0.518911
24759,1293,0.000000,0.000091
32055,43757,1.000000,0.912165
49602,107522,0.000000,0.486914
21905,79795,0.658545,0.440550
100429,93842,0.000000,0.499452
55313,32715,0.660457,0.558715
74958,114424,0.658000,0.420629
73247,46969,0.656915,0.473807
79795,26020,0.657149,0.465939
55313,6062,0.000000,0.480361
85448,111932,0.000000,0.005854
79795,46969,0.656915,0.454562
71297,69768,0.000000,0.000001
94700,114424,0.658000,0.430365
114340,36712,0.658281,0.466196
49602,36712,0.000000,0.492489
119748,107522,0.658281,0.505250
58589,4795,0.658491,0.578976
348,45552,0.000000,0.000004
16050,120644,0.000000,0.000000
75296,5393,0.000000,0.000062
348,7798,0.000000,0.000001
26053,30720,0.000000,0.000000
70231,38283,0.000000,0.000011
5393,48017,0.000000,0.001380
30720,26053,0.000000,0.000000
38283,69551,0.000000,0.005683
38967,58383,0.000000,0.000041
62754,104692,0.000000,0.002260
89422,62754,0.000000,0.000000
19626,62754,0.000000,0.000000
22177,16050,0.000000,0.000000
30720,4844,0.000000,0.000000
8079,104692,0.000000,0.000623
108291,32505,0.000000,0.000006
77508,7798,0.000000,0.000000
45917,103269,0.000000,0.000000
89422,348,0.000000,0.000000
28589,23080,0.000000,0.000000
4853,62754,0.000000,0.000000
1349,50369,0.000000,0.001947
73694,26954,0.000000,0.018302
21780,69246,0.000000,0.012131
29243,48017,0.000000,0.000498
107130,15234,0.000000,0.000462
1349,89422,0.000000,0.000231
15234,30276,0.000000,0.014405
25766,32505,0.000000,0.000017
18729,10682,0.577869,0.000099
69551,53198,0.000000,0.018149
78099,25183,0.000000,0.000001
53198,8234,0.000000,0.069302
28589,77508,0.000000,0.000000
23080,121315,0.000000,0.007410
8079,58528,0.000000,0.001639
38967,30276,0.000000,0.300673
38967,7798,0.000000,0.000001
54534,22177,0.000000,0.000009
45917,8079,0.000000,0.000000
104692,30720,0.000000,0.000000
108291,103269,0.000000,0.004966
26053,25766,0.000000,0.000042
25183,23230,0.000000,0.000000
48017,23080,0.000000,0.000000
50369,8079,0.000000,0.000198
107130,62754,0.000000,0.000000
53198,38283,0.000000,0.003529
26954,73694,0.000000,0.003314
7603,58383,0.000000,0.003434
108291,73694,0.000000,0.001047
10682,23080,0.000000,0.000002
1573,28589,0.000000,0.000008
1573,103269,0.000000,0.003367
10926,40353,0.000000,0.000000
50369,10682,0.000000,0.000039
119354,73694,0.000000,0.000000
10926,58383,0.000000,0.000000
26954,107130,0.000000,0.000003
38967,28589,0.000000,0.000008
1349,29243,0.000000,0.000002
120644,18729,0.000000,0.000043
26053,121315,0.000000,0.000000
119354,25183,0.000000,0.000387
30720,69246,0.000000,0.000003
70231,30276,0.000000,0.000000
67710,1349,0.000000,0.033894
104692,46480,0.000000,0.027427
29243,70231,0.000000,0.000000
40353,119354,0.000000,0.000082
25183,58528,0.000000,0.206070
22177,38283,0.000000,0.012778
21780,48017,0.000000,0.068387
19626,103569,0.000000,0.000000
103269,18729,0.000000,0.000000
26954,26053,0.000000,0.000003
30720,58528,0.000000,0.000000
23230,4844,0.000000,0.000000
119354,29243,0.000000,0.000001
120644,23230,0.000000,0.000001
30720,348,0.000000,0.000000
73694,8079,0.000000,0.004496
30720,57603,0.000000,0.000000
30720,77508,0.000000,0.000574
46480,54534,0.000000,0.009946
58383,103269,0.000000,0.000013
70231,46480,0.000000,0.000006
19626,18729,0.574177,0.000000
38283,21780,0.000000,0.010592
106380,19626,0.000000,0.000000
46480,1349,0.000000,0.000003
38967,19626,0.574177,0.000643
8234,26053,0.000000,0.000086
78099,16050,0.000000,0.000002
69551,18729,0.000000,0.000000
54534,7603,0.000000,0.000009
23230,119354,0.000000,0.000000
67710,64541,0.000000,0.016825
21780,58383,0.000000,0.000033
6195,20129,0.588717,0.620676
60502,70106,0.000000,0.000001
41417,13718,0.000000,0.000289
62858,70390,0.590812,0.563215
100602,67037,0.000000,0.000337
44147,61369,1.000000,0.981140
102840,70390,0.000000,0.000168
76819,20129,0.589981,0.579796
23708,60306,0.589794,0.529559
37372,96122,0.000000,0.000000
61626,53762,0.667553,0.591669
69307,56750,0.588955,0.481713
21388,115222,0.588955,0.422119
13718,49791,0.000000,0.543833
52028,44903,0.000000,0.142202
8737,37372,0.589794,0.544355
62858,62083,0.000000,0.000000
77829,2932,0.589599,0.518494
61369,6293,0.000000,0.000125
54302,18240,0.590498,0.579812
30913,41417,0.000000,0.000002
77829,61626,0.591104,0.596343
41417,61369,1.000000,0.961970
61369,41417,1.000000,0.985834
96122,26979,1.000000,0.549651
6444,6195,0.588717,0.618351
85028,60502,1.000000,0.591358
44545,76819,0.590498,0.558876
101507,44545,0.588200,0.533064
83584,13718,0.000000,0.524994
61369,30913,0.000000,0.000068
69307,18240,0.590160,0.566229
8199,76819,0.590160,0.548535
41417,1152,0.000000,0.000087
30762,16955,0.588466,0.445679
30913,6195,0.588717,0.614320
13718,101507,0.000000,0.520752
42275,44903,0.588717,0.554331
9588,115573,0.000000,0.000000
103291,76819,0.590332,0.582262
18240,52028,0.000000,0.130899
21388,5973,0.588955,0.423464
85028,16955,0.588466,0.459743
44545,61626,0.590498,0.575972
30762,60306,0.591104,0.569390
116002,5973,0.590160,0.579650
83584,54126,0.000000,0.525479
115573,62083,1.000000,0.999832
109852,115573,0.000000,0.000002
100602,30784,0.000000,0.000283
115573,6195,0.000000,0.000014
41417,83584,0.000000,0.000070
8199,6195,0.588717,0.546238
21068,37372,0.590332,0.580557
70390,26979,0.000000,0.001482
9588,76819,0.589180,0.497352
8199,67037,0.590160,0.542054
109852,44903,0.588717,0.531141
37372,5973,0.590160,0.557985
60306,2932,0.589599,0.516825
102840,115222,0.000000,0.000051
9588,52028,0.000000,0.113332
49791,108272,0.590658,0.439356
9588,20129,0.589180,0.546947
2932,103610,0.588717,0.499650
5973,6444,0.589599,0.576513
13718,77829,0.000000,0.567044
20129,42275,0.589794,0.571315
115573,108272,0.000000,0.000011
108282,60502,0.590332,0.550400
42275,108282,0.589794,0.501744
6444,103610,0.588717,0.525929
30762,101507,0.588200,0.509386
61369,6444,0.000000,0.000054
117654,44545,0.590498,0.572101
108282,54126,0.000000,0.454520
67037,42275,0.589794,0.528743
85028,8737,0.589794,0.535931
42275,60306,0.589794,0.530841
60306,52028,0.000000,0.129471
73179,44903,0.588717,0.542415
54126,44147,0.000000,0.000000
62858,2932,0.589599,0.521064
67037,44545,0.590498,0.555749
8199,116002,0.590160,0.570295
76819,53762,0.590658,0.559514
8737,115573,0.000000,0.000000
9588,117654,0.589180,0.508835
108282,5973,0.590160,0.500075
2932,76819,0.589599,0.525014
1457,62858,0.589180,0.498009
21068,53762,0.590498,0.581171
9588,40305,0.000000,0.000147
108282,44147,0.000000,0.000005
20129,16955,0.588466,0.503874
76819,103610,0.588717,0.477289
44147,115573,1.000000,0.994646
61369,61626,0.000000,0.000386
96122,85028,0.000000,0.000138
103610,8737,0.588717,0.491886
12710,101876,0.533663,0.000177
9838,112637,0.000000,0.000071
25990,38645,0.533663,0.006974
4564,82832,0.000000,0.001594
101876,38645,0.533663,0.004470
82832,112637,0.000000,0.000000
34629,9838,0.000000,0.000020
101876,112637,0.000000,0.000002
38645,25990,0.533663,0.014979
82832,88444,0.000000,0.008896
112137,49196,0.000000,0.000000
598,14498,0.000000,0.004470
101876,88444,0.533663,0.017178
49196,34629,0.000000,0.000000
14498,49196,0.000000,0.000000
34629,598,0.000000,0.000037
38645,112137,0.000000,0.006241
49196,14498,0.000000,0.000000
4564,101876,0.000000,0.000390
101876,34629,0.529091,0.000420
25990,598,0.000000,0.001721
112137,14498,0.000000,0.000051
43927,112637,0.000000,0.000000
49196,12710,0.000000,0.000000
82832,49196,0.000000,0.000000
598,9838,0.000000,0.001169
4564,14498,0.000000,0.000513
14498,112137,0.000000,0.000370
38645,112637,0.000000,0.000000
598,4564,0.554310,0.004455
112637,82832,0.000000,0.000000
88444,112137,0.000000,0.001421
49196,82832,0.000000,0.000000
88444,43927,0.529091,0.000088
34629,38645,0.529091,0.001631
43927,598,0.000000,0.000037
112137,4564,0.000000,0.000065
4564,25990,0.000000,0.000403
88444,12710,0.533663,0.000425
14498,34629,0.529091,0.000063
112637,34629,0.000000,0.000000
82832,101876,0.000000,0.003611
101876,82832,0.000000,0.018111
34629,49196,0.000000,0.000000
43927,38645,0.529091,0.001631
82832,43927,0.000000,0.000786
49196,112137,0.000000,0.000000
34629,4564,0.000000,0.000157
14498,112637,0.000000,0.000001
598,49196,0.000000,0.000000
34629,25990,0.529091,0.004730
88444,112637,0.000000,0.000000
49196,9838,0.000000,0.000002
101876,4564,0.000000,0.123456
12710,4564,0.000000,0.000355
43927,82832,0.000000,0.000106
25990,34629,0.529091,0.000137
34629,88444,0.529091,0.000083
38645,49196,0.000000,0.000000
9838,101876,0.000000,0.003320
82832,12710,0.000000,0.007284
38645,34629,0.529091,0.000518
12710,43927,0.529091,0.001391
12710,88444,0.533663,0.000689
49196,598,0.000000,0.000000
112637,4564,0.000000,0.000001
112637,43927,0.000000,0.000000
598,82832,0.000000,0.006867
82832,598,0.000000,0.003631
4564,34629,0.000000,0.000911
14498,101876,0.533663,0.041502
4564,112637,0.000000,0.000003
43927,25990,0.529091,0.004730
34629,82832,0.000000,0.000106
25990,88444,0.533663,0.001155
4564,38645,0.000000,0.001097
38645,43927,0.529091,0.000518
25990,4564,0.000000,0.000386
598,12710,0.000000,0.000473
43927,101876,0.529091,0.000019
9838,14498,0.000000,0.007697
112137,112637,0.000000,0.000000
112637,12710,0.000000,0.000000
12710,49196,0.000000,0.000000
112637,112137,0.000000,0.000000
112637,14498,0.000000,0.000004
38645,82832,0.000000,0.002654
9838,43927,0.000000,0.000067
88444,34629,0.529091,0.000088
38645,12710,0.533663,0.003599
101876,49196,0.000000,0.000000
88444,82832,0.000000,0.005598
12710,14498,0.533663,0.000124
112137,88444,0.000000,0.000611
14498,88444,0.533663,0.010606
34629,112637,0.000000,0.000000
25990,101876,0.533663,0.000168
49196,38645,0.000000,0.000000
34629,14498,0.529091,0.000011
14498,25990,0.533663,0.002044
87118,53092,0.531340,0.535036
83908,7550,0.000000,0.000015
120978,1447,1.000000,0.277737
53092,44583,0.539523,0.557762
55274,53092,0.000000,0.000040
85887,1447,1.000000,0.390974
58300,83908,0.000000,0.000001
53092,58326,0.000000,0.000008
91665,58326,1.000000,0.995701
85887,53092,0.000000,0.000005
55274,62083,1.000000,0.000000
120978,58326,1.000000,0.638296
65260,120978,1.000000,0.000040
55274,7550,1.000000,0.725497
83908,3210,0.000000,0.000001
120978,3210,1.000000,0.485046
62083,55274,1.000000,0.001401
58326,62083,1.000000,0.000002
91665,120978,1.000000,0.000674
85887,120978,1.000000,0.064383
120978,65260,1.000000,0.077224
44583,1447,0.000000,0.000024
85887,87118,0.000000,0.000007
58326,85887,1.000000,0.647777
85887,3210,1.000000,0.173294
87118,3210,0.000000,0.000000
62083,91665,1.000000,0.000154
65260,3210,1.000000,0.731227
83908,44583,0.000000,0.535246
87118,91665,0.000000,0.000107
120978,53092,0.000000,0.000002
7550,65260,1.000000,0.748820
65260,53092,0.000000,0.000053
3210,58300,1.000000,0.791750
65260,58326,1.000000,0.980825
58300,55274,1.000000,0.474243
87118,55274,0.000000,0.000003
65260,55274,1.000000,0.927910
85887,65260,1.000000,0.260052
91665,3210,1.000000,0.942761
55274,87118,0.000000,0.000071
55274,91665,1.000000,0.997833
58326,87118,0.000000,0.000057
55274,1447,1.000000,0.990357
87118,62083,0.000000,0.000000
91665,55274,1.000000,0.986732
62083,3210,1.000000,0.486201
7550,85887,1.000000,0.420522
44583,58326,0.000000,0.000015
44583,85887,0.000000,0.000002
83908,1447,0.000000,0.000106
120978,83908,0.000000,0.000011
91665,58300,1.000000,0.410099
58300,58326,1.000000,0.981719
1447,3210,1.000000,0.961997
87118,120978,0.000000,0.000000
53092,58300,0.000000,0.000000
55274,120978,1.000000,0.003037
65260,58300,1.000000,0.158097
85887,58300,1.000000,0.208856
83908,58300,0.000000,0.000000
83908,85887,0.000000,0.000008
7550,3210,1.000000,0.264365
58300,1447,1.000000,0.485184
44583,3210,0.000000,0.000000
85887,58326,1.000000,0.860425
53092,1447,0.000000,0.000008
62083,53092,0.000000,0.000000
91665,85887,1.000000,0.572423
58300,87118,0.000000,0.000000
91665,87118,0.000000,0.001586
44583,53092,0.539523,0.521253
65260,91665,1.000000,0.977336
1447,87118,0.000000,0.000043
1447,58326,1.000000,0.996446
62083,85887,1.000000,0.037644
91665,7550,1.000000,0.658952
7550,83908,0.000000,0.000001
53092,87118,0.531340,0.548777
3210,83908,0.000000,0.000001
120978,44583,0.000000,0.000004
91665,1447,1.000000,0.983560
58326,3210,1.000000,0.993389
1447,65260,1.000000,0.921996
7550,1447,1.000000,0.861969
87118,1447,0.000000,0.000013
58300,44583,0.000000,0.000000
62083,58300,1.000000,0.712048
87118,7550,0.000000,0.000000
1447,83908,0.000000,0.000025
120978,58300,1.000000,0.598705
85887,7550,1.000000,0.271401
58300,53092,0.000000,0.000000
120978,91665,1.000000,0.172951
58300,7550,1.000000,0.561412
58300,3210,1.000000,0.239254
7550,62083,1.000000,0.000021
58300,65260,1.000000,0.047823
65260,44583,0.000000,0.000121
7550,120978,1.000000,0.370080
42933,122460,0.000000,0.621953
96125,54216,0.000000,0.000401
9027,17215,0.579992,0.387564
42933,89987,0.000000,0.000000
24114,53017,0.000000,0.000089
84910,76452,0.000000,0.227884
8022,16348,0.000000,0.016719
89987,8022,0.000000,0.011392
64242,77651,0.581915,0.445456
9027,89019,0.579992,0.465568
75208,120978,0.000000,0.000000
40112,17393,0.000000,0.445562
56231,8022,0.000000,0.000000
16348,17393,0.000000,0.000001
53017,24975,0.000000,0.000004
65292,40112,0.000000,0.000000
86410,56231,0.000000,0.000000
100424,17215,0.000000,0.198558
82856,52807,0.000000,0.000028
82856,30720,0.000000,0.000000
42373,86410,0.000000,0.417806
110195,8022,0.000000,0.000604
89019,60139,0.579570,0.607735
75208,56231,0.000000,0.000000
94763,80731,0.000000,0.000006
56926,77508,0.000000,0.000000
42373,67918,0.000000,0.000365
122460,66439,0.000000,0.000017
97489,42373,0.000000,0.331421
72671,55466,0.000000,0.612265
17215,17857,0.000000,0.006544
54416,24975,0.000000,0.000022
73617,10185,0.000000,0.000003
55367,66439,0.000000,0.000030
40112,22008,0.000000,0.469565
30720,117779,0.000000,0.000001
24114,77508,0.000000,0.000000
54416,60139,0.000000,0.601423
56926,100424,0.000000,0.000734
55332,89987,0.000000,0.000000
122460,53017,0.581058,0.426318
89987,73617,0.000000,0.000000
117779,120978,0.000000,0.000000
54416,31197,0.000000,0.596118
21986,89987,0.000000,0.003106
110195,62083,0.000000,0.000040
42373,10185,0.000000,0.000016
65292,72671,0.000000,0.000000
65292,89019,0.000000,0.000000
60139,42373,0.000000,0.623071
21986,76452,0.000000,0.000052
55466,16348,0.000000,0.000011
54216,53017,0.579104,0.280758
42933,49442,0.000000,0.517701
49442,67918,0.000000,0.000227
52807,119198,0.000000,0.000044
40112,104615,0.000000,0.505027
22008,89019,0.000000,0.294064
76452,62083,0.000000,0.000000
89019,56926,0.000000,0.001704
118597,16348,0.000000,0.000005
55466,84910,0.580730,0.549119
30720,119198,0.000000,0.000000
8022,104615,0.000000,0.015830
122460,121582,0.000000,0.071934
98132,96125,0.538491,0.570382
110195,96125,0.000000,0.000015
8022,76452,0.000000,0.000475
22008,66439,0.000000,0.000515
119198,77651,0.579992,0.281587
75208,96125,0.000000,0.297927
86410,30720,0.000000,0.000000
82856,98132,0.000000,0.000131
66439,24114,0.000000,0.219564
55332,17393,0.000000,0.508886
82856,58151,0.000000,0.127520
110195,16348,0.000000,0.000000
77651,31890,0.580730,0.374609
10185,104615,0.000000,0.000069
120978,22008,0.000000,0.286381
89019,120978,0.000000,0.003553
42373,89987,0.000000,0.000000
53017,56926,0.000000,0.000109
60139,40112,0.000000,0.502278
67918,77651,0.000000,0.000104
77508,86410,0.000000,0.000003
10185,58151,0.000000,0.000000
96125,65292,0.000000,0.022028
72671,62943,0.000000,0.000000
55332,42373,0.000000,0.649036
110195,30720,0.000000,0.000000
120978,64242,0.000000,0.375977
21986,98132,0.000000,0.544310
118597,72811,0.580376,0.422144
21986,49442,0.000000,0.000000
54416,120978,0.000000,0.019270
104615,89019,0.000000,0.345627
52807,60139,0.000000,0.000009
80731,77651,0.000000,0.485712
76452,97489,1.000000,0.158913
55610,35179,0.000000,0.000001
62083,14991,0.000000,0.000066
113663,99976,0.000000,0.310976
86346,65133,0.000000,0.017466
110922,5658,0.000000,0.003374
93469,65779,0.000000,0.010772
44450,99976,0.000000,0.286209
116904,21038,0.000000,0.178747
65133,86936,0.000000,0.000000
120203,114343,0.000000,0.015211
94975,48906,0.000000,0.000780
13306,77508,0.000000,0.000000
102960,93469,0.000000,0.019391
55610,19558,0.000000,0.000000
14991,30567,0.594481,0.677823
44450,29467,0.000000,0.046709
48906,53204,0.000000,0.000706
113457,3541,0.000000,0.000027
73972,114343,0.000000,0.015416
44450,110922,0.595089,0.614238
3541,44450,0.000000,0.000046
46315,90621,0.000000,0.000000
98829,113663,0.000000,0.009146
64919,23871,0.000000,0.389736
113457,67186,0.000000,0.000553
65133,24889,0.000000,0.014031
21038,24889,0.000000,0.000014
120203,80448,0.000000,0.005790
99976,70212,0.000000,0.001442
90621,13306,0.000000,0.000000
73972,116904,0.000000,0.069139
53906,110922,0.000000,0.005912
113457,59399,0.000000,0.000001
53906,90514,0.000000,0.000006
17558,116904,0.530097,0.018668
117481,47667,0.000000,0.000547
116904,21656,0.000000,0.000009
94975,21656,0.000000,0.000839
47667,100762,0.000000,0.028058
62083,115221,0.000000,0.000016
65779,11573,0.000000,0.063379
81999,65133,0.000000,0.000044
64919,65133,0.000000,0.000373
122489,44298,0.000000,0.049588
59399,94975,0.000000,0.000080
48906,16132,0.000000,0.000355
115221,110922,0.595470,0.640040
113457,99976,0.000000,0.023727
67186,44298,0.000000,0.006221
117481,5658,0.000000,0.000360
24889,59399,0.000000,0.000000
65779,35066,0.000000,0.000002
81999,64919,0.000000,0.000001
100762,80448,0.000000,0.028024
21656,64919,0.000000,0.000005
70212,16132,0.531340,0.019629
93632,122489,0.000000,0.073770
113663,46315,0.000000,0.000000
113457,35179,0.000000,0.000683
16132,99976,0.000000,0.033036
62083,100762,1.000000,0.000010
86936,81999,0.000000,0.000093
113663,1108,0.000000,0.000000
59399,1108,0.000000,0.000003
100762,99976,0.000000,0.000358
44298,11573,0.000000,0.000005
24889,53204,0.000000,0.019152
99976,90621,0.000000,0.000000
11573,35179,0.000000,0.001725
5658,67186,0.000000,0.001241
44298,1108,0.000000,0.000005
33360,59399,0.000000,0.000001
23871,90621,0.000000,0.000000
90621,114343,0.000000,0.000001
115221,94975,0.000000,0.000004
67688,53906,0.000000,0.000189
53906,113663,0.000000,0.025066
93469,73972,0.000000,0.237258
99976,17558,0.530097,0.061076
115221,13306,0.000000,0.628157
90621,110922,0.000000,0.000001
17558,93632,0.000000,0.013523
105332,114343,0.000000,0.000769
113457,33360,0.000000,0.352261
114343,93469,0.000000,0.317570
75643,77508,0.000000,0.000000
44298,73972,0.000000,0.061802
21038,11573,0.000000,0.000973
14991,33360,0.000000,0.088887
113457,30567,0.000000,0.026447
35066,59399,0.000000,0.000003
65133,16132,0.000000,0.002509
116953,93632,0.000000,0.239539
116953,65779,0.000000,0.001746
46315,93632,0.000000,0.002745
80448,21656,0.000000,0.000140
47667,116904,0.000000,0.063937
21038,62083,0.000000,0.000000
44298,16132,0.000000,0.009506
113457,55610,0.000000,0.000000
30163,37964,0.590960,0.590231
32022,17763,0.590960,0.567660
75781,94386,0.668806,0.575406
83371,118454,0.592111,0.584427
97942,100024,0.590960,0.601465
34128,14462,0.589180,0.476795
48613,62083,0.000000,0.000000
48613,20769,0.000000,0.512727
88042,32402,0.000000,0.000009
13196,42459,0.591880,0.602465
104557,37551,0.000000,0.000079
84711,100024,0.590960,0.594423
111956,62083,0.000000,0.000000
12202,8917,0.000000,0.000001
118454,64328,0.000000,0.000001
103921,64328,0.000000,0.000000
14462,104436,0.589180,0.528360
82586,84711,0.591378,0.597933
64328,15089,0.000000,0.000001
29247,103175,0.591997,0.641241
64328,117504,0.000000,0.000030
64328,44445,0.000000,0.000091
100732,20769,0.590812,0.588312
23630,62083,0.000000,0.000000
104557,23630,0.000000,0.000236
122306,120087,0.591509,0.641754
83371,23630,0.591880,0.599349
111368,95826,0.000000,0.001658
82586,34669,0.668965,0.601748
75702,3688,0.000000,0.520207
100732,103921,0.000000,0.130871
88890,69261,0.000000,0.010902
94400,94386,0.000000,0.488932
13196,118454,0.591880,0.580222
16967,103921,0.000000,0.125688
100024,98011,0.590960,0.579872
88042,16967,0.591997,0.642772
30163,20876,0.590960,0.579168
502,117504,0.590332,0.625905
16967,69261,0.591997,0.601340
78170,117504,0.000000,0.000061
84515,3688,0.000000,0.000833
17736,12202,0.591997,0.598131
106277,37551,0.590658,0.584777
111368,3688,0.000000,0.000305
94386,78170,0.000000,0.000001
34669,37964,0.591378,0.573902
98011,23630,0.591880,0.585912
82586,58613,0.000000,0.000000
12202,17736,0.591997,0.603975
84711,48613,0.000000,0.473412
100732,34669,0.590812,0.558135
104383,84711,0.591378,0.550657
34128,16967,0.591997,0.623033
15077,117504,0.590332,0.638936
64328,23630,0.000000,0.000197
120087,104436,0.590960,0.639248
29183,15089,0.588200,0.463807
97942,104557,0.000000,0.000003
111368,32022,0.000000,0.001644
83371,32022,0.591378,0.568347
69261,62083,0.000000,0.000000
26220,117504,0.590332,0.578760
111368,106277,0.000000,0.000451
78170,30163,0.000000,0.000130
59372,75781,0.590498,0.551992
37551,29183,0.591243,0.596243
75781,44445,0.591378,0.574018
502,12202,0.591509,0.643745
23630,32402,0.000000,0.000007
59372,117504,0.590332,0.584507
20876,59372,0.590498,0.524942
32022,84711,0.668505,0.575316
84711,95826,1.000000,0.574762
29247,8917,0.000000,0.000002
13196,15089,0.588200,0.427669
34669,502,0.591509,0.597946
3688,17736,0.000000,0.512328
83371,95826,0.591378,0.567620
106277,100732,0.590658,0.584608
69261,97942,0.592111,0.598076
29183,48613,0.000000,0.501137
20876,100732,0.590812,0.536932
15077,104557,0.000000,0.000000
34669,94386,0.591378,0.573656
58613,94386,0.000000,0.000057
104436,12202,0.590960,0.633841
32022,97942,0.591378,0.580840
15077,103175,0.590658,0.627508
100024,84711,0.590960,0.590353
3688,78170,0.000000,0.000000
62083,30163,0.000000,0.000000
37964,118454,0.591378,0.570316
117504,75781,0.590332,0.576556
78170,100024,0.000000,0.000130
42782,88890,0.000000,0.000442
88890,100024,0.000000,0.001598
42782,120087,0.591243,0.594887
48613,117504,0.000000,0.526150
15089,117504,0.588200,0.491355
45735,28476,0.000000,0.000027
106797,37616,0.589395,0.525482
77051,83792,0.000000,0.528968
116123,71323,0.587612,0.524100
117678,113697,0.587916,0.442975
110461,69212,0.000000,0.566400
71323,84980,0.000000,0.000061
55730,4352,0.543803,0.458302
113697,20913,0.589180,0.514856
64700,106797,0.590160,0.620247
117678,102636,0.000000,0.420961
83792,82811,0.588466,0.506529
116123,69212,0.000000,0.518962
64700,81597,0.000000,0.456818
28476,52777,0.000000,0.004206
54444,69212,0.000000,0.534115
59957,64053,0.000000,0.000215
28476,103101,0.000000,0.000013
18171,6578,0.000000,0.450324
70354,62732,0.000000,0.000000
20913,13259,0.000000,0.480893
18331,45735,0.588200,0.605235
37291,20913,0.000000,0.453306
32379,116123,0.586132,0.467568
105807,80395,0.589395,0.561014
35349,13259,0.000000,0.449651
6325,52777,0.588955,0.502148
32379,62083,0.000000,0.000000
100630,7014,0.000000,0.501605
20354,55730,0.000000,0.477991
113697,83081,0.000000,0.000026
68121,70498,0.590812,0.569894
68121,16655,0.589180,0.495781
55730,70498,0.000000,0.404033
75448,84980,0.000000,0.000008
62083,62732,0.000000,0.000000
103101,62732,0.000000,0.433129
105949,64700,0.000000,0.000309
105949,116123,0.000000,0.000012
66555,71323,0.586934,0.509830
59957,68121,0.589599,0.519891
80395,100630,0.000000,0.538810
28476,106797,0.000000,0.003257
69212,83792,0.000000,0.572514
37616,35349,0.586934,0.406983
18171,16655,0.000000,0.438455
69230,18331,0.589180,0.637023
37291,62732,0.000000,0.410254
35349,14467,0.000000,0.427915
64053,106797,0.000000,0.010089
114555,66555,0.586934,0.587495
18171,62504,0.000000,0.063349
113697,54444,0.588200,0.529431
84980,18171,0.000000,0.000017
102636,14467,0.545511,0.472902
62504,6578,0.000000,0.097238
82811,75448,1.000000,0.508649
116123,5472,0.587612,0.535132
113697,16655,0.589180,0.514655
84382,70498,0.000000,0.001422
45735,102636,0.000000,0.530014
14467,3478,0.545511,0.515595
64053,105807,0.000000,0.000666
69230,16655,1.000000,0.554075
62083,102636,0.000000,0.000000
84980,32379,0.000000,0.000003
75448,102636,0.000000,0.448726
84980,3478,0.000000,0.000359
69230,28476,0.000000,0.000070
14467,89113,0.000000,0.543500
119152,14467,0.000000,0.456757
54444,17548,0.588200,0.540154
113697,105807,0.589395,0.524297
110461,80960,0.587916,0.483329
18331,62732,0.586132,0.393129
113697,116123,0.587612,0.509393
16655,3478,0.000000,0.529164
18331,84382,0.000000,0.000018
6578,12241,0.587916,0.479446
119152,20913,0.587612,0.451269
105807,64700,0.589395,0.555580
77051,52777,0.000000,0.488621
68121,117678,0.587916,0.423760
77051,30361,0.000000,0.508033
59957,20354,0.588200,0.541195
54444,62083,0.000000,0.000000
66555,35349,1.000000,0.479396
83792,77051,0.000000,0.521297
114555,52777,0.588200,0.574986
80395,16655,0.589180,0.551449
84382,64053,1.000000,0.876217
106797,69212,0.000000,0.594013
110461,3478,0.000000,0.558223
81597,52777,0.000000,0.437694
64053,75448,0.000000,0.000189
105949,13259,0.000000,0.000007
13259,64700,0.000000,0.494466
83792,81597,0.000000,0.463782
12662,64053,0.000000,0.000027
80960,71323,0.587916,0.447371
119699,30172,0.589794,0.578209
114322,91410,0.587286,0.569785
111674,96228,0.588955,0.622599
13545,30172,0.588466,0.619423
70594,72082,0.000000,0.000134
101714,120710,0.590812,0.581490
7142,17456,0.590498,0.564962
94895,94161,0.000000,0.000011
21345,40164,0.588200,0.530536
24367,30172,0.000000,0.000012
94024,79544,0.589180,0.557153
17456,72082,0.590332,0.558697
31885,42074,0.587916,0.531959
38220,96228,0.588200,0.630922
58228,79544,0.589395,0.553279
38220,70306,0.000000,0.000000
26868,45999,0.589794,0.632998
73793,114980,0.000000,0.000001
78670,70594,0.000000,0.000000
58228,30172,1.000000,0.638864
114143,38220,0.588200,0.596510
72082,7142,0.590332,0.555822
79893,31060,0.000000,0.000045
111674,121667,0.000000,0.239519
40164,114322,0.588200,0.617818
30172,94024,0.589180,0.629923
24367,112402,0.000000,0.000027
91410,61297,0.587286,0.606598
45999,38220,0.588200,0.581740
24367,38220,0.000000,0.000002
47867,26868,0.589794,0.579453
31060,7142,0.588955,0.485139
17456,15027,0.587916,0.514067
21345,49173,0.590160,0.574845
73793,45999,0.588200,0.599934
12127,7333,0.589794,0.565315
96228,114143,0.588955,0.629498
21345,27257,0.587916,0.521515
7142,62083,0.000000,0.000000
94161,121667,0.000000,0.206898
101714,100982,0.587612,0.442708
31140,112402,0.588466,0.540214
70594,75625,0.000000,0.000103
25755,49173,0.590658,0.590175
74292,92595,0.000000,0.000003
75625,37808,0.590332,0.580981
49173,27257,0.587916,0.568452
114322,37441,0.589180,0.632570
79893,101714,0.000000,0.000838
21345,120710,0.590160,0.532377
31140,121667,0.000000,0.213955
116483,121667,0.000000,0.225263
116483,15301,0.589794,0.565323
30172,15301,0.589794,0.639411
47867,34096,0.000000,0.000059
70594,100982,0.000000,0.000002
31885,116483,0.587916,0.534798
114143,121667,0.000000,0.239513
58228,6276,0.000000,0.337109
61297,96228,0.588955,0.631482
59075,26868,0.589395,0.638317
15301,94024,0.589180,0.622453
34096,30633,0.000000,0.000014
72082,49173,0.590332,0.575713
112402,47867,0.590332,0.558501
34096,40164,0.000000,0.000057
79544,116483,0.589395,0.526628
19150,70594,0.000000,0.000001
79893,70594,1.000000,0.992522
94024,25755,0.589180,0.555308
101714,25755,1.000000,0.585220
101714,111674,0.589794,0.626978
31140,30172,0.588466,0.619423
31140,73793,0.588200,0.622920
94161,114322,0.589180,0.555353
6276,61542,0.000000,0.452189
37293,40164,0.662089,0.624619
25755,12127,0.589794,0.530832
94895,1779,0.000000,0.000025
37441,59075,0.589180,0.636989
11698,92595,0.587286,0.623342
37293,31140,0.588200,0.629033
31060,38220,0.588200,0.552911
94895,38220,0.000000,0.000005
101714,11698,0.587286,0.543949
92595,94161,0.587916,0.544458
94895,47867,0.000000,0.000053
49173,6276,0.000000,0.310763
79893,96228,0.000000,0.000081
11698,15301,0.587286,0.585136
30172,62083,0.000000,0.000000
7333,30633,0.587916,0.470242
74292,58228,0.000000,0.000027
37441,79544,0.589180,0.557139
47867,37441,0.589180,0.559538
79893,1779,0.000000,0.000186
45999,31060,0.588955,0.518797
101714,12127,0.589794,0.560778
100982,30172,0.587612,0.475566
111674,110679,0.000000,0.000000
97923,24618,0.000000,0.073495
39009,117779,0.000000,0.000019
92489,97923,0.000000,0.000015
96441,45554,1.000000,0.952136
6123,119355,0.000000,0.000000
47021,23125,1.000000,0.000113
115067,23125,0.000000,0.000001
117779,65927,0.000000,0.000000
62943,77508,0.000000,0.000000
87046,12428,1.000000,0.952136
4983,65927,0.000000,0.000781
110306,87046,0.556586,0.376583
31340,97219,1.000000,0.009623
110306,97923,0.556586,0.376583
31340,11478,0.000000,0.000008
48575,87046,1.000000,0.952136
117779,57500,0.000000,0.000000
6123,87046,0.000000,0.000000
54720,24618,0.000000,0.000000
105351,54720,0.000000,0.000000
48575,110306,0.556586,0.318233
96318,65927,0.000000,0.000000
81141,97219,0.000000,0.000000
111207,62943,0.000000,0.000000
117779,55878,0.000000,0.000001
110306,78436,0.000000,0.000000
57243,8501,0.000000,0.086853
77066,4983,0.000000,0.009310
36226,110306,0.000000,0.117328
54720,89466,1.000000,0.001524
4983,55878,0.000000,0.000001
829,87046,0.000000,0.000016
33611,36226,0.000000,0.124305
77508,81141,0.000000,0.000000
12428,31340,0.000000,0.000000
102509,11478,0.000000,0.000027
105436,102509,0.000000,0.000002
56926,57500,0.000000,0.088691
85493,62943,0.000000,0.000000
9370,56926,0.000000,0.089274
102509,56926,0.000000,0.030541
96441,24618,0.000000,0.073495
54720,45554,0.000000,0.000000
92489,47021,1.000000,0.046998
55878,102509,0.000000,0.000847
11478,81141,0.000000,0.004668
6123,55878,0.000000,0.002190
6123,59578,0.000000,0.000594
89466,6123,0.000000,0.000000
78436,77066,0.000000,0.000000
48575,117779,0.000000,0.000000
78436,47021,1.000000,0.033745
9370,4983,0.000000,0.000660
6123,9370,0.000000,0.000334
102509,39009,0.000000,0.000000
78436,119355,0.000000,0.000000
57500,92489,1.000000,0.000420
97923,105351,0.000000,0.170834
31340,54720,1.000000,0.003412
59578,115067,0.000000,0.002545
45554,11478,1.000000,0.952136
8501,48575,0.000000,0.003651
24618,110306,0.000000,0.066717
4983,62943,0.000000,0.000000
24618,57243,0.000000,0.002687
23125,111207,0.000000,0.000028
23125,96441,0.000000,0.000000
4983,97923,0.000000,0.047398
6123,42473,0.000000,0.023939
102509,33611,0.000000,0.000027
4983,9370,0.000000,0.001412
96318,57243,0.000000,0.000000
117779,42473,0.000000,0.000025
31340,85493,1.000000,0.050849
57243,39009,0.000000,0.000000
45554,102509,0.000000,0.000004
115067,89466,0.000000,0.061022
102509,105436,0.000000,0.000120
81141,78436,0.000000,0.000001
8501,96318,0.000000,0.000000
57243,102509,0.000000,0.000004
81141,97923,0.000000,0.018404
62943,105351,0.000000,0.000000
36226,85493,0.000000,0.000000
9370,110306,0.000000,0.000923
92489,11478,0.000000,0.000015
78436,24618,0.000000,0.000000
92489,105351,0.000000,0.000043
57243,31340,0.000000,0.000000
48575,6123,0.000000,0.000000
85493,87046,0.000000,0.000038
57243,107231,0.000000,0.000000
97923,33611,1.000000,0.952136
48575,119355,1.000000,0.952136
87046,65927,0.000000,0.041282
24618,97923,0.000000,0.002687
81141,11478,0.000000,0.018404
110306,81141,0.000000,0.029793
45554,829,0.000000,0.000007
8501,92489,0.000000,0.000000
81138,33827,0.000000,0.000488
5206,81138,0.000000,0.187658
120908,68039,0.000000,0.484304
32049,2797,0.000000,0.000021
43785,10374,0.000000,0.077554
32704,31288,1.000000,0.536440
104527,52588,1.000000,0.940838
46649,31288,0.585374,0.531501
48377,101369,0.000000,0.000088
5527,104968,0.000000,0.543346
117871,84356,0.000000,0.000000
104527,22022,0.000000,0.000211
46649,26698,0.585374,0.513895
38154,34840,0.000000,0.541869
117871,2797,0.000000,0.000004
52588,115551,0.000000,0.000003
22022,15371,0.000000,0.509820
69562,73067,0.000000,0.612360
106537,104527,0.000000,0.000002
120908,34840,0.585374,0.535001
15371,36840,0.000000,0.194120
109997,115213,0.000000,0.463383
2797,69562,1.000000,0.750805
5527,33827,0.000000,0.000006
84356,107271,0.000000,0.000000
32049,68039,0.000000,0.161569
34840,31288,0.585374,0.626139
112815,43589,0.000000,0.141654
2797,120908,0.000000,0.000012
65304,34981,0.000000,0.542890
81138,62083,0.000000,0.000000
5206,38499,0.589599,0.431540
61700,13219,0.000000,0.552398
9170,34981,0.000000,0.560114
10390,43785,0.000000,0.453086
108709,62801,0.000000,0.000491
36840,4487,0.000000,0.214439
62801,46649,0.585374,0.572547
43785,56599,0.000000,0.222746
62801,5206,0.000000,0.459149
51541,11124,0.000000,0.000000
107271,31288,0.585374,0.559729
104968,32704,0.000000,0.524515
110821,51541,0.000000,0.537445
56599,62083,0.000000,0.000000
120908,43785,0.000000,0.507674
31288,110278,0.588466,0.549990
26698,13219,0.000000,0.532613
69562,1342,0.000000,0.012642
11124,115213,0.000000,0.000001
61700,65304,0.000000,0.537007
1342,82361,0.000000,0.002123
82361,66803,0.000000,0.000079
82361,115551,0.000000,0.000003
5206,32049,0.000000,0.168694
108709,5527,0.000000,0.000201
106537,101369,0.000000,0.000000
117871,71286,0.000000,0.537129
62801,13219,0.000000,0.563354
65304,51541,0.000000,0.471605
34840,62083,0.000000,0.000000
110278,71286,0.000000,0.520990
61700,43785,0.000000,0.527793
84356,104527,1.000000,0.004368
12231,46649,0.585374,0.560222
112815,51541,0.000000,0.116848
115551,110278,0.000000,0.513803
56599,117871,0.000000,0.263856
43785,104968,0.000000,0.534594
1342,62801,0.000000,0.129199
112815,31135,0.000000,0.114268
109997,101369,0.000000,0.000000
108709,110821,0.000000,0.000141
10374,51541,0.000000,0.097891
84356,106537,0.000000,0.000000
18960,43589,0.588200,0.465585
73067,11124,0.585374,0.946882
46649,51541,0.000000,0.484906
82361,36840,0.000000,0.000615
48377,51541,0.000000,0.130035
34840,36840,0.000000,0.211639
46649,43785,0.000000,0.461683
5818,82361,0.000000,0.000030
120908,12231,0.588466,0.450222
62083,31288,0.000000,0.000000
38499,71286,0.000000,0.525333
26698,34840,0.588717,0.563117
73067,115551,0.000000,0.000002
32704,120908,0.657163,0.507705
11124,59494,0.000000,0.000082
46649,62083,0.000000,0.000000
71286,106774,0.000000,0.505099
34981,9170,0.000000,0.562026
4487,68039,0.585374,0.622166
1342,59494,0.000000,0.549950
108709,11124,0.571888,0.274506
66803,109997,0.000000,0.501016
68039,43785,0.000000,0.476396
22022,33827,0.000000,0.000030
13219,113340,0.000000,0.514404
96536,111002,0.000000,0.005728
94305,110195,0.000000,0.005967
107636,59286,0.000000,0.001509
94305,96536,0.000000,0.000007
38032,121366,0.000000,0.000000
2678,91668,0.000000,0.000000
77508,121366,0.000000,0.000000
77508,42514,0.000000,0.000000
87313,38698,0.000000,0.118992
38032,12034,0.556021,0.389727
38032,56958,0.000000,0.067901
17006,40364,0.000000,0.000001
76452,113055,0.000000,0.002152
17068,117779,0.000000,0.000000
82321,85097,0.000000,0.136192
48568,17006,0.000000,0.011147
17006,9049,0.000000,0.000005
84799,17006,0.000000,0.000000
94305,101007,0.000000,0.000000
79682,90464,0.000000,0.000061
3165,30034,0.557528,0.217289
39259,14345,0.000000,0.000000
87313,117779,0.000000,0.000000
30865,84799,0.000000,0.000903
84799,48568,0.000000,0.000000
62943,65201,0.000000,0.000000
55567,56784,0.556021,0.004531
65201,116201,0.000000,0.327400
111002,2678,0.000000,0.000001
77508,17006,0.000000,0.000010
2678,87228,0.000000,0.001312
665,65201,0.000000,0.000000
38032,43421,1.000000,0.471764
108328,86993,0.000000,0.000000
17006,29564,0.000000,0.016445
116201,9049,0.000000,0.147569
39259,114467,0.556021,0.299036
29238,48568,0.000000,0.036222
96536,56958,0.000000,0.000012
107636,96536,0.588303,0.068219
91668,51147,0.000000,0.000047
87313,121366,0.000000,0.000000
77508,665,0.000000,0.000004
60098,94305,0.000000,0.001507
3165,39259,0.557310,0.257359
85955,114467,0.556021,0.226382
56231,29238,0.000000,0.000000
17006,86993,0.000000,0.000000
107636,101717,0.000000,0.056120
84799,87228,0.000000,0.003940
107636,113055,0.000000,0.002132
114467,111002,0.000000,0.000000
79682,70263,0.000000,0.000000
665,110195,0.000000,0.003008
91668,39259,0.000000,0.000000
59242,85955,0.000000,0.000003
30865,85097,0.000000,0.000000
48568,40364,0.000000,0.000007
38032,85097,0.000000,0.000000
94305,87228,0.000000,0.000000
101007,85955,1.000000,0.477698
87313,17006,0.000000,0.000000
55567,38433,0.000000,0.000830
121366,17068,0.000000,0.005208
55567,113055,0.000000,0.000000
113055,38698,0.000000,0.000000
116201,60098,0.000000,0.000005
51147,82321,0.000000,0.020794
9049,38032,0.000000,0.033834
55567,85097,0.000000,0.000000
121366,30865,0.000000,0.000024
94305,38032,0.000000,0.000000
76452,82321,0.000000,0.015051
51147,56784,0.000000,0.000000
38698,56784,0.556310,0.191127
56958,39259,0.000000,0.005533
29564,38698,0.000000,0.000000
12034,59242,0.000000,0.000000
110195,29238,0.000000,0.012013
42514,59286,0.000000,0.001130
29238,28103,0.000000,0.000000
77508,111002,0.000000,0.000037
26991,86993,0.000000,0.000000
82321,65201,0.000000,0.000000
17006,14345,0.000000,0.000133
116201,6289,0.555712,0.398410
42514,12034,0.000000,0.000180
87313,17068,0.000000,0.000000
665,59286,0.000000,0.001475
29238,40364,0.000000,0.000005
113055,42514,0.000000,0.000008
38698,118697,0.556582,0.121161
51147,114467,0.000000,0.000000
56958,94305,0.000000,0.000000
77508,38433,0.000000,0.000067
59286,86993,0.000000,0.000000
101007,18,0.556021,0.431397
77508,85955,0.000000,0.000000
113055,39259,0.000000,0.000000
38433,87313,0.000000,0.000000
107771,121396,0.000000,0.000000
98513,69473,0.590812,0.578276
92674,31889,0.590160,0.548945
29247,17914,0.000000,0.000002
44445,17736,0.591636,0.576173
92674,122361,0.590160,0.543390
40495,107771,0.590960,0.591727
96749,292,0.589794,0.562394
10925,20876,0.589794,0.499689
98513,74589,0.589981,0.596007
29247,20876,0.592539,0.605395
113858,34451,0.589180,0.552931
40495,4843,0.590498,0.549235
120630,42459,0.590160,0.554203
67251,26657,0.589180,0.605074
111838,17914,1.000000,0.951563
37511,121396,0.000000,0.000000
83072,51235,0.589180,0.541820
17914,115449,0.000000,0.000074
4369,113053,0.000000,0.007251
81415,34579,0.000000,0.566578
21913,121243,0.589599,0.500443
102981,292,0.589395,0.543863
292,83072,0.590658,0.583060
21913,52257,0.591880,0.593951
31889,42459,0.590658,0.576499
91218,42459,0.589981,0.547770
67251,121243,0.589180,0.559034
26657,75757,0.590160,0.567944
48148,113053,0.590160,0.537334
29247,44445,0.591636,0.600773
8693,102981,0.666398,0.533164
98513,44445,0.591636,0.599603
9625,46139,0.000000,0.000045
75757,121243,0.589599,0.529769
34451,56121,0.591104,0.564417
96749,21913,0.589794,0.520633
120630,74589,0.589981,0.575106
52257,68390,0.591378,0.609908
74589,111838,0.000000,0.000109
9625,36735,0.000000,0.000000
68390,72576,0.590498,0.582180
62083,48148,0.000000,0.000000
68390,115449,0.590498,0.632389
122361,104557,0.000000,0.000000
75757,26657,0.590160,0.564451
122361,34579,0.590812,0.567064
52257,20769,0.590960,0.600742
74589,26657,0.589981,0.621890
67251,117582,0.589180,0.611425
93468,20876,0.589981,0.559569
102249,31889,0.000000,0.000956
292,69473,0.590658,0.586163
10925,17736,0.589794,0.513576
10480,8693,0.000000,0.000004
121396,26657,0.000000,0.000155
74589,89343,0.000000,0.000003
62083,111838,1.000000,0.890927
17736,44445,0.591636,0.572610
75757,83072,0.590160,0.536952
102981,9379,0.000000,0.000000
36735,9625,0.000000,0.000052
4843,47454,0.000000,0.000615
20769,88329,0.590960,0.589156
51235,67251,1.000000,0.634747
91218,118438,0.589981,0.535674
113858,47454,0.000000,0.000117
98513,91218,0.589981,0.537566
17914,74589,0.000000,0.000039
122361,91218,0.589981,0.534150
102249,4369,1.000000,0.969446
9379,118438,0.000000,0.000080
98513,83072,0.591636,0.600171
111206,10480,0.000000,0.000000
9379,292,0.000000,0.000072
121243,48148,0.589599,0.528617
113858,74589,0.589180,0.630042
72576,20876,0.590498,0.529291
104557,121243,0.000000,0.000009
34579,83823,0.000000,0.000003
67251,121396,0.000000,0.000000
113858,111206,0.589180,0.611281
111206,9379,0.000000,0.000000
102981,67251,0.589180,0.561855
62083,40495,0.000000,0.000000
111206,36735,0.000000,0.000001
46139,34451,0.000000,0.002067
42459,9625,0.590332,0.617017
121396,92172,0.000000,0.000063
72576,102249,0.000000,0.000048
121243,102981,0.589395,0.533195
96749,74589,0.589794,0.568524
52257,111206,0.590960,0.600696
10480,9625,0.000000,0.000027
48148,4369,0.000000,0.000136
83823,42459,0.000000,0.001032
67251,107771,0.589180,0.611359
9379,34451,0.000000,0.000079
17914,92172,0.000000,0.000121
88329,26657,0.591378,0.595938
120617,50830,0.663355,0.547159
5772,79046,0.663174,0.552931
14525,98272,0.663527,0.526931
88497,70956,0.663174,0.561078
13508,13005,0.663355,0.572825
96206,50830,0.663355,0.530068
98272,12325,0.664431,0.586774
67586,99263,0.663355,0.566604
30833,20813,0.663527,0.552008
54777,62429,0.663692,0.549302
12127,88497,0.663174,0.539301
30833,67337,0.663527,0.518944
52912,98272,0.663527,0.569043
81391,96206,0.663851,0.552904
42434,62429,0.664151,0.562907
13508,12325,0.663355,0.624428
98272,34342,0.664293,0.583842
107036,93364,0.664293,0.559733
18419,84628,1.000000,0.554122
93364,96206,0.664293,0.565361
42357,120617,0.663527,0.553992
70455,1088,0.663527,0.553581
42434,111162,0.664004,0.588555
3142,42357,0.663174,0.172250
42434,73077,1.000000,0.587384
7287,13005,0.663174,0.171092
13508,34342,0.663355,0.626660
54777,67337,0.663692,0.527035
67586,42357,0.663692,0.580009
52796,12127,0.663355,0.539333
37452,40176,1.000000,0.573406
93364,70956,0.663527,0.577407
70455,93308,1.000000,0.556065
62429,52104,0.663692,0.550954
3142,7287,1.000000,0.567381
50830,93364,0.663355,0.533035
84628,75381,0.663174,0.540976
77372,19360,0.664816,0.595472
13005,17962,0.664151,0.561462
98272,14525,0.663527,0.523068
3142,77372,0.663174,0.184693
12127,95863,0.663355,0.535230
32944,13508,1.000000,0.570335
117236,40545,0.663355,0.542376
10630,99263,1.000000,0.546963
52796,5600,0.663527,0.580597
96206,52104,0.663692,0.547779
18419,77765,0.663355,0.547827
70455,62429,0.663692,0.548489
84628,40545,0.663527,0.550160
88497,40545,0.663174,0.527269
120617,5600,1.000000,0.572233
52796,116438,1.000000,0.557715
17962,62429,0.664293,0.567810
30833,107036,0.663527,0.532333
19360,73077,0.664151,0.578156
96206,34342,0.664293,0.593042
96206,1088,0.663527,0.540197
40176,120617,1.000000,0.571580
93364,42434,0.664151,0.566577
54777,72233,1.000000,0.557932
40176,70455,0.663527,0.575266
50830,5600,0.663355,0.568161
54777,12127,0.663355,0.544662
34342,93364,1.000000,0.586269
17962,75381,0.663174,0.517522
52104,107036,0.663692,0.538288
84628,33046,0.663174,0.537595
13508,108914,1.000000,0.638928
70455,98272,0.663692,0.536239
52104,18419,0.663527,0.553463
5772,36575,0.000000,0.000028
40176,34342,0.663527,0.630703
10630,73077,0.663355,0.562930
5600,12325,0.663527,0.628524
32944,107036,0.663355,0.523284
120617,36575,0.000000,0.000004
10630,13508,1.000000,0.570381
7287,54777,0.663174,0.170677
17962,77765,0.663355,0.525953
52912,54777,0.663527,0.576354
116438,17962,0.663851,0.550382
12325,17962,0.664431,0.591518
67337,37452,0.663527,0.512588
116438,111162,0.663851,0.580143
37452,77765,0.663355,0.547385
84628,52796,0.663527,0.550149
47461,67337,0.663355,0.510325
40176,12127,0.663355,0.568097
54777,81391,0.663692,0.556834
37452,13005,0.663527,0.544719
19360,12127,0.663355,0.511561
62429,83927,0.664004,0.562711
111162,13508,0.663355,0.633083
37452,5600,1.000000,0.573370
52104,108914,0.663355,0.580258
47461,70956,0.663355,0.569194
120617,88497,0.663174,0.535515
52912,111162,0.663527,0.636731
18419,99263,0.663355,0.547564
38341,88015,0.000000,0.000049
56569,123073,0.000000,0.001610
2650,109567,0.000000,0.001943
75633,120248,0.000000,0.000000
25552,89080,0.573710,0.000000
94795,33579,0.000000,0.000004
59874,107184,0.000000,0.000349
95322,52595,0.000000,0.052604
97070,8275,0.000000,0.000800
28920,38341,0.000000,0.000015
118581,103461,0.000000,0.000001
25515,106380,0.000000,0.000000
15287,2650,0.000000,0.004419
29932,94982,0.000000,0.000441
103569,109567,0.000000,0.000000
22177,25552,0.000000,0.000000
103569,80881,0.000000,0.000000
29932,61732,0.000000,0.006265
13577,28920,0.000000,0.000765
13937,38341,0.000000,0.000000
13937,88903,0.000000,0.000000
65882,8781,0.000000,0.000000
123073,61732,0.000000,0.013028
88903,89080,0.000000,0.000000
28062,23961,0.000000,0.001093
13577,97070,0.000000,0.006629
75384,13113,0.000000,0.000008
61732,120248,0.000000,0.000787
88015,64140,0.000000,0.008899
118581,13937,0.000000,0.000000
25515,4455,0.000000,0.000001
64140,56569,0.000000,0.000030
33459,118581,0.000000,0.000000
23961,107184,0.000000,0.000032
56569,65882,0.000000,0.000001
13113,103569,0.000000,0.000000
100223,103461,0.000000,0.000000
33459,120742,0.000000,0.039385
94982,13937,0.000000,0.000000
13113,94982,0.000000,0.000009
80881,15287,0.000000,0.000000
88903,63162,0.000000,0.000000
17337,120742,0.000000,0.009920
28305,4455,0.000000,0.000000
88015,56154,0.000000,0.000000
72468,95322,0.000000,0.000503
17337,103461,0.575976,0.007841
103461,100223,0.000000,0.000001
25552,38341,0.573710,0.000000
28305,33579,0.000000,0.004917
35284,71948,0.000000,0.000000
56569,88015,0.000000,0.000084
22177,94982,0.000000,0.000162
14950,10344,0.000000,0.000000
118581,64140,0.000000,0.000406
94795,97070,0.000000,0.001396
35284,17337,0.000000,0.000002
118996,61732,0.000000,0.000876
33579,120392,0.000000,0.014667
103569,61732,0.000000,0.000000
38341,8275,0.570106,0.000000
89080,63162,0.000000,0.002633
63515,90068,0.000000,0.000004
13577,9948,0.000000,0.005400
13577,13113,0.000000,0.001005
52595,72468,0.000000,0.003540
9948,8275,0.000000,0.000734
4455,71948,0.000000,0.000000
109567,123073,0.000000,0.000002
113322,56154,0.000000,0.000000
100223,118581,0.000000,0.000002
75384,118996,0.000000,0.000000
52595,113322,0.000000,0.000000
33459,80881,0.000000,0.000017
75384,52595,0.000000,0.183045
97070,75384,0.000000,0.001077
8275,71948,0.000000,0.000000
56569,59874,0.000000,0.003913
90068,123073,0.000000,0.000005
95322,23961,0.000000,0.000002
109567,118581,0.000000,0.000000
10344,52595,0.000000,0.000000
56569,52595,0.000000,0.000086
63515,123073,0.528987,0.000000
13577,35284,0.000000,0.000002
80881,95518,0.000000,0.000002
103461,75384,0.000000,0.000002
8275,8781,0.570106,0.000000
107184,94982,0.000000,0.010306
14950,88903,0.000000,0.000000
17337,22177,0.000000,0.000000
120248,23961,0.000000,0.000087
56569,2650,0.000000,0.000593
103461,8781,0.575976,0.000000
38341,118581,0.000000,0.000000
28062,95322,0.000000,0.000003
118581,23961,0.000000,0.014153
56154,94982,0.000000,0.326957
38341,75633,0.000000,0.000000
80881,103296,0.000000,0.000000
16711,100574,0.589981,0.547142
192,23444,0.589794,0.542486
91265,114465,0.589981,0.579909
99068,84112,0.589981,0.524908
88435,58887,0.000000,0.000170
80824,19830,0.000000,0.000001
118706,105990,0.590332,0.553765
37832,71563,0.589981,0.572260
63194,100574,0.000000,0.000135
114465,87052,0.000000,0.000058
99068,16711,0.590658,0.552519
16711,6218,0.590332,0.562249
30543,21304,0.000000,0.002544
57585,2947,0.588200,0.484896
30543,62083,0.000000,0.000000
80853,114465,0.589981,0.549015
3132,58887,1.000000,0.573882
87102,84112,0.589981,0.565434
115163,104057,0.590812,0.562719
97029,122566,0.000000,0.000000
115523,116301,0.000000,0.298026
308,84112,0.589981,0.573148
87975,104057,0.591636,0.592181
3132,9141,0.589981,0.545030
115523,37832,0.589981,0.574369
116301,71563,0.000000,0.243746
87102,99068,0.591243,0.592735
95359,84112,0.000000,0.461652
114465,63194,0.000000,0.000012
16711,3425,0.590658,0.585639
88270,89683,0.589981,0.506968
95359,116301,0.000000,0.206947
95359,96164,0.000000,0.191648
117641,68407,0.590160,0.541257
192,89683,0.589981,0.546770
55127,35684,0.590160,0.537600
3425,70701,0.589981,0.563113
2947,115163,0.590658,0.584672
100574,25972,0.589981,0.569233
68407,100433,0.589981,0.575585
91265,87102,0.589981,0.623937
110608,89683,0.000000,0.000105
308,92512,0.589981,0.636806
112663,70701,0.589981,0.571973
72997,2947,0.590498,0.586070
23444,192,0.589794,0.542602
97029,55496,0.590160,0.548823
99068,3132,0.589981,0.525170
100574,87052,0.000000,0.000030
100570,19830,0.000000,0.000001
68407,16711,0.590160,0.549030
112663,25972,0.590498,0.640308
115163,117641,0.590812,0.565273
62083,69829,0.000000,0.000000
116301,65402,0.000000,0.244321
80853,105990,0.589981,0.549654
95359,97029,0.000000,0.444693
95359,100570,0.000000,0.488320
122566,72997,0.000000,0.000016
88435,115163,0.000000,0.000357
52332,116301,0.000000,0.277693
308,100433,0.589981,0.636788
69829,23444,0.589794,0.546295
91265,30543,0.589981,0.576030
25972,23444,0.589794,0.567925
71563,104057,0.591104,0.575410
308,3060,0.588955,0.523474
70701,192,0.589981,0.548810
117641,6218,0.590332,0.551722
30543,116301,0.000000,0.291265
115523,99068,0.591243,0.572280
118706,99068,0.590812,0.555641
19830,3132,0.000000,0.000044
71563,3425,0.591104,0.594265
25972,80824,0.589981,0.636791
104057,118706,0.590812,0.559353
28599,117641,0.590498,0.557546
37832,104057,0.589981,0.593369
62083,2947,0.000000,0.000000
80824,21304,0.000000,0.001063
16711,88435,0.000000,0.000021
57585,115523,0.588200,0.441038
30543,96164,0.000000,0.261683
2947,9141,1.000000,0.585349
69829,3132,0.589981,0.552025
104057,87975,0.591636,0.590895
28091,114465,0.590498,0.557630
28599,35362,0.000000,0.000619
116301,52332,0.000000,0.272505
308,6218,0.590332,0.581164
100570,3425,0.590498,0.632684
80853,70701,1.000000,0.553219
100574,63194,0.000000,0.000007
68407,88435,0.000000,0.000011
80824,16711,0.589981,0.577396
118706,30543,0.590658,0.564942
112663,87052,0.000000,0.000055
23444,100433,0.589794,0.569507
100433,83435,0.589981,0.578509
37832,96164,0.000000,0.251853
15445,108367,0.000000,0.119912
70809,15543,0.000000,0.000029
31121,119974,0.000000,0.000001
37306,35283,0.586934,0.494633
110430,32864,0.586551,0.590103
50449,14938,0.588466,0.619732
61953,70809,0.588200,0.618097
106786,110430,0.586551,0.555762
22854,10999,1.000000,0.494391
22854,14938,0.587916,0.492121
106786,60532,0.589180,0.554007
68815,119974,0.000000,0.000010
42976,102030,0.589981,0.576685
59080,10999,0.587916,0.490802
79836,37298,0.000000,0.000052
70809,120607,0.589599,0.564380
10999,114749,0.587916,0.461193
66872,101731,0.658541,0.622029
60150,15543,0.000000,0.000040
3768,55843,0.000000,0.000007
60532,3768,0.588717,0.464560
120607,55843,0.000000,0.000131
120607,121279,0.586934,0.477296
120607,80126,0.589794,0.568134
95974,29469,0.588200,0.554816
80126,102030,0.589794,0.574907
110430,112210,0.586551,0.522547
15543,3645,0.000000,0.000011
2125,15543,0.000000,0.000011
28161,14938,0.588717,0.624671
31121,51989,0.587286,0.498535
120607,59080,0.589180,0.547817
29469,11142,0.588200,0.539824
89317,31121,0.587286,0.447771
80126,50449,0.588466,0.605646
18853,121279,0.586934,0.510868
70809,101731,0.587916,0.590747
15445,1547,0.587612,0.518007
114884,33051,0.588955,0.520070
2125,121279,0.586934,0.582233
37298,89317,0.000000,0.000115
18853,95974,0.588955,0.517805
35699,15543,1.000000,0.926979
65512,73230,0.587612,0.539674
121279,2125,0.586934,0.613251
1547,15543,0.000000,0.000003
86469,3645,0.586934,0.618822
68815,32085,0.588717,0.627075
3768,32864,0.588717,0.538821
37298,70009,1.000000,0.945151
35283,112723,0.000000,0.102218
66872,89317,0.587916,0.607664
70809,112210,0.587916,0.483459
79836,68815,0.589180,0.618792
60532,14335,0.587916,0.505217
50945,70809,0.587612,0.604673
1547,22854,1.000000,0.495775
80126,3645,0.587612,0.575400
15445,37298,0.000000,0.000004
108367,110430,0.000000,0.112857
114749,33051,0.588955,0.519754
3768,108367,0.000000,0.111576
114749,26310,0.588717,0.563288
101731,3645,0.587612,0.613727
59080,29469,0.588200,0.609067
108367,86469,0.000000,0.118172
121855,121279,0.586934,0.593204
22854,62083,0.000000,0.000000
37306,106786,0.586934,0.462291
106786,65512,0.588955,0.543388
101944,66872,0.587612,0.623033
37306,84784,0.586934,0.426817
115133,68815,0.588955,0.635512
84784,114749,0.588955,0.513735
3768,60532,0.588717,0.464815
55843,62083,1.000000,0.018515
66872,60150,0.587916,0.604182
60150,106786,0.589180,0.626301
1547,15445,0.587612,0.531892
3645,65512,0.587612,0.541193
65512,14938,0.588955,0.544766
29469,101944,0.587612,0.608909
121855,15445,0.587612,0.613862
55843,15543,1.000000,0.935784
95974,60532,0.588955,0.479737
3645,62083,0.000000,0.000000
114749,59080,0.589180,0.564707
66872,62083,0.000000,0.000000
53309,26310,0.587286,0.616229
115133,55843,0.000000,0.000009
15543,14938,0.000000,0.000139
61953,101944,0.587612,0.608909
2580,42976,0.660457,0.639728
15445,70009,0.000000,0.000002
33051,59080,0.588955,0.550140
102030,115133,0.588955,0.551163
112723,31121,0.000000,0.104902
50449,29469,0.588200,0.623199
32864,33051,0.588955,0.543416
14938,3645,0.587612,0.575599
22755,37475,0.000000,0.000278
71700,43673,0.000000,0.000000
75112,71700,0.000000,0.417720
36845,100979,0.589395,0.525272
118391,104913,0.589395,0.549226
85310,122981,0.588466,0.479180
64917,75112,0.588466,0.368520
86528,22755,0.589180,0.490244
96918,36845,0.589395,0.522566
52154,27710,0.588466,0.504350
2829,62083,0.000000,0.000000
44732,63838,0.589395,0.503615
12375,109670,0.000000,0.000004
72497,82745,0.589599,0.484082
21112,84972,0.588955,0.355142
96783,62083,0.000000,0.000000
39141,42276,0.588717,0.541920
39141,27034,0.000000,0.000027
96918,22755,0.589180,0.502597
11095,36845,0.587612,0.522862
10778,100979,0.589180,0.526936
72497,12756,0.590160,0.469553
69892,44732,0.589180,0.524160
62083,12375,1.000000,0.999765
80092,42276,0.588717,0.563248
122796,17568,0.000000,0.417194
67530,58631,0.000000,0.000000
27710,64399,0.587916,0.252551
53026,72497,0.589395,0.460308
36845,11095,0.587612,0.510296
69806,44732,0.665860,0.532199
95567,75464,0.589395,0.505580
27034,95097,0.000000,0.000016
2829,36845,0.589180,0.505739
17568,43673,0.000000,0.000000
37475,12756,0.000000,0.001190
122796,64399,0.587916,0.256140
42863,21112,0.588955,0.513436
24250,85310,0.588200,0.329279
39141,63838,0.590498,0.556069
37475,80092,0.000000,0.000434
109670,43673,0.000000,0.000000
6198,53026,0.000000,0.000064
27710,71700,0.000000,0.414007
72497,37475,0.000000,0.000082
104913,90547,0.589180,0.527599
117896,72497,0.590332,0.443869
95567,69892,0.589180,0.517657
104913,11095,0.587612,0.527577
95097,85310,1.000000,0.328207
61064,64917,0.587916,0.375027
104913,122796,0.589395,0.527809
64917,104913,0.588466,0.412634
53026,68684,0.665860,0.534592
37475,40748,0.000000,0.002118
96783,64399,0.587916,0.318041
43673,39141,0.000000,0.000100
80092,37475,0.000000,0.000126
67530,100979,0.589395,0.554058
117896,46142,0.590160,0.554027
96844,42863,0.000000,0.000004
122796,84972,0.588955,0.359232
17547,88954,0.588955,0.471520
96783,107193,0.589395,0.529889
109670,42863,0.588466,0.495576
69892,6198,0.000000,0.000005
64399,96918,0.587916,0.371628
85310,72497,0.588466,0.373728
100979,69806,0.665860,0.534001
95567,104913,0.589395,0.530225
67530,62083,0.000000,0.000000
122796,6198,0.000000,0.000013
37475,62083,1.000000,0.000000
21112,96844,0.000000,0.000000
100979,46142,0.589395,0.523406
96783,52587,0.589395,0.560768
40748,75464,0.589395,0.492049
22755,84972,0.588955,0.398540
40748,90547,0.589180,0.499243
54360,117896,0.588200,0.452509
80092,109670,0.588466,0.486477
21112,62083,0.000000,0.000000
85310,11095,0.587612,0.488426
37475,43673,1.000000,0.369232
44732,122981,0.588955,0.562156
40748,88954,0.590658,0.547844
96783,80092,1.000000,0.529433
12375,24250,0.000000,0.000003
118391,58631,0.000000,0.000000
52154,122981,0.588955,0.622310
37475,82745,0.000000,0.000557
95567,84972,0.588955,0.359918
24250,63838,0.588200,0.439518
104913,44732,0.665860,0.532558
40748,69892,0.589180,0.499243
27034,46142,0.000000,0.000206
118391,12756,0.590160,0.578815
22755,21112,0.589180,0.527371
37475,63838,0.000000,0.003863
69806,17568,0.000000,0.426963
58028,61848,0.587612,0.419557
96415,108225,0.589599,0.538066
3615,78108,0.589794,0.547076
22125,96415,0.589180,0.523866
92298,109923,0.590812,0.566041
19142,40062,0.588466,0.451596
45804,40062,0.588466,0.450897
8605,77341,0.589180,0.493103
78333,98677,0.587916,0.435174
15171,117617,0.588955,0.519865
117617,41760,0.589180,0.493486
96415,18360,0.589599,0.519828
96415,22125,0.589180,0.527232
18360,85447,0.589395,0.506059
57874,22125,0.587916,0.467073
6218,78510,0.589981,0.550775
19142,59288,0.588466,0.492284
12212,90008,0.000000,0.000070
99659,18360,0.588200,0.533073
117617,91450,0.589180,0.528378
78333,40062,0.587916,0.426002
81426,40062,0.000000,0.000259
64173,6218,0.000000,0.000285
90008,95011,0.588200,0.450181
15171,98677,0.588955,0.488257
45804,37233,0.588466,0.482249
5185,102513,0.588955,0.485431
45153,117617,0.589180,0.550719
2420,100862,0.000000,0.000000
78108,108225,0.589981,0.553962
110414,75427,0.000000,0.000000
91450,102513,0.588955,0.518715
45804,90008,0.588466,0.461993
90008,98677,0.590498,0.562812
6983,62092,1.000000,0.539120
90008,2420,0.590160,0.558568
81426,96415,0.000000,0.000030
5185,109923,0.590960,0.569336
98677,12212,0.000000,0.000001
81426,88513,0.000000,0.000007
6983,42057,0.000000,0.000044
96415,6983,1.000000,0.538700
36202,78510,0.000000,0.000059
85447,63608,0.589395,0.493525
63608,45153,0.589599,0.546055
2420,96935,0.589599,0.535202
88589,54798,0.589180,0.537644
6218,81426,0.000000,0.000001
78108,91897,0.000000,0.000006
45804,85447,0.588466,0.486682
12212,5185,0.000000,0.000115
96415,75427,0.000000,0.000001
95011,58028,0.588200,0.449296
70917,100862,0.000000,0.000000
77341,41760,0.589395,0.503903
37233,41760,0.589599,0.516290
117593,62092,0.000000,0.000760
88589,62992,0.589180,0.498370
62083,68743,1.000000,0.963632
70917,64825,0.000000,0.000003
3615,63608,0.589794,0.516094
110414,18360,0.588955,0.482501
7578,109923,0.587916,0.425101
57874,68743,0.000000,0.000000
75427,109923,0.000000,0.000176
117593,59288,0.000000,0.000493
57874,54798,0.587916,0.502339
18360,98402,0.589395,0.507661
75427,100862,1.000000,0.967003
3615,19142,0.588466,0.479016
22125,117617,1.000000,0.530763
42057,92298,0.000000,0.001123
70917,42057,0.000000,0.000030
12212,98402,0.000000,0.000019
100862,54082,1.000000,0.950759
90008,117617,0.589180,0.508693
6218,75427,0.000000,0.000001
59288,26273,0.589180,0.551538
42057,102513,0.000000,0.000089
58028,85447,0.589395,0.517600
54082,77341,0.000000,0.000043
90008,70917,0.588955,0.550891
64825,99659,0.000000,0.000024
81426,26273,0.000000,0.000051
70917,3615,0.588955,0.561353
92298,45153,0.589599,0.568249
62092,109923,0.589599,0.517086
62092,42057,0.000000,0.000046
22125,78510,0.589180,0.514815
8605,53120,0.000000,0.118206
41760,54082,0.000000,0.000053
3615,78333,0.587916,0.451456
22125,108225,0.589180,0.515475
78108,96415,0.589599,0.535356
35592,45153,0.000000,0.507698
41760,40062,0.591243,0.575474
15171,70917,1.000000,0.550319
63608,41760,0.591509,0.570385
96935,36202,0.000000,0.000002
35592,64173,0.000000,0.000001
23901,24476,0.588955,0.589375
75335,89522,0.590812,0.553925
52257,76578,0.591243,0.607200
116258,48616,0.590498,0.548971
40959,43968,0.000000,0.000098
40959,43684,0.000000,0.000518
121901,1751,0.000000,0.000355
86446,87319,0.591509,0.570724
76426,87095,0.000000,0.000753
49932,83924,0.000000,0.526523
29251,87095,0.591104,0.589625
87319,44445,0.591636,0.571848
65552,89232,0.588466,0.596705
86446,114215,0.589599,0.554932
104826,65552,0.588200,0.462101
40959,87095,0.591243,0.567880
64044,99429,0.589794,0.527232
40268,44445,0.591636,0.600466
28891,76426,0.000000,0.000023
55972,63836,0.588955,0.502822
55972,106872,0.588955,0.460049
42954,52257,0.590960,0.474377
71086,55972,0.588955,0.468045
121901,68343,0.000000,0.000000
121901,86446,0.591378,0.573642
28891,87095,0.591243,0.593626
55972,102799,0.588955,0.501075
37964,24476,0.591378,0.595853
41206,75335,0.590812,0.560697
21725,87095,0.591243,0.570707
105577,27112,0.590332,0.579320
1751,88078,0.000000,0.000375
86446,41206,0.669206,0.576328
44445,68343,0.000000,0.000000
89522,65865,0.591378,0.570486
68343,43968,1.000000,0.992638
61939,87095,0.591243,0.568779
86593,65552,0.000000,0.000026
102799,121901,0.591378,0.596298
94915,29251,1.000000,0.596840
21725,28891,0.591636,0.601293
99429,29251,0.590960,0.589303
76426,65865,0.000000,0.000885
52257,21725,0.591760,0.591348
21940,87319,0.592539,0.584846
285,75335,0.590812,0.556090
21940,43968,0.000000,0.000200
21725,285,0.591636,0.579408
44445,1751,0.000000,0.000460
64219,118922,0.590658,0.642080
285,21725,0.591636,0.577776
61939,102799,0.591760,0.601407
106872,105577,0.590332,0.575206
50568,87095,0.591243,0.561833
43968,43684,1.000000,0.365735
43684,87848,0.000000,0.003280
99429,83924,0.590960,0.565904
21725,76426,0.000000,0.000040
76578,86514,0.000000,0.000000
17822,64219,0.590658,0.616908
64044,27112,0.589794,0.529457
29251,86446,0.591104,0.589292
76426,71086,0.000000,0.001384
97382,99429,0.000000,0.000056
43684,94915,0.000000,0.003173
86593,99429,0.000000,0.000824
106872,29251,0.590658,0.587587
40268,58076,0.588955,0.490300
21940,16456,0.000000,0.000494
41206,121901,0.591378,0.577613
28891,121901,0.591378,0.595470
58076,62083,0.000000,0.000000
41206,10480,0.000000,0.000000
55972,87095,0.588955,0.474930
41206,97382,0.000000,0.000000
114215,116258,0.589599,0.558911
23901,83924,0.588955,0.547931
114425,105577,0.000000,0.000023
65552,68343,0.000000,0.000000
89522,116258,0.591509,0.572827
114215,81730,0.589599,0.622601
27112,88078,0.589599,0.521251
29251,65552,0.588466,0.578767
99429,106872,0.590658,0.549081
99429,1751,0.000000,0.000222
94915,89522,0.591104,0.567107
61939,88078,0.589599,0.505094
64044,37964,0.589794,0.523668
29251,26673,0.591104,0.593760
40667,10480,0.000000,0.000000
87848,76426,0.000000,0.000021
55972,81730,0.588955,0.515456
121901,10480,0.000000,0.000000
48616,26673,0.590498,0.553727
40268,121901,0.591378,0.597866
58076,44445,0.588955,0.475276
10480,40667,0.000000,0.000209
94915,97382,0.000000,0.000000
116258,81730,0.590812,0.586326
21725,94915,0.591104,0.569260
102870,17519,0.588200,0.608643
17554,95615,0.000000,0.158401
58542,76902,0.587916,0.445358
112211,96583,0.646916,0.502129
85902,110942,0.586551,0.425400
75684,46553,0.589395,0.524571
110062,57533,1.000000,0.970339
59179,76293,0.588717,0.515120
33599,87430,0.000000,0.000070
97114,17519,0.587916,0.525790
114913,102038,0.000000,0.000003
68635,102870,0.586551,0.447153
93113,4818,0.000000,0.000012
114913,59179,0.000000,0.000037
24899,13491,0.588717,0.516466
97193,57046,0.000000,0.000178
102038,95615,0.587286,0.472255
5264,95615,0.587916,0.422028
76293,33599,0.000000,0.000007
114156,118126,0.000000,0.001082
35538,24499,0.587286,0.503696
96196,17554,0.000000,0.191560
120764,17554,0.000000,0.122277
120764,36023,0.587286,0.478216
52210,102870,0.587916,0.506809
97700,109642,0.589180,0.555373
45035,119750,0.589794,0.546589
112211,53354,0.588200,0.485151
80864,100279,0.588200,0.584840
75684,95615,0.587916,0.459631
83204,45035,0.589794,0.531635
24499,110062,0.000000,0.000159
711,24499,0.588955,0.470628
36375,17554,0.000000,0.133889
118126,52210,0.587916,0.466673
33599,17554,0.000000,0.000923
14639,36023,0.588466,0.632210
119750,36176,0.588717,0.550126
24899,95615,0.587916,0.472076
68635,102038,0.586551,0.455711
59179,102870,0.588955,0.549418
17519,59179,0.588200,0.546313
80859,5264,0.589794,0.529573
4818,76293,0.000000,0.000070
3794,36176,0.588717,0.538415
67207,39289,1.000000,0.494858
10816,102038,0.587286,0.476142
13491,57046,0.000000,0.000014
52210,119750,0.587916,0.448494
47158,39843,0.587916,0.435019
5264,102038,0.587286,0.388275
96583,102870,0.588200,0.519078
24899,711,1.000000,0.522070
24899,4818,0.000000,0.000026
36176,33599,0.000000,0.000011
97193,4818,0.000000,0.000299
10816,100279,1.000000,0.624778
14639,119750,0.588466,0.546697
39289,17519,0.587916,0.526122
59179,19454,0.587916,0.548831
46553,114156,0.000000,0.000215
46553,118126,0.589180,0.515802
4818,100279,0.000000,0.000070
100279,33599,0.000000,0.000006
118126,4818,0.000000,0.000040
62083,46553,0.000000,0.000000
46553,39843,0.587916,0.444516
80859,711,0.588955,0.507529
100279,19454,0.587916,0.618753
24899,5264,0.588955,0.480165
46553,4818,0.000000,0.000161
114913,52210,0.000000,0.000007
118126,48790,0.587612,0.450058
33599,80859,0.000000,0.000311
112211,17519,0.646916,0.532726
114913,47158,0.000000,0.004225
14639,114913,0.000000,0.000002
120764,100279,0.587286,0.503382
68635,17840,0.586551,0.381113
59179,46553,0.588955,0.497894
24899,45035,0.588955,0.504359
112211,33599,0.000000,0.000003
13491,76902,0.588717,0.484736
57533,114156,1.000000,0.949411
33599,46553,0.000000,0.000541
53354,76902,0.588955,0.493214
112211,24499,0.588200,0.429123
53354,33599,0.000000,0.000010
35538,118126,0.587286,0.529597
45035,53354,0.588955,0.504217
31095,118126,0.589180,0.524989
97700,14639,0.588466,0.618017
36176,24899,0.588717,0.544369
4818,52210,0.000000,0.000019
114156,17840,0.000000,0.004947
52210,110062,0.000000,0.000001
36023,119750,0.589180,0.563989
45035,31095,0.589794,0.551669
17519,50600,0.588200,0.548027
36176,97193,0.588717,0.546377
120429,39740,0.000000,0.000032
41531,37068,0.000000,0.000002
99250,17370,0.000000,0.000019
77385,95607,0.000000,0.231682
74531,20505,0.000000,0.000010
69988,41531,0.000000,0.000001
54553,49795,0.000000,0.505988
33212,15117,0.587612,0.480281
32454,21990,0.000000,0.447977
96485,115602,0.555165,0.460931
15117,95607,0.000000,0.232138
69988,87593,0.000000,0.424062
39698,74531,0.000000,0.000002
44585,59994,0.587612,0.470682
31595,43067,0.588717,0.562974
54553,76875,0.000000,0.456375
38985,24632,1.000000,0.842024
32454,44585,0.587916,0.500120
39698,15117,0.588200,0.501452
37068,41531,0.000000,0.000000
44585,87593,0.000000,0.451615
49386,54553,0.587916,0.478538
15415,119857,0.000000,0.543238
20542,43067,0.588466,0.535116
20505,95607,0.000000,0.231022
33212,119857,0.000000,0.426032
43067,76875,0.000000,0.518719
44585,49386,0.587916,0.487359
58996,32454,0.587916,0.472935
120429,43067,0.588717,0.536768
88522,15117,0.000000,0.000015
114101,42642,0.588955,0.515203
102312,20505,0.587916,0.478317
41531,95621,0.000000,0.890657
64241,114101,0.588955,0.513777
21990,122848,0.000000,0.412868
76875,120095,0.000000,0.456311
113220,31595,0.589395,0.519512
44775,64241,0.000000,0.196209
49795,85805,0.000000,0.481033
99489,106554,0.000000,0.565056
59994,120095,0.000000,0.527791
77385,120095,0.000000,0.523284
99250,15117,0.000000,0.000014
43067,76285,0.588200,0.515915
63394,71791,0.588466,0.479167
106554,114101,0.000000,0.508306
74295,64241,0.589599,0.559644
74531,49795,0.000000,0.000007
85805,88661,0.589599,0.529154
85805,95621,0.000000,0.000015
99489,35990,0.589180,0.559091
14607,38985,0.000000,0.000044
45142,44585,0.000000,0.001004
58996,38985,0.000000,0.000006
88522,76285,0.000000,0.000015
20505,76285,0.588200,0.495252
88661,59994,0.587612,0.417467
37068,35990,0.587916,0.462507
88522,71791,0.000000,0.000134
85805,521,0.000000,0.000002
122848,20542,0.587286,0.458266
102312,104170,0.587916,0.461411
99883,20542,0.588200,0.500050
15415,17370,0.588466,0.477208
113220,102312,0.587916,0.436521
76875,15117,0.000000,0.422372
37068,24632,0.000000,0.000006
20505,64241,0.588717,0.496844
87593,95607,0.000000,0.219157
87593,102312,0.000000,0.471853
24632,95621,1.000000,0.846340
42642,33212,0.587612,0.443644
15415,69988,0.589395,0.532250
99250,87593,0.000000,0.000004
31595,44585,0.660931,0.562436
49386,21990,0.000000,0.448137
76285,15415,0.588200,0.466100
74295,96637,0.588717,0.509260
20505,102312,0.587916,0.479209
88522,45142,1.000000,0.636071
43518,102312,0.587916,0.505866
69988,120095,0.000000,0.511126
88661,113220,0.590498,0.566704
114101,59994,0.587612,0.455022
20542,24632,0.000000,0.000014
39740,76875,0.000000,0.000849
39740,96637,0.000000,0.000023
96485,20505,0.000000,0.470603
58996,115602,0.000000,0.470713
41531,58996,0.000000,0.000009
71791,88661,0.589794,0.537603
20542,63394,0.660071,0.508835
54553,102312,0.587916,0.479176
113220,1642,0.000000,0.408215
71791,37068,0.587916,0.451150
64241,44775,0.000000,0.174074
39740,24632,1.000000,0.812063
521,41531,0.000000,0.918842
32454,64241,0.587916,0.457005
98246,90897,0.000000,0.000000
99952,53832,0.588466,0.501963
48148,99952,0.000000,0.469079
58794,62948,0.000000,0.000000
37119,121913,0.591104,0.583758
100176,36216,0.000000,0.000000
11102,63840,0.000000,0.421817
121913,100343,0.000000,0.000007
67446,84444,0.590332,0.541317
110423,62948,1.000000,0.998376
98282,84444,0.590160,0.555569
84444,74589,0.589981,0.585171
78170,10977,0.000000,0.000100
58794,108543,0.590160,0.552758
99952,24323,0.000000,0.000000
122306,285,0.591636,0.595854
99952,78170,0.000000,0.000000
37119,47048,0.000000,0.422967
88329,285,0.591636,0.578644
100176,62948,0.000000,0.000000
57324,100343,0.000000,0.000000
99952,122505,0.588200,0.538727
118438,37041,0.591104,0.559426
118542,99952,0.588466,0.488527
10413,37119,0.590498,0.555348
36216,88329,0.000000,0.000230
90030,37964,0.591104,0.570727
10925,37210,0.589794,0.531971
121913,37964,0.591378,0.592144
37041,78170,0.000000,0.000003
18254,17494,0.588717,0.543718
37551,121913,0.591243,0.587680
53832,118542,0.590332,0.640895
100176,38351,0.590498,0.552127
108543,99952,0.588466,0.469724
9995,26405,0.000000,0.579797
78435,38351,0.000000,0.000099
67446,56325,0.000000,0.000145
10925,100176,0.589794,0.536604
114224,18254,0.589794,0.543290
38351,42459,0.591104,0.588533
35901,78170,0.000000,0.000001
57324,90030,0.590332,0.578674
29247,98437,0.591760,0.603818
122306,10977,0.591104,0.592104
17494,71048,0.588717,0.543919
53832,10413,0.590332,0.580251
110423,63840,0.000000,0.000048
10977,35901,0.590812,0.566497
48148,26405,0.556902,0.545700
118438,122306,0.591104,0.592661
122505,37041,0.588200,0.523321
23510,78435,0.000000,0.000000
37119,10413,0.590498,0.557899
28465,98246,0.590160,0.536161
37551,61508,0.000000,0.000000
42459,108543,0.590160,0.561006
23510,61508,0.000000,0.000000
100176,98437,0.590498,0.547693
42459,17494,0.588717,0.569332
90030,114224,0.589794,0.529219
44202,61508,0.000000,0.000000
78435,84444,0.000000,0.000037
37210,78435,0.000000,0.000000
47048,78435,0.000000,0.000000
99952,285,0.588466,0.444569
4765,61508,0.000000,0.000000
285,100343,0.000000,0.000002
61508,90897,1.000000,0.998250
4765,18057,0.000000,0.528613
24323,122306,0.000000,0.000309
42459,37964,0.591378,0.598519
118438,47048,0.000000,0.422943
1413,48148,0.000000,0.576606
4765,38351,0.590332,0.547142
67446,502,0.591509,0.597541
26405,78170,0.000000,0.000001
58794,68390,0.590658,0.580678
24323,9995,0.000000,0.000054
84444,35901,0.590332,0.555366
38351,62948,0.000000,0.000001
114224,99952,0.588466,0.477379
78170,47048,0.000000,0.000001
53832,98437,0.590332,0.577101
9995,37041,0.590332,0.571246
103175,502,0.591509,0.640536
56325,18057,0.000000,0.000141
18254,108543,0.590160,0.556712
4765,62948,0.000000,0.000000
98282,285,0.590160,0.536776
285,57324,0.590332,0.573738
63840,67446,0.590498,0.548152
24323,99952,0.000000,0.000003
37964,10413,0.590498,0.553233
58794,18254,0.590332,0.558946
122306,121396,0.000000,0.000001
122306,118438,0.591104,0.595029
26405,122306,0.000000,0.584709
37551,11102,0.000000,0.404593
88329,56325,0.000000,0.000144
7744,20484,0.000000,0.015713
39009,112542,0.000000,0.000000
119937,1786,0.000000,0.108658
70231,69910,0.000000,0.000001
49377,88875,0.000000,0.000108
101581,85643,0.000000,0.005371
40520,76010,0.000000,0.001016
87327,89872,0.000000,0.000154
77709,7744,0.000000,0.000605
88953,50897,0.000000,0.126432
16634,25209,0.000000,0.122112
47447,90746,0.000000,0.061421
16634,50897,0.000000,0.199866
88875,87511,0.000000,0.000409
109107,58528,0.000000,0.000346
21537,77709,0.000000,0.000000
77508,48836,0.000000,0.000022
21999,14526,0.000000,0.002460
50897,49377,0.000000,0.006267
21999,45404,0.000000,0.017032
21537,30683,0.574333,0.045852
68277,92490,0.000000,0.012221
88875,77508,0.000000,0.000000
65927,1786,0.000000,0.000364
47291,101581,0.000000,0.008287
77508,109107,0.000000,0.000002
87327,48836,0.000000,0.004467
21999,18138,0.000000,0.000727
1786,20761,0.570787,0.002250
65927,77508,0.000000,0.000000
8834,39009,0.000000,0.000000
65927,58528,0.000000,0.013857
70397,18138,0.000000,0.003663
88875,54552,0.000000,0.000000
58528,71987,0.000000,0.001340
26287,101581,0.000000,0.000529
81495,85880,0.000000,0.000981
1786,56297,0.000000,0.000000
54552,76010,0.000000,0.000040
47447,18138,0.000000,0.017003
20761,45404,0.000000,0.062098
87511,21537,0.000000,0.000285
115440,68277,0.000000,0.011829
45404,77508,0.000000,0.000000
85880,76010,0.000000,0.000566
48836,27342,0.000000,0.000186
47291,87511,0.000000,0.010569
8834,27342,0.000000,0.000045
23427,85880,0.000000,0.198968
76010,25209,0.000000,0.001716
1786,81495,0.572750,0.001842
96156,88521,0.000000,0.000064
119504,45404,0.000000,0.085163
56297,50897,0.000000,0.000000
114736,85643,0.000000,0.006994
46007,76010,0.000000,0.017451
47447,25209,0.000000,0.082265
122234,1786,0.000000,0.075951
85880,56297,0.000000,0.000001
27342,112542,0.000000,0.000235
39009,122234,0.000000,0.000000
79769,71987,0.000000,0.100178
106380,89872,0.000000,0.000000
49377,26287,0.000000,0.000144
90746,88521,0.000000,0.132506
13276,69910,0.000000,0.032354
39009,81495,0.000000,0.000000
32056,120644,0.000000,0.000000
114736,50897,0.000000,0.213389
76010,50897,0.000000,0.002494
92490,1786,0.000000,0.031452
23427,119504,0.000000,0.001256
14526,50897,0.000000,0.030279
77508,88953,0.000000,0.000014
54552,120644,0.000000,0.000000
27342,88953,0.000000,0.000275
14526,119937,0.000000,0.053844
76010,77709,0.000000,0.000052
16634,68277,0.000000,0.032141
77508,21537,0.000000,0.000095
88953,114736,0.000000,0.084837
54552,68277,0.000000,0.003895
69910,45404,0.000000,0.006422
27342,101581,0.000000,0.000114
39009,119504,0.000000,0.000000
96156,122234,0.000000,0.000001
89872,115440,0.000000,0.000006
106380,71987,0.000000,0.000000
47291,88521,0.000000,0.040172
81495,48836,0.000000,0.003234
119937,39009,0.000000,0.000000
23427,79769,0.000000,0.037052
45404,26287,0.000000,0.000134
76010,85643,0.572750,0.033690
77709,30683,0.000000,0.000003
20484,85643,0.000000,0.029548
20761,13276,0.000000,0.001622
23427,47447,0.000000,0.087081
77709,56297,0.000000,0.005332
47447,39009,0.000000,0.000000
99804,71870,0.000000,0.082090
109189,96758,0.000000,0.000011
43102,24747,0.000000,0.030096
99779,18581,0.000000,0.000130
35932,99779,0.553791,0.059352
96758,10926,0.000000,0.000000
36146,50647,0.000000,0.114683
24747,12286,0.540875,0.021522
91086,29874,0.000000,0.293255
9629,70391,0.000000,0.008828
104020,6055,0.000000,0.000037
99779,3356,0.000000,0.000662
6055,31805,0.555609,0.226620
104020,64626,0.000000,0.000083
109189,36146,0.000000,0.007872
86458,73819,0.000000,0.010548
8818,46557,0.000000,0.041229
29874,6055,0.554482,0.531483
36146,46557,0.540875,0.015771
50647,10926,0.000000,0.000000
12286,8818,0.000000,0.005835
100636,71870,0.000000,0.147020
53184,86458,0.550680,0.490177
50081,3356,0.000000,0.002652
64878,6055,0.552973,0.406444
54117,29874,0.000000,0.528701
48953,92911,0.000000,0.032219
54117,106532,0.000000,0.432942
22948,12286,0.541406,0.101222
30846,9629,0.000000,0.000005
18238,116414,0.000000,0.161023
101212,120978,0.000000,0.000000
3356,8379,0.000000,0.000126
53184,48953,0.000000,0.237966
9924,18581,0.000000,0.000000
3356,65529,0.000000,0.000001
35932,51344,0.000000,0.331709
100037,104020,0.000000,0.000014
116414,49761,0.000000,0.349174
53184,22948,0.000000,0.322113
35932,72881,0.553791,0.517982
43102,49761,0.000000,0.210711
18581,104020,0.000000,0.000000
22948,29874,0.000000,0.354489
53184,64878,0.550680,0.330711
35932,71870,0.553791,0.368162
30846,53184,0.000000,0.000000
91086,99601,0.540875,0.066327
100636,36146,0.540875,0.002171
100414,12286,0.000000,0.356622
31805,29874,0.554482,0.165418
99804,92911,0.000000,0.137416
91063,54117,0.000000,0.276216
53184,31805,0.550680,0.123810
104020,17255,0.000000,0.000005
48953,51344,0.000000,0.055076
72881,99804,0.000000,0.031619
87326,50081,0.000000,0.000000
52019,92911,0.553791,0.035535
86458,98976,0.000000,0.155079
98976,87326,0.000000,0.000000
8379,53184,0.000000,0.474667
116414,100636,0.000000,0.367616
55670,106532,0.000000,0.000043
99779,72881,0.555081,0.067911
96758,28240,0.000000,0.000620
8818,73819,0.000000,0.003041
43102,99804,0.000000,0.059216
3356,57831,0.000000,0.000949
99601,17255,0.000000,0.155935
53184,36225,0.000000,0.268767
9629,99601,0.000000,0.207353
120978,31805,0.000000,0.004331
9924,18238,0.000000,0.102686
29874,100037,0.000000,0.004878
31805,9924,0.000000,0.032304
101212,73819,0.000000,0.056149
38484,65529,0.000000,0.201745
3356,100636,0.000000,0.005056
48953,99779,0.000000,0.040891
98976,24747,0.000000,0.083018
72881,100414,0.000000,0.555742
8379,99779,0.000000,0.121489
22948,99804,1.000000,0.030740
91086,9924,0.000000,0.358250
110084,48953,1.000000,0.042887
96758,18238,0.000000,0.009984
55670,88125,1.000000,0.981039
36225,6055,0.000000,0.388540
116414,120978,1.000000,0.000000
100037,99804,0.000000,0.017026
70391,22948,0.540274,0.045883
120978,28240,0.000000,0.000027
96758,87326,0.000000,0.000000
18581,38484,0.000000,0.000003
36225,10926,0.000000,0.000000
29874,50647,0.000000,0.476856
54117,8379,0.000000,0.463287
100037,12286,0.000000,0.010628
109189,70391,0.000000,0.014169
49489,3611,0.000000,0.396081
121497,15664,0.000000,0.552819
69392,20574,1.000000,0.632991
116470,15664,0.000000,0.253521
90462,93909,1.000000,0.360396
113663,86971,0.000000,0.000830
57202,113663,0.000000,0.005118
8093,48899,1.000000,0.831601
8093,62083,1.000000,0.000002
53678,55615,0.000000,0.000304
25312,832,0.000000,0.000212
48111,80847,0.000000,0.000001
91343,6096,0.000000,0.000001
15741,97052,0.000000,0.000006
20574,93909,1.000000,0.331451
93909,8093,1.000000,0.189669
27803,97052,1.000000,0.262951
48111,7415,1.000000,0.452079
71513,15664,0.000000,0.597562
114629,88948,0.000000,0.566643
97052,27791,1.000000,0.232863
3611,120978,0.000000,0.000000
93909,65930,1.000000,0.746754
121632,27803,1.000000,0.227232
69392,48899,1.000000,0.685214
79871,57202,1.000000,0.982422
39527,7415,1.000000,0.605174
60897,27791,1.000000,0.609701
53678,82030,1.000000,0.524066
121497,27639,1.000000,0.638016
71513,6096,1.000000,0.598169
80847,77601,0.000000,0.000000
51494,54079,1.000000,0.789195
87622,7415,1.000000,0.695470
121497,57202,1.000000,0.624878
27791,60489,1.000000,0.635305
64529,88948,1.000000,0.306370
116470,97052,1.000000,0.360821
93909,48111,1.000000,0.178515
49489,51494,0.000000,0.000000
49489,71513,0.000000,0.000000
27791,116470,1.000000,0.567620
48111,40434,1.000000,0.763970
64529,80847,0.000000,0.000012
93909,121657,1.000000,0.089327
120978,40434,1.000000,0.998456
48899,93909,1.000000,0.863528
15233,121497,1.000000,0.410456
29413,15741,0.000000,0.000003
121497,39527,1.000000,0.419406
54079,50847,1.000000,0.446213
49489,57162,0.000000,0.000000
113663,101725,0.000000,0.001670
27803,52654,1.000000,0.169488
120978,49489,0.000000,0.000000
54079,7415,1.000000,0.712096
64529,15664,0.000000,0.372431
121632,54079,1.000000,0.078191
82309,54079,1.000000,0.048301
93909,121632,1.000000,0.245035
50847,54079,1.000000,0.401963
3611,48899,0.000000,0.000004
120978,90462,1.000000,0.481305
82309,60897,1.000000,0.256735
60060,3611,0.000000,0.000130
65930,27803,1.000000,0.677375
86971,6096,1.000000,0.908882
88948,121497,1.000000,0.336280
91343,92396,0.000000,0.000000
54079,121632,1.000000,0.355706
48111,49966,1.000000,0.580161
54079,121497,1.000000,0.755450
7415,30897,1.000000,0.581485
60897,15233,1.000000,0.562328
27803,39527,1.000000,0.134847
6096,114045,1.000000,0.550975
15741,55615,0.000000,0.348616
48111,50847,1.000000,0.550862
20574,60897,1.000000,0.585199
69392,49489,0.000000,0.000000
46221,116470,1.000000,0.251796
25312,40434,0.000000,0.000000
121632,57202,1.000000,0.122044
15741,3611,0.000000,0.365075
55615,30897,0.000000,0.000080
62083,20574,1.000000,0.688126
48899,49489,0.000000,0.000001
121657,79871,1.000000,0.562803
90462,97052,1.000000,0.338456
49966,54079,1.000000,0.733212
71513,25312,0.000000,0.000008
114045,87622,1.000000,0.196107
3611,50847,0.000000,0.000000
3611,8093,0.000000,0.000000
46221,49489,0.000000,0.000001
113663,120978,0.000000,0.000004
79871,6096,1.000000,0.922631
91343,121632,0.000000,0.000008
113663,51494,0.000000,0.000141
97052,86971,1.000000,0.103003
97908,80416,1.000000,0.566497
70970,34233,0.000000,0.000454
57675,25143,0.586934,0.317852
122111,97908,0.590160,0.577717
34233,122828,1.000000,0.881356
62083,16147,0.000000,0.000000
21332,37813,0.587612,0.483669
39226,2232,0.590498,0.558294
46901,107701,0.591104,0.573287
115077,69437,0.000000,0.000241
63608,122111,0.590160,0.562043
48724,20289,0.000000,0.091829
113794,53306,0.590498,0.501676
39226,45861,0.588466,0.451610
73099,110018,0.590160,0.547172
25744,120765,0.587286,0.452492
17192,94224,0.589794,0.543461
122828,100530,0.000000,0.000265
10995,98664,0.589599,0.562985
2232,98664,0.590498,0.556782
25744,48724,0.587286,0.449414
7333,2232,0.590160,0.581738
87609,98664,0.588466,0.451908
110018,10995,0.589599,0.572024
36335,66110,0.590960,0.573579
15828,39226,0.589981,0.572288
69437,61395,0.000000,0.000007
34233,122111,0.000000,0.000552
98664,53306,0.590658,0.565239
34233,92552,0.000000,0.019162
69437,17192,0.589794,0.560700
63874,122111,0.000000,0.000388
39226,43198,0.590498,0.586305
107701,36335,1.000000,0.575761
114174,17192,0.589794,0.546512
45232,110018,0.590332,0.469353
76511,92552,0.000000,0.087957
114174,80416,0.590160,0.546922
45232,46901,0.591104,0.567867
63608,107839,0.000000,0.142087
69437,42594,0.589981,0.626318
87816,308,0.000000,0.000086
46901,20289,0.000000,0.104392
120765,17192,0.589794,0.570247
115077,62083,1.000000,0.995235
107701,100530,0.590160,0.544322
99358,90575,0.590160,0.552385
90575,82794,0.587612,0.509778
122828,98664,0.000000,0.000747
63874,70970,0.000000,0.001241
43198,45861,0.588466,0.493125
107701,82794,0.587612,0.496104
62715,59668,0.589395,0.567751
8867,97908,0.000000,0.403933
2232,61395,0.000000,0.000006
57151,25143,0.000000,0.403145
45861,90575,0.588466,0.468557
63874,308,0.000000,0.000537
76511,94224,1.000000,0.558218
122111,120765,1.000000,0.640327
114174,25744,0.587286,0.407416
113794,18389,0.590498,0.499944
62083,113794,0.000000,0.000000
308,98664,0.590498,0.581238
59864,46901,0.591104,0.571033
37813,308,0.587612,0.459695
82794,18389,0.587612,0.511284
36335,53306,0.590658,0.564262
42682,7333,0.590160,0.581303
87609,308,0.588466,0.499425
16147,8867,0.000000,0.375864
25744,87816,0.000000,0.000000
82794,70970,0.587612,0.569343
45168,18389,0.590498,0.544371
76511,21332,0.588717,0.543375
16147,90575,0.590160,0.532493
73099,114174,1.000000,0.575223
42594,17192,0.589794,0.571429
58028,37813,0.587612,0.419657
87609,90575,0.588466,0.468393
36335,122828,0.000000,0.000138
25744,42594,0.587286,0.457002
66110,115077,0.000000,0.000008
21332,100530,0.588717,0.551370
114174,63608,0.590160,0.530128
7333,92552,0.000000,0.087754
57675,87816,0.000000,0.000011
107839,15732,0.000000,0.162257
17192,7333,0.589794,0.567851
113794,82794,0.587612,0.555380
76511,70970,0.590332,0.571899
45232,43198,0.590498,0.578357
110018,76511,1.000000,0.495301
107839,32278,0.000000,0.148474
25143,107701,0.586934,0.384612
122111,59668,0.589981,0.573981
110018,7333,0.590160,0.570235
34233,45168,0.000000,0.001586
110018,42594,0.589981,0.570844
62083,87816,1.000000,0.999623
115861,77993,0.000000,0.000155
52961,83915,0.000000,0.000000
59099,55138,1.000000,0.846504
70009,32916,1.000000,0.952578
62083,111399,1.000000,0.999755
68199,16245,1.000000,0.995580
104459,118410,0.000000,0.000032
61395,90475,1.000000,0.957959
113386,68199,1.000000,0.923318
116097,40461,1.000000,0.976413
111399,106575,1.000000,0.970075
16219,43595,1.000000,0.989216
115861,2142,1.000000,0.992983
70009,116097,1.000000,0.989480
83915,50937,0.000000,0.000000
59099,18443,1.000000,0.930498
16245,22296,1.000000,0.976501
52961,56617,0.000000,0.000571
20983,62083,0.000000,0.000000
113386,62083,1.000000,0.000182
1394,16219,0.000000,0.000000
77993,118550,0.000000,0.000014
32499,29476,1.000000,0.965402
81286,40461,1.000000,0.908574
122377,62083,1.000000,0.924926
110005,77993,0.588717,0.481491
110225,16039,1.000000,0.950527
22296,13798,1.000000,0.994588
13798,55138,1.000000,0.978242
90475,81286,1.000000,0.971116
12244,13798,1.000000,0.991661
52961,50937,1.000000,0.957587
52961,8917,1.000000,0.986905
43595,50937,1.000000,0.919939
25254,30564,0.000000,0.000000
106575,43595,1.000000,0.972766
61395,22296,1.000000,0.973651
20983,118410,0.000000,0.000008
114350,70009,1.000000,0.955792
116557,104459,0.000000,0.000253
115861,69559,1.000000,0.954812
13798,77993,0.000000,0.000035
118410,65858,1.000000,0.989525
105697,100587,1.000000,0.987586
61395,70009,1.000000,0.940835
110225,31506,1.000000,0.988531
52961,59099,1.000000,0.914008
111463,31506,1.000000,0.962846
110225,90218,1.000000,0.999793
31449,2142,1.000000,0.965971
81286,25244,1.000000,0.987796
68199,69559,1.000000,0.951100
90218,24757,1.000000,0.995130
8888,77993,0.000000,0.002367
32499,52961,1.000000,0.965233
25254,118410,0.000000,0.000001
16039,16219,1.000000,0.955953
25244,111463,1.000000,0.977536
118550,110225,1.000000,0.998994
63417,116557,0.000000,0.000000
74544,106575,1.000000,0.974921
114350,13798,1.000000,0.980533
111399,122377,1.000000,0.990940
63417,12244,0.000000,0.000000
20983,16219,0.000000,0.000000
18443,81286,1.000000,0.953967
81286,62083,1.000000,0.993918
8888,16245,1.000000,0.987828
90218,25254,0.000000,0.000003
81286,25254,0.000000,0.000005
41910,70009,1.000000,0.936497
8888,30564,1.000000,0.981711
81286,100587,1.000000,0.965253
83915,13798,0.000000,0.000000
20983,110225,0.000000,0.000000
16219,105697,1.000000,0.997235
13798,59099,1.000000,0.979695
63417,118550,0.000000,0.000000
100587,96317,1.000000,0.966560
111463,2142,1.000000,0.993288
25254,122377,0.000000,0.000001
68199,62083,1.000000,0.672105
111399,113806,1.000000,0.970264
111463,31449,1.000000,0.910699
116557,12244,1.000000,0.994489
96317,106575,1.000000,0.915492
11706,43595,1.000000,0.973554
113806,111399,1.000000,0.979698
16219,40461,1.000000,0.982354
8917,25244,1.000000,0.996254
41910,13798,1.000000,0.950701
116557,50937,1.000000,0.985774
56617,11706,0.000000,0.000026
24757,113806,1.000000,0.970692
25244,118550,1.000000,0.982856
90475,74544,1.000000,0.994548
2142,59099,1.000000,0.965647
43447,43595,1.000000,0.972990
8917,115861,1.000000,0.991719
114350,62083,1.000000,0.976070
109089,22177,0.000000,0.000016
105452,438,0.000000,0.002245
115659,53366,0.000000,0.002831
72454,114415,0.000000,0.042867
31249,72454,0.000000,0.000004
23928,51789,0.000000,0.000596
33947,108988,0.000000,0.011863
108988,35991,0.000000,0.000129
43749,31491,0.000000,0.265971
70503,81261,0.000000,0.000853
105452,108988,0.000000,0.002422
91149,106564,0.000000,0.000001
31491,94758,0.000000,0.000009
81261,84929,0.000000,0.000000
106564,88063,0.000000,0.000007
108433,75925,0.000000,0.011129
106564,61034,0.000000,0.016880
114415,72454,0.000000,0.030561
88063,19141,0.000000,0.000052
11367,39584,0.000000,0.028554
95572,84929,0.000000,0.007483
51789,8715,0.000000,0.013612
60491,65168,0.000000,0.006211
55771,33947,0.000000,0.008769
112411,84929,0.000000,0.002853
81261,61034,0.000000,0.002079
53366,59851,0.000000,0.002535
115659,43749,0.000000,0.010230
85930,106564,0.000000,0.000000
84929,8715,0.000000,0.280641
95391,55771,0.000000,0.000001
84929,75925,0.000000,0.010525
61034,78064,0.000000,0.000002
82858,39584,0.000000,0.060611
51789,85930,0.000000,0.008878
89687,108988,0.000000,0.002408
115659,72454,0.000000,0.000000
33534,62083,0.000000,0.000000
85930,83657,0.000000,0.000000
108433,89687,0.000000,0.023742
53366,88063,0.000000,0.082253
108988,56738,0.000000,0.037992
55771,40997,0.000000,0.068992
23928,65168,0.000000,0.001036
85930,40997,0.000000,0.316591
56738,62292,0.000000,0.127955
62292,108433,0.000000,0.008505
53366,89687,0.000000,0.004389
82858,40997,0.543965,0.398945
88063,108988,0.000000,0.000074
65168,95391,0.000000,0.000000
11367,95572,0.000000,0.000063
62747,31491,0.000000,0.086877
51789,81261,0.000000,0.000050
55059,31249,0.000000,0.000016
43749,22177,0.000000,0.000000
75925,84929,0.000000,0.000956
22177,43749,0.000000,0.000000
94758,65168,0.000000,0.010649
29416,109089,0.000000,0.000001
23880,39584,0.000000,0.091592
82858,43749,0.000000,0.000175
22177,21,0.000000,0.000000
81261,39584,0.000000,0.000000
55059,108433,0.000000,0.000108
31211,95391,0.000000,0.000000
35991,62083,0.000000,0.000000
116685,531,0.000000,0.000000
60491,531,0.000000,0.000005
72454,108433,0.000000,0.000000
112411,32372,0.000000,0.000001
40997,95391,0.000000,0.000001
23880,62292,0.000000,0.002310
19141,31491,0.000000,0.000035
70503,29416,0.000000,0.018586
108988,59851,0.000000,0.011318
83657,108988,0.000000,0.000000
94758,531,0.000000,0.000000
33947,32062,0.000000,0.000162
115659,106564,0.000000,0.000001
39584,59851,0.000000,0.067195
35991,82858,0.000000,0.016096
89687,21,0.000000,0.012437
35991,8715,0.000000,0.016031
55771,115659,0.000000,0.000125
438,62083,0.000000,0.000000
531,23928,0.000000,0.000000
78064,70503,0.000000,0.246550
31491,39584,0.000000,0.048109
14191,73989,0.000000,0.000000
82858,75925,0.000000,0.091481
105452,33947,0.000000,0.024839
29416,55771,0.000000,0.002066
8715,23880,0.000000,0.010235
105452,62292,0.000000,0.002980
29416,531,0.000000,0.000001
88063,81261,0.000000,0.004565
85930,84929,0.000000,0.139459
21,85930,0.000000,0.226120
55771,59088,0.000000,0.025070
37236,58565,0.000000,0.000367
94975,18614,0.000000,0.000951
8022,21038,0.594280,0.659046
34128,48906,0.000000,0.000092
109632,110922,0.594070,0.562964
5658,20876,0.000000,0.132935
55676,97942,0.593998,0.598775
44450,53204,0.595089,0.666416
37236,67688,0.000000,0.000078
58443,30567,0.000000,0.000162
104057,57155,0.000000,0.051479
110922,52463,0.579028,0.453314
122489,104057,0.000000,0.090528
5658,86936,0.000000,0.000003
102960,66249,0.000000,0.013149
95306,117481,0.000000,0.000563
55610,72206,0.593924,0.259795
65779,95306,0.593773,0.538691
38759,35179,0.000000,0.001401
20278,48906,0.000000,0.000015
48906,90514,0.000000,0.000182
66249,117481,0.542553,0.015090
41481,65133,0.000000,0.007685
65779,55610,0.597638,0.484337
110922,104057,0.593849,0.595981
48906,97942,0.000000,0.001049
122489,37236,0.000000,0.035878
90131,62083,0.000000,0.000000
34128,117481,0.000000,0.000090
19493,48906,0.000000,0.000162
8022,90514,0.000000,0.000000
1108,86936,0.000000,0.000143
58565,58443,0.000000,0.001232
47667,13306,0.594546,0.365018
38759,65133,0.000000,0.000042
41481,58565,0.000000,0.006500
19558,67602,0.000000,0.000030
90131,20278,0.000000,0.000710
115221,70636,0.000000,0.000034
14991,94975,0.000000,0.000004
99072,55676,0.000000,0.000120
58565,13306,0.000000,0.005973
70636,22835,0.000000,0.001415
70636,34128,0.000000,0.000587
44450,19493,0.593773,0.619048
66249,122489,0.000000,0.003282
37236,72206,0.593924,0.592310
115221,22835,0.000000,0.001603
67688,3541,0.000000,0.003683
21038,95306,0.593773,0.622489
58443,66249,0.000000,0.000110
90131,49837,0.000000,0.000641
48906,41481,0.000000,0.000494
55610,35179,0.000000,0.000001
35066,47667,0.000000,0.000000
29467,52463,0.000000,0.120130
67602,34128,0.000000,0.000003
30567,21656,0.000000,0.000001
35066,52463,0.000000,0.000002
66249,95306,0.000000,0.004236
122489,72424,0.000000,0.060208
53204,115221,0.595364,0.641824
30567,29467,0.000000,0.047173
44450,113663,0.595089,0.700833
21038,115221,0.595573,0.589267
30567,117481,0.000000,0.000081
19558,38759,0.000000,0.000253
35179,21038,0.000000,0.002405
87091,53065,0.594211,0.678133
72424,65133,0.000000,0.015447
3541,97942,0.000000,0.000268
34128,122489,0.000000,0.027482
35179,18614,0.000000,0.010959
113663,74674,0.594280,0.697807
37236,30567,0.594348,0.624742
8022,52463,0.579028,0.553240
72206,14991,0.593924,0.679775
21656,104057,0.000000,0.000035
99072,5658,0.000000,0.000039
86936,1108,0.000000,0.000097
57155,41481,0.000000,0.030173
22835,44450,0.000000,0.002350
104057,90131,0.000000,0.000628
52257,18614,1.000000,0.621133
97942,67186,0.000000,0.001793
34128,95306,0.593773,0.574672
55676,35066,0.000000,0.000000
67688,19558,0.000000,0.003610
30567,115221,0.594481,0.616522
109632,115221,0.594070,0.539129
87091,14991,0.594211,0.635307
95306,72424,0.593773,0.419435
117481,55676,0.000000,0.000839
122489,67186,0.000000,0.014472
58443,3541,0.000000,0.000342
55676,58443,0.000000,0.000007
53204,44450,0.595089,0.669998
22835,14991,0.000000,0.008136
55676,109632,0.594070,0.578221
53065,35179,0.000000,0.000124
71534,79883,0.589794,0.564886
84172,79883,0.589794,0.542907
17417,106702,0.000000,0.000004
52257,71192,0.591760,0.590356
33521,10870,0.591378,0.574809
118530,38791,0.000000,0.000037
58430,80417,0.590658,0.442110
106820,61821,0.000000,0.000342
71534,44426,0.590332,0.639820
71260,95975,0.589794,0.549115
50596,61760,0.589794,0.532723
89341,37511,0.590498,0.553667
100554,71477,0.000000,0.000005
32263,884,0.588200,0.436301
68773,118200,0.589395,0.526970
89341,118200,0.589794,0.538309
884,82982,0.588200,0.454507
106750,42979,0.589599,0.534016
10870,32263,0.591104,0.567141
108813,80417,0.586551,0.496287
66667,71260,0.000000,0.000853
72673,80417,0.665520,0.584571
52257,101761,0.000000,0.000091
106702,83371,0.000000,0.004084
89286,89341,0.590160,0.551482
100554,118530,0.589794,0.536541
33521,84670,0.587612,0.493138
108813,32263,0.586551,0.492084
68773,71086,0.589395,0.498342
83072,89286,0.590160,0.535124
118200,71534,0.589794,0.563846
24421,106820,0.000000,0.000229
13803,17417,0.664725,0.423666
79883,33521,0.589794,0.524897
59184,38497,0.000000,0.000000
61760,71260,0.590658,0.580082
79883,40959,0.589794,0.518276
3573,118530,0.590498,0.585106
42979,32263,0.591104,0.593664
52257,61760,0.590658,0.551061
62083,884,0.000000,0.000000
17417,108813,0.586551,0.512727
7420,32263,0.589981,0.537131
40959,48543,0.000000,0.000823
83072,50596,0.589794,0.516538
71192,32263,0.591104,0.565977
80417,108813,0.586551,0.474436
17417,44426,0.589794,0.485489
116015,103377,0.591104,0.564579
71086,32263,0.591104,0.567372
62083,79883,0.000000,0.000000
95975,38791,0.000000,0.000016
37511,58430,0.591104,0.097627
99888,97375,0.589794,0.522910
13803,95975,0.664161,0.545265
61760,71086,0.590658,0.553228
35656,44426,0.588717,0.512447
74904,71260,0.589395,0.529156
83371,44426,0.590332,0.569462
106750,52257,0.589599,0.505347
28390,40308,0.591104,0.591080
40959,37511,0.591104,0.564468
61302,24421,0.589180,0.554787
24421,89341,0.590498,0.555405
118530,40959,0.590498,0.547447
100554,71086,0.589794,0.519853
72673,3573,0.590658,0.637897
83072,28390,0.591243,0.596328
79883,59184,0.589794,0.531575
35656,103377,0.588717,0.453508
61760,106702,0.000000,0.000058
103007,89341,0.589180,0.557532
51952,99888,0.000000,0.000039
115619,80417,0.665520,0.584571
61302,50596,0.589180,0.562534
33521,50596,0.589794,0.520963
33521,38791,0.000000,0.000094
103377,40308,0.591104,0.563306
62083,40308,0.000000,0.000000
58430,51952,0.000000,0.000050
61760,37511,0.590658,0.558732
103377,61302,0.589180,0.535481
84670,38497,0.000000,0.000000
71260,71192,0.591509,0.596132
32263,24421,0.591104,0.570726
50596,71192,0.589794,0.518950
62083,80417,0.000000,0.000000
71534,7420,0.589981,0.572943
17417,71477,0.000000,0.000001
79883,44426,0.589794,0.563972
38497,116015,0.000000,0.000037
59184,89286,0.590160,0.549523
71192,115619,0.590658,0.581347
24421,95975,0.589794,0.524898
84172,50596,0.589794,0.541871
40959,106702,0.000000,0.000255
61302,38791,0.000000,0.000007
13803,68048,0.589794,0.546704
95975,72673,0.589794,0.560827
61821,44426,0.589599,0.631842
53806,32434,0.590960,0.571703
53806,42960,0.000000,0.000011
32434,34389,0.588466,0.455328
104638,112584,0.000000,0.552356
103195,80867,0.000000,0.548748
42154,41522,0.588955,0.490848
100035,54668,0.000000,0.000017
92705,18680,0.000000,0.000029
1019,74551,0.000000,0.000136
23954,11606,0.590960,0.568922
121777,72217,0.590160,0.543569
91288,74551,0.000000,0.000494
57040,103195,0.000000,0.561544
82175,16694,0.000000,0.000003
84814,102507,0.000000,0.000000
87494,82175,0.000000,0.000129
41835,80840,0.000000,0.000041
41835,104059,0.000000,0.000040
72217,122732,0.000000,0.567589
87494,17273,0.000000,0.000040
103195,57040,0.000000,0.557935
69074,121555,0.590332,0.479877
34389,18680,0.000000,0.000004
105440,72217,0.589981,0.489005
153,104638,0.000000,0.545648
116806,120983,0.588717,0.477497
114868,118209,0.588717,0.483740
59165,54668,0.000000,0.000007
18680,59165,0.000000,0.000557
34389,62404,0.588466,0.453619
92705,91288,0.589794,0.532652
76839,29429,0.588200,0.450526
121555,62083,0.000000,0.000000
120325,76923,0.591104,0.524504
118209,105440,0.588717,0.527580
62404,102392,0.589599,0.518978
121777,91288,0.590160,0.546335
120325,54668,0.000000,0.000014
11606,102507,0.000000,0.000001
104638,76839,0.588200,0.508730
60521,59341,1.000000,0.546812
18680,117941,1.000000,0.835200
114868,91288,0.590332,0.552795
41522,104059,0.000000,0.479706
84814,74551,0.000000,0.000019
62404,104059,0.000000,0.469543
62404,41835,0.000000,0.000102
42960,56565,0.000000,0.000078
100035,41835,0.000000,0.000165
112584,23954,0.000000,0.551055
106964,11606,0.590812,0.565358
117941,18180,0.000000,0.000008
17273,116806,0.588717,0.514288
23954,87494,0.000000,0.000007
118209,80840,1.000000,0.513891
18180,56565,0.555219,0.441252
49222,102507,1.000000,0.896889
102507,80867,0.000000,0.000038
82175,62083,0.000000,0.000000
84814,118209,0.000000,0.502697
18180,76839,0.000000,0.492941
122732,18680,0.000000,0.000316
122732,72217,0.000000,0.566972
82175,57040,0.589981,0.538662
116806,34389,0.588466,0.506896
1019,72217,0.589794,0.528385
104638,121555,0.588955,0.579190
42154,7722,0.000000,0.487232
34389,117941,0.000000,0.000000
121555,42960,0.000000,0.000001
42154,100529,0.588955,0.480257
120325,4189,1.000000,0.571599
1019,104059,0.000000,0.490675
62404,54668,0.000000,0.000010
103421,62404,1.000000,0.565774
67499,62404,0.590812,0.569050
120983,91288,0.590332,0.554064
100035,103195,0.557852,0.554427
117941,49222,1.000000,0.972431
100529,33416,0.590658,0.566884
112584,100035,0.557852,0.552793
54668,104638,0.000000,0.000038
87494,76923,0.000000,0.000037
18180,17273,0.000000,0.470254
42154,34389,0.588466,0.500999
104059,102507,0.000000,0.000000
67499,118209,0.588717,0.469648
11606,92705,0.589794,0.530527
62083,76923,0.000000,0.000000
54668,118209,0.000000,0.000009
103421,96439,0.590332,0.556749
1019,121777,0.589794,0.544312
122732,114868,0.000000,0.539857
34389,103195,0.000000,0.460019
7588,80840,0.588717,0.514179
57040,18680,0.000000,0.000133
122732,33416,0.000000,0.553897
49222,120325,0.000000,0.000311
7588,69074,0.588955,0.475926
33416,106964,0.590658,0.564629
79304,120373,1.000000,0.983685
103516,30197,0.000000,0.000763
122433,67668,0.589395,0.470127
54612,55376,0.588717,0.554333
61387,33485,0.000000,0.560391
18480,92946,0.000000,0.000099
121356,116079,0.588955,0.560710
8545,75163,0.679774,0.573042
11264,35520,0.000000,0.001667
80376,118056,0.000000,0.000211
13833,39117,0.587916,0.520846
105591,1303,0.000000,0.000050
78497,98243,0.589180,0.521989
80376,77916,0.000000,0.000609
39582,92946,0.000000,0.000067
112200,59141,0.588200,0.072451
102550,75163,0.588717,0.548188
18480,102550,0.000000,0.000439
121356,67668,0.588955,0.554405
62083,49807,0.000000,0.000000
62083,75163,0.000000,0.000000
21074,53519,0.000000,0.000012
111974,59141,0.588955,0.520142
41308,21923,0.589981,0.574090
77916,117904,0.590332,0.585914
62083,8545,0.000000,0.000000
80376,49807,0.000000,0.000109
41975,78497,0.589180,0.528203
111974,54612,0.588717,0.547817
62083,112200,0.000000,0.000000
79388,30197,0.000000,0.000928
117102,54612,0.000000,0.000348
117102,39117,0.000000,0.000348
41308,67668,0.589395,0.499227
76328,117102,0.000000,0.000019
77916,58558,0.000000,0.000724
8545,80376,0.000000,0.000048
79388,35520,0.000000,0.001242
57685,41975,0.000000,0.000357
18480,79388,1.000000,0.923110
62083,207,0.000000,0.000000
102550,21074,0.588717,0.556116
120373,11264,1.000000,0.785331
41975,4443,0.589395,0.572738
41308,92946,0.588200,0.432669
103516,79388,1.000000,0.892960
62083,38057,1.000000,0.016782
103516,57685,1.000000,0.890429
2913,53519,0.000000,0.000135
112200,13833,0.587916,0.135172
11264,62083,1.000000,0.000002
8545,67668,0.679774,0.540683
98243,2913,0.590658,0.595479
60265,120871,0.587916,0.506157
122433,11264,0.000000,0.001534
76328,4443,0.587612,0.488330
111974,53519,0.000000,0.000023
60265,2606,0.679774,0.419874
207,59141,0.588955,0.493208
9615,92946,0.588200,0.505901
2913,30197,0.589794,0.540471
54499,79304,0.000000,0.000008
53519,111974,0.000000,0.000180
54499,76328,0.587612,0.503091
55376,77916,0.589180,0.554025
18216,62083,0.000000,0.000000
21074,1303,0.588717,0.533713
8491,9615,0.589180,0.540965
31161,8545,0.000000,0.000802
114942,78497,0.000000,0.189601
21074,4443,0.588955,0.560181
78497,62083,0.000000,0.000000
61387,2913,0.588955,0.523198
67668,117102,0.000000,0.000035
1303,62031,0.588717,0.592990
53492,1303,0.587612,0.527749
30197,62031,0.589794,0.542932
11264,62031,0.000000,0.000340
18216,21923,0.589981,0.573590
53519,54499,0.000000,0.000100
75163,120373,0.000000,0.000198
76328,116079,0.587612,0.496775
38057,80376,1.000000,0.183686
112200,62031,0.588200,0.068420
8491,54499,0.588955,0.528999
79388,21923,0.000000,0.001085
57685,106371,0.000000,0.000070
57685,114942,0.000000,0.000052
58558,80376,1.000000,0.747314
121356,8545,0.588955,0.558637
58558,35520,0.000000,0.001834
105591,4443,0.000000,0.000635
4443,122433,0.589395,0.552220
54499,102550,0.588717,0.562134
9615,106371,0.000000,0.001534
77141,116079,0.000000,0.000760
111974,4443,0.589395,0.572912
54499,76353,0.000000,0.000108
79304,117102,1.000000,0.967210
106371,92946,0.000000,0.174369
40592,70434,0.000000,0.000001
17627,88664,0.588717,0.547712
107485,9655,0.587916,0.457695
19129,85277,0.000000,0.000013
116899,60668,0.589180,0.558071
121885,23557,0.000000,0.000003
41081,17627,0.588200,0.466647
77318,62083,0.000000,0.000000
120662,50916,0.589981,0.569624
54713,5280,1.000000,0.989450
91831,54713,0.000000,0.000000
69683,81934,0.589180,0.563305
40592,12176,0.589599,0.568707
21682,116899,0.589180,0.561390
5958,120746,0.588466,0.478733
50916,40592,0.589599,0.635928
81386,5563,0.589180,0.569146
116899,19129,0.000000,0.000004
120662,30098,0.590332,0.543893
110341,81386,0.664841,0.496465
41081,77318,0.588200,0.487651
69683,89367,0.589180,0.636996
50916,116899,0.589180,0.626107
54713,64871,0.000000,0.000017
36276,64871,0.588955,0.503989
85277,81386,0.588466,0.478173
98883,4756,0.000000,0.000035
48368,4756,0.588466,0.522159
60668,100192,0.589599,0.532085
50916,120746,0.588466,0.502456
77318,109017,1.000000,0.520961
8440,85277,0.000000,0.000010
120746,85277,0.663617,0.507987
81386,61518,0.589794,0.566291
98664,64871,0.588955,0.481151
91831,109017,0.587286,0.444153
116899,48368,0.588466,0.519470
51927,61518,0.590332,0.633842
10335,41871,0.589981,0.618068
70434,40951,0.000000,0.000237
91831,8440,0.000000,0.000000
60668,98664,0.590332,0.548176
116899,117858,0.589180,0.556727
82748,60668,0.590332,0.579112
66776,10600,0.000000,0.000007
60668,85277,0.588466,0.466979
5563,111979,0.000000,0.000002
64871,9655,0.588955,0.509844
102861,23465,0.000000,0.000008
121885,117772,0.000000,0.000002
69683,115422,0.588200,0.609192
101897,65946,0.589180,0.501690
98664,21682,0.589395,0.502979
42696,5563,0.588717,0.562104
5958,88664,0.588717,0.587668
111979,121885,0.000000,0.000063
19129,30098,0.000000,0.000216
88664,40592,0.588717,0.628550
107485,85277,0.587916,0.487480
10600,116899,0.000000,0.000045
23557,10335,0.000000,0.000221
107485,62083,0.000000,0.000000
42696,63402,0.588717,0.536992
40592,98883,0.000000,0.000107
111979,117772,1.000000,0.834382
61518,85277,0.588466,0.496914
81934,98664,0.590160,0.545078
8440,42696,0.000000,0.000008
60668,38038,0.590332,0.548507
117772,21682,0.000000,0.000039
8440,10335,0.000000,0.001156
116899,8440,0.000000,0.000002
64871,121885,0.588955,0.548835
41081,30098,0.588200,0.463071
120746,51927,0.588466,0.487141
19129,66776,0.000000,0.000495
81934,117858,0.590160,0.547995
107485,41871,0.587916,0.486505
88664,66776,0.588717,0.546739
109017,11984,0.588955,0.484432
12176,17627,0.589794,0.547869
62083,121885,0.000000,0.000000
38038,10335,0.591243,0.597294
116899,4756,0.588955,0.536238
40951,81504,0.000000,0.261526
62083,23557,1.000000,0.927018
8440,23557,1.000000,0.972669
5958,12176,0.589794,0.499124
51927,41871,0.589981,0.626101
63402,62083,0.000000,0.000000
52023,89367,0.589395,0.552754
100192,91831,0.587286,0.420893
10335,42696,0.588717,0.485168
40592,30098,0.589599,0.569830
81934,120662,0.590160,0.541393
120662,62083,0.000000,0.000000
4756,5958,0.588955,0.560776
60668,120746,0.588466,0.465698
98664,61518,0.590332,0.582107
40592,8440,0.000000,0.000003
19909,74933,0.551987,0.557574
89257,59415,0.000000,0.139973
67701,74933,0.000000,0.000391
882,114697,0.551627,0.541182
64764,81286,0.000000,0.000004
92308,68619,0.588717,0.495832
84307,81286,0.000000,0.000000
19598,102667,0.000000,0.000017
15088,69875,0.588717,0.464460
108330,84307,0.548873,0.452284
58809,84307,0.000000,0.174878
114697,106176,0.000000,0.490290
34961,105596,0.000000,0.000002
4705,89408,0.000000,0.087910
81286,58809,0.000000,0.000982
19598,102576,0.587916,0.483231
88301,105596,1.000000,0.801152
12375,84307,0.000000,0.000001
81749,65620,0.000000,0.090882
109623,84307,0.000000,0.000002
19909,92308,0.000000,0.529552
106176,102667,0.000000,0.000006
69875,26867,0.000000,0.093856
71234,105596,1.000000,0.744223
109623,64764,0.000000,0.000037
72144,28642,0.587612,0.592802
81819,92308,0.000000,0.538861
19598,71234,0.000000,0.000002
106575,6219,0.000000,0.000034
122899,108330,0.550079,0.444345
83803,117012,0.550578,0.492500
69875,57207,0.000000,0.000017
47632,72144,0.000000,0.000008
26867,117952,0.000000,0.105649
118778,28016,0.000000,0.519899
26539,117952,0.000000,0.482815
106575,89408,0.000000,0.000126
57207,82726,0.000000,0.000103
65620,117012,0.000000,0.096466
92308,47632,0.000000,0.000004
19909,106176,0.000000,0.499133
118778,26539,0.587286,0.522934
81461,108686,0.000000,0.556807
12375,81749,0.000000,0.000044
117012,102576,0.000000,0.472627
6219,114697,0.000000,0.557029
65620,1856,0.000000,0.096610
19909,81286,0.000000,0.000011
113417,26867,0.000000,0.091562
81749,82726,0.589981,0.551381
102576,115864,0.587916,0.486663
64764,89257,0.000000,0.127511
109623,28016,0.000000,0.000047
83803,19909,0.551987,0.560467
102667,67701,1.000000,0.869818
12375,19909,0.000000,0.000073
65620,64952,0.000000,0.096176
92308,110280,0.000000,0.535587
12375,69875,0.000000,0.000255
4705,81286,0.000000,0.000124
83803,67701,0.000000,0.000028
85367,110280,0.551627,0.539761
107198,69875,0.000000,0.195808
7002,103397,0.589180,0.512900
82161,81819,0.000000,0.541471
111158,105596,0.000000,0.000003
6219,57567,0.000000,0.556546
19598,34961,0.588200,0.600312
28642,12375,0.000000,0.000001
12375,57207,1.000000,0.979634
68619,26867,0.000000,0.086311
1856,105596,0.000000,0.000010
117012,114697,0.550578,0.484488
81286,28642,0.000000,0.000106
64764,105596,0.000000,0.000010
107198,57207,0.000000,0.000010
7002,102630,0.587286,0.410267
106176,110280,0.000000,0.502825
6219,82726,0.589180,0.561646
68619,64952,0.588717,0.474632
4705,89257,0.548873,0.494466
64952,82726,0.590160,0.555188
103397,19909,0.000000,0.503532
28642,34961,0.588200,0.588217
67701,88301,1.000000,0.949804
12375,65620,0.000000,0.000010
19909,19598,0.000000,0.572197
81819,88301,0.000000,0.000001
103397,106575,0.000000,0.000002
81819,109623,0.000000,0.000002
102667,71234,1.000000,0.942365
122899,83803,0.552156,0.549694
62083,19909,0.000000,0.000000
118778,69875,0.587286,0.508733
82161,72144,0.587612,0.517488
88301,111158,0.000000,0.000007
84307,102576,0.000000,0.472628
72144,6219,0.587612,0.613955
882,19598,0.000000,0.575845
106575,88301,1.000000,0.935072
109196,14637,0.000000,0.000010
43365,27733,0.000000,0.000000
74015,112639,0.000000,0.004558
74015,59309,0.000000,0.000012
93529,122832,0.000000,0.000042
25544,43365,0.000000,0.000000
43365,7390,0.000000,0.001335
82895,25544,0.576563,0.172301
38105,53135,0.000000,0.006015
49281,59309,0.000000,0.000000
122832,100515,0.000000,0.000776
38355,90783,0.000000,0.004334
59309,109196,0.000000,0.040030
88903,59309,0.000000,0.000000
54428,9580,0.554578,0.019260
57369,59464,0.000000,0.766938
47624,38303,0.554578,0.338033
43365,75386,0.000000,0.000273
100515,44310,0.000000,0.029235
22052,115151,0.000000,0.013729
4527,70284,0.000000,0.020322
22052,55188,0.000000,0.000000
81855,70284,0.000000,0.004504
100515,55188,0.000000,0.000000
38303,75386,0.000000,0.000025
90783,109196,0.000000,0.005901
109196,115151,0.000000,0.000101
1971,21541,0.000000,0.000139
72655,43365,0.000000,0.000000
107600,53135,0.000000,0.001713
1971,74345,0.000000,0.003835
76137,74015,0.000000,0.000000
40996,3332,0.000000,0.030823
49281,3016,0.000000,0.000000
45217,30443,0.000000,0.303745
72277,21541,0.000000,0.000000
72655,74015,0.000000,0.021509
95601,49281,0.000000,0.000000
14637,43322,0.000000,0.000618
95601,87326,0.000000,0.000000
47624,6958,0.000000,0.000000
90783,111632,0.000000,0.000064
42638,72655,0.000000,0.000000
9580,54428,0.554578,0.011401
43365,45217,0.000000,0.000015
40996,81855,0.000000,0.016639
38105,45217,0.000000,0.004916
27733,45217,0.000000,0.011150
87326,3332,0.000000,0.000001
113322,47624,0.000000,0.000000
82895,43365,0.000000,0.000000
59309,95601,0.554578,0.446650
7390,38105,0.000000,0.013559
74345,39275,0.000000,0.017638
38105,60298,0.000000,0.012465
87326,54428,0.000000,0.000000
1971,113322,0.000000,0.000000
54428,7390,1.000000,0.830553
5747,43261,1.000000,0.830553
3016,89753,1.000000,0.830553
9580,44310,0.000000,0.025822
74015,113322,0.000000,0.000000
38105,93529,0.000000,0.000794
60298,14637,0.000000,0.000004
25310,107600,0.000000,0.000000
100515,54428,0.000000,0.016841
43322,5747,0.000000,0.072235
75386,111632,0.000000,0.000089
6958,9650,0.000000,0.000000
25544,75386,0.000000,0.000073
88903,47624,0.000000,0.000000
89753,57369,0.000000,0.000790
25544,3332,0.000000,0.042389
57369,122832,0.000000,0.002789
25310,43322,0.000000,0.000000
30443,53135,0.554578,0.246244
38355,54428,1.000000,0.830553
122832,25310,0.000000,0.002609
82895,112639,0.000000,0.002204
56569,115151,0.000000,0.000001
93529,107649,0.000000,0.000080
7390,55188,0.000000,0.000000
81855,59309,0.555867,0.388540
7390,115151,0.000000,0.002337
75386,107600,0.000000,0.003584
75386,45217,0.000000,0.003730
25310,74015,0.000000,0.019131
6958,49281,0.000000,0.000001
49281,88903,0.000000,0.002008
59309,14637,0.000000,0.000811
4527,47624,1.000000,0.830553
30443,25310,0.000000,0.000000
81855,25310,0.000000,0.000000
76137,43365,0.000000,0.000000
40996,72655,0.000000,0.000397
22052,6958,0.000000,0.000000
3016,109196,0.000000,0.010966
45217,100515,0.000000,0.007310
70284,88903,0.000000,0.000000
43261,74015,0.000000,0.000000
104790,60976,0.000000,0.152294
108006,29664,0.589981,0.537368
62083,2299,0.000000,0.000000
33370,63816,0.000000,0.000003
98397,112614,0.590960,0.567411
112718,76049,1.000000,0.433009
48491,63975,0.000000,0.521330
26484,62589,0.588466,0.488537
60004,81279,0.000000,0.000001
51245,57038,0.589395,0.427212
57038,53458,0.589794,0.435118
121912,95544,0.000000,0.158522
25936,74993,0.000000,0.000000
49109,2299,0.000000,0.201435
65202,34147,0.587916,0.494655
60004,97405,0.588955,0.547495
49505,76049,0.588466,0.470739
62589,26610,0.589395,0.503486
11601,81279,0.000000,0.000000
108006,49109,0.589981,0.551114
61536,111806,0.587916,0.437643
107516,104790,0.590960,0.572767
53458,116785,0.587916,0.428669
31466,26610,0.587916,0.421686
6646,112614,0.589395,0.501754
74993,2299,0.000000,0.000272
31466,60976,0.000000,0.129645
60976,71696,0.000000,0.133507
111806,97405,0.587916,0.507058
40062,54420,0.000000,0.000003
91340,55939,0.590658,0.042130
26484,26610,0.588466,0.451920
60976,63975,0.000000,0.152487
11601,111806,0.587916,0.494989
111806,49505,0.587916,0.444986
98939,71696,0.000000,0.361390
60004,111806,0.587916,0.474403
103813,31466,0.587916,0.485329
62083,60353,0.000000,0.000000
62083,6646,0.000000,0.000000
71696,26484,0.000000,0.424725
29664,108006,0.589981,0.536272
122437,95544,0.000000,0.187210
48491,29664,0.588955,0.479840
121912,55955,0.000000,0.000085
112718,54420,0.000000,0.000000
55955,78752,0.000000,0.000066
51097,111806,0.000000,0.488886
116785,103813,0.587916,0.487592
86012,116785,0.587916,0.511552
112614,86012,0.588200,0.511386
49505,64490,0.590160,0.554843
47375,54420,0.000000,0.000002
51097,98939,0.000000,0.461627
24239,53458,0.588955,0.481650
26484,14130,0.588466,0.479284
51097,26484,0.000000,0.508793
112614,81279,0.000000,0.000049
14130,63975,0.000000,0.508126
112614,108006,0.589981,0.529745
6646,97405,0.589180,0.561941
49505,17869,0.000000,0.442936
121912,51245,0.000000,0.515159
53458,98939,0.590498,0.561578
97405,47375,0.589180,0.556351
11601,103813,0.588200,0.498424
91340,119584,0.588200,0.522010
55939,112718,0.588466,0.038973
71696,49109,0.000000,0.382050
63816,14130,0.000000,0.000109
40544,26610,0.589599,0.514881
76049,120562,0.588200,0.408163
112614,98397,0.590960,0.568054
60004,62083,0.000000,0.000000
49505,29664,0.590160,0.545136
98397,76049,0.588466,0.455372
98397,74993,0.000000,0.000001
51097,26610,0.000000,0.450658
86012,81279,0.000000,0.000001
60976,61536,0.000000,0.135552
40544,31466,0.587916,0.452529
71696,111806,0.000000,0.439745
76049,81279,0.000000,0.000001
63816,103813,0.000000,0.000016
95544,78752,0.000000,0.142560
116785,40544,0.587916,0.457462
19785,48491,0.588955,0.511256
55955,122437,0.000000,0.002063
2299,49109,0.000000,0.213508
65202,60004,0.588200,0.485682
32187,26610,0.587916,0.523948
103813,60353,0.588466,0.448313
120562,59025,0.000000,0.452036
98939,34147,0.587916,0.436224
29664,62589,0.589395,0.503961
62083,111806,0.000000,0.000000
11601,47375,0.588200,0.441118
95544,121912,0.000000,0.184794
64490,53458,0.590498,0.559651
6646,14130,0.589395,0.528305
29462,34926,0.000000,0.008488
113646,103569,0.000000,0.000000
12016,69503,0.000000,0.000015
74588,103288,0.000000,0.306949
92210,48292,0.559217,0.559964
102477,62943,0.000000,0.000000
92210,12349,0.559054,0.554036
14203,48292,0.558527,0.541778
94346,36577,0.000000,0.408221
5917,88209,0.587884,0.541681
14203,88209,0.000000,0.000141
70083,55161,0.000000,0.012089
11420,92210,0.558710,0.540688
114297,113646,0.000000,0.003433
78786,68930,0.000000,0.121706
68637,65885,0.000000,0.462127
20117,22280,0.000000,0.000001
43772,107856,0.000000,0.032225
78786,101820,0.000000,0.467094
92270,69503,0.000000,0.000000
42645,74588,0.000000,0.165227
2732,14203,0.000000,0.000192
65813,101820,0.000000,0.001840
101820,62943,0.000000,0.000000
11784,69503,0.000000,0.000013
104380,12349,0.558710,0.550812
78786,19416,0.000000,0.015534
17827,68020,0.000000,0.037770
70083,68020,0.000000,0.055385
11420,113646,0.000000,0.001331
121293,94346,0.000000,0.000022
8753,2732,0.000000,0.000027
2732,23962,0.000000,0.000023
68020,53228,0.000000,0.000481
62943,70568,0.000000,0.000000
85112,86682,0.000000,0.126856
103569,12349,0.000000,0.000000
101820,86682,0.000000,0.171157
42645,22280,0.000000,0.185882
22280,29462,0.000000,0.000440
34926,68088,0.000000,0.410707
12016,101820,0.000000,0.486207
62943,48292,0.000000,0.000000
88209,94346,0.000000,0.000016
39779,62943,0.000000,0.000000
112078,80132,0.000000,0.001108
12349,15145,0.000000,0.000271
5917,92270,0.000000,0.000000
12016,100000,0.000000,0.008267
36577,102477,0.000000,0.000010
2732,55161,0.000000,0.000052
78786,65813,0.000000,0.000128
107856,8753,0.000000,0.001285
85112,43772,0.000000,0.042055
53228,88209,0.000000,0.511406
2732,85112,0.000000,0.000514
5917,102477,0.000000,0.377367
100000,15145,0.000000,0.000324
23962,17764,0.000000,0.089802
114297,43772,1.000000,0.113886
107856,29462,0.000000,0.000397
100000,25182,0.000000,0.038209
88209,20117,0.000000,0.000000
121293,36577,0.000000,0.000708
68020,14203,0.000000,0.090051
104380,92270,0.000000,0.000180
29462,12016,0.000000,0.004241
74588,12349,0.559054,0.543874
103288,103569,0.000000,0.000000
11420,42645,0.000000,0.316921
74588,70083,0.558710,0.529919
48292,103288,0.000000,0.334422
30881,19404,0.000000,0.007067
43772,29462,0.540398,0.000476
2732,48292,0.000000,0.000336
12016,121293,0.000000,0.000223
5917,94346,0.000000,0.000015
20117,70568,0.000000,0.000000
92210,112078,0.559054,0.553988
12016,104380,0.558710,0.554310
102477,70568,0.575513,0.615132
102477,68020,0.000000,0.000023
74588,12016,0.558886,0.537041
8753,103288,0.000000,0.017435
80132,114297,0.541220,0.009905
15145,85112,0.000000,0.000576
8753,5917,0.000000,0.000015
25182,80132,0.000000,0.001309
2732,103569,0.000000,0.000000
56179,19416,0.000000,0.016867
8753,14203,0.000000,0.007215
8753,48292,0.000000,0.006424
114297,13452,0.540827,0.138183
80132,78786,0.000000,0.002396
70083,103288,0.000000,0.335809
121293,23962,0.000000,0.000043
17827,53228,0.000000,0.000040
121293,69503,0.000000,0.385407
53228,48292,0.000000,0.000936
65813,112060,0.000000,0.000000
62083,14146,0.000000,0.000000
58292,27726,0.000000,0.067824
81734,68578,0.000000,0.000000
28103,67455,0.000000,0.000000
85023,23182,0.000000,0.407094
30034,38698,0.533096,0.068316
43421,68578,0.000000,0.393651
38032,98128,0.000000,0.227188
45539,46792,0.000000,0.001950
96940,81895,0.541473,0.148804
98128,3165,0.000000,0.194065
70339,32366,0.000000,0.008626
58292,69016,0.542560,0.012789
68578,93052,0.000000,0.025855
67455,62943,0.000000,0.000000
85023,75758,0.000000,0.000000
75758,32366,0.000000,0.000007
118049,38032,0.000000,0.018623
3282,48262,0.000000,0.026542
30034,92115,0.000000,0.048867
46792,67455,0.000000,0.000045
69016,89351,0.000000,0.267607
2678,38032,0.000000,0.006981
69016,30077,0.542560,0.024696
98128,38032,0.000000,0.223187
92115,4497,0.000000,0.047432
85955,70339,0.000000,0.100884
14185,119016,0.000000,0.497972
87313,48262,0.000000,0.057273
56958,46792,0.000000,0.007790
63599,19357,0.000000,0.004820
70339,23182,0.000000,0.178892
54197,85955,0.000000,0.382443
14632,54197,0.000000,0.172247
3165,40364,0.000000,0.173232
14185,69016,0.000000,0.427294
23182,70339,0.000000,0.038496
43455,118049,0.000000,0.034514
34523,86399,0.000000,0.323465
59635,38505,0.000000,0.000002
14185,14255,0.000000,0.649244
63599,34523,0.000000,0.169376
75758,30034,0.000000,0.000002
14632,58292,0.000000,0.169675
2678,85955,0.000000,0.011887
89637,86399,0.000000,0.163313
45539,56958,0.000000,0.000104
70339,59635,0.541044,0.178473
19357,30077,0.541865,0.015391
75758,34523,0.000000,0.000002
70339,14632,0.000000,0.113193
38698,89637,0.000000,0.509305
118049,2678,0.000000,0.009923
62943,27954,0.000000,0.000000
38505,14146,0.000000,0.000020
38032,89637,0.000000,0.509543
38032,3282,0.000000,0.247910
84380,2678,0.000000,0.002012
62943,93052,0.000000,0.000000
30077,56231,0.000000,0.000000
119016,45539,0.000000,0.000003
2678,89637,0.000000,0.009960
14185,2678,0.000000,0.035478
56958,34523,0.000000,0.098927
32366,3165,0.000000,0.053191
30077,14632,0.000000,0.129835
30077,46792,0.000000,0.004269
30077,63599,0.000000,0.024651
84380,70339,0.000000,0.004762
81734,92115,0.000000,0.000000
58292,30034,0.000000,0.037850
40364,38505,0.000000,0.000007
92115,81895,0.000000,0.099630
89351,32432,0.000000,0.032165
14185,54197,0.000000,0.486562
3165,56231,0.000000,0.000000
75758,8458,0.000000,0.000007
8458,59635,0.000000,0.102849
81734,14632,0.000000,0.000000
59635,89637,0.000000,0.278020
75758,81734,0.000000,0.266600
87313,10677,0.000000,0.000002
86399,119016,0.000000,0.105136
93052,2678,0.000000,0.011069
96940,14255,0.000000,0.085402
62083,23182,0.000000,0.000000
30034,19357,0.000000,0.012371
62083,87313,0.000000,0.000000
2678,5147,0.000000,0.000000
98128,111443,0.000000,0.000137
87313,2678,0.000000,0.011009
23182,92115,0.000000,0.113046
70339,87313,0.000000,0.019701
118049,43421,0.000000,0.005896
34523,23182,0.000000,0.421706
70339,111443,0.000000,0.000116
115297,86399,0.000000,0.193098
84799,14185,0.000000,0.034412
62943,70339,0.000000,0.000000
5147,10677,0.000000,0.000085
90470,113798,0.000000,0.022671
107229,50409,0.572027,0.592717
94769,25602,1.000000,0.000158
44269,52364,0.573305,0.779554
49995,53174,0.000000,0.013055
90470,53174,1.000000,0.830799
37040,53174,0.000000,0.000000
55007,37040,0.000000,0.000000
37001,100101,0.000000,0.005446
44269,40842,0.572027,0.810709
50409,104007,0.000000,0.112651
33102,114586,0.000000,0.001014
8109,108187,0.000000,0.008554
92154,53783,0.000000,0.013670
53174,79648,0.000000,0.002161
79648,111364,0.573660,0.749633
58812,117343,0.000000,0.005032
94769,104007,0.000000,0.007331
50409,933,0.000000,0.059805
24354,33102,0.000000,0.002178
64734,5054,0.000000,0.027434
933,100101,0.552950,0.356769
100101,61738,0.000000,0.383617
52364,61224,0.572495,0.315161
50824,108187,0.000000,0.008554
21555,79648,0.574295,0.440560
103416,21555,0.000000,0.016943
6364,100101,0.000000,0.030159
37001,121775,0.574295,0.637669
102815,58602,0.000000,0.028665
21555,107345,0.574295,0.395967
61345,40842,0.572027,0.794663
12333,26609,0.000000,0.002154
25602,21555,0.573989,0.207914
114586,37001,0.574295,0.055197
53783,99740,0.000000,0.003550
50409,8109,0.000000,0.030306
86743,6069,0.572027,0.692887
113798,933,0.000000,0.016937
50409,91942,0.000000,0.030306
100101,14857,0.552950,0.244973
111364,49995,0.572918,0.605677
91942,6069,0.000000,0.012806
49995,12333,0.000000,0.008038
94038,50409,0.572027,0.429227
40842,111364,0.572027,0.728745
15573,54200,0.571503,0.625683
55007,21555,0.572918,0.564655
40842,24354,0.572027,0.032030
121775,50824,0.000000,0.001952
58602,61738,0.572495,0.072249
25602,100101,0.000000,0.007714
91942,25602,0.000000,0.003187
24354,99740,0.000000,0.049887
21555,99054,0.572027,0.613606
90470,117343,0.000000,0.027873
6364,14857,0.000000,0.054258
100101,67103,0.552950,0.151352
94038,40443,0.000000,0.003733
108729,52364,0.000000,0.010579
61345,107345,0.572495,0.484661
102815,53783,0.552950,0.555076
53174,117343,0.000000,0.027873
91942,933,0.552950,0.304064
12333,79648,0.000000,0.000953
99740,54200,0.000000,0.069219
26609,94769,1.000000,0.003588
49995,6364,0.572027,0.804154
114586,42317,0.572027,0.074219
107345,92154,0.573660,0.207630
99054,25602,0.572027,0.063166
90470,24354,0.000000,0.000488
37040,87377,0.000000,0.000001
33102,99054,0.000000,0.061167
111364,21555,0.573660,0.533213
44269,8669,0.000000,0.013624
58602,94038,0.573305,0.549533
61224,108187,0.572495,0.383086
108187,54200,0.572495,0.713185
91942,61738,0.000000,0.383617
44269,111364,0.573305,0.809018
111364,107229,0.572495,0.547071
37040,58812,0.000000,0.000000
58642,14857,0.000000,0.051129
86743,101163,0.572027,0.684548
26609,90470,0.000000,0.007964
52364,108729,0.000000,0.007687
67103,99054,0.000000,0.011048
107229,21555,0.572495,0.545965
79648,86743,0.572027,0.531630
58812,21555,0.000000,0.002032
8109,58812,0.000000,0.442891
114586,37040,0.000000,0.000001
58602,64734,0.000000,0.011162
933,58642,0.000000,0.016597
107229,14857,0.000000,0.051129
94769,53783,0.000000,0.023219
75442,121775,0.573660,0.633796
44269,79648,0.573305,0.699009
108187,15573,0.571503,0.328116
56330,18650,0.000000,0.010049
81210,93343,0.000000,0.033374
115457,82421,0.000000,0.020544
26629,118581,0.000000,0.003084
42719,524,0.000000,0.009049
53125,51401,0.000000,0.071555
118581,28366,0.000000,0.000002
86969,23335,0.000000,0.000087
47362,86969,0.000000,0.011243
111059,22954,0.000000,0.013517
121672,109496,0.000000,0.010515
121672,16918,0.000000,0.107718
118581,82419,0.000000,0.000003
118581,121373,0.000000,0.000001
79887,16622,0.000000,0.002913
9858,82421,0.000000,0.004492
64121,6405,0.000000,0.015441
82421,9858,0.000000,0.005823
121672,109282,0.000000,0.031380
74934,6405,0.000000,0.004521
110331,61526,0.000000,0.009521
120546,16622,0.000000,0.000664
53125,36473,0.000000,0.008496
109496,28366,0.000000,0.016264
40969,23680,0.000000,0.000144
51401,16918,0.000000,0.100879
109282,61526,0.000000,0.005682
42719,88839,0.000000,0.010510
51401,43078,0.000000,0.013427
65406,23680,0.000000,0.003602
22009,115457,0.000000,0.020893
65175,114557,0.000000,0.014817
110331,118581,0.000000,0.000000
43078,119549,0.000000,0.012150
74934,27394,0.000000,0.005279
22954,16622,0.000000,0.011776
86969,110331,0.000000,0.006658
61526,9858,0.000000,0.005519
61526,103365,0.000000,0.004706
79887,47362,0.000000,0.007486
82421,88839,0.000000,0.037297
79887,99294,0.000000,0.002053
9858,45112,0.000000,0.015925
17930,119549,0.000000,0.008967
65406,524,0.000000,0.004967
81210,109496,0.000000,0.009013
82421,45788,0.000000,0.040448
45112,93343,0.000000,0.001493
27394,17930,0.000000,0.008633
26179,111059,0.000000,0.011500
56159,109282,0.000000,0.015945
22954,68449,0.000000,0.014449
72891,118581,0.000000,0.000000
35312,115051,0.000000,0.022443
9858,118581,0.000000,0.000000
49232,93343,0.000000,0.028928
49232,16918,0.000000,0.021283
109282,80113,0.000000,0.026430
45112,17930,0.000000,0.002165
40969,121373,0.000000,0.000149
18650,49232,0.000000,0.031743
119549,79887,0.000000,0.003492
61526,43078,0.000000,0.005370
111059,53125,0.000000,0.016021
35312,109496,0.000000,0.007365
49232,121487,0.000000,0.021305
22009,109282,0.000000,0.031357
115051,49232,0.000000,0.028084
35312,6405,0.000000,0.017456
109282,16918,0.000000,0.021928
109282,42719,0.000000,0.006750
93343,110331,0.000000,0.007524
49232,23680,0.000000,0.018721
23680,22009,0.000000,0.018010
51401,23680,0.000000,0.024475
51401,72891,0.000000,0.043807
68449,26179,0.000000,0.012705
27394,23335,0.000000,0.000040
23680,36473,0.000000,0.009699
109282,27394,0.000000,0.014326
110647,74934,0.000000,0.004122
121672,45112,0.000000,0.004049
36473,112585,0.000000,0.004342
110647,17930,0.000000,0.009239
88839,61526,0.000000,0.006161
23335,88839,0.000000,0.000008
82421,40969,0.000000,0.000722
79887,53125,0.000000,0.002092
49232,65175,0.000000,0.010351
61526,109282,0.000000,0.004804
95543,65406,0.000000,0.003294
74934,79887,0.000000,0.012095
47362,109496,0.000000,0.009276
22954,51401,0.000000,0.008198
65406,109282,0.000000,0.003471
16918,6405,0.000000,0.025084
79887,6405,0.000000,0.005934
82421,103365,0.000000,0.044638
86969,118581,0.000000,0.000000
22009,118581,0.000000,0.000000
57319,115035,0.000000,0.393641
32503,58410,0.000000,0.017511
119810,54447,0.000000,0.003421
23770,90761,0.000000,0.021897
104987,41222,0.000000,0.357978
108010,22468,0.000000,0.183025
55956,76452,0.000000,0.004284
41612,96253,0.000000,0.424188
97071,89926,0.000000,0.419053
9828,23879,0.000000,0.364690
54211,86995,0.000000,0.464139
46792,76452,0.000000,0.000444
31066,95958,0.000000,0.000035
74680,67767,0.000000,0.000000
89926,102317,0.000000,0.070100
111808,96253,0.000000,0.036125
18780,109221,0.000000,0.347106
56231,84489,0.000000,0.000000
120606,23879,0.000000,0.355554
51147,44935,0.000000,0.107172
44935,119778,0.000000,0.325539
40238,23879,0.000000,0.040019
2236,23770,0.000000,0.007696
121357,23770,0.555241,0.164698
91810,74680,0.000000,0.011873
23879,96253,0.000000,0.379415
31066,97489,0.000000,0.000007
82877,54211,0.000000,0.458459
54211,55087,0.000000,0.443469
32503,62943,0.000000,0.000000
70330,56231,0.000000,0.000000
46792,74451,0.000000,0.000099
51147,29449,0.000000,0.000566
104987,70330,0.000000,0.000000
44008,97489,0.000000,0.001808
5692,115035,0.000000,0.000000
9828,67767,0.000000,0.000001
18780,55956,0.000000,0.006065
74680,97071,0.000000,0.007531
69509,91810,0.000000,0.164938
97071,54447,0.000000,0.000000
41612,54211,0.576051,0.452978
86995,68926,0.000000,0.402055
31066,55956,0.000000,0.000051
84146,97071,0.000000,0.446293
81537,68926,0.000000,0.000013
51147,89926,0.000000,0.311142
5692,23770,0.000000,0.001603
108010,101167,0.000000,0.000008
91810,31066,0.000000,0.000041
95958,104987,0.000000,0.394130
97071,58410,0.000000,0.168408
57319,81537,0.000000,0.000000
81537,86995,0.000000,0.000000
44935,41222,0.000000,0.331127
23770,101167,0.000000,0.000007
22468,44935,0.000000,0.554691
74451,18780,0.000000,0.361643
108010,115035,0.000000,0.174161
29449,82877,0.000000,0.001252
120606,69509,0.575585,0.394067
74680,22468,0.000000,0.020880
54211,41612,0.576051,0.445984
95958,97071,0.000000,0.566526
104987,23879,0.575414,0.382502
74451,84146,0.582593,0.565801
76452,95958,0.000000,0.032009
46792,84489,0.000000,0.001386
119810,102317,0.000000,0.000000
80079,32503,0.000000,0.395230
40238,57319,0.000000,0.006957
86995,111808,0.000000,0.195626
89926,84489,0.000000,0.499751
55087,121357,0.000000,0.149174
119810,82877,0.000000,0.126749
55956,102317,0.000000,0.013175
40238,102317,0.583776,0.455148
74680,54447,0.000000,0.000000
74680,72701,0.000000,0.000920
119810,41612,0.000000,0.008428
44008,106276,0.000000,0.017724
119810,97071,0.000000,0.003584
56940,95958,0.000000,0.590930
80079,70330,0.000000,0.000000
119810,120606,0.000000,0.003152
58410,115035,0.000000,0.034783
46792,70330,0.000000,0.000031
121357,41612,0.000000,0.153262
69509,97489,0.000000,0.040248
54211,22468,0.574253,0.480714
31066,62943,0.000000,0.000000
104987,80079,0.000000,0.361651
16457,29449,0.000000,0.000000
62943,97489,0.000000,0.000000
109221,40238,0.000000,0.012423
86995,69509,0.000000,0.381161
97071,119778,0.000000,0.031924
55956,74451,0.000000,0.045539
76452,108010,0.000000,0.082177
96253,54447,0.000000,0.000000
66449,56754,1.000000,0.831968
98069,86310,1.000000,0.592343
99320,58105,0.000000,0.257312
58105,85413,0.000000,0.278465
122269,100508,0.000000,0.044015
15476,19666,0.000000,0.014729
73025,48541,0.000000,0.008102
34127,4253,0.000000,0.026420
68149,4253,0.000000,0.026420
18032,19666,1.000000,0.831968
6187,15021,0.550368,0.831968
53084,15476,0.000000,0.024573
35178,102964,0.000000,0.032331
19553,14850,0.562629,0.457195
6575,17139,0.000000,0.041465
94904,15476,0.000000,0.101524
19666,28687,0.000000,0.004521
58937,94904,0.000000,0.017016
35488,48541,0.000000,0.185070
79916,20172,0.000000,0.274841
99531,48541,0.000000,0.185070
85413,110880,0.000000,0.348904
17139,113423,0.550531,0.081697
4253,66449,0.000000,0.007150
19369,110880,0.000000,0.066548
110880,113423,0.000000,0.050466
3649,96269,0.000000,0.001022
58937,15476,0.567529,0.583459
34127,6187,0.550368,0.457195
94904,56754,0.000000,0.008240
50560,79916,0.549019,0.458001
73025,11214,0.000000,0.040588
71750,19369,0.000000,0.026955
85413,34127,0.551659,0.529433
57535,58937,0.000000,0.026355
50560,71750,0.554310,0.587943
57535,15476,0.000000,0.052528
79081,4738,0.000000,0.028093
78682,3649,0.000000,0.040695
28687,15476,0.000000,0.018246
85413,78682,0.000000,0.125227
35488,15476,0.000000,0.021333
3649,41345,0.000000,0.392150
110702,18032,0.000000,0.017758
58937,31538,0.000000,0.051897
17139,7830,0.550531,0.592343
56754,28687,0.000000,0.004521
5522,18032,0.551659,0.831968
71750,17139,0.000000,0.343628
35178,79081,0.000000,0.116753
15021,19369,0.000000,0.024107
66449,114123,0.000000,0.008803
17139,56754,0.550531,0.457195
79916,110880,0.549019,0.460992
28687,21841,0.000000,0.000000
3649,34127,0.551659,0.417736
19666,116133,0.554170,0.606321
19553,79916,0.000000,0.270792
19553,73025,0.000000,0.029163
66449,15476,0.000000,0.027275
19553,7830,0.551659,0.592343
79081,85413,0.000000,0.084755
86310,85413,0.551659,0.394169
114123,53084,0.000000,0.023685
4253,122269,0.000000,0.006689
78682,85516,0.565722,0.579953
53084,85516,0.000000,0.024878
116988,73088,0.000000,0.040414
79916,78682,0.000000,0.071177
106267,94904,0.519598,0.211984
6575,53908,0.000000,0.006295
110880,110702,0.000000,0.006160
6187,3649,0.550368,0.831968
73088,116133,0.000000,0.209376
91103,41345,0.553951,0.587943
14850,35178,0.551659,0.417736
98069,34127,1.000000,0.592343
106267,122269,0.000000,0.007732
86310,116988,0.000000,0.026887
71750,41345,0.553951,0.587943
58937,5522,0.000000,0.007665
21841,96269,0.000000,0.002923
50560,106267,0.000000,0.004394
94904,28687,0.000000,0.004722
79081,99320,0.565722,0.147221
61544,91103,0.000000,0.065554
2588,28687,0.000000,0.009875
66449,14850,1.000000,0.831968
114123,6575,0.000000,0.009473
99531,78682,0.000000,0.054973
114123,20172,0.000000,0.018533
78682,48541,0.000000,0.040695
48541,78682,0.000000,0.092996
73088,85413,0.000000,0.432074
15457,74883,0.000000,0.005160
19369,19666,0.000000,0.065343
3649,53908,1.000000,0.831968
17139,110702,0.000000,0.011732
110702,99531,0.000000,0.024929
35178,113423,0.555460,0.081697
51708,45930,0.000000,0.003363
90457,78659,0.000000,0.000317
118759,16176,0.000000,0.038110
90457,30578,0.000000,0.000241
103536,78659,0.000000,0.000093
106846,119393,0.000000,0.202618
72153,57225,0.000000,0.096137
45930,106380,0.000000,0.000000
35614,118930,0.000000,0.295093
13986,14040,0.000000,0.311523
108550,30578,0.000000,0.000684
65603,90921,0.000000,0.012618
35614,64931,0.000000,0.219210
90457,65603,0.000000,0.000174
103536,15015,0.000000,0.186813
57225,20424,0.000000,0.000439
65603,92970,0.000000,0.007492
15015,45930,0.552132,0.006804
106846,103726,0.000000,0.020884
65603,103726,0.000000,0.008046
30578,118759,0.000000,0.000599
11083,90457,0.000000,0.000000
51708,14040,0.000000,0.005432
72153,90921,0.000000,0.220958
103726,82404,0.000000,0.001922
43593,16176,0.000000,0.014864
90311,90457,0.000000,0.000000
92970,78659,0.000000,0.000080
119402,90921,0.000000,0.129583
9024,119402,0.000000,0.297326
119402,100861,0.000000,0.184388
60143,30578,0.000000,0.000007
5164,35614,0.000000,0.241725
13986,93788,0.000000,0.170412
78659,16176,0.000000,0.000190
78659,45930,0.000000,0.000968
91645,30578,0.000000,0.000009
100861,35614,0.000000,0.241725
5164,46022,0.000000,0.027322
16432,90311,0.000000,0.036712
51708,15015,0.000000,0.002165
5164,103726,0.000000,0.020884
93788,60143,0.000000,0.105234
13986,9024,0.000000,0.170412
119393,45930,0.000000,0.007483
11083,88925,0.000000,0.315564
53500,62084,0.000000,0.003568
90457,57723,0.000000,0.000026
33339,92970,0.000000,0.150343
15015,16432,0.000000,0.166870
118930,82404,0.000000,0.015527
106380,16176,0.000000,0.000000
64931,88925,0.000000,0.089376
90457,15015,0.000000,0.000025
14040,103726,0.000000,0.006184
9024,33339,0.000000,0.189794
75042,56931,0.000000,0.447691
119393,51708,0.000000,0.000340
33274,92970,0.000000,0.102075
33339,62084,0.000000,0.001007
108550,82404,0.000000,0.071043
93788,106380,0.000000,0.000000
103536,13986,0.000000,0.180124
93788,92970,0.000000,0.101825
78659,56931,0.000000,0.002570
9024,65603,0.000000,0.045567
11083,51708,0.000000,0.000876
92970,105136,0.000000,0.188189
13986,92970,0.000000,0.085548
67531,5164,0.000000,0.008361
106846,91645,0.000000,0.048898
67531,16176,0.000000,0.002237
6447,72153,0.000000,0.125883
15015,11083,0.000000,0.326422
16432,64931,0.000000,0.833361
90311,119393,0.000000,0.078952
15015,53500,0.000000,0.166870
72153,64931,0.000000,0.144087
35614,118759,0.000000,0.219210
118759,5164,0.000000,0.833361
43593,35614,0.000000,0.024320
62084,16432,0.000000,0.008058
5164,108550,0.000000,0.833436
118759,100861,0.000000,0.833361
90311,56988,0.000000,0.045888
45930,82404,0.000000,0.004356
103726,33274,0.000000,0.003426
106380,67531,0.000000,0.000000
105136,5164,0.000000,0.152156
103726,78659,0.000000,0.003470
62084,33274,0.000000,0.006062
18066,6447,0.000000,0.074223
45930,90921,0.000000,0.029559
49485,75214,0.000000,0.014104
67531,11083,0.000000,0.011798
56931,100861,0.000000,0.305460
103726,90311,0.000000,0.002012
119402,20424,0.000000,0.000845
108550,106380,0.000000,0.000000
72153,91645,0.000000,0.043156
40536,116506,1.000000,0.824323
120477,82734,1.000000,0.670171
4411,2928,0.000000,0.114855
79871,40434,1.000000,0.997667
80876,120477,0.000000,0.000002
26083,92981,0.000000,0.189074
96625,38897,1.000000,0.798115
39805,48899,1.000000,0.986460
6426,38440,0.000000,0.564146
41000,40434,1.000000,0.988493
111292,48899,1.000000,0.129295
86971,45142,1.000000,0.680514
92981,77261,0.000000,0.002634
2928,40434,0.000000,0.000071
12477,45142,1.000000,0.400913
1676,92981,0.000000,0.441234
86971,2928,0.000000,0.000276
28147,113797,1.000000,0.344891
1676,120477,0.000000,0.000000
48899,92396,1.000000,0.999604
80876,32774,0.000000,0.539028
45142,96625,1.000000,0.993064
92981,62831,0.000000,0.000000
77261,79960,1.000000,0.232549
82734,20711,1.000000,0.468891
39805,80876,0.000000,0.000036
58199,12477,1.000000,0.528839
73344,7924,0.000000,0.082771
114262,77261,0.000000,0.326058
65,109345,0.000000,0.000436
14577,62831,1.000000,0.283838
67115,92981,0.000000,0.000000
92981,116506,0.000000,0.000000
39805,79960,1.000000,0.540344
38440,65,0.000000,0.315535
28147,49442,1.000000,0.913740
113797,77261,1.000000,0.060365
32774,38440,0.000000,0.461426
105802,49442,1.000000,0.030118
103810,4411,1.000000,0.164155
45142,2928,0.000000,0.006616
101846,45142,0.000000,0.000023
94451,79960,1.000000,0.819824
114262,41000,0.000000,0.002754
30654,96625,1.000000,0.974196
80876,103810,0.000000,0.000003
116506,65,0.000000,0.053346
49442,94451,1.000000,0.997710
38440,79960,0.000000,0.011162
86971,4411,1.000000,0.771914
4411,109345,1.000000,0.841591
6426,5450,0.000000,0.000022
111292,5450,1.000000,0.659416
4411,86479,1.000000,0.886423
28147,101846,0.000000,0.001545
40434,1676,0.000000,0.000000
116506,101846,0.000000,0.016492
26083,101846,0.000000,0.716938
94451,2928,0.000000,0.008074
14577,38897,1.000000,0.369157
5450,79960,1.000000,0.736515
40434,96625,1.000000,0.995082
92981,41000,0.000000,0.000000
67115,4411,1.000000,0.798974
39805,79871,1.000000,0.998259
111292,82734,1.000000,0.440929
48899,103810,1.000000,0.663812
38897,116506,1.000000,0.819170
77261,48899,1.000000,0.000160
1676,105802,0.000000,0.004032
45142,7924,1.000000,0.922282
109345,30654,1.000000,0.963222
101846,67115,0.000000,0.000579
120477,79871,1.000000,0.572554
7924,62083,1.000000,0.027436
5450,7924,1.000000,0.829260
96625,94451,1.000000,0.994235
65930,38897,1.000000,0.663080
58199,92396,1.000000,0.981172
32774,30654,0.000000,0.019619
62083,38440,0.000000,0.000000
116506,20711,1.000000,0.629391
103810,82734,1.000000,0.440773
92396,30654,1.000000,0.986178
20711,65,0.000000,0.457577
101846,30654,0.000000,0.017542
116506,38440,0.000000,0.000296
45142,4411,1.000000,0.438492
82734,86479,1.000000,0.977216
79163,48899,0.000000,0.000040
120477,38897,1.000000,0.342975
12477,82734,1.000000,0.184173
77261,114262,0.000000,0.254329
79960,113797,1.000000,0.484773
94451,26083,0.000000,0.001981
38440,58199,0.000000,0.000000
40434,30654,1.000000,0.976597
114262,26083,0.000000,0.630589
45142,109345,1.000000,0.989504
103810,1676,0.000000,0.000006
67115,75875,0.000000,0.000397
21070,107418,0.546592,0.680139
53644,74165,0.547066,0.704307
36993,99107,0.546592,0.505597
53746,22051,0.547066,0.646184
36993,97654,0.546592,0.509885
104221,24509,1.000000,0.707201
58094,95264,0.546592,0.711975
92396,110436,1.000000,0.994459
75875,67731,0.546062,0.597450
65930,10290,0.000000,0.001066
82998,118271,0.546592,0.706951
123178,85081,0.547495,0.558776
86908,118271,0.546592,0.698170
104221,86971,0.000000,0.000000
1625,79871,0.000000,0.000003
97654,76486,1.000000,0.516635
118271,36993,1.000000,0.673797
57617,87688,0.547495,0.672756
24509,60239,0.546592,0.407697
26083,54546,0.547066,0.642858
64856,42403,0.546592,0.399479
85081,56096,0.547495,0.699944
61135,18107,0.547066,0.704185
49816,58094,0.546592,0.688419
76486,3952,0.547495,0.656295
104221,79871,0.000000,0.000001
73107,75875,0.547495,0.481978
73107,22993,0.547495,0.449210
3952,67115,0.000000,0.000102
123178,86908,0.547886,0.587873
116570,15497,0.547495,0.692414
88904,97654,0.547495,0.415960
123178,87688,0.547495,0.617329
60239,21070,0.546592,0.378475
82998,86908,0.547066,0.691873
53746,110436,0.000000,0.000395
75875,33856,0.547886,0.616546
86908,82998,0.547066,0.666317
24509,86908,0.547066,0.709095
15497,97654,1.000000,0.502424
110436,67115,1.000000,0.965265
54546,17696,0.547066,0.533952
56096,86908,0.547886,0.701275
96853,36993,1.000000,0.610088
53746,123178,0.547066,0.587721
88904,21070,0.547886,0.612592
67115,24509,0.000000,0.000962
107418,66795,0.546592,0.733771
62083,63555,0.000000,0.000000
60239,57617,0.546592,0.204788
99107,49816,0.547886,0.471470
3592,75875,0.547886,0.543874
61135,86908,0.547886,0.701334
123178,21070,0.548579,0.613417
86971,75875,0.000000,0.000006
33856,64856,0.547886,0.664997
15497,86908,0.547495,0.700443
123178,65930,0.000000,0.008929
118271,74165,0.546592,0.736939
123178,63555,0.547495,0.632837
56096,75875,0.548246,0.556687
24509,107418,0.546592,0.734819
87688,110436,0.000000,0.003497
110521,66795,0.548246,0.670386
17696,49816,0.547886,0.646573
118271,110521,0.546592,0.643886
22051,104221,0.547066,0.601474
61135,76486,0.547495,0.680220
67731,96853,0.546062,0.617660
88904,24509,0.547066,0.596681
79871,24509,0.000000,0.000006
58094,53644,0.546592,0.706124
99107,76486,0.547495,0.505738
104221,36993,0.546592,0.662895
113665,22993,1.000000,0.185017
76486,53746,0.547066,0.679370
86908,17696,1.000000,0.615958
54546,21070,0.547066,0.672124
60239,18107,0.546592,0.226701
54546,67731,0.546062,0.503517
58094,84787,0.546592,0.613386
70454,33856,0.546592,0.735879
49816,27236,0.000000,0.057126
86908,26083,0.547886,0.715521
67731,118271,0.546062,0.673809
70454,67731,0.546062,0.623748
53746,42403,0.546592,0.521462
95264,85081,0.547495,0.648113
24509,116570,0.547066,0.709928
10290,116570,0.547886,0.656186
10290,17696,0.547886,0.579355
113663,67731,0.546062,0.339335
76486,18107,0.547066,0.711321
87688,66795,0.547495,0.726921
3952,67731,0.546062,0.431758
22993,110521,0.548579,0.516178
97654,82998,0.547066,0.528009
66795,118271,0.546592,0.718840
116570,79871,0.000000,0.000002
27255,74871,0.589599,0.564741
95142,96071,0.589180,0.555676
17557,87401,0.590332,0.553176
27255,109617,0.590332,0.585845
36446,39215,0.000000,0.168968
90329,7756,0.589981,0.638829
63970,33590,0.000000,0.254416
109617,27876,0.588955,0.611283
84607,69273,0.589981,0.573391
46779,46140,0.000000,0.000205
54777,74578,1.000000,0.557325
69273,7756,0.589981,0.575770
95854,96279,0.000000,0.000149
77212,109895,0.589599,0.521895
25739,47654,0.589794,0.556992
30878,35866,0.590812,0.642974
50963,59246,0.000000,0.000113
17557,30878,0.590332,0.574054
20672,43683,0.000000,0.000000
76551,84607,0.589981,0.580413
73664,69273,0.589794,0.531324
20672,75882,0.588200,0.446844
77212,46177,0.589599,0.536249
87401,66903,0.589981,0.543262
47654,932,0.589599,0.637032
108519,62083,0.000000,0.000000
75882,27255,0.590658,0.564256
59246,43683,1.000000,0.876262
62083,96071,0.000000,0.000000
932,88641,0.000000,0.000097
79919,21212,0.586551,0.579435
46177,79919,0.586551,0.486119
101202,27876,0.588955,0.545240
62083,50963,0.000000,0.000000
63970,20160,0.589599,0.631732
101202,87401,0.590658,0.566458
39215,95854,0.000000,0.129569
75882,88606,0.589794,0.539020
108519,74871,0.589599,0.567336
53828,20672,0.588200,0.464511
108519,96071,0.589180,0.553355
96071,102515,0.589180,0.637820
33590,84607,0.000000,0.247370
50963,96279,0.000000,0.000056
21212,39215,0.000000,0.173523
96071,20160,0.589180,0.637521
95142,24967,0.589981,0.581323
106825,7756,0.589981,0.636874
26144,122876,0.589794,0.544142
101202,25739,0.590960,0.563187
109617,57265,0.589599,0.561056
109895,96071,0.589180,0.553063
26144,77212,0.589599,0.531728
54777,79919,0.586551,0.482637
93085,74871,0.587612,0.604455
50963,88606,0.589794,0.547177
70528,59409,0.589794,0.524270
62083,75882,0.000000,0.000000
25739,31475,0.587612,0.483981
62083,26144,0.000000,0.000000
95142,33590,0.000000,0.261302
30878,109617,0.590332,0.638218
35866,46140,0.000000,0.000139
35866,27255,0.590812,0.586078
24791,96279,0.000000,0.000062
35866,47654,0.589794,0.624196
26144,33590,0.000000,0.259454
25739,79919,0.586551,0.453052
46140,57164,0.000000,0.001894
73664,109617,0.589794,0.565959
39215,66903,0.000000,0.142441
79919,102515,0.586551,0.579627
46177,74578,0.589981,0.550855
84607,46140,0.000000,0.000052
17557,74871,0.589599,0.570555
74578,96279,0.000000,0.000056
30878,54777,0.590160,0.578671
79919,54777,0.586551,0.500996
96279,20270,0.000000,0.000808
106825,57164,0.590498,0.636551
24967,59409,0.589981,0.569869
24967,20270,0.589981,0.623772
20672,31475,0.587612,0.538257
90329,102515,0.589599,0.634980
65657,30878,0.589794,0.560993
62083,17557,0.000000,0.000000
90329,20270,0.590160,0.627447
70528,96071,0.589180,0.568451
96279,66903,0.000000,0.000210
77212,46140,0.000000,0.000038
25739,21212,0.589599,0.550726
96071,121135,0.589180,0.564854
57164,57265,0.589599,0.549299
109895,27255,1.000000,0.567022
47654,88606,1.000000,0.570194
77212,106825,0.589599,0.556495
90329,21212,0.589599,0.635017
122876,96071,0.589180,0.568591
25739,54777,0.590160,0.531994
79919,75882,0.586551,0.497141
9155,51809,0.000000,0.000669
18197,81922,0.000000,0.000031
94499,25310,0.000000,0.000000
110273,35392,0.577527,0.490099
33645,103671,0.577105,0.556105
82509,110273,0.000000,0.000000
103671,109131,0.577105,0.508200
105971,67862,0.000000,0.000013
81922,109377,0.000000,0.000020
120693,81922,0.577527,0.522386
82509,39099,0.000000,0.000000
120978,25310,0.000000,0.000315
41740,91081,0.000000,0.000000
74924,113040,0.000000,0.000000
17939,80751,0.000000,0.003197
81922,99521,0.000000,0.000003
91081,49829,0.000000,0.000017
94499,44383,0.000000,0.000056
50847,39099,0.577105,0.438852
49829,120046,0.000000,0.000000
96512,41740,0.577527,0.664639
75102,20574,0.000000,0.001150
120978,58479,0.000000,0.000000
51809,80278,0.000000,0.000000
119517,32200,0.000000,0.000035
72655,64529,0.000000,0.001790
36342,117410,0.000000,0.000000
94739,70341,0.577527,0.222784
119517,99521,0.000000,0.022865
113040,40219,0.000000,0.000000
17939,49339,0.000000,0.012862
80751,8910,0.576116,0.480570
57635,62083,0.000000,0.000000
80278,91302,0.000000,0.000002
119436,25310,0.000000,0.000001
40219,49339,0.000000,0.000101
91302,74924,0.000000,0.000000
49339,72655,0.000000,0.000001
99521,40219,0.000000,0.000000
9431,121190,0.577105,0.058036
117779,91081,0.000000,0.000016
9431,117779,0.000000,0.000000
109377,23075,0.000000,0.000015
91081,103131,0.000000,0.000000
109131,120693,0.579706,0.464845
39099,9431,1.000000,0.111221
3555,33645,0.577912,0.282991
49829,22666,0.000000,0.000000
91081,57635,0.000000,0.000000
41160,72655,0.000000,0.000000
94739,41160,0.000000,0.000364
39099,120693,0.577105,0.628870
96512,20574,0.000000,0.173985
39099,117779,0.000000,0.000000
64529,117779,0.000000,0.000000
9431,70341,0.577105,0.122771
17939,99521,0.000000,0.000000
57635,91302,0.577527,0.488889
3555,9431,0.577105,0.028401
99521,80751,0.000000,0.000003
119436,58479,0.000000,0.000000
67862,82509,0.000000,0.074551
81922,20574,0.000000,0.165945
75102,18197,0.000000,0.000164
8910,80278,0.000000,0.000000
121190,23075,0.578900,0.452490
62083,6709,0.000000,0.000429
32200,67862,0.000000,0.000000
105971,29523,0.575524,0.008365
25310,103131,0.000000,0.000000
123118,39009,0.000000,0.000000
110273,121190,0.577527,0.545426
105971,120693,0.575524,0.012023
50847,49829,0.000000,0.000001
80278,36342,0.000000,0.000024
51809,120693,0.000000,0.000022
22666,99521,0.000000,0.000005
119517,20574,0.000000,0.000003
67862,64701,0.000000,0.000359
120978,91081,0.000000,0.000067
8910,109131,0.576638,0.471089
74924,62083,1.000000,0.000000
119436,29523,0.576638,0.184081
99521,20574,0.000000,0.000000
72655,99521,0.000000,0.000000
35392,120693,0.579706,0.326810
80751,41160,0.000000,0.000384
75102,113040,0.577527,0.052493
121190,117779,0.000000,0.000000
64701,96512,0.000000,0.001977
103671,91081,0.000000,0.000000
70341,117779,0.000000,0.000000
109377,25310,0.000000,0.000000
91081,117779,0.000000,0.007677
81922,103131,0.576116,0.816160
64701,103131,0.000000,0.008058
35392,39009,0.000000,0.000000
49829,119517,0.000000,0.000000
64529,119517,0.000000,0.001700
120693,39099,0.577105,0.553147
83432,108026,0.000000,0.450503
14997,95292,0.589599,0.529627
116760,62083,0.000000,0.000000
96851,2174,0.586551,0.432969
14412,60690,0.000000,0.157834
45183,73755,0.000000,0.000002
9790,38535,0.000000,0.000032
113666,60690,0.000000,0.000000
42348,83432,0.588200,0.518879
65247,2174,0.586551,0.314086
9390,38535,0.000000,0.517490
70344,14997,0.587916,0.538099
52403,73755,0.000000,0.000002
13361,14997,0.589599,0.544012
15413,80279,0.000000,0.000141
20254,2601,0.000000,0.000043
48065,84599,0.000000,0.000000
83947,116760,0.000000,0.002528
40615,33678,0.588466,0.462218
65247,80776,0.591104,0.572495
80279,38535,0.000000,0.504166
102164,65247,0.000000,0.000584
9790,108026,0.000000,0.000272
79902,108026,0.000000,0.527676
2174,62168,0.000000,0.376855
79902,96851,0.588466,0.550367
68169,112883,0.000000,0.522308
20254,15413,1.000000,0.930758
65247,48776,0.000000,0.513086
20254,9237,0.000000,0.000043
53250,9790,0.000000,0.000000
14412,65247,0.000000,0.160926
95292,64893,0.586934,0.385112
21370,60767,0.587612,0.275262
13361,48065,0.000000,0.464183
102723,8706,1.000000,0.553635
9237,15413,0.000000,0.000002
73755,60690,0.000000,0.000002
14412,33678,0.000000,0.171788
9390,45183,0.588955,0.547017
84599,15413,1.000000,0.961207
99696,2174,0.586551,0.415351
84599,83432,0.000000,0.000008
60767,83947,0.000000,0.000184
33678,111336,0.000000,0.516485
33678,110580,0.589395,0.564592
38568,43297,0.000000,0.115662
60109,42348,0.588466,0.537625
781,83947,0.000000,0.010363
117825,121788,0.000000,0.543198
64893,79902,0.586934,0.413799
2601,96851,0.000000,0.626309
9237,116760,0.000000,0.497534
14412,83947,0.000000,0.002777
48776,9237,0.000000,0.514690
43297,62168,0.000000,0.530542
42348,44658,0.588466,0.535806
8706,15413,0.000000,0.000007
102164,112883,0.000000,0.000026
83947,70344,0.000000,0.000239
2601,9390,0.000000,0.546454
33678,43297,0.589599,0.531251
99696,117825,0.589180,0.550538
43297,48065,0.000000,0.470151
60109,68114,0.589981,0.551530
15413,9390,0.000000,0.000033
111336,92916,0.000000,0.104661
9237,110580,0.000000,0.549094
80279,110580,0.589395,0.616364
20254,48065,0.000000,0.000012
96851,84599,0.000000,0.000000
112883,95292,0.588955,0.554924
62083,9390,0.000000,0.000000
102164,9790,1.000000,0.960824
121788,96851,0.000000,0.594248
46977,116760,0.590160,0.543048
73755,83432,0.000000,0.000011
117825,8706,0.589180,0.513894
116760,83432,0.588200,0.456428
80776,95292,0.590498,0.559358
48776,96851,0.000000,0.550322
62083,38568,0.000000,0.000001
53250,80776,0.000000,0.493635
43297,2174,0.586551,0.381963
73755,84599,0.000000,0.969825
62083,102723,0.000000,0.000000
117825,38535,0.000000,0.512362
113666,63334,0.000000,0.000058
43297,9390,0.588955,0.514312
70344,77144,0.000000,0.543644
48065,14412,0.000000,0.161049
53250,68114,0.000000,0.501975
110580,71011,0.000000,0.000010
14997,21370,0.589599,0.505301
113666,108026,0.000000,0.000079
80776,62083,0.000000,0.000000
48776,108026,0.000000,0.531405
43297,44658,0.589599,0.517455
13361,116760,0.590160,0.568047
117825,2174,0.586551,0.391581
355,111211,0.000000,0.037874
60028,66369,0.000000,0.002106
12608,56231,0.000000,0.000000
60676,59832,0.571406,0.060700
64087,81119,0.000000,0.363725
18173,7433,0.000000,0.000471
28403,84704,0.000000,0.017982
99928,28403,0.000000,0.000172
84717,28403,0.000000,0.199701
84704,51890,0.000000,0.259129
53083,9711,0.000000,0.001410
28403,51890,0.000000,0.001272
3996,110556,0.000000,0.228746
47240,17675,0.000000,0.057555
119243,96888,0.560197,0.000017
57969,259,0.000000,0.030110
103188,119243,0.000000,0.004282
62406,10226,0.000000,0.036824
38359,7433,0.000000,0.148201
60028,96888,0.000000,0.000006
10226,17675,0.000000,0.062401
10226,99256,0.000000,0.038910
61609,38359,0.000000,0.000235
17675,110556,0.000000,0.161566
56231,3996,0.000000,0.000000
53083,107814,0.000000,0.007615
61609,45671,0.000000,0.000238
9711,62406,0.000000,0.000014
121761,101710,0.000000,0.091226
38359,47240,0.000000,0.113517
3361,81119,0.000000,0.030140
45671,3361,0.000000,0.000046
85895,81119,0.571406,0.118373
81119,47240,0.000000,0.020509
107814,47240,0.000000,0.033551
3361,38359,0.000000,0.002130
10226,81119,0.000000,0.051923
107814,18173,0.000000,0.000207
96888,84704,0.000000,0.495864
62406,78352,0.000000,0.018713
38359,111211,0.000000,0.000160
94352,61609,0.000000,0.000000
3361,111211,0.000000,0.019047
93933,28403,0.000000,0.000023
81828,99256,0.000000,0.163014
61640,45671,0.000000,0.000192
73235,70030,0.000000,0.072654
61640,61609,0.000000,0.000000
35185,62406,0.000000,0.000000
62406,81828,0.000000,0.041907
60028,72473,0.000000,0.000006
99928,355,0.000000,0.002193
12608,73225,0.000000,0.095692
29380,94352,0.000000,0.050887
29380,47240,0.000000,0.086682
73235,45671,0.000000,0.017151
47240,119243,0.000000,0.006807
96888,83359,0.000000,0.439852
81119,101710,0.000000,0.056396
110556,57969,0.000000,0.313417
3361,47240,0.000000,0.001833
115876,62406,0.000000,0.005577
99256,9711,0.000000,0.007637
117688,17675,0.000000,0.023628
103188,10226,0.000000,0.047570
81119,35185,0.000000,0.000001
3996,17675,0.000000,0.078346
18495,102354,0.000000,0.000215
47240,111211,0.000000,0.012554
94352,82501,0.000000,0.002730
84704,96888,0.000000,0.198807
107814,12608,0.000000,0.004782
60676,61609,0.000000,0.000000
45671,72847,0.000000,0.000001
18173,47240,0.000000,0.000267
101710,18495,0.000000,0.000029
57969,103188,0.000000,0.406390
51890,105658,0.000000,0.013739
72473,60028,0.000000,0.000045
61609,18495,0.000000,0.000000
53083,81828,0.000000,0.091108
84704,62406,0.000000,0.029292
355,107814,0.000000,0.163907
81828,104107,0.000000,0.016834
29380,9711,0.000000,0.000227
73316,66369,0.000000,0.001023
60028,119243,0.000000,0.004452
17675,82501,0.000000,0.002665
99256,355,0.000000,0.027203
104107,61609,0.000000,0.000000
82360,96888,0.000000,0.081519
3996,96888,0.000000,0.080582
61609,35185,0.000000,0.000000
35185,51890,0.000000,0.000121
7433,81828,0.000000,0.099230
102354,3361,0.000000,0.000000
3996,81828,0.000000,0.102653
18173,81119,0.000000,0.000070
45671,73235,0.000000,0.012666
73316,61609,0.000000,0.000000
100126,50159,0.586934,0.402498
27955,40392,0.000000,0.000000
11265,98029,0.000000,0.422093
49826,110217,0.586934,0.346853
27955,98675,1.000000,0.434712
74313,112790,0.000000,0.480491
71438,3662,1.000000,0.268180
62589,9368,0.000000,0.000072
64572,39598,0.586934,0.418861
62589,71438,0.587286,0.519640
11913,95732,0.000000,0.000098
45721,74993,1.000000,0.919188
113196,77197,0.587916,0.450872
45721,49826,0.000000,0.000002
39598,40544,0.586934,0.412955
54021,76049,0.547825,0.470234
110217,4975,0.586934,0.380428
33907,25573,0.000000,0.447251
77197,110217,0.586934,0.398230
98675,41603,0.000000,0.471565
44641,33907,0.587612,0.492157
6256,57779,0.000000,0.000000
57037,112790,0.587612,0.443222
31236,71438,0.000000,0.101906
9368,54021,0.000000,0.001012
18936,50159,0.586934,0.435002
71569,102290,0.664478,0.606532
25573,5424,0.000000,0.439563
17749,77197,0.000000,0.000084
111653,119166,0.588200,0.285612
40392,45229,0.000000,0.000002
79608,44641,0.588200,0.437620
119468,119166,0.588200,0.319050
76049,72623,0.000000,0.472500
54021,115487,0.000000,0.532186
62589,45229,0.586934,0.510999
50159,102290,0.000000,0.131284
11265,102290,0.000000,0.153684
5424,79608,0.587916,0.493969
27955,45229,0.586934,0.481511
57779,121046,0.000000,0.000001
100126,74313,0.000000,0.420310
41603,115487,0.000000,0.535770
6256,31236,0.000000,0.129431
111653,98029,0.588955,0.478256
4091,71438,0.587286,0.553747
58229,4091,0.588717,0.514379
25573,17749,0.000000,0.000000
98675,4975,0.588466,0.446688
25573,39261,0.000000,0.000000
57037,1189,0.589395,0.452703
119468,57779,0.000000,0.000001
5424,27955,0.587916,0.308049
74993,5412,0.000000,0.000011
57779,115487,0.000000,0.000048
45229,98397,0.000000,0.503865
100126,115487,1.000000,0.539465
95732,57037,0.000000,0.403712
57037,62083,0.000000,0.000000
100126,3662,0.587286,0.199429
2602,33907,0.587612,0.524994
13495,70889,0.587612,0.398760
18936,28802,0.587612,0.337185
70750,95732,0.000000,0.525253
98397,35775,0.000000,0.272036
27955,33907,0.587612,0.481523
5424,121046,0.586551,0.421545
49826,76678,0.587286,0.354039
11913,64572,0.000000,0.000273
39261,31236,0.000000,0.000928
54021,76678,0.000000,0.407064
58229,113196,0.587916,0.478523
28802,27955,0.587612,0.414244
98675,98397,0.000000,0.452635
11265,76678,0.000000,0.466718
33907,76678,0.587286,0.487154
71569,62083,0.000000,0.000000
11913,1189,0.000000,0.000618
119468,39261,0.000000,0.000005
11265,58229,0.000000,0.478886
50159,1189,0.586934,0.413387
98397,64572,0.000000,0.485476
28802,31236,0.000000,0.109694
45229,57779,0.000000,0.000000
62083,80824,0.000000,0.000000
5412,4091,0.000000,0.515407
68253,44641,0.589180,0.489979
74993,77197,0.000000,0.000049
80824,62589,0.589395,0.553487
74993,64572,0.000000,0.000017
77197,1189,0.589599,0.541340
98029,111653,0.588955,0.502589
98675,40392,0.000000,0.000000
40544,68253,0.589180,0.523766
18936,45229,0.586934,0.538886
119468,68253,1.000000,0.455985
100126,35775,0.588200,0.289110
2602,110217,0.586934,0.362555
17749,4975,0.000000,0.000016
95732,121046,0.000000,0.413619
28052,41384,0.000000,0.000013
55844,111313,0.000000,0.019229
27600,17801,0.589794,0.524498
17801,5316,0.589395,0.530554
68453,57245,0.000000,0.000008
60366,11541,0.592330,0.530064
7361,63401,0.590812,0.587489
7201,79807,0.590498,0.576672
4059,33671,0.000000,0.000003
37631,57841,0.000000,0.000989
16807,89459,0.000000,0.159914
25154,59546,0.000000,0.000002
67519,11731,0.000000,0.000000
113918,5316,0.589395,0.493869
25154,54737,0.000000,0.000050
58247,119848,0.590332,0.573683
5819,21975,0.591760,0.602531
8952,25154,0.000000,0.000001
41384,37631,1.000000,0.862805
121853,120506,0.000000,0.000289
11731,5316,0.000000,0.000010
113918,8952,0.000000,0.517234
120506,30823,0.000000,0.002896
77934,57841,0.665761,0.570936
11541,53246,0.589395,0.579717
119848,8952,0.000000,0.552135
7361,49287,0.591243,0.643662
98642,105164,0.591104,0.494508
27600,21975,0.591104,0.589434
89459,63401,0.590160,0.575926
55844,5819,0.000000,0.005426
53246,30823,0.000000,0.000180
79807,58247,0.590332,0.559617
62083,11541,0.000000,0.000000
8952,19688,0.000000,0.000012
89459,67519,0.590160,0.575020
529,37631,0.000000,0.000009
89459,102240,0.666400,0.574066
110363,100139,0.587612,0.509630
120506,103902,0.000000,0.269346
25384,100139,0.000000,0.309156
67519,112187,0.591243,0.559443
68453,120506,0.591378,0.595704
121853,33671,1.000000,0.958116
77934,19688,0.000000,0.000082
63401,7361,0.590812,0.585837
58247,529,0.589981,0.550113
121853,119848,0.000000,0.000078
79351,37631,1.000000,0.958245
102240,36783,0.590160,0.552186
63133,79351,0.000000,0.000001
63447,96473,0.000000,0.000004
37631,67519,0.000000,0.000620
21975,11541,0.592222,0.583572
63133,7361,1.000000,0.595504
55844,68453,0.000000,0.002625
41384,17801,0.000000,0.000139
121853,54737,0.000000,0.000051
49287,33671,0.000000,0.000001
105768,27600,0.000000,0.000091
49287,30823,0.000000,0.001212
58247,4059,0.590332,0.539076
102240,105164,0.590160,0.527222
5819,36783,0.590332,0.540367
4059,4004,0.000000,0.097046
62083,5316,0.000000,0.000000
11541,63401,0.590812,0.522621
5316,105768,0.000000,0.000000
103902,113918,0.000000,0.240061
119848,11541,0.591509,0.593532
63133,58247,0.590332,0.549957
85140,54737,0.590160,0.553098
105164,85140,0.590658,0.503204
77934,5316,0.000000,0.227587
19688,105164,0.000000,0.000059
7201,105768,0.000000,0.000001
100139,68453,0.590498,0.632693
85140,89459,0.590160,0.584287
8952,68453,0.000000,0.551958
37594,36783,0.589794,0.572500
79807,78420,0.590498,0.551934
105164,33671,0.000000,0.000000
121853,63401,0.000000,0.000096
100139,63447,0.590332,0.581340
30823,25154,1.000000,0.903803
37594,529,0.589794,0.569554
62083,112187,0.000000,0.000001
100139,11541,0.590498,0.608034
77934,8952,0.000000,0.221084
59546,4004,0.000000,0.079907
4059,121853,0.000000,0.000007
98642,57245,0.000000,0.000021
121550,49287,0.590812,0.589866
63447,105164,0.590332,0.523852
33671,71973,0.000000,0.000082
7201,33671,0.000000,0.000001
77934,37594,0.000000,0.244091
103902,37631,0.000000,0.000097
21975,54737,0.590160,0.556230
72100,57245,0.000000,0.000080
105228,2045,0.000000,0.007625
2045,51446,0.000000,0.001213
51446,2045,0.000000,0.016152
95042,105228,0.000000,0.032871
105228,95042,0.000000,0.017688
80977,95042,0.000000,0.004217
36752,51446,0.000000,0.000063
2045,36752,0.000000,0.000000
80977,36752,0.000000,0.000000
2045,105228,0.000000,0.003648
95042,51446,0.000000,0.009781
51446,80977,0.000000,0.016152
36752,80977,0.000000,0.000002
2045,80977,1.000000,0.952968
95042,2045,0.000000,0.005709
36752,2045,0.000000,0.000002
36752,105228,0.000000,0.000034
95042,36752,0.000000,0.000008
36752,95042,0.000000,0.000004
105228,51446,0.000000,0.048836
105228,80977,0.000000,0.007625
51446,95042,0.000000,0.005534
51446,36752,0.000000,0.000024
51446,105228,0.000000,0.019760
2045,95042,0.000000,0.004217
95042,80977,0.000000,0.005709
80977,2045,1.000000,0.952968
80977,51446,0.000000,0.001213
80977,105228,0.000000,0.003648
105228,36752,0.000000,0.000050
34404,107178,0.000000,0.000025
53235,46945,0.000000,0.190080
92717,62754,0.000000,0.000000
46945,62754,0.000000,0.000016
105668,108769,0.000000,0.030563
39009,57448,0.000000,0.000000
82343,119087,0.000000,0.000263
119655,114536,0.000000,0.000577
60256,21605,0.000000,0.003692
45510,119655,0.000000,0.001142
12054,91723,0.000000,0.000012
15109,122450,0.000000,0.000216
10288,62754,0.000000,0.197062
82962,70745,0.000000,0.000000
115440,110637,0.000000,0.014554
119655,120939,0.000000,0.000510
34160,87717,0.000000,0.006287
105668,62192,0.000000,0.000766
33113,105721,0.000000,0.045778
120945,39009,0.000000,0.000000
115440,105668,0.000000,0.000003
115568,82343,0.000000,0.008080
60256,27005,0.000000,0.002591
91723,28700,0.000000,0.000931
63018,78185,0.000000,0.018662
119087,122450,0.000000,0.000121
61034,82343,0.000000,0.000667
3480,27005,0.000000,0.001997
91769,100520,0.000000,0.000004
69269,3044,0.000000,0.000001
60256,112825,0.000000,0.001394
12054,115568,0.000000,0.000012
62083,107178,0.000000,0.000000
91723,39283,0.000000,0.000001
27005,22834,0.000000,0.000000
119655,69269,0.000000,0.000739
62192,119087,0.000000,0.008309
62192,115568,0.000000,0.004586
65917,79313,0.000000,0.001625
69269,110637,0.000000,0.000509
122450,91769,0.000000,0.012593
87717,45510,0.000000,0.000057
34404,15109,0.000000,0.044050
81747,99210,0.559605,0.036918
87717,107469,0.000000,0.000202
28700,79313,0.000000,0.000969
109748,62699,0.000000,0.000002
76,115568,0.000000,0.000000
60256,120939,0.000000,0.000245
107469,115440,0.000000,0.007774
61034,10559,0.000000,0.000667
10559,107469,0.000000,0.000396
65917,119655,0.000000,0.000688
57448,81747,1.000000,0.702666
1628,46945,0.000000,0.002679
119087,78185,0.000000,0.000234
60256,91723,0.000000,0.000435
61034,34160,0.000000,0.001836
62754,78185,0.000000,0.003706
99210,34160,0.000000,0.143568
39009,39283,0.000000,0.000007
62083,61034,0.000000,0.000043
110637,115440,0.000000,0.028417
62083,105721,0.000000,0.000000
27005,10288,0.000000,0.000000
69269,75247,0.000000,0.000509
91769,105668,0.000000,0.000023
15109,106110,0.000000,0.000028
39009,62699,0.000000,0.000000
61034,122450,0.000000,0.000036
22834,10559,0.000000,0.000007
82343,92717,1.000000,0.702666
107469,34404,0.000000,0.000001
34404,81747,0.000000,0.031672
92717,90457,0.000000,0.000000
97499,63018,0.000000,0.004623
97499,120939,0.000000,0.000000
107178,46945,0.000000,0.000000
28700,100520,0.000000,0.000611
110637,82343,1.000000,0.702666
108769,106110,0.000000,0.058671
91769,15109,0.000000,0.000254
34160,106110,0.000000,0.007210
120945,99210,0.000000,0.038642
97499,62083,1.000000,0.996216
75247,114536,0.000000,0.000001
120945,34160,0.000000,0.048105
48606,115440,0.000000,0.000000
70745,62192,0.000000,0.000000
107469,108769,0.000000,0.060028
69269,120945,0.000000,0.000000
62699,75247,0.000000,0.000105
62754,70745,0.000000,0.000436
76,62754,0.000000,0.097076
39283,28700,0.000000,0.004368
110637,91769,1.000000,0.702666
39009,65917,0.000000,0.000000
21605,120939,0.000000,0.003287
120939,114536,0.000000,0.000000
100520,15109,0.000000,0.000001
16456,76188,0.000000,0.000006
104187,75584,1.000000,0.000000
36575,13387,1.000000,0.907809
111787,13028,0.000000,0.000339
19339,76188,0.000000,0.519184
75584,74815,0.000000,0.000000
33063,16456,0.000000,0.086622
95812,58140,0.000000,0.020690
7623,36164,0.000000,0.000019
105939,77486,0.000000,0.000006
36164,34632,0.000000,0.000006
48530,113464,0.000000,0.645065
89764,116902,0.000000,0.000004
13359,104893,0.000000,0.000002
76188,7623,0.000000,0.000000
10204,58140,0.000000,0.000000
95812,111015,0.000000,0.000000
37469,111614,0.000000,0.000055
39728,108081,0.000000,0.000000
113464,39728,0.000000,0.000032
36575,88673,1.000000,0.961536
68875,38613,1.000000,0.901954
74815,103431,0.000000,0.000001
34632,7623,1.000000,0.889102
68672,112238,0.000000,0.000000
19339,112238,0.000000,0.000000
78586,33063,0.000000,0.176856
112238,104893,0.000000,0.000000
103431,43732,1.000000,0.929964
61114,89764,0.000000,0.000193
60946,3472,1.000000,0.942558
69768,104187,1.000000,0.878115
60946,58140,0.000000,0.000000
48134,79004,0.000000,0.000024
104893,62083,1.000000,0.001920
103431,105939,0.000000,0.000025
104187,89764,0.000000,0.000158
66287,12651,0.000000,0.887345
6550,88673,0.000000,0.000061
117267,68672,0.000000,0.000005
39728,38613,0.000000,0.000000
3472,43732,1.000000,0.936873
58533,13359,0.000000,0.000002
78586,13359,0.000000,0.000002
89309,89764,0.000000,0.428148
3472,35201,1.000000,0.850419
89764,111015,0.000000,0.468929
95834,12651,1.000000,0.967787
36575,104187,1.000000,0.945811
76188,6550,0.000000,0.007562
15018,15413,0.000000,0.000616
58533,6550,0.000000,0.007760
7623,105939,0.000000,0.000017
111015,19339,0.000000,0.541116
75584,48530,1.000000,0.000000
66287,104187,0.000000,0.852449
75584,37469,1.000000,0.000000
111787,104187,1.000000,0.868277
80133,15018,0.000000,0.118766
105939,111015,0.000000,0.522126
39728,12651,0.000000,0.000000
35201,15018,0.000000,0.000409
58140,104893,0.000000,0.000004
89764,103431,0.000000,0.000008
69768,21164,0.000000,0.000019
43732,13387,1.000000,0.896615
10204,63009,0.000000,0.000440
88673,95812,0.000000,0.000000
103431,63009,0.000000,0.000593
117267,61114,0.000000,0.000076
80834,82610,0.000000,0.000000
103431,108081,1.000000,0.941397
37469,13359,0.000000,0.000004
77486,36575,1.000000,0.913903
95834,89309,0.000000,0.000003
48134,111614,0.000000,0.000005
13028,43732,0.000000,0.000008
89764,15018,0.000000,0.000000
34632,52505,1.000000,0.871195
85044,36575,1.000000,0.934174
61114,103431,1.000000,0.911322
80133,111015,0.000000,0.000273
104893,75584,1.000000,0.000000
63009,74815,0.000000,0.431309
80834,15413,0.000000,0.000000
21164,38613,0.000000,0.000002
43732,15018,0.000000,0.000181
74815,68672,0.000000,0.000000
37469,89309,0.000000,0.000007
39728,68672,0.000000,0.000000
75584,68875,1.000000,0.000000
78586,68672,1.000000,0.926051
103431,89309,0.000000,0.000003
58140,111787,0.000000,0.000008
74815,38613,0.000000,0.000001
58533,116902,1.000000,0.890389
52505,39728,0.000000,0.000001
60946,21164,0.000000,0.000009
85044,7623,1.000000,0.869930
95834,80133,1.000000,0.154162
88884,31056,0.000000,0.000001
61390,55831,0.587286,0.526356
105220,97687,0.588200,0.502249
36873,15897,0.587286,0.472464
57363,60456,0.000000,0.435674
41767,57806,0.588466,0.505297
50506,37066,0.588200,0.477400
6323,59288,0.589180,0.531957
42424,681,0.589180,0.523797
6636,37066,0.588200,0.487930
29501,68100,0.589180,0.561608
1695,42424,0.589180,0.527179
57363,36873,0.587286,0.476077
36873,9207,0.587286,0.457546
6323,29501,0.589180,0.564643
78489,50506,0.589794,0.559169
61403,1695,0.588717,0.498174
66637,28791,0.588200,0.501581
28791,3860,0.588200,0.524095
112634,60456,0.000000,0.391805
66637,6636,0.588955,0.541184
12407,29713,0.588955,0.483276
58009,57363,0.000000,0.000006
62083,90008,0.000000,0.000000
2420,88535,0.588200,0.454486
54865,28791,0.588200,0.480414
104925,15897,0.587916,0.426492
15897,37066,0.587916,0.493044
122839,61390,0.000000,0.000004
42424,112634,1.000000,0.530783
71936,90008,0.589180,0.507156
30468,37066,0.587916,0.524125
9207,66637,0.588466,0.524862
4216,80654,0.587612,0.422608
28791,57806,0.588200,0.491689
681,122839,0.000000,0.000002
29501,78489,0.589180,0.561645
71936,67410,0.587286,0.430224
70917,57806,0.588717,0.534561
681,42424,0.589180,0.526960
61390,122839,0.000000,0.000000
28791,71936,0.588200,0.479627
88884,1695,0.587916,0.456859
1695,28791,0.588200,0.469439
106336,96998,0.588200,0.510934
1695,15897,0.587916,0.453309
3860,120612,0.588717,0.530287
88535,64825,0.000000,0.000001
101234,105220,0.588466,0.495895
122839,31056,1.000000,0.896928
57806,6636,0.588717,0.512733
106336,14868,0.000000,0.001470
101234,68100,0.589180,0.511807
71936,41359,0.588200,0.481059
97687,106336,0.588200,0.524851
60456,55831,0.000000,0.401154
58718,62083,0.000000,0.000000
31056,90008,0.000000,0.000285
104984,2420,0.000000,0.000107
105123,106336,0.588955,0.557606
41767,82324,0.588200,0.501695
101234,29713,0.588955,0.524433
114813,14868,0.000000,0.001466
30886,60456,0.000000,0.410342
2420,3860,0.588955,0.555547
62083,96998,0.000000,0.000000
82324,114813,0.588200,0.524469
54865,6323,0.589180,0.528648
29713,88535,0.588200,0.483833
36873,104925,0.587286,0.400879
61403,104925,0.588717,0.471413
9207,12407,0.588466,0.452827
15897,50506,0.587916,0.470344
113224,59288,0.589180,0.508333
113224,15897,0.587916,0.435095
104984,1695,0.000000,0.000056
59288,90008,0.589180,0.507214
113224,3860,0.588955,0.549779
63075,60456,0.000000,0.392143
681,57806,0.588717,0.499469
57806,50506,0.588717,0.510620
50506,68100,0.590160,0.577146
105123,29713,0.588955,0.504652
63075,122839,0.000000,0.000001
65282,63075,0.000000,0.087172
105123,681,0.589599,0.539827
82324,58009,0.000000,0.000001
37066,104984,0.000000,0.000000
57363,65282,0.000000,0.057772
54865,96998,0.588200,0.481382
78489,55831,0.589395,0.533215
36873,41359,0.587286,0.464790
50506,36873,0.587286,0.428798
29713,42424,0.588955,0.521100
3860,78489,0.588955,0.559644
90008,105220,0.588466,0.466550
90008,15897,0.587916,0.435567
61403,12407,0.588717,0.469972
12407,37066,0.588200,0.440340
6323,29713,0.588955,0.519564
52493,90042,0.000000,0.050845
811,50302,0.000000,0.294877
11288,115004,0.000000,0.051701
2439,11288,0.000000,0.049804
25611,52493,0.000000,0.010711
114715,24234,0.569362,0.000653
98305,14572,0.000000,0.058526
68326,45605,0.000000,0.050082
17704,85239,0.552132,0.226066
35943,74343,0.000000,0.002437
80620,56216,0.000000,0.443251
90042,98794,0.549019,0.302392
87742,12887,0.554952,0.344562
35943,17704,0.000000,0.032495
90042,103090,0.000000,0.037374
25611,116963,0.551131,0.302160
11288,114715,0.000000,0.010033
45605,90042,0.000000,0.280398
45605,115575,0.000000,0.019567
35943,50302,0.000000,0.016985
3536,48627,0.552132,0.591946
119795,116963,0.551131,0.344562
87742,98305,0.000000,0.587943
14572,26396,0.000000,0.076649
66671,14572,0.000000,0.076693
16973,103493,0.000000,0.000148
82873,11288,0.000000,0.016459
85239,28560,0.000000,0.015092
98305,57425,0.000000,0.200344
55163,115004,0.567269,0.089049
35943,37496,0.000000,0.017821
109555,3536,0.554513,0.344562
103090,43177,0.000000,0.094501
40468,103493,0.000000,0.000525
103493,3723,0.000000,0.004493
52493,115575,0.571165,0.788550
74343,43177,0.000000,0.330779
27174,119795,0.000000,0.587943
811,71839,0.000000,0.020511
56216,120564,0.000000,0.014131
27174,11288,0.000000,0.587943
3536,40468,0.552132,0.354816
43177,28560,0.000000,0.054879
35943,16973,0.000000,0.017434
62623,27980,0.000000,0.047577
114715,52493,0.569886,0.756857
11105,11288,0.549839,0.394561
80620,7292,0.000000,0.032928
103493,811,0.000000,0.006728
25611,87364,0.000000,0.010380
25611,50302,0.000000,0.355499
115004,11105,0.000000,0.149381
50302,12887,0.000000,0.344562
82873,109555,0.000000,0.016459
37496,80620,0.000000,0.004955
62623,24234,0.000000,0.000170
22949,43177,0.549019,0.246038
85239,71839,0.000000,0.033706
17704,90042,0.000000,0.280398
11288,27980,0.000000,0.085118
22949,52493,0.000000,0.012113
14572,28560,0.000000,0.245133
63779,90042,0.000000,0.176628
52493,114715,0.569886,0.556844
62623,82873,0.000000,0.167325
7292,22249,0.000000,0.344562
27980,94498,0.000000,0.158131
11105,116963,0.549839,0.414541
11105,17704,0.549839,0.414541
26483,104623,0.000000,0.128470
40468,3723,0.551659,0.309367
94498,7292,0.000000,0.090775
62623,90042,0.000000,0.016595
24234,50302,0.000000,0.010547
66671,50531,0.570354,0.509337
98305,28560,0.000000,0.055893
25611,104623,0.000000,0.006214
11105,25611,0.549839,0.336867
18924,55163,0.000000,0.020644
58236,2439,0.000000,0.012385
37496,90042,0.000000,0.443164
52493,27980,0.000000,0.124875
90042,57425,0.000000,0.200344
50302,56198,0.000000,0.009788
24234,56216,0.000000,0.000004
12228,27174,0.000000,0.000000
3536,35943,0.000000,0.012198
120564,66671,0.000000,0.013019
74343,48627,0.549839,0.414541
57425,52493,0.000000,0.025100
45605,70410,0.000000,0.280398
50531,80620,0.572157,0.481364
18924,56216,0.000000,0.007816
56198,18924,0.000000,0.035416
50531,50302,0.000000,0.013986
16973,35943,0.000000,0.001096
71839,62623,0.000000,0.065923
11288,115575,0.000000,0.004550
58236,3723,0.549839,0.569614
28560,3740,0.000000,0.178837
26790,98860,0.000000,0.000685
26790,67712,0.000000,0.168363
85367,14243,0.000000,0.176111
56786,81918,0.588717,0.502765
113417,76525,0.588955,0.519494
26867,52214,0.659277,0.513964
34961,56786,0.588200,0.548432
81819,28267,0.588717,0.557853
69521,110280,0.586551,0.386339
111158,12599,0.000000,0.081577
120805,52469,0.587286,0.327726
117952,26867,0.000000,0.082703
117012,56617,0.588955,0.471746
122899,882,0.589981,0.527733
64764,7002,0.589599,0.536961
117952,106157,0.588200,0.501208
110077,97189,0.000000,0.000005
113417,118812,0.000000,0.000003
110077,12599,0.000000,0.003775
26203,882,0.589180,0.514888
52214,40187,0.660449,0.559893
52469,110077,0.000000,0.000009
56617,28267,0.588717,0.520573
106157,85367,0.588200,0.441347
19598,26203,0.589180,0.550027
64764,111158,0.588717,0.497106
14243,26867,0.659277,0.505347
115864,106157,0.588200,0.501455
56617,115864,0.588466,0.440948
97189,69521,0.653776,0.460408
117012,28024,0.000000,0.000002
52214,56739,0.000000,0.160921
38936,34961,0.587916,0.526244
57567,38936,0.587916,0.430438
85367,89408,0.589981,0.539810
7002,111158,0.588717,0.487713
81918,40187,0.000000,0.116699
52469,74933,0.588717,0.401272
117952,79392,0.588466,0.504826
56617,110280,0.589981,0.522704
28016,85367,0.589794,0.531141
98074,120805,0.586551,0.456403
120805,69521,0.586551,0.443141
67072,1897,0.587916,0.459639
882,6219,0.589180,0.565271
56786,89408,0.589395,0.527932
53828,85367,0.589794,0.533585
44179,62128,1.000000,0.994844
64764,113417,0.588955,0.512202
48251,117952,0.588466,0.507292
7002,19598,0.589599,0.576729
56739,98860,0.000000,0.000012
117184,7002,0.586934,0.403533
28016,35005,0.000000,0.000001
15624,117184,0.586934,0.388337
44179,89978,0.000000,0.000083
113417,122899,0.588955,0.476007
117184,110077,0.000000,0.000001
106322,81286,0.000000,0.000000
28267,40187,0.000000,0.140856
117184,113417,0.586934,0.428622
62083,113417,0.000000,0.000000
56786,6219,0.589180,0.564231
19909,19598,0.589599,0.572197
6219,67072,0.589180,0.559757
1897,35005,0.000000,0.000000
103397,106157,0.588200,0.481791
117952,117012,0.588466,0.497635
15624,108686,0.590160,0.558694
67072,98074,0.586551,0.387755
47453,53828,0.000000,0.000071
1897,67712,0.587916,0.447191
35005,52469,0.000000,0.000011
109623,81286,1.000000,0.958464
117184,89408,0.586934,0.403961
118812,74933,0.000000,0.000284
110077,89978,0.000000,0.000373
106322,98074,0.000000,0.019111
74933,882,0.589981,0.547629
64764,103397,0.589180,0.522544
76525,53828,0.589180,0.514709
89408,53828,0.589794,0.549349
14243,111158,0.000000,0.160063
120805,106157,0.587286,0.465264
48251,52469,1.000000,0.357100
81918,62083,0.000000,0.000000
110077,69521,0.000000,0.000005
26790,97189,0.000000,0.146181
35005,56786,0.000000,0.000040
117184,34961,0.586934,0.489414
35005,75806,0.000000,0.000019
19909,15624,1.000000,0.559840
26203,76525,0.656228,0.527916
115864,28016,0.588466,0.478335
76525,98860,0.000000,0.000009
1897,882,0.587916,0.446976
115864,113417,0.588466,0.498639
6219,26203,0.656228,0.552640
81819,122899,0.589599,0.513121
106157,67712,0.588200,0.461060
66059,85004,0.663357,0.520581
30698,41501,0.659829,0.463035
41501,72103,0.659829,0.103831
111842,66059,0.663357,0.502130
55937,61653,0.000000,0.000003
30698,111842,0.663111,0.180236
54917,28579,0.659794,0.618319
21201,101414,0.661943,0.063063
80343,73038,0.663807,0.495497
61653,55937,0.000000,0.000050
55937,40561,0.664015,0.615458
46596,46977,0.663357,0.453195
111842,97661,0.663588,0.108409
79649,41958,0.000000,0.000022
61653,120525,1.000000,0.993371
21370,11108,0.662849,0.152293
21201,119419,0.663357,0.122475
49113,11370,0.000000,0.000296
21201,46977,0.663357,0.453404
66059,14997,0.663357,0.482901
66059,46977,0.663357,0.452618
50822,21201,0.663357,0.448409
85004,72103,0.663807,0.626394
72103,80363,0.663807,0.622122
2558,30698,0.663111,0.197424
49113,38570,0.000000,0.000011
102164,50822,0.000000,0.000586
95292,46977,0.662499,0.556289
46977,62168,0.665229,0.558337
11108,101414,0.661943,0.436457
80279,41789,0.662789,0.583212
88607,21201,0.660110,0.532513
102164,73038,0.000000,0.000146
105539,80363,0.000000,0.000048
95292,50822,0.662499,0.553235
113866,40561,1.000000,0.160432
61653,73038,0.000000,0.000100
46596,80279,0.662789,0.493955
54917,96805,0.659794,0.532771
81274,28579,0.663807,0.601622
86659,30698,0.663111,0.202774
40561,72103,0.663807,0.631411
40561,80363,0.664015,0.626689
79649,46596,0.663357,0.445620
55922,94696,0.664015,0.492968
11108,55937,0.662849,0.176996
49113,21201,0.000000,0.000120
7888,94696,0.664015,0.507193
55937,3965,0.661280,0.536947
86659,46596,0.663357,0.475674
10043,79649,0.665518,0.585390
9119,119419,0.664401,0.171736
85004,50822,0.664401,0.562803
81121,120525,0.000000,0.000015
11108,13361,0.662849,0.171745
97661,81274,0.663588,0.142322
105539,101656,0.000000,0.000053
107251,21370,0.665376,0.547708
62168,11370,0.664015,0.504086
121090,86659,0.663357,0.124164
86659,14997,0.664401,0.539329
101656,70467,0.000000,0.000000
21201,120525,0.000000,0.000000
80343,95292,0.662499,0.490750
9749,81274,0.664212,0.543384
41789,14997,0.664401,0.528939
41501,102164,0.000000,0.000076
85782,119419,0.664015,0.138515
94696,14997,0.664015,0.524012
102164,38570,0.000000,0.000002
111842,117258,0.663807,0.139628
85782,101656,0.664015,0.525314
10043,70467,0.000000,0.000001
2043,62168,0.664212,0.519186
41958,21201,0.000000,0.000015
30698,9743,0.663111,0.154125
2558,11108,0.662849,0.184657
14997,62168,0.664401,0.529540
73038,13361,0.664918,0.565152
55937,86659,0.664753,0.571764
107251,13361,0.665376,0.584261
96805,62168,0.664212,0.515058
120525,119419,0.000000,0.000584
121788,61653,0.000000,0.000003
7888,95292,0.662499,0.561302
101414,81121,0.661444,0.473489
10043,14997,0.664401,0.555009
101414,79649,0.661943,0.071383
120525,79649,0.000000,0.000507
105539,21201,0.000000,0.000015
62168,120525,0.000000,0.000004
25754,54917,0.659794,0.531404
61653,95292,0.000000,0.000138
95292,86659,0.662499,0.547876
9749,11370,0.664015,0.528884
9749,81121,0.661444,0.233953
73038,85004,0.664401,0.574700
119419,60439,0.663807,0.164175
117258,10043,0.664581,0.192195
46596,101656,0.663357,0.488242
39776,71563,0.663671,0.528316
16413,61147,0.664467,0.584583
53489,61147,0.661454,0.312224
71563,20337,0.664879,0.594293
51119,26677,0.000000,0.001295
70295,39473,0.656730,0.500715
13011,31825,0.000000,0.004351
31825,5863,0.660975,0.626023
25859,105009,0.663671,0.534024
108970,45437,0.662677,0.460835
98622,45437,0.655904,0.520291
70295,81572,0.656730,0.504043
76094,31825,0.660975,0.579926
34224,31825,0.660975,0.580913
108074,25859,0.000000,0.000373
52038,6798,0.664167,0.556266
51216,32088,0.657537,0.539994
96808,109744,0.650613,0.494996
47709,109744,0.650613,0.222711
24665,47709,0.000000,0.000526
32843,80829,0.656287,0.159644
46314,53489,0.657643,0.201450
96563,71563,0.664167,0.551368
887,70295,0.656730,0.480675
39473,70295,0.656730,0.477942
13011,49911,1.000000,0.288441
25859,109744,0.650613,0.448261
71563,16413,0.664467,0.565320
52305,75067,0.000000,0.001843
108970,12815,1.000000,0.515669
81572,101538,0.661937,0.431651
53489,105009,0.661454,0.274854
80829,109744,0.650613,0.481452
33890,85595,0.658154,0.198619
57637,52038,0.664167,0.562477
109744,67339,0.650613,0.486222
13011,120662,0.000000,0.010484
96808,108074,0.000000,0.000004
71911,25859,0.661657,0.518651
70769,69393,0.658779,0.521924
47709,16676,0.000000,0.126931
67950,109744,0.000000,0.132010
65311,26677,0.656730,0.497500
6798,32088,0.657537,0.545261
57637,67376,0.000000,0.000012
26677,96563,0.664167,0.543742
52305,16676,0.000000,0.000002
47709,101538,0.661301,0.209358
96563,75067,0.664167,0.545652
54231,6798,0.659324,0.114933
98622,76094,0.655904,0.593143
32843,52038,0.656287,0.146010
101538,47709,0.661301,0.200536
101538,96808,1.000000,0.495411
53033,16413,0.664320,0.431549
98986,32088,0.657537,0.536822
39473,98622,0.655904,0.506410
47709,61147,0.661301,0.303361
108074,105009,0.000000,0.000136
45437,70769,0.658779,0.485485
3908,73077,0.000000,0.000334
120662,13011,0.000000,0.009259
98986,96563,0.664167,0.547765
101538,52038,0.661937,0.441234
108970,61147,0.662677,0.497765
112717,70769,0.658779,0.433017
65311,108074,0.000000,0.000004
5863,33890,0.658154,0.205120
51119,75593,0.000000,0.000605
13011,75067,0.000000,0.010646
67339,39473,0.662896,0.479734
51310,98986,0.665132,0.571230
98622,70295,0.655904,0.592969
47709,12815,0.661301,0.238258
80829,31825,0.660975,0.550828
108074,39473,0.000000,0.000515
103719,67376,0.000000,0.000035
5863,3908,0.000000,0.000010
81572,57637,0.664320,0.565750
32843,73077,0.656287,0.165486
67339,6798,0.662896,0.484145
71911,49911,0.000000,0.000002
112717,32088,0.657537,0.495288
5863,67950,0.000000,0.139613
98010,53489,0.661454,0.322682
69393,39473,0.664320,0.557769
39473,67950,0.000000,0.131671
16413,20337,0.664467,0.584601
109744,39473,0.650613,0.440556
98010,52305,0.000000,0.000054
81572,33890,0.658154,0.204598
32843,45437,0.656287,0.128144
6798,75067,0.664467,0.554807
73077,52038,0.661602,0.582390
108074,112717,0.000000,0.004717
67376,39776,0.000000,0.000106
67950,81572,0.000000,0.133702
109744,51119,0.000000,0.000018
80829,3908,0.000000,0.000001
51119,109744,0.000000,0.000044
55343,26855,0.547382,0.015252
85027,61767,0.547382,0.597313
52525,68298,0.000000,0.043169
118678,103771,0.546853,0.006611
46682,77597,0.547382,0.302111
52865,92465,0.547382,0.078217
36359,84627,0.546853,0.443084
9209,77597,0.000000,0.002511
39501,68298,0.547382,0.012260
110573,78335,0.000000,0.003625
52525,59510,0.000000,0.155477
3372,110573,0.550970,0.278649
94923,110573,0.548676,0.304434
9209,15654,0.000000,0.003202
49307,26855,0.548676,0.017090
52525,52865,0.000000,0.121235
19509,78335,0.000000,0.017434
39501,79193,0.000000,0.038920
108597,96945,0.547382,0.316222
107256,85189,0.549678,0.474635
62083,107256,0.000000,0.000000
49442,68298,0.000000,0.000088
75522,85189,0.000000,0.219670
34780,61767,0.547382,0.542141
15210,78335,0.000000,0.021308
77643,85027,0.000000,0.000211
118867,79193,0.000000,0.077149
17854,62866,0.546853,0.152151
3372,61767,0.547382,0.140790
49442,84627,0.000000,0.000051
83321,49307,0.000000,0.013407
94923,46682,0.547382,0.240257
79193,118678,0.000000,0.014475
88570,39501,0.548285,0.511238
5887,116904,0.547856,0.082784
108597,39501,0.547382,0.323546
112524,79193,0.000000,0.020797
34780,17565,0.549035,0.363096
74110,3372,0.549368,0.002702
17565,77643,0.000000,0.000232
96945,83321,0.000000,0.001647
34780,107256,0.549035,0.507852
49307,85189,0.549968,0.676605
61767,77643,0.000000,0.000014
14843,3372,0.551598,0.403006
61767,85189,0.547382,0.563674
49307,34780,0.549035,0.486124
95844,118867,0.548676,0.044035
75522,77643,0.000000,0.000210
88570,118678,0.548285,0.000614
81908,36359,0.546853,0.464829
84627,94923,0.547856,0.172282
107256,12866,0.549678,0.444893
87560,46682,0.547382,0.258846
103771,17854,0.546853,0.236591
65978,95844,0.548676,0.278931
118678,96945,0.549368,0.002266
55343,46682,1.000000,0.500768
52865,77643,0.000000,0.001899
85027,12866,0.548285,0.350177
23103,77597,0.546853,0.430244
49442,75455,0.000000,0.000467
118678,120431,0.550241,0.000630
34780,23103,0.546853,0.414565
59510,78335,0.000000,0.035753
9209,55916,0.000000,0.001401
68298,77643,0.000000,0.000024
15654,88570,0.547856,0.500667
116904,27738,0.551190,0.176044
62083,78335,0.000000,0.000000
92465,116904,0.548285,0.079376
88570,96945,0.548285,0.465006
23103,49307,0.546853,0.484067
19509,59510,0.547382,0.422196
84627,87560,0.547856,0.173732
9209,92465,0.000000,0.006344
84627,27738,0.547856,0.267218
78335,87560,0.000000,0.043328
23103,61767,0.546853,0.524793
92465,81908,0.547382,0.080712
59510,81908,1.000000,0.368467
15210,87560,0.550740,0.483991
46682,74110,0.547382,0.004895
59510,9209,0.000000,0.001021
95844,39501,0.548676,0.387128
87220,87560,0.546853,0.027537
120431,19509,0.549035,0.062212
65978,84627,0.547856,0.221133
120431,79193,0.000000,0.033331
88570,92465,1.000000,0.227485
103771,68298,0.546853,0.041007
65978,55884,0.548285,0.129777
83321,87560,0.000000,0.015821
81908,95844,0.547382,0.175350
92465,14843,0.548285,0.080862
88570,75522,0.000000,0.225563
17565,9209,0.000000,0.000051
75522,62866,0.000000,0.209894
87560,116904,0.552790,0.301498
118678,118867,0.550970,0.048337
119778,70355,0.000000,0.001436
74699,9828,0.000000,0.000002
78591,5692,0.000000,0.000040
53631,95642,0.000000,0.004095
54637,72480,0.000000,0.039074
31590,107063,0.000000,0.000003
2427,81537,0.000000,0.000031
55915,78013,0.000000,0.033071
25698,123102,0.000000,0.135720
54447,86487,0.000000,0.000000
62943,65542,1.000000,0.000000
85016,12878,0.000000,0.000001
58410,76412,0.000000,0.000170
79008,74699,0.000000,0.054592
52330,95642,0.000000,0.000057
70355,2418,0.000000,0.376243
123102,65621,1.000000,0.020893
16131,93045,0.000000,0.002830
108767,30491,0.000000,0.146492
6225,51605,0.000000,0.000004
5692,53631,0.000000,0.006679
26682,15565,0.000000,0.009151
81537,46507,0.000000,0.000000
87774,79008,0.000000,0.067091
48424,26682,0.000000,0.228259
4907,62943,0.000000,0.000000
78013,65621,1.000000,0.975365
42999,95642,0.000000,0.002251
88563,85016,0.000000,0.004180
12878,67767,0.000000,0.000000
62943,86487,0.000000,0.000000
16131,120365,0.000000,0.011514
85016,94611,0.666634,0.338995
32501,76412,0.000000,0.031357
32501,12878,0.000000,0.000005
119778,78591,0.000000,0.179346
108767,25934,0.000000,0.243309
16131,86487,0.000000,0.023690
65542,70355,0.000000,0.000322
108767,95825,0.000000,0.000183
53631,46507,0.000000,0.000004
95784,95642,0.000000,0.003946
25698,93045,0.000000,0.003761
108767,86487,0.000000,0.465649
70355,118960,0.000000,0.007520
52330,6225,0.000000,0.001937
30491,44745,0.000000,0.100574
72480,54447,0.000000,0.000000
42999,39156,0.000000,0.004283
25934,12878,1.000000,0.976670
86487,45980,0.000000,0.064281
81537,108767,0.000000,0.000000
54447,58410,0.000000,0.000005
118960,51605,0.000000,0.027787
46507,31590,1.000000,0.592554
27598,48424,1.000000,0.928548
26682,85016,0.000000,0.000170
95642,62083,0.000000,0.000000
16131,12878,0.000000,0.005531
26682,107063,0.000000,0.000172
16969,119778,0.000000,0.051669
70355,10467,0.000000,0.000043
12878,62083,1.000000,0.008881
74699,54637,0.000000,0.002001
39156,108767,0.000000,0.123346
2427,67767,0.000000,0.000000
25934,45980,1.000000,0.969815
67767,52330,0.000000,0.000007
94611,12878,0.000000,0.000001
25934,95825,0.000000,0.000015
78013,44745,1.000000,0.958040
48424,81537,0.000000,0.000000
5692,70355,0.000000,0.005462
42999,118960,0.000000,0.020911
88563,65542,0.000000,0.000004
54447,76412,0.000000,0.013411
25934,55915,0.000000,0.008122
12878,65621,1.000000,0.996902
25934,86487,0.000000,0.088516
15565,53603,0.000000,0.000159
65621,25934,1.000000,0.957875
30491,16969,0.000000,0.188847
86487,123102,0.000000,0.633131
32501,25698,0.000000,0.000004
46507,81537,0.000000,0.000000
44745,88563,0.000000,0.000080
118960,15565,0.000000,0.017088
53631,95825,0.000000,0.164402
15565,78013,1.000000,0.933417
86487,95642,0.000000,0.000048
66093,42999,0.000000,0.025529
87774,51605,0.000000,0.005014
39156,123102,0.000000,0.197285
16969,44745,0.000000,0.843724
6225,88563,0.000000,0.509406
42999,26682,0.000000,0.030748
2418,54637,0.000000,0.002093
42176,48424,0.000000,0.202412
101167,123102,0.000000,0.000006
62083,55915,0.000000,0.004518
9626,116546,0.000000,0.000012
79950,38967,0.000000,0.064180
82019,77508,0.000000,0.000000
4258,9626,0.000000,0.000041
29089,38967,0.000000,0.170066
85193,108863,0.000000,0.000000
23053,7216,0.000000,0.031573
58532,113512,0.000000,0.281534
74956,85193,0.000000,0.349259
88001,8492,0.540702,0.064077
24846,62827,0.000000,0.000008
17837,106613,0.000000,0.703451
12208,79950,0.557276,0.256508
38967,7216,0.000000,0.069736
78958,38967,0.000000,0.000290
38967,52686,0.000000,0.106975
70200,16438,0.000000,0.000003
67967,52686,0.558564,0.597555
89196,58532,0.000000,0.234343
67967,78958,0.000000,0.005199
16438,78958,0.000000,0.000285
113375,61963,0.000000,0.000834
9626,38967,0.000000,0.001034
87866,79950,0.000000,0.001118
122672,113512,0.558564,0.271258
42961,12208,0.000000,0.309277
88001,16438,0.539325,0.074254
67220,348,0.000000,0.000017
116546,58532,0.000000,0.000009
63571,70200,0.000000,0.000000
88001,85474,0.540702,0.125196
32770,88001,1.000000,0.000000
112600,62827,0.558564,0.114604
78958,113512,0.000000,0.001053
38967,98125,0.000000,0.000000
106845,17837,0.000000,0.097749
63571,88001,0.000000,0.000009
67967,70200,0.000000,0.000000
30026,79950,0.000000,0.000039
78958,4258,0.000000,0.000157
121448,90468,0.558564,0.359453
89196,24846,0.000000,0.000000
58532,112600,0.000000,0.123900
42961,113,0.000000,0.000002
89364,98125,0.000000,0.000000
106613,4258,0.000000,0.131672
38967,82019,0.000000,0.069985
70200,107654,0.000000,0.000000
106613,85193,1.000000,0.703451
67967,87866,0.000000,0.000069
113375,43324,0.000000,0.000003
74956,24846,0.000000,0.000000
43324,98125,0.000000,0.000024
88001,30276,0.000000,0.003095
24846,16438,0.000000,0.001753
30026,122672,0.000000,0.000039
12208,109706,0.000000,0.012200
77508,112232,0.000000,0.000000
52686,63571,0.558564,0.103511
113512,74956,0.000000,0.353548
112232,9626,0.000000,0.000000
52686,107654,1.000000,0.703451
122672,67967,0.558564,0.403554
122672,61963,0.000000,0.002625
122672,33085,0.000000,0.000074
77508,52686,0.000000,0.000000
115166,98125,0.541362,0.001451
27297,115166,0.000000,0.000000
113375,67220,0.000000,0.292868
27297,89364,0.558564,0.274668
108863,74956,0.000000,0.000004
116546,85474,0.540933,0.012546
87866,38967,0.000000,0.000185
8492,63571,0.000000,0.000007
16438,89196,0.000000,0.000104
108863,30276,0.000000,0.000020
106613,106845,0.558564,0.060767
121448,12208,0.557276,0.269175
27297,98125,0.000000,0.000000
88872,32770,0.540200,0.000000
33085,85474,0.000000,0.000231
112600,121448,0.559562,0.143481
348,67220,0.000000,0.000041
101755,112232,0.000000,0.000000
106613,82019,0.000000,0.012675
89364,109706,0.000000,0.014457
67967,74956,0.000000,0.394081
4258,43324,0.000000,0.000171
112600,87866,0.000000,0.005116
107654,88872,0.000000,0.000007
89364,61963,0.000000,0.003695
89364,24846,0.000000,0.000000
108863,67220,0.000000,0.000001
87866,52686,0.000000,0.001118
61963,101755,0.000000,0.005288
60229,112600,0.000000,0.000097
348,14701,0.000000,0.001670
101755,74956,0.000000,0.430960
107654,106613,1.000000,0.703451
62827,101755,0.000000,0.409725
35899,79775,0.000000,0.000000
5612,47124,0.000000,0.009562
19443,107231,0.000000,0.000000
870,117422,0.000000,0.000124
79775,40887,0.000000,0.000015
118589,94351,1.000000,0.683995
37541,40887,0.000000,0.003100
121931,62461,0.000000,0.045539
21127,18181,0.558721,0.114093
121931,18181,0.000000,0.190258
56600,103203,0.000000,0.001122
96318,115835,0.000000,0.000000
115835,79775,0.000000,0.532323
117422,102527,0.000000,0.000001
81250,78436,0.000000,0.000000
62461,5612,0.000000,0.012725
102527,31846,0.000000,0.000019
3789,81250,0.000000,0.018982
117422,35899,0.000000,0.000000
108707,56258,0.000000,0.071145
77508,82790,0.000000,0.000002
62461,19443,0.000000,0.013668
96943,121931,0.000000,0.054567
97809,83799,0.000000,0.000000
56258,97809,0.000000,0.000173
21127,44217,1.000000,0.086497
82790,79775,0.000000,0.825270
118084,47124,0.000000,0.000000
35894,39009,0.000000,0.000000
96318,72604,0.000000,0.000000
5612,97809,0.000000,0.000000
47124,97633,0.551659,0.099376
56600,31846,0.000000,0.576885
78436,10926,0.000000,0.000000
62461,10926,0.000000,0.000000
77508,121931,0.000000,0.000002
121931,108707,0.000000,0.180239
19443,35899,0.000000,0.000000
107231,18181,0.000000,0.000000
47124,113322,0.000000,0.000000
96318,82790,0.000000,0.000000
94351,118084,0.000000,0.000000
90198,870,0.000000,0.117740
115835,118084,0.000000,0.000000
30154,121931,0.000000,0.023313
96318,94351,0.000000,0.000000
40887,106380,1.000000,0.000000
106380,108707,0.000000,0.000000
870,47124,0.546723,0.117850
79775,47124,0.549019,0.066634
117422,108707,0.000000,0.000421
121931,117422,0.000000,0.032770
62461,56258,0.000000,0.077848
79775,37541,0.000000,0.000001
21127,56258,0.000000,0.054666
108707,121931,0.000000,0.130975
90198,35900,0.000000,0.000530
44217,106380,0.000000,0.000000
870,96943,0.000000,0.238114
56600,47124,0.000000,0.083164
35899,118589,0.000000,0.000000
40887,121371,0.000000,0.000149
18181,35894,0.000000,0.089232
10926,96318,0.000000,0.001264
30154,118589,0.556906,0.451663
18181,86117,1.000000,0.640236
25865,105596,0.000000,0.058461
121371,37541,0.000000,0.000000
5612,77508,0.000000,0.000000
82790,78436,0.000000,0.000000
97809,94351,0.000000,0.000318
121931,83799,0.000000,0.000052
97633,3789,0.000000,0.032834
21127,115835,0.556906,0.075867
35899,117422,0.000000,0.000001
44217,3789,0.558721,0.031890
107231,113322,0.000000,0.000144
44217,39009,0.000000,0.000000
118084,107231,0.000000,0.034940
35894,40887,0.000000,0.000011
56600,90198,0.000000,0.345336
11326,35894,0.000000,0.027905
35899,121371,0.000000,0.000000
25865,72604,1.000000,0.833277
35894,870,0.000000,0.009732
78436,94351,0.000000,0.000006
118084,37541,0.000000,0.000001
103569,11326,0.000000,0.000000
39009,5612,0.000000,0.000000
18181,11326,0.561006,0.035294
3789,103203,0.000000,0.010200
39009,21127,0.000000,0.000000
113322,35900,0.000000,0.000001
105596,78436,0.000000,0.000000
56600,113322,0.000000,0.000000
25865,79775,0.549019,0.459131
121371,11326,0.000000,0.019140
62461,96318,0.000000,0.000000
108707,21127,0.558721,0.040434
113322,90198,0.000000,0.000000
55691,57575,0.000000,0.005295
67110,72689,0.000000,0.053368
17455,122922,0.000000,0.011217
36396,92271,0.000000,0.048067
50923,9794,0.000000,0.015108
18271,94081,0.000000,0.008602
72689,119890,0.000000,0.034733
83725,119734,0.000000,0.020093
89959,99384,0.000000,0.007256
88417,6984,0.000000,0.006604
58993,115382,0.000000,0.019824
65138,67110,0.000000,0.032067
86517,17455,0.000000,0.010320
21491,43532,0.000000,0.011221
67110,82348,0.000000,0.012143
36396,117267,0.000000,0.024315
42380,61682,0.000000,0.000199
99384,100485,0.000000,0.118067
89959,33195,0.000000,0.009902
115382,122089,0.000000,0.026628
67110,18271,0.000000,0.014858
64120,89959,0.000000,0.006080
4834,119505,0.000000,0.049251
21593,51401,0.000000,0.081655
101127,18271,0.000000,0.003962
38020,3881,0.000000,0.032190
26776,122922,0.000000,0.014672
86264,9464,0.000000,0.009343
55372,61682,0.000000,0.017579
101127,9464,0.000000,0.002548
115382,38020,0.000000,0.024363
104286,89959,0.000000,0.013840
69371,120427,0.000000,0.005313
100485,117281,0.000000,0.066708
104286,86517,0.000000,0.013421
88417,92271,0.000000,0.003176
100485,51401,0.000000,0.081310
122089,104103,0.000000,0.052249
57916,122922,0.000000,0.001187
122089,104286,0.000000,0.024194
13901,36396,0.000000,0.010221
93282,44997,0.000000,0.071207
74538,115382,0.000000,0.002601
64120,38020,0.000000,0.002609
3881,17455,0.000000,0.002268
115382,57916,0.000000,0.004124
104103,86517,0.000000,0.002480
57916,48359,0.000000,0.031959
18271,117733,0.000000,0.009335
86264,53125,0.000000,0.046906
42380,21593,0.000000,0.000048
49079,69371,0.000000,0.007057
9794,44997,0.000000,0.006967
92271,100485,0.000000,0.050036
119734,117733,0.000000,0.017734
86264,117267,0.000000,0.004567
122089,26776,0.000000,0.059433
55691,105745,0.000000,0.001725
61682,112585,0.000000,0.006602
112585,88417,0.000000,0.003652
86264,74538,0.000000,0.001296
86517,88417,0.000000,0.011542
61682,48359,0.000000,0.010426
100485,65138,0.000000,0.009014
105745,36396,0.000000,0.035592
93282,117281,0.000000,0.069354
42380,122089,0.000000,0.000248
55981,65138,0.000000,0.013243
94081,86517,0.000000,0.008662
21593,119505,0.000000,0.070072
117267,38020,0.000000,0.015177
88417,100485,0.000000,0.001240
105745,21593,0.000000,0.055909
18271,93282,0.000000,0.018921
21491,33195,0.000000,0.009314
43532,122089,0.000000,0.067965
53125,119734,0.000000,0.012885
65138,21491,0.000000,0.007489
117733,2244,0.000000,0.007646
4834,117733,0.000000,0.006695
61682,51401,0.000000,0.014879
55691,57916,0.000000,0.017238
44997,100485,0.000000,0.129240
100485,122922,0.000000,0.031623
119505,119890,0.000000,0.070277
115382,104286,0.000000,0.007124
21593,104286,0.000000,0.010279
58993,50923,0.000000,0.011672
26776,61682,0.000000,0.007865
58993,86517,0.000000,0.010935
18271,2244,0.000000,0.008750
92271,21593,0.000000,0.050943
38020,64120,0.000000,0.015237
21491,84500,0.000000,0.023705
104103,84500,0.000000,0.000548
9464,6984,0.000000,0.025489
117733,17455,0.000000,0.009373
74538,120427,0.000000,0.003236
21593,33195,0.000000,0.005378
122922,92271,0.000000,0.050979
91573,65976,0.000000,0.000001
7353,62371,0.586132,0.150585
99247,13840,0.000000,0.000000
75861,83928,0.000000,0.326389
100827,13840,0.000000,0.000001
61876,26929,0.000000,0.000012
99285,12462,0.586551,0.325301
26929,51063,0.000000,0.000003
112521,99339,0.000000,0.115955
75526,62371,0.586132,0.200717
103077,75861,0.000000,0.197027
48105,71348,0.588200,0.486427
72963,12462,0.586934,0.246336
117750,99247,0.586934,0.499776
62083,7309,0.000000,0.000000
103077,65976,0.000000,0.000004
27587,39782,0.000000,0.000785
22837,68300,0.588200,0.539228
16612,72963,0.587916,0.445042
42146,99247,0.586551,0.501622
29907,118802,0.000000,0.474571
61876,99247,0.587286,0.403618
80921,16612,0.587916,0.459623
39782,87816,1.000000,0.451585
72963,73064,0.000000,0.000004
103440,117750,0.585149,0.280082
3441,52088,0.587286,0.556641
103440,73064,0.000000,0.000000
31335,21433,0.586934,0.187841
3441,100827,0.587612,0.412201
104100,100827,0.587916,0.370228
99339,117750,0.586934,0.558068
103077,26929,0.000000,0.000003
62083,14507,0.000000,0.000000
62083,104100,0.000000,0.000000
96327,13840,0.000000,0.000001
87816,7353,0.000000,0.000001
27587,96327,0.586132,0.605482
29907,80921,0.585668,0.419078
73064,91573,0.000000,0.000009
96327,37433,0.587916,0.544201
7309,96535,0.586934,0.516051
83928,86576,0.000000,0.388917
59950,99339,0.586934,0.417745
100827,71596,0.588955,0.461986
7309,86576,0.587916,0.388336
99285,73064,0.000000,0.000000
100827,18852,0.588200,0.329397
65976,48105,0.000000,0.000022
3441,44476,0.587612,0.489585
103077,36549,0.588466,0.490356
3441,71596,0.587612,0.493115
12462,96535,0.659576,0.459085
51063,16612,0.586551,0.440158
48105,75526,0.588200,0.528661
54627,42146,0.586551,0.466927
62083,99247,0.000000,0.000000
103077,112521,0.000000,0.097992
62371,3441,0.586132,0.199514
27587,14507,0.586132,0.584842
7353,63317,0.586934,0.280979
13840,29907,0.000000,0.000003
99247,96535,0.586934,0.520780
27587,37433,0.586132,0.504272
71348,16612,0.587916,0.473450
99339,39782,0.000000,0.005342
112131,18852,0.588200,0.369572
118802,68300,0.000000,0.518749
96327,68300,0.587916,0.626340
103440,118802,0.000000,0.118219
99285,7353,0.586551,0.485533
31335,39909,0.586934,0.529731
68300,112131,0.588200,0.618227
78445,104100,0.587612,0.517440
99285,18852,0.586551,0.346888
7353,72963,0.586934,0.400616
12713,73064,0.000000,0.000000
99247,86576,0.587286,0.336208
112131,117750,0.586934,0.558331
103440,18852,0.585149,0.297724
72963,59950,0.586934,0.240115
71596,103440,0.585149,0.080031
117638,65976,0.000000,0.000000
12462,71596,0.586934,0.371501
62083,62371,0.000000,0.000000
75861,37433,0.586551,0.313451
54982,51063,0.586551,0.397357
71638,59950,0.586934,0.271874
13840,54982,0.000000,0.000433
54982,112131,0.589599,0.631588
62083,65976,1.000000,0.972253
86576,96535,0.586934,0.518164
73064,12713,0.000000,0.000014
83928,61876,0.000000,0.442711
117638,12462,0.586934,0.277229
103440,91573,0.585149,0.299389
96327,103440,0.585149,0.124557
96535,62083,0.000000,0.000000
96327,62083,0.000000,0.000000
54627,63317,0.587286,0.263978
122486,54973,0.000000,0.235793
64586,53734,0.000000,0.000000
62943,44945,0.000000,0.000000
22214,5270,0.000000,0.418112
44583,12612,0.000000,0.111010
3210,56720,0.000000,0.000001
18559,78688,0.536867,0.001613
87767,54973,0.535168,0.345675
20763,107569,0.000000,0.485635
117182,90574,0.000000,0.043995
20455,120111,0.000000,0.006128
78688,87767,0.000000,0.173740
77833,70339,0.000000,0.078805
122486,88445,0.000000,0.009290
44945,84695,0.000000,0.038921
87767,122486,0.000000,0.017947
37836,64308,0.000000,0.002479
34856,72209,0.000000,0.222053
27338,20455,0.000000,0.015081
87767,64308,0.541039,0.001291
12612,13697,0.000000,0.007113
64078,53092,1.000000,0.364861
54973,120978,0.000000,0.000000
21468,77311,0.000000,0.456432
41398,58477,0.000000,0.327709
55274,64308,0.000000,0.000189
8601,39567,0.000000,0.003380
82697,72209,0.000000,0.008962
18559,44843,0.000000,0.005948
51647,120978,0.000000,0.000000
53092,20763,0.000000,0.462552
19798,51647,0.000000,0.205325
51647,108423,0.000000,0.158165
44583,76112,0.000000,0.484658
103672,37836,0.000000,0.164272
82451,56720,0.000000,0.504838
62943,103672,0.000000,0.000000
21468,20763,0.000000,0.460700
86588,87767,0.541039,0.428363
110476,54973,0.535168,0.165050
62943,76112,0.000000,0.000000
44945,18559,0.535860,0.003168
21468,107569,0.000000,0.538116
86588,43153,0.539303,0.133375
27338,77311,0.000000,0.001120
5270,90574,0.000000,0.410265
76215,21468,0.000000,0.000000
82697,55274,0.000000,0.000072
78688,65260,0.000000,0.000101
82697,87767,0.000000,0.008513
43153,7811,0.539303,0.028952
88445,44583,0.000000,0.035566
84030,109198,0.000000,0.212200
34856,44945,0.000000,0.381532
82697,65260,0.000000,0.000251
43153,120978,0.000000,0.000000
12612,70339,0.000000,0.002721
103672,44583,0.000000,0.209271
5270,86838,0.000000,0.408208
13697,84030,0.000000,0.244192
90574,43153,0.000000,0.025832
70339,19798,0.000000,0.102922
51647,88445,0.000000,0.006825
86588,55274,0.000000,0.000002
18559,41398,0.000000,0.010445
122486,58477,0.000000,0.096405
43153,86588,0.539303,0.074571
77833,76215,0.000000,0.000000
53092,110476,0.539523,0.191747
64078,53734,0.000000,0.113567
120111,54973,0.000000,0.197335
78688,122486,0.000000,0.010081
41398,20455,0.532037,0.264908
64078,44583,0.539523,0.361004
76215,110476,0.000000,0.000012
12612,6238,0.000000,0.009594
87767,43153,0.539303,0.027821
84695,44583,0.535700,0.239516
13697,76112,0.000000,0.293719
8601,44843,0.000000,0.079432
107569,13697,0.000000,0.315953
39567,90574,0.000000,0.127729
62943,93280,0.000000,0.000000
22385,5270,0.000000,0.363384
64308,51647,0.000000,0.001612
10928,51647,0.000000,0.047610
5270,82451,0.000000,0.587525
22214,65260,0.000000,0.000003
82451,13697,0.000000,0.316537
90574,65260,0.000000,0.000011
77311,87767,0.000000,0.362187
72209,8601,0.000000,0.092477
55274,7811,0.000000,0.000016
108423,53734,0.000000,0.249089
88445,8601,0.000000,0.023600
88445,41398,0.000000,0.025173
88445,77311,0.000000,0.009820
10928,70339,0.000000,0.005029
84695,6238,0.000000,0.150438
44945,88445,0.000000,0.062531
90453,75139,0.000000,0.001788
70745,32916,0.000000,0.072218
56776,57634,0.000000,0.781546
112145,90453,0.557347,0.157395
1998,37230,0.000000,0.000191
31806,110147,0.000000,0.041122
37886,14305,0.000000,0.159751
62083,61644,1.000000,0.998945
112145,3351,0.000000,0.003716
115263,90457,0.000000,0.000000
15275,106380,0.000000,0.000000
36539,63783,1.000000,0.968542
30703,115263,0.000000,0.000000
57968,63783,0.000000,0.000069
107353,90457,0.000000,0.000000
77508,2142,0.000000,0.819710
45215,77508,0.000000,0.000000
30525,83937,0.000000,0.081848
15275,122666,0.000000,0.000012
83937,122666,0.000000,0.000245
84061,36539,0.000000,0.000000
45215,83937,0.000000,0.000006
110147,121551,0.000000,0.002442
115728,44541,0.000000,0.000000
101386,63783,1.000000,0.927185
110608,2142,1.000000,0.989859
106380,90080,0.000000,0.000000
73907,110147,0.000000,0.164215
122666,90457,0.000000,0.000000
121551,70745,0.000000,0.000000
121551,37230,0.000000,0.000067
112145,57968,0.000000,0.109894
9742,78916,0.000000,0.000322
73907,106380,1.000000,0.000000
62754,32916,0.000000,0.564412
23998,87480,0.000000,0.000002
121551,63783,0.000000,0.000003
30703,75139,1.000000,0.924523
57968,61644,0.000000,0.000428
37886,57634,0.000000,0.030747
57634,3706,1.000000,0.914766
101386,115263,0.000000,0.000000
3706,110608,1.000000,0.916302
110608,57968,0.000000,0.018965
77508,48606,0.000000,0.001529
56776,52557,0.000000,0.746030
2142,3706,1.000000,0.973434
83937,37230,0.000000,0.000000
14305,115263,0.000000,0.000397
119581,106380,1.000000,0.000000
53316,31806,0.000000,0.049974
37251,112145,0.000000,0.000180
37886,43968,0.000000,0.021175
77508,3706,0.000000,0.742547
115263,88447,0.000000,0.001524
31806,37886,0.000000,0.132819
3706,36539,1.000000,0.928887
90457,3351,0.000000,0.902207
70745,90453,0.000000,0.000004
57634,23998,0.000000,0.000189
37251,61644,0.000000,0.000000
56776,75139,0.000000,0.833442
120709,3706,1.000000,0.685684
32916,84061,0.000000,0.000000
43968,1998,0.000000,0.000121
1998,113188,0.000000,0.000029
30703,69561,0.000000,0.033556
31806,48606,0.000000,0.000000
36539,69561,0.000000,0.084233
37251,57968,0.000000,0.000036
83263,90457,0.000000,0.000000
98774,88447,0.557347,0.099634
15915,107353,0.000000,0.470329
43968,3351,1.000000,0.945339
101386,75139,1.000000,0.877570
30525,110147,0.000000,0.227832
90457,37886,0.000000,0.000045
75139,110608,1.000000,0.943237
90453,110147,0.557347,0.100622
121551,57968,0.000000,0.001753
37251,56776,0.000000,0.000004
113188,2142,0.000000,0.000009
9742,14305,0.000000,0.000388
75139,116522,0.000000,0.000000
57968,37886,0.000000,0.214155
121551,98774,0.000000,0.008651
2142,122666,0.000000,0.000022
119581,30525,0.000000,0.048308
1998,87480,0.000000,0.026714
37230,20748,0.000000,0.000001
53316,2142,0.000000,0.040838
112145,110147,0.559162,0.113212
120709,116522,0.000000,0.000000
62754,3351,0.000000,0.485569
90080,83937,0.000000,0.008726
112145,90080,0.000000,0.000683
32916,113188,0.000000,0.000002
31806,30703,0.000000,0.000203
84061,56776,0.000000,0.000009
90453,119581,0.000000,0.128316
119750,104268,0.000000,0.000259
28103,76004,0.000000,0.000000
55567,79682,0.000000,0.000003
114467,12034,0.556021,0.317380
38698,55567,0.556021,0.135224
9049,101007,0.000000,0.153318
30034,29564,0.000000,0.000004
56231,18,0.000000,0.000000
96536,76004,0.000000,0.028035
84799,38698,0.000000,0.093904
39259,38032,0.556021,0.272324
91668,77508,0.000000,0.000000
114467,94305,0.000000,0.000000
82321,12034,0.000000,0.000000
40521,65201,0.000000,0.000000
116201,51448,0.000000,0.146017
40364,87228,0.000000,0.020244
26991,76452,0.000000,0.000454
56784,56958,0.000000,0.015979
107636,117779,0.000000,0.000000
119750,59286,0.000000,0.000000
65201,12034,0.000000,0.313309
26991,28103,0.000000,0.000000
108328,46792,0.000000,0.000000
18243,118505,0.000000,0.021315
101007,65201,0.000000,0.257305
97489,59286,0.000000,0.001548
121366,85097,0.000000,0.005219
118697,26991,0.000000,0.000000
76004,39259,0.000000,0.000014
97489,76004,0.000000,0.010926
38698,85955,0.556310,0.287209
46792,85955,0.000000,0.006139
118505,87313,0.000000,0.000001
76004,51147,0.000000,0.046051
114467,108328,0.000000,0.000000
32310,79682,0.000000,0.000473
32310,77508,0.000000,0.000000
110195,14345,0.000000,0.000070
86993,17006,0.000000,0.000000
30034,38032,0.000000,0.065425
51147,76452,0.000000,0.288861
56231,51448,0.000000,0.000000
117779,116201,0.000000,0.000000
91668,59242,0.000000,0.000006
18243,114467,0.000000,0.000000
104268,118505,0.000000,0.000006
17068,30034,0.000000,0.000000
30034,87228,0.000000,0.032029
43421,62943,0.000000,0.000000
51147,38032,0.000000,0.000000
9049,104714,0.000000,0.004216
118505,101007,0.000000,0.000009
76004,18243,0.000000,0.012026
110195,46792,0.000000,0.000000
91668,113055,0.000000,0.000711
77508,107636,0.000000,0.000005
55567,84799,0.000000,0.000120
118697,65201,0.000000,0.041232
79682,97489,0.000000,0.005996
51147,17068,0.000000,0.000160
59286,104268,0.000000,0.000000
56231,81990,0.000000,0.000000
118505,56231,0.000000,0.000000
39259,2678,0.000000,0.002668
38698,91668,0.000000,0.000000
29238,117779,0.000000,0.000000
86993,119750,0.000000,0.010826
104714,30034,0.000000,0.068629
76452,117779,0.000000,0.000000
51147,119750,0.000000,0.000445
51147,59286,0.000000,0.000930
113055,55567,0.000000,0.000004
14345,79682,0.000000,0.000236
14345,56231,0.000000,0.000001
17006,117779,0.000000,0.000000
17068,77508,0.000000,0.000000
118505,110195,0.000000,0.011088
38698,96536,0.000000,0.000000
65201,9049,0.000000,0.086935
59286,59242,0.555844,0.000331
32310,62943,0.000000,0.000000
28103,665,0.000000,0.000000
87228,104714,0.000000,0.002362
56231,59286,0.000000,0.000007
117779,32310,0.000000,0.000000
101007,97489,0.000000,0.000001
59242,119750,0.000000,0.004554
40364,85955,0.000000,0.100039
665,40521,0.587421,0.003551
29238,121366,0.000000,0.000274
116201,119750,0.000000,0.050436
59286,62943,0.000000,0.000000
104268,117779,0.000000,0.000000
104714,51448,0.000000,0.091826
116201,118697,0.000000,0.224399
118697,86993,0.556310,0.074710
62943,40364,0.000000,0.000000
62943,104268,0.000000,0.000000
91668,59286,0.000000,0.076644
22457,44777,0.664403,0.172474
119864,2947,0.000000,0.565169
92821,119864,0.000000,0.531840
36503,109923,0.000000,0.551787
26917,23734,0.662012,0.448554
41811,107701,1.000000,0.576303
33194,117809,0.000000,0.000002
115523,66844,0.665512,0.545210
63608,64993,0.000000,0.042886
10275,109923,0.000000,0.409134
8012,63608,0.000000,0.127865
119864,89726,0.000000,0.536204
48137,91001,0.663445,0.361683
109787,115523,0.663918,0.536973
2947,59406,0.662274,0.578428
44406,48137,0.664184,0.463673
56318,974,0.665175,0.187963
107701,48137,1.000000,0.574096
974,79060,0.000000,0.000015
81015,69376,0.000000,0.554106
69376,103476,0.662187,0.560518
36503,25329,0.000000,0.000021
7214,118706,0.000000,0.587423
115189,54798,0.666112,0.534588
21158,33194,0.666112,0.501275
93413,89726,0.665082,0.572619
77663,57618,0.000000,0.384358
77663,33194,0.000000,0.352475
98974,974,0.662080,0.154753
55496,10275,0.561301,0.422447
52589,93593,0.000000,0.326245
79060,117641,0.000000,0.000320
115189,66844,0.665512,0.560125
56318,109787,0.663918,0.542834
974,7214,0.665175,0.195217
48137,39499,0.000000,0.000010
23734,117641,0.665347,0.538148
28091,52589,0.000000,0.572072
115189,48137,0.666509,0.595169
117641,974,0.665175,0.195334
2279,107701,0.666509,0.596480
122226,21158,0.666112,0.505432
79227,44406,0.000000,0.001829
77663,106793,0.000000,0.490778
109923,10139,0.000000,0.402826
36503,55496,0.563891,0.551913
54798,44777,0.664403,0.493673
121770,23734,0.665347,0.550949
107695,10139,0.000000,0.430580
2279,44777,0.664403,0.501606
974,121770,0.665175,0.188449
107695,64993,0.000000,0.052928
10275,92821,0.000000,0.409270
107701,69376,0.662972,0.540372
109923,57618,0.665347,0.536324
44406,81015,0.000000,0.466319
89726,119864,0.000000,0.536298
117641,25329,0.000000,0.000053
115189,66174,0.000000,0.000059
6472,2947,0.662865,0.441315
91001,121770,0.663445,0.440541
66844,118706,0.000000,0.547499
69376,59406,0.662274,0.613932
121770,22457,0.665175,0.191256
81015,109787,0.000000,0.525025
35779,64993,0.000000,0.051912
96986,64993,0.000000,0.000057
54798,2279,0.666112,0.565343
21158,109787,0.663918,0.507204
77663,64993,1.000000,0.035163
107701,107695,0.665175,0.526064
96986,77663,0.000000,0.000001
64993,118706,0.560223,0.061361
57618,44777,0.664403,0.504535
119864,2279,0.000000,0.552346
109923,92821,1.000000,0.573663
79227,103476,0.000000,0.000517
63608,115189,0.666181,0.600293
96986,36301,0.000000,0.000005
109923,6472,0.662865,0.387885
25329,106793,0.000000,0.000009
109787,25329,0.000000,0.000011
2947,79227,0.000000,0.000000
71472,59406,0.662274,0.233041
10139,89726,0.000000,0.412718
36503,7214,0.000000,0.574074
26917,10275,0.000000,0.482214
117641,44406,0.664184,0.465570
10139,23734,0.000000,0.431201
52589,50504,0.000000,0.568691
56318,10139,0.000000,0.411307
117809,50504,0.000000,0.000217
48137,89726,0.666249,0.570015
66844,81015,0.000000,0.501803
91001,81015,0.000000,0.441027
26917,22457,0.662012,0.118166
93413,92143,0.664610,0.153099
36301,106793,0.000000,0.524307
26917,96986,0.000000,0.000001
57618,66844,0.665347,0.553342
78085,101910,0.000000,0.034884
52594,122162,0.000000,0.038562
50711,3420,0.000000,0.428744
87531,118130,0.000000,0.000000
111068,117779,0.000000,0.000000
8498,20141,0.000000,0.000000
51987,64860,0.000000,0.160017
84188,55116,0.000000,0.217363
111606,36752,0.000000,0.000000
10096,22151,1.000000,0.250449
44789,63307,0.559989,0.371344
3392,97832,0.000000,0.000000
36752,50711,0.000000,0.000001
49600,21888,1.000000,0.832858
49600,62943,0.000000,0.000000
98885,6701,0.559989,0.303276
111606,20141,1.000000,0.832858
101910,64860,0.000000,0.187448
50711,47229,0.000000,0.222293
49600,72368,1.000000,0.832858
64860,12213,0.000000,0.000000
62943,51987,0.000000,0.000000
111068,52594,0.000000,0.311701
50711,22151,0.559989,0.174935
84743,17049,0.000000,0.003040
116812,72368,0.000000,0.248359
111976,49600,0.559989,0.242243
111606,122041,1.000000,0.832858
6123,61748,0.000000,0.000000
82779,16697,0.558175,0.237242
95213,55116,0.000000,0.034516
122162,17049,0.000000,0.201911
21888,61748,0.559989,0.116270
53459,30584,0.000000,0.000003
56542,98885,1.000000,0.832858
62943,84188,0.000000,0.000000
22151,52594,0.000000,0.162868
2669,36752,0.000000,0.000000
111128,87531,0.000000,0.249517
95213,1549,0.000000,0.000001
82779,30584,0.000000,0.000005
20141,50711,1.000000,0.832858
46924,122162,0.000000,0.000051
47229,49600,0.000000,0.053088
36752,20141,0.000000,0.000001
82779,4867,0.558175,0.105376
86126,36752,0.000000,0.000000
6701,52594,0.000000,0.190244
16697,12213,0.000000,0.000000
59578,95213,0.000000,0.000000
26059,21888,1.000000,0.832858
21888,3392,0.000000,0.000000
26059,41557,0.000000,0.000003
122162,46924,0.000000,0.000061
10096,62943,0.000000,0.000000
111976,8501,0.000000,0.041641
6212,20269,0.000000,0.000078
122041,116812,0.000000,0.127976
30584,82779,0.000000,0.000019
21888,53459,1.000000,0.832858
10096,65927,0.000000,0.001365
17049,111606,0.000000,0.832858
56542,36752,0.000000,0.000000
64252,12213,0.000000,0.000000
6212,53459,0.000000,0.000003
8501,84743,0.000000,0.000017
20141,1549,0.000000,0.000000
50711,6123,0.000000,0.000000
117503,122162,0.000000,0.022178
22151,61748,0.561275,0.330937
105500,56542,1.000000,0.832858
53459,78085,1.000000,0.832858
82779,45833,0.000000,0.000000
84188,50711,1.000000,0.832858
98885,36752,0.000000,0.000000
45833,86498,0.000000,0.000000
55116,82779,0.000000,0.090099
111606,118130,0.000000,0.000000
86498,3392,0.000000,0.000000
65927,10096,0.000000,0.003001
95213,84188,0.000000,0.047155
8501,70285,0.000000,0.021839
56542,6212,0.000000,0.000000
86498,111128,0.000000,0.000074
51987,45833,0.000000,0.000000
3420,111068,0.000000,0.115894
118130,45833,0.000000,0.000000
63307,78085,1.000000,0.832858
36752,1549,0.000000,0.006493
20269,95213,0.000000,0.000000
97832,78085,0.000000,0.002387
64252,41557,0.000000,0.000003
111128,51987,0.000000,0.111237
2669,97832,0.000000,0.004066
87531,61748,0.559989,0.116270
3420,97832,0.000000,0.000074
36752,6212,0.000000,0.003864
6701,70285,0.559989,0.349898
1549,22151,0.000000,0.000337
21888,62943,0.000000,0.000000
71683,81244,0.000000,0.005668
92599,35015,0.000000,0.003524
81244,4083,0.000000,0.005966
84592,4083,0.000000,0.009180
71683,35890,0.000000,0.000814
63904,38171,0.000000,0.009498
46695,117380,0.000000,0.003591
100819,93653,0.000000,0.001018
24252,68281,0.000000,0.000068
69229,21435,0.000000,0.004175
117965,46908,0.000000,0.003972
35890,71683,0.000000,0.002883
968,111498,0.000000,0.009257
2290,113166,0.000000,0.014096
100952,85048,0.000000,0.003908
100952,85856,0.000000,0.003236
10732,38171,0.000000,0.011822
24252,100819,1.000000,0.001618
24252,22141,0.000000,0.005134
48734,12630,0.000000,0.001728
11631,8690,0.000000,0.005212
12630,64725,0.000000,0.008324
24252,85839,0.000000,0.005095
21435,45116,0.000000,0.004090
123146,32325,0.000000,0.004470
85048,63904,0.000000,0.010678
85048,4083,0.000000,0.023932
33284,17333,0.000000,0.005559
85048,40602,0.000000,0.020585
117380,68281,0.000000,0.000045
84592,35890,0.000000,0.001357
5407,21603,0.000000,0.003742
61322,45116,0.000000,0.016183
5407,117380,0.000000,0.004744
28780,93653,0.000000,0.008315
34483,84592,0.000000,0.013245
24046,35890,0.000000,0.001243
84592,40602,0.000000,0.008412
116418,97704,0.000000,0.005995
61322,63904,0.000000,0.002539
90966,8690,0.000000,0.010342
97704,117380,0.000000,0.004669
61322,85048,0.000000,0.006547
97704,24046,0.000000,0.004067
98478,84592,0.000000,0.006459
90966,113166,0.000000,0.004612
43651,17333,0.000000,0.005814
105289,104107,0.000000,0.025874
90966,11631,0.000000,0.008528
123146,968,0.000000,0.002841
84592,93653,0.000000,0.006221
46695,15353,0.000000,0.003396
63904,93653,0.000000,0.007107
104107,17333,0.000000,0.008204
86536,71683,0.000000,0.002368
35890,24046,0.000000,0.005911
85839,8451,0.000000,0.001538
32325,105289,0.000000,0.014388
17333,100952,0.000000,0.001217
4083,48734,0.000000,0.024514
40602,85856,0.000000,0.001209
12630,86536,0.000000,0.011106
71683,5407,0.000000,0.000675
22141,81244,0.000000,0.018901
77400,17333,0.000000,0.006574
8451,113166,0.000000,0.003519
35890,21435,0.000000,0.002913
22141,100819,0.000000,0.002039
48734,86536,0.000000,0.005556
86536,43651,0.000000,0.015102
92599,35890,0.000000,0.002230
21603,111498,0.000000,0.002697
111498,48734,0.000000,0.012133
21603,85839,0.000000,0.004724
19554,968,0.000000,0.001480
63904,35015,0.000000,0.002387
24252,46695,0.000000,0.000822
22464,10732,0.000000,0.005926
97704,85839,0.000000,0.005206
43103,35890,0.000000,0.001364
105289,24046,0.000000,0.008404
85839,43651,0.000000,0.010601
10732,104107,0.000000,0.023252
46695,17333,0.000000,0.003942
33284,28780,0.000000,0.002121
85839,12630,0.000000,0.001948
19554,21603,0.000000,0.003108
84592,76177,0.000000,0.001316
22464,92599,0.000000,0.006349
77400,11631,0.000000,0.013998
100952,38171,1.000000,0.004529
116418,117380,0.000000,0.006166
77400,22141,0.000000,0.010509
35015,77400,0.000000,0.006260
43103,22464,0.000000,0.014841
105289,35015,0.000000,0.003557
92599,33284,0.000000,0.005750
40602,38171,0.000000,0.008487
64725,8451,0.000000,0.002347
22464,8451,0.000000,0.002830
12866,59510,0.547382,0.321022
88570,49307,0.548285,0.422975
62866,108597,0.546853,0.433480
20754,49442,0.000000,0.000000
39635,62866,0.546853,0.373562
36359,3372,0.546853,0.093937
65978,49307,0.550241,0.509166
94923,85189,0.548676,0.470547
12866,49307,0.549968,0.376653
55884,49307,0.000000,0.294007
55343,23103,0.546853,0.583982
81908,5887,0.547382,0.475602
14843,87220,0.000000,0.000807
65978,20754,0.000000,0.430778
55916,61767,0.547382,0.339645
39501,61767,0.547382,0.281437
26855,49442,0.000000,0.000000
36359,23807,0.000000,0.371467
93175,49307,0.000000,0.189939
46682,94923,0.547382,0.298344
96945,74110,0.000000,0.008677
116904,52893,0.000000,0.000000
108597,94923,0.547382,0.297971
118867,5887,0.000000,0.297984
12866,118678,0.549968,0.000583
52865,95492,0.000000,0.000012
85189,75455,0.549968,0.399619
118867,55916,0.000000,0.193667
61767,5887,0.547382,0.559837
34780,83321,0.000000,0.003680
23807,19509,0.000000,0.363990
5887,43633,1.000000,0.380872
9209,61767,0.000000,0.009478
75044,116904,0.000000,0.093652
100307,5887,0.000000,0.151925
77597,92465,0.548285,0.246431
96945,65978,0.549368,0.451257
95492,3372,0.000000,0.001983
75044,88570,0.000000,0.413416
15210,112524,0.547856,0.212778
108597,62083,0.000000,0.000000
95844,94923,1.000000,0.158803
68298,49307,0.000000,0.100235
84627,9209,0.000000,0.001693
39501,2708,0.547856,0.336983
17565,95844,0.548676,0.357118
112524,5887,1.000000,0.136976
85189,49442,0.000000,0.000000
27738,118678,0.551190,0.002555
43633,36359,0.546853,0.358734
75044,55916,0.000000,0.328073
52893,3372,0.000000,0.000098
65978,84627,0.547856,0.221133
39501,118678,0.551789,0.000208
87560,108597,0.547382,0.387939
39635,103569,0.000000,0.000000
94923,59510,0.547382,0.423177
49307,94923,0.548676,0.516280
34780,95844,0.548676,0.397600
81908,23103,0.546853,0.464750
84627,92465,0.547856,0.101280
5887,92465,0.547856,0.238184
103569,95844,0.000000,0.000000
46682,81908,1.000000,0.277775
93175,62083,0.000000,0.000000
62083,17565,0.000000,0.000000
17565,85189,1.000000,0.418073
88570,110573,0.548285,0.516343
75455,15654,0.547856,0.387238
19509,68298,0.000000,0.104272
62866,26855,0.000000,0.019941
46682,68298,0.000000,0.035903
20754,75455,0.000000,0.378691
15654,85189,0.547856,0.472354
95492,71208,0.000000,0.033532
5887,96945,0.547856,0.379766
75455,9209,0.000000,0.000029
26855,118678,0.000000,0.018850
81908,112524,0.547382,0.120796
68298,19509,0.000000,0.149131
55884,23807,0.000000,0.425171
116904,83321,0.000000,0.000480
118867,9209,0.000000,0.000084
103569,39501,0.000000,0.000000
85189,49307,0.549968,0.508445
88570,81908,0.547382,0.291954
12866,88570,0.548285,0.521596
19509,103569,0.000000,0.000000
46682,95844,0.547382,0.166985
112524,96945,0.547856,0.150102
87560,62083,0.000000,0.000000
75455,20754,0.000000,0.212979
88570,15654,0.547856,0.550625
110573,75044,0.000000,0.415579
85189,116904,0.549968,0.135692
95844,61767,0.547382,0.300883
49307,3372,0.551190,0.154471
14843,87560,0.551598,0.464984
9209,107256,0.000000,0.012683
112524,116904,0.547856,0.247571
87007,118484,0.559274,0.461078
89736,715,0.000000,0.399125
9674,70160,0.559722,0.515078
52145,61254,0.000000,0.534423
82602,13086,0.000000,0.000831
56010,18739,0.559722,0.513540
17621,34316,0.560319,0.544661
87007,101759,0.560677,0.532165
85035,99850,0.000000,0.000001
34316,20438,0.560319,0.528588
32302,1545,1.000000,0.988127
25296,32302,0.000000,0.000009
43026,62083,0.000000,0.000000
122814,82602,0.000000,0.000000
85749,13998,0.000000,0.475325
32302,122814,0.000000,0.000007
87007,22001,0.000000,0.501534
7068,20438,0.559930,0.509092
22001,10838,0.589599,0.541543
32106,50541,0.587916,0.434671
89094,49754,0.000000,0.391935
43566,30017,0.000000,0.372206
33791,56010,0.000000,0.518100
120895,52145,0.000000,0.556793
76681,50541,0.589794,0.537153
50541,87007,0.000000,0.548782
76681,93912,0.000000,0.283824
22001,15760,0.589599,0.520913
59457,87007,0.000000,0.537455
8774,38369,0.559503,0.501896
18739,112938,0.559722,0.498090
89094,22001,0.000000,0.419934
32302,50541,0.000000,0.000177
89736,30017,0.000000,0.370630
32000,29033,0.558216,0.427932
76681,99850,0.000000,0.447405
13086,87007,0.562253,0.580340
62083,32000,0.000000,0.000000
34045,11472,0.560128,0.538152
99850,13998,0.000000,0.476674
107718,49754,0.000000,0.533135
22001,104576,0.588955,0.565978
34793,32106,0.587916,0.502116
40800,85749,0.000000,0.465348
17621,33791,0.000000,0.503321
122814,17621,0.000000,0.459145
59457,1545,0.000000,0.000001
59457,85035,0.000000,0.000001
70160,15760,0.000000,0.548868
85339,118484,0.558216,0.470372
56010,82602,0.000000,0.000005
7068,59457,0.000000,0.527854
43566,8774,0.000000,0.420636
25296,68366,0.000000,0.571688
34045,104576,0.000000,0.549927
45721,34316,0.000000,0.000030
93912,89736,0.544319,0.388059
78700,40800,0.587612,0.618475
20438,45721,0.000000,0.000004
70160,118484,0.559274,0.491219
8774,40800,0.000000,0.555583
85339,36062,0.558216,0.423878
120895,118484,0.000000,0.520651
9674,13067,0.000000,0.000001
62083,110482,0.000000,0.000000
118484,78700,0.000000,0.540709
13086,49754,0.560845,0.543101
46449,85339,0.558216,0.447891
32302,15760,0.000000,0.000323
99850,70160,0.558216,0.436558
68366,7068,0.000000,0.517892
11472,29033,0.560128,0.529552
59457,122814,0.588466,0.465960
7068,62083,0.000000,0.000000
49754,56010,1.000000,0.559025
70160,43566,0.000000,0.329963
38369,13067,0.000000,0.000003
11472,87007,0.560128,0.513227
45721,13998,0.000000,0.000006
40800,59086,0.000000,0.000000
45721,120895,0.000000,0.000049
69818,32000,0.558216,0.424127
30017,101759,0.560677,0.557057
82602,104576,0.000000,0.000024
32106,715,0.000000,0.453544
32302,34316,0.000000,0.000068
40800,34045,0.000000,0.552651
85035,11472,0.000000,0.000016
13998,61254,0.588717,0.501099
20438,70160,0.560677,0.539740
11472,120895,0.000000,0.563003
78700,1545,0.000000,0.000000
1889,120895,0.000000,0.579653
29033,10838,0.000000,0.532508
29033,18739,0.559722,0.507536
85339,18739,0.558216,0.459550
33791,76681,0.587612,0.527783
70160,76681,0.000000,0.542150
59457,34316,0.000000,0.548703
49754,118484,0.559274,0.488165
27087,114397,0.000000,0.000196
52796,34342,0.590332,0.573742
93977,34342,0.000000,0.466984
93977,99379,1.000000,0.493534
116438,69983,0.587916,0.440250
21167,66782,0.000000,0.000050
4733,27818,0.000000,0.124180
93977,18304,1.000000,0.493524
111484,102502,0.000000,0.567337
69836,36878,0.586551,0.579810
36575,87623,1.000000,0.967973
36878,38639,0.000000,0.000004
27818,52796,0.000000,0.152565
120359,45254,0.000000,0.000048
27509,21167,0.000000,0.000012
120359,65451,0.000000,0.000109
62083,42434,0.000000,0.000000
67337,29419,0.000000,0.001046
27509,16010,0.000000,0.469716
68287,49878,0.000000,0.077793
76817,39133,0.000000,0.000025
100428,5772,0.589395,0.501660
68287,76817,0.000000,0.000000
18304,29419,0.000000,0.000001
67555,16010,0.587286,0.465881
100428,105574,0.000000,0.535179
114397,38639,0.000000,0.000003
30833,27509,0.000000,0.537366
75569,36575,0.000000,0.000001
100428,55256,0.000000,0.473733
90579,32140,0.000000,0.000072
49878,21642,0.000000,0.000012
101653,17447,0.000000,0.465756
56035,14086,0.587286,0.443998
68287,5402,0.000000,0.440180
65451,87623,0.000000,0.000001
4291,55256,0.000000,0.494638
69983,66782,0.587916,0.518736
120359,73570,0.000000,0.000018
56035,42666,0.587286,0.515555
100428,42434,0.589395,0.515335
67555,44875,0.000000,0.000769
68287,27399,0.586551,0.458209
43420,15635,0.000000,0.458260
67555,114397,0.000000,0.438194
68287,93977,0.000000,0.439906
73570,55256,1.000000,0.500560
21642,42666,0.000000,0.000185
27818,30833,0.000000,0.152689
103879,90579,0.000000,0.000028
67337,116438,0.590332,0.527393
91426,99379,0.000000,0.488328
18304,38639,0.000000,0.000000
45254,39133,0.000000,0.528572
99379,73570,0.552020,0.493222
67337,105574,0.000000,0.481073
65451,16010,0.000000,0.475113
43420,102502,0.588466,0.511145
4733,67337,0.588955,0.465133
36575,4733,0.000000,0.000014
42434,34342,0.590658,0.586034
62083,102502,0.000000,0.000000
5402,4733,0.000000,0.471112
96709,105574,0.553530,0.512909
69836,91426,0.586551,0.513046
27399,65451,0.000000,0.554409
114397,120359,0.000000,0.000007
65451,42666,0.000000,0.527291
85899,87623,0.000000,0.000000
103879,55256,0.000000,0.524445
55256,56035,0.000000,0.460965
43420,65451,0.000000,0.487072
58141,21642,0.000000,0.000000
27509,73570,0.552310,0.468210
18304,42666,0.000000,0.530613
42666,85899,0.587286,0.489293
43420,32140,0.000000,0.270451
27818,76817,0.000000,0.000168
18304,103879,0.000000,0.530323
52796,17447,0.000000,0.451161
27818,100428,0.000000,0.151874
49878,90579,0.000000,0.001605
62429,21167,0.000000,0.000066
27818,25010,0.000000,0.097698
39133,18304,0.552020,0.486781
114397,66782,0.000000,0.559244
91426,36575,0.000000,0.000000
58141,67555,0.000000,0.468910
34342,45254,0.588200,0.575627
21642,58141,0.000000,0.000255
116438,4291,0.587916,0.439797
114397,62083,0.000000,0.000000
99379,15635,0.552020,0.432356
38639,99379,0.000000,0.000005
76817,73570,0.000000,0.000018
87623,27399,0.000000,0.000024
5402,18304,1.000000,0.493611
100428,66782,0.588717,0.563349
32944,76817,0.000000,0.000004
62429,43420,0.588466,0.458810
67341,62943,0.000000,0.000000
16855,78275,0.000000,0.000000
490,56231,0.000000,0.000000
32052,108160,0.000000,0.001383
47283,3006,0.000000,0.021380
38387,108160,0.000000,0.000010
86234,71073,0.000000,0.043507
78275,67341,0.000000,0.000007
73974,41257,0.554697,0.000002
16855,122789,0.000000,0.002137
60098,76727,0.000000,0.003289
16457,58471,0.000000,0.000503
62943,67341,0.000000,0.000000
2678,30440,0.000000,0.002308
76727,108160,0.000000,0.000261
77988,71073,0.000000,0.024503
76727,83703,0.000000,0.026963
38387,82636,0.000000,0.009710
2678,16855,0.000000,0.000311
31980,56231,0.000000,0.000000
21239,71950,0.000000,0.005562
77988,22494,0.000000,0.021829
5071,33921,0.000000,0.041430
30440,46792,0.000000,0.040150
107627,490,0.000000,0.008727
56490,62083,0.000000,0.000000
60354,94023,0.000000,0.018125
5071,47283,0.000000,0.006375
62083,42843,0.000000,0.000000
31980,122789,0.000000,0.000271
46792,24755,0.000000,0.028939
56490,82636,0.000000,0.000029
38058,10972,0.554697,0.121115
14006,32052,0.000000,0.007956
73974,83971,0.000000,0.000513
16855,86234,0.000000,0.000043
73974,15483,0.555056,0.000001
49032,16305,1.000000,0.099135
14006,108160,0.000000,0.012117
99148,62943,0.000000,0.000000
105247,46792,0.000000,0.004330
107627,83971,0.000000,0.119920
14006,9530,0.000000,0.009358
31980,1731,0.000000,0.006049
76727,56231,0.000000,0.000000
25530,24755,0.000000,0.080081
44875,30440,0.000000,0.001493
21239,46792,0.000000,0.002354
71950,92373,0.000000,0.006819
42843,44875,0.000000,0.006272
92373,38058,0.000000,0.043450
49032,73974,0.554697,0.000528
89987,9530,0.000000,0.034951
110441,14006,0.000000,0.000936
21239,5071,0.000000,0.012536
62943,73974,0.000000,0.000000
49032,71950,0.000000,0.028390
73529,47283,0.000000,0.004970
58471,31980,0.000000,0.014396
122789,30440,0.000000,0.000329
15483,104268,0.000000,0.000370
38387,105247,0.000000,0.005450
122789,11361,0.000000,0.000182
41257,71073,0.000000,0.043812
490,16457,0.000000,0.016492
25530,60098,0.000000,0.001354
76727,62943,0.000000,0.000000
83971,60098,0.000000,0.000272
110441,15483,0.603461,0.001381
21239,73529,0.000000,0.001123
18785,81537,0.000000,0.000013
83703,72687,0.000000,0.000002
44875,47283,0.000000,0.002054
78275,21239,0.000000,0.000000
89987,42843,0.000000,0.016667
14006,110441,0.000000,0.006875
10972,73529,0.000000,0.065665
62943,42843,0.000000,0.000000
10972,47283,0.000000,0.002777
3006,38058,0.000000,0.049627
104268,110441,0.000000,0.000745
44875,73974,0.556986,0.000014
29202,94023,0.000000,0.026763
490,31980,0.000000,0.013302
73974,24755,0.000000,0.002872
83971,56231,0.000000,0.000000
33921,89987,0.000000,0.010351
94023,56490,0.000000,0.032528
58471,11361,0.000000,0.002932
9530,29202,0.000000,0.114022
99148,122789,0.000000,0.000233
73529,31980,0.000000,0.009575
89987,3006,0.000000,0.070691
9530,16305,0.554697,0.021255
2678,29202,0.000000,0.469683
77988,38387,0.000000,0.004257
60354,105247,0.555210,0.116008
56490,10972,1.000000,0.007426
1731,24755,0.000000,0.046374
88576,71950,0.000000,0.004156
40471,79267,0.588955,0.502753
79267,103905,0.665182,0.520718
82107,105910,0.000000,0.000016
80053,116471,0.590160,0.573934
15727,116471,0.589981,0.572630
104721,99037,0.000000,0.561839
13506,94666,0.000000,0.495634
49651,107075,0.000000,0.000001
3840,40959,0.589395,0.497728
44550,55867,0.000000,0.000066
13759,814,0.000000,0.489612
79402,107747,0.000000,0.432976
56890,94055,0.000000,0.427857
79267,90631,0.666332,0.520065
118514,83371,0.589794,0.562010
79402,80053,0.000000,0.466753
37613,44313,0.000000,0.525678
44550,103905,0.000000,0.000003
118341,89657,0.000000,0.443528
19932,44050,0.553626,0.520902
89657,44550,0.000000,0.000000
107747,107075,0.587286,0.495150
814,49651,0.000000,0.000000
69018,99037,0.589180,0.625919
107747,94055,0.589599,0.527544
61085,80053,0.589180,0.528847
94055,49651,0.000000,0.000000
116471,57747,0.589981,0.551798
62083,118660,0.000000,0.000000
107075,49651,0.000000,0.000000
44050,118514,0.000000,0.539895
20081,104721,0.554074,0.525574
60756,57747,0.000000,0.000101
11103,82872,0.000000,0.000000
104721,107747,0.000000,0.512350
40471,20437,0.000000,0.000001
111936,13759,0.588955,0.507580
20437,3840,0.000000,0.000011
44313,105910,0.000000,0.540499
62083,6947,0.000000,0.000000
121036,62083,0.000000,0.000000
118660,53673,0.587612,0.408605
58291,50097,1.000000,0.860069
40471,94666,0.591378,0.595123
50097,103905,0.000000,0.000181
90595,44313,0.000000,0.502264
33031,103386,0.000000,0.540151
69018,83371,0.589981,0.565838
104721,107075,0.000000,0.519940
121036,80053,0.000000,0.437779
56890,103905,0.000000,0.442958
37613,44550,0.000000,0.000000
103905,90595,0.588955,0.510086
122808,57747,0.588717,0.485199
63330,99037,0.589180,0.546932
116471,118341,0.590160,0.560585
80053,50097,0.000000,0.000086
80053,33031,0.000000,0.568707
56890,2823,0.551923,0.422910
79402,58291,0.000000,0.000000
107747,118660,0.590658,0.572046
814,82872,0.000000,0.000000
58291,44050,0.000000,0.000008
83371,63330,0.591243,0.565928
53673,73891,0.587612,0.373978
82872,44550,1.000000,0.998183
814,53673,0.000000,0.419068
118660,121793,0.590160,0.549915
103905,122808,0.588717,0.514712
60756,121793,0.000000,0.000127
107747,61085,0.589180,0.499857
76616,107075,0.587286,0.509615
40959,99037,0.589180,0.537563
90595,40959,0.591378,0.596155
6947,19932,0.000000,0.514118
20081,73891,0.000000,0.448750
118514,69018,0.589794,0.639836
83371,122808,0.588717,0.451973
44313,15727,0.000000,0.535487
33031,66494,0.553383,0.486938
94055,13506,0.000000,0.534815
76616,2823,0.000000,0.545116
83371,94666,0.668378,0.584177
90595,117028,0.000000,0.582174
44050,50097,0.000000,0.000017
73891,80053,0.588466,0.507020
82107,63330,0.000000,0.000908
56890,6947,0.000000,0.427992
20081,26119,0.000000,0.537116
37613,44050,0.000000,0.525821
94055,53673,0.587612,0.437698
122808,11103,0.588717,0.465437
116471,118660,0.590160,0.546572
89657,99037,0.000000,0.505018
6877,40471,0.000000,0.576807
79267,3840,0.588955,0.512438
118660,20081,0.000000,0.540120
50097,40471,0.000000,0.001232
62083,22725,1.000000,0.969345
20081,90595,0.000000,0.557619
72827,74601,0.542983,0.492296
24411,115123,0.000000,0.000043
115957,23972,0.000000,0.478187
18574,39239,0.539026,0.000003
58741,108404,0.000000,0.044546
116248,12995,0.538491,0.504277
120402,18574,0.000000,0.000180
115123,99644,0.000000,0.000024
58741,80117,0.000000,0.256942
12995,58936,0.000000,0.534976
27814,72827,0.000000,0.018176
27814,116467,0.000000,0.042572
62943,36908,0.000000,0.000000
14376,51957,0.000000,0.005192
49480,59979,0.537528,0.526981
58741,115123,0.000000,0.000428
115157,51957,0.542323,0.585652
27814,92085,0.000000,0.647726
70718,59979,0.000000,0.006078
92085,90074,0.000000,0.000043
105917,81705,0.000000,0.121482
74601,99644,0.000000,0.323538
116248,58741,0.538491,0.577885
18238,108213,0.000000,0.594348
108213,5623,0.000000,0.299796
18238,24411,0.000000,0.036128
14558,25803,0.000000,0.001000
55214,48640,0.000000,0.375411
115123,23972,0.000000,0.000556
58936,121314,0.000000,0.272892
84355,24411,0.000000,0.091631
74601,58741,0.000000,0.443292
38674,39203,0.000000,0.000041
14135,111904,0.000000,0.001053
73670,111904,0.000000,0.000007
116467,49480,0.537076,0.401775
120978,18238,0.000000,0.001248
25803,72584,0.000000,0.000182
68564,121314,0.000000,0.034774
90074,39239,0.536574,0.000017
65140,70718,0.000000,0.001560
34306,23972,0.000000,0.542487
72827,49480,0.000000,0.535482
23972,39239,0.536967,0.000004
18238,55214,0.000000,0.109157
121314,48640,0.000000,0.035472
37239,80117,0.000000,0.438511
58741,111904,0.000000,0.000228
58741,73670,0.000000,0.363081
108213,73670,0.539859,0.445804
108404,69182,0.000000,0.377902
120402,74601,0.000000,0.000213
115123,17857,0.000000,0.022014
108213,113324,0.000000,0.638541
84355,120978,0.000000,0.000000
72584,55214,0.000000,0.003789
38674,51957,0.000000,0.001785
62943,58741,0.000000,0.000000
79974,113324,0.000000,0.000198
113324,17857,0.000000,0.637951
79974,120402,0.586315,0.580984
81705,111904,0.000000,0.000020
58936,38935,0.000000,0.000006
111904,105917,0.000000,0.038410
18238,117677,0.539529,0.410113
68564,5623,0.537938,0.216243
51957,116467,0.000000,0.497439
79229,39239,0.000000,0.000023
25803,38935,0.000000,0.000042
81705,116467,0.000000,0.441667
23972,92085,0.000000,0.000119
34306,92085,0.000000,0.000272
58741,79229,0.000000,0.056157
22376,62943,0.000000,0.000000
107785,80095,0.000000,0.004179
121314,12995,0.000000,0.106197
84355,115157,0.000000,0.548737
25803,73670,0.539430,0.382748
69182,34306,0.000000,0.457734
34306,49480,0.000000,0.550274
25803,116248,0.000000,0.561556
14558,81705,0.000000,0.000049
99644,116248,0.538331,0.329889
58027,72827,0.000000,0.525827
55214,25803,0.539430,0.147951
23972,58936,0.000000,0.574323
39203,92085,0.000000,0.000128
81705,90074,0.000000,0.400516
81705,120402,0.000000,0.000017
113324,58741,0.539737,0.596355
92085,23211,0.000000,0.000151
115123,18574,0.000000,0.001078
14558,18574,0.000000,0.000116
22376,72584,0.000000,0.001556
113324,25803,0.000000,0.589754
48640,92085,0.000000,0.000009
5623,84355,0.000000,0.507663
105917,108404,0.000000,0.000876
51957,79974,0.000000,0.000534
105917,115157,0.000000,0.181696
103195,54300,0.590498,0.550267
41835,84252,0.000000,0.001424
11606,32434,1.000000,0.569504
99668,4189,0.589794,0.528999
19943,100035,0.591243,0.560279
42960,7588,0.000000,0.000013
57040,108552,0.000000,0.000002
111077,84252,0.000000,0.002095
103195,7588,0.000000,0.495427
52821,100262,0.000000,0.119960
7588,88192,0.000000,0.495647
4189,82175,0.589981,0.536152
111077,92705,0.000000,0.000447
51482,15376,0.000000,0.001082
91288,114868,0.590332,0.556306
118209,108552,0.000000,0.000000
100035,3156,0.589794,0.523118
91288,72217,0.590812,0.563671
4189,27329,0.591104,0.564675
100529,101239,0.589794,0.527022
116806,3156,0.588717,0.490130
32434,101519,0.000000,0.000047
42782,100035,1.000000,0.572720
91288,59165,0.590498,0.561553
121777,118209,0.588717,0.486720
15376,101519,0.000000,0.000067
47662,3156,0.589180,0.519386
62083,43594,0.000000,0.000000
11606,106964,0.590812,0.568907
7588,41522,0.000000,0.496279
60521,82175,0.589794,0.548441
10624,121777,0.589395,0.566531
67499,3156,0.589794,0.526946
3156,6615,0.587612,0.431934
108552,6615,0.000000,0.000002
47662,103195,0.589180,0.505612
106964,59165,0.590498,0.562814
27329,3156,0.589794,0.509951
4189,54668,0.000000,0.000015
47662,72055,0.589180,0.519248
100262,4189,0.000000,0.129550
67499,35430,0.591104,0.568446
84814,88192,0.588466,0.462755
114868,121777,0.590160,0.556542
100035,114868,0.590332,0.549056
103195,43594,0.589599,0.527244
10624,15376,0.589395,0.556845
7588,32434,0.000000,0.486695
59165,96439,0.590332,0.558081
37534,54300,0.590332,0.547600
111077,153,0.000000,0.001507
91288,72055,0.589794,0.529898
41522,42782,0.590332,0.548408
82175,92705,0.589794,0.547088
101239,109532,0.000000,0.529171
59165,84814,0.588466,0.461362
114868,153,0.590332,0.555361
109532,108552,0.000000,0.000000
100529,88192,0.590332,0.553151
99668,7588,0.000000,0.510391
96439,106964,0.590332,0.552524
106964,96439,0.590332,0.556501
92705,116806,0.588717,0.492255
4189,101519,0.000000,0.000055
3156,100035,0.589794,0.525648
52821,40583,0.589599,0.534973
92705,19943,0.589794,0.512722
51482,84814,0.000000,0.000023
40583,101519,0.000000,0.000016
37534,100035,0.590332,0.550194
32434,42782,0.590960,0.568379
52821,40498,0.586934,0.399757
43594,10624,0.589395,0.566845
32434,55649,0.588955,0.481579
43594,62083,0.000000,0.000000
122732,72055,0.589794,0.514020
75177,43594,0.589599,0.503675
122732,76923,0.591760,0.515481
90078,27487,1.000000,0.044706
41522,116806,0.588717,0.481212
118209,41835,0.000000,0.000006
116806,82175,0.588717,0.484827
40583,60521,0.589794,0.546331
82175,96439,0.589981,0.547679
41835,40498,0.000000,0.000004
52821,116806,0.588717,0.496898
114868,32434,0.590332,0.552465
82175,37534,0.589981,0.549261
57040,121777,0.590160,0.548708
42960,76923,0.000000,0.000263
15376,96439,0.590332,0.547585
118209,52821,0.588717,0.497054
72055,118209,0.588717,0.495077
7722,88192,0.590332,0.559287
84252,41522,0.590332,0.582948
62083,51482,1.000000,0.916299
15376,11606,0.590960,0.570271
72217,62083,0.000000,0.000000
43594,32434,0.589599,0.520465
47662,75177,0.589180,0.488456
31066,89926,0.000000,0.000004
46792,57319,0.000000,0.000034
96253,81537,0.000000,0.000000
89926,23879,0.575414,0.383863
82877,58410,0.000000,0.395000
76574,23879,0.570827,0.354406
110691,49275,0.000000,0.000003
36154,86995,0.000000,0.000000
25122,503,0.000000,0.013247
56231,101167,0.000000,0.000000
58410,55087,0.572800,0.157295
41222,57319,0.000000,0.426640
102317,96253,0.581434,0.011726
51147,84146,0.000000,0.285108
85439,109221,0.000000,0.231992
86995,80079,0.000000,0.358382
46792,106276,0.000000,0.000123
51147,44935,0.000000,0.107172
89926,81537,0.000000,0.000001
17359,62943,0.000000,0.000000
111808,16457,0.000000,0.002093
101167,119778,0.000000,0.000000
9592,56231,0.000000,0.000000
55087,17359,0.551659,0.367958
74680,84146,0.581579,0.063851
109221,56231,0.000000,0.000000
76452,62943,0.000000,0.000000
54447,55956,0.000000,0.000001
74451,78413,0.000000,0.628303
36154,74451,0.000000,0.000000
57319,57652,0.000000,0.504414
41612,25122,0.000000,0.028181
104987,60085,0.000000,0.124696
54447,101167,0.000000,0.000004
5692,46792,0.000000,0.001548
76452,111808,0.000000,0.006319
60085,14288,0.000000,0.009649
110691,23879,0.000000,0.000005
46237,44935,0.000000,0.449416
67767,39139,0.000000,0.000004
84146,16457,0.000000,0.000239
39139,55087,0.000000,0.332837
57319,55087,0.000000,0.403782
39139,62943,0.000000,0.000000
19286,81537,0.000000,0.000000
51147,60085,0.000000,0.073900
51147,49275,0.000000,0.112693
16457,57652,0.000000,0.001288
82877,78413,0.000000,0.157792
74680,110691,0.000000,0.000002
76452,78413,0.000000,0.167873
94159,503,0.000000,0.008533
25122,23879,0.000000,0.002595
110691,17359,0.000000,0.000483
82877,86995,0.000000,0.352350
94159,1427,0.000000,0.003432
14345,67767,0.000000,0.000000
41222,54211,0.000000,0.573771
60085,39139,0.000000,0.328639
44008,25122,0.000000,0.044957
78413,55956,0.000000,0.022375
62943,22468,0.000000,0.000000
109221,14288,0.000000,0.240374
23879,102317,0.000000,0.135120
29449,5692,0.000000,0.000000
97489,86995,0.000000,0.100339
106276,54211,0.000000,0.527166
16457,1427,0.000000,0.000649
22883,109221,0.567044,0.424324
55956,109221,0.000000,0.045228
110691,58410,0.000000,0.000412
1427,102317,0.000000,0.002237
70330,67767,0.000000,0.000000
67767,97489,0.000000,0.000000
56231,41222,0.000000,0.000425
96253,51147,0.000000,0.180426
76452,49275,0.000000,0.119431
102317,85439,0.580448,0.026083
17359,41612,0.000000,0.287006
110691,31066,0.000000,0.369025
76574,78413,0.570827,0.386064
14345,56231,0.000000,0.000001
56231,9592,0.000000,0.000000
119778,16457,0.000000,0.001156
102317,51147,0.000000,0.021619
1427,104987,0.567755,0.328939
110691,41612,0.000000,0.000012
29449,54211,0.587863,0.005406
86995,89926,0.574854,0.478257
58410,56231,0.000000,0.000000
31066,14288,0.000000,0.000076
55087,74451,0.000000,0.448663
74680,31066,0.000000,0.000002
39139,9828,0.580064,0.118905
55087,25698,0.000000,0.375069
22468,62943,0.000000,0.000000
104987,25122,0.000000,0.029009
60085,76452,0.000000,0.019655
22883,23879,0.567044,0.389301
55087,109221,0.573907,0.420104
50403,116035,0.589599,0.536274
1362,3754,0.586551,0.352269
46107,17370,0.588466,0.513116
975,20979,0.586934,0.441176
48530,46107,0.000000,0.000112
99313,99154,0.000000,0.057888
120162,71523,0.588717,0.463182
59088,112053,0.000000,0.000008
71779,59088,0.588200,0.465742
71282,71523,0.588717,0.463245
46107,88522,0.000000,0.000003
18201,67426,0.585668,0.504993
46107,14607,0.589395,0.568106
20979,71912,0.000000,0.000001
32429,114197,0.586934,0.526865
46107,88825,0.589395,0.638289
49285,62875,0.000000,0.000020
67426,50403,0.587286,0.429517
40157,49386,0.587916,0.450560
88825,49285,0.000000,0.000004
90318,975,0.000000,0.000118
34139,59088,0.587612,0.439242
69988,9821,0.588466,0.488353
114197,66423,0.588717,0.517230
83733,116035,0.589981,0.535682
20285,5772,0.000000,0.005342
63192,66423,0.588717,0.512240
67426,20979,0.587286,0.459874
62083,40157,0.000000,0.000000
99154,40978,0.000000,0.081758
112053,67426,0.000000,0.000004
114101,97268,0.588955,0.534698
112053,5930,0.000000,0.000142
5772,69988,0.589395,0.496439
90318,9028,0.000000,0.000163
66626,62875,0.000000,0.484939
77386,99154,0.000000,0.066952
34139,63556,0.587612,0.459221
81284,17252,0.589599,0.438950
46107,42786,0.587916,0.488456
71282,85805,0.588717,0.493690
47053,81284,0.588466,0.469004
85805,112053,0.000000,0.000006
59088,88825,0.589599,0.571468
71523,43395,0.000000,0.000115
77386,46107,0.588717,0.535845
66423,120162,0.659285,0.513456
63673,62083,0.000000,0.000000
43395,88825,0.000000,0.000248
50403,114101,0.588955,0.513844
40978,20979,1.000000,0.506607
71523,77386,0.588717,0.465496
9821,48530,0.000000,0.000001
3754,71523,0.586551,0.363786
34139,66423,0.587612,0.465731
120162,67434,0.587286,0.445849
77386,88825,0.588717,0.531913
116035,32429,0.586934,0.495788
67434,975,0.586934,0.463064
85805,71912,0.000000,0.000005
42786,27352,0.587916,0.458033
5930,1362,0.589794,0.535250
63556,116035,0.588955,0.497063
120162,63556,0.588717,0.509049
116035,88522,0.000000,0.000007
66423,63192,0.588717,0.507785
32429,97268,0.586934,0.576307
62875,5413,0.000000,0.438044
12188,88825,0.588200,0.617963
9375,67434,0.587286,0.393430
17252,7954,0.588200,0.302009
49285,20285,1.000000,0.934595
67434,50403,0.587286,0.428540
69988,40978,0.588466,0.489255
99154,69988,0.000000,0.080661
5772,46107,0.589395,0.546254
77386,48530,0.000000,0.000002
50403,5413,0.587286,0.420897
12188,85805,0.588200,0.546290
3754,104170,0.586551,0.400614
63673,1362,0.587612,0.516860
40978,104170,0.588466,0.487104
83733,975,0.586934,0.363121
1362,14607,0.590332,0.560618
49386,63673,0.587612,0.531562
112053,12188,0.000000,0.000037
9028,12188,0.587286,0.503588
63556,114197,0.660002,0.520537
63673,5413,0.587286,0.489308
63192,14607,0.589180,0.507720
7954,114101,0.588200,0.409115
32429,48530,0.000000,0.000000
62875,48530,0.000000,0.000003
5039,71523,0.588955,0.479761
71282,114101,0.588717,0.508668
62875,66423,0.000000,0.517597
83733,1362,0.590658,0.563443
40978,40157,0.588466,0.477796
48530,62083,1.000000,0.991390
49285,48530,1.000000,0.884637
36873,55831,0.587286,0.432326
681,98677,0.589599,0.527392
28791,88589,0.588200,0.479723
88589,4373,0.589180,0.511572
12136,38235,0.000000,0.495175
119843,54518,0.000000,0.000074
41046,28791,0.588200,0.475169
109923,54082,0.000000,0.000040
88700,61225,0.000000,0.000000
30886,75427,0.000000,0.000000
30886,66637,0.588466,0.526085
110414,55136,0.588955,0.489887
38235,120765,0.000000,0.521329
54082,58028,0.000000,0.000234
55136,61225,0.000000,0.000000
2420,69189,0.589395,0.523492
109923,114610,0.587916,0.423641
60389,55411,0.587286,0.416510
4373,36873,0.587286,0.407437
104470,12605,0.586551,0.443662
107701,114610,0.587916,0.424598
87816,19762,0.000000,0.000018
67410,55136,0.587286,0.407097
54812,88589,0.588466,0.551738
38235,12212,0.000000,0.000000
55411,55831,0.589395,0.526014
97965,74338,0.589599,0.542370
38790,85913,0.000000,0.000281
65282,67410,0.000000,0.086572
69189,58028,0.589395,0.516307
74338,54812,0.588466,0.550377
62092,23225,0.589599,0.562621
104470,19762,0.587286,0.442535
102513,38790,0.000000,0.000001
61390,66637,0.587286,0.601932
38790,3699,0.000000,0.000036
38790,110414,0.000000,0.000023
65282,107701,0.000000,0.085089
4373,12136,0.589794,0.544179
87816,97965,0.000000,0.000049
62092,61390,0.587286,0.514059
3699,119291,0.589180,0.560591
65282,2420,0.000000,0.086730
119860,90176,0.000000,0.000001
15338,681,0.589180,0.489006
12136,120450,0.589794,0.567496
15897,119843,0.000000,0.000001
88589,43198,0.589180,0.540251
55831,16147,0.589395,0.503559
36873,55136,0.587286,0.407045
60389,15897,0.587286,0.474303
62083,15897,0.000000,0.000000
119860,55411,0.586934,0.509294
42857,3699,0.589180,0.557867
114610,109923,0.587916,0.425901
12605,47758,0.000000,0.000020
69189,109923,0.589395,0.504763
62083,38235,0.000000,0.000000
90176,16147,0.000000,0.002441
55411,15897,0.587916,0.441540
55136,38235,0.000000,0.480269
120765,74338,0.589599,0.562539
85913,88700,0.589180,0.501973
107701,28791,0.588200,0.437840
65282,74338,0.000000,0.086922
19762,109923,0.588955,0.482633
59288,109923,0.589180,0.495912
55411,2420,0.665368,0.557727
30886,54812,0.682213,0.537651
15338,114610,0.587916,0.469283
69189,23225,0.589395,0.556361
47758,88700,0.000000,0.000564
85913,53936,0.590812,0.567502
31056,90176,1.000000,0.854245
88589,59288,1.000000,0.530668
107701,67410,0.587286,0.388808
38235,54812,0.000000,0.545405
12605,28791,0.586551,0.433436
47758,62092,0.000000,0.000821
70917,41046,0.588955,0.556727
41760,23225,0.589981,0.569394
85913,70917,0.588955,0.546974
55831,88700,0.589180,0.531194
62083,3699,0.000000,0.000000
15897,61225,0.000000,0.000000
88700,54082,0.000000,0.000003
42857,62083,0.000000,0.000000
67410,53936,0.587286,0.399412
54812,53936,0.588466,0.539105
119291,42857,0.589395,0.519727
36873,107701,0.587286,0.398160
38235,61225,0.000000,0.000000
23225,53936,0.589981,0.572842
85913,681,0.589599,0.525448
97965,12136,0.664800,0.546432
65282,54518,0.000000,0.086593
119860,36873,0.586934,0.497430
88700,102513,0.588955,0.523635
104470,110414,0.587286,0.442858
15338,55136,0.589180,0.475893
63988,76494,0.000000,0.000000
94742,63988,0.000000,0.000013
44642,76494,0.000000,0.000000
85909,47574,0.000000,0.011822
44642,105685,0.000000,0.000000
25809,63988,0.000000,0.000681
25809,108610,0.000000,0.000101
62083,76494,0.000000,0.000000
62083,76638,1.000000,0.878288
76494,25809,0.000000,0.000003
62083,94742,0.000000,0.014783
105685,44642,0.000000,0.000000
76638,105685,1.000000,0.999912
63988,108610,0.000000,0.000193
25809,44642,0.000000,0.000891
105685,62083,1.000000,0.999795
47574,76638,0.000000,0.124698
76494,85909,0.000000,0.000187
47574,85909,0.000000,0.016163
25809,62083,0.000000,0.000000
25809,94742,0.000000,0.113562
62083,63988,0.000000,0.000000
108610,44642,0.000000,0.009508
108610,105685,0.000000,0.000000
94742,44642,0.000000,0.000012
76494,63988,0.000000,0.000001
76494,108610,0.000000,0.000000
76638,63988,0.000000,0.000001
63988,44642,0.000000,0.032468
108610,76638,0.000000,0.000003
105685,63988,0.000000,0.000000
47574,62083,0.000000,0.000000
85909,108610,0.000000,0.000000
94742,85909,0.000000,0.857078
44642,47574,0.000000,0.002622
25809,76494,0.000000,0.000002
76638,85909,1.000000,0.999977
85909,25809,0.000000,0.991380
76638,62083,1.000000,0.018316
85909,63988,0.000000,0.000003
47574,94742,0.000000,0.002087
76494,44642,0.000000,0.000000
62083,44642,0.000000,0.000000
94742,108610,0.000000,0.000001
44642,63988,0.000000,0.002618
94742,25809,0.000000,0.064398
108610,94742,0.000000,0.000001
63988,76638,0.000000,0.000029
76494,47574,0.000000,0.000001
94742,76638,0.000000,0.728847
44642,94742,0.000000,0.000000
25809,105685,0.000000,0.690821
94742,76494,0.000000,0.000058
62083,105685,1.000000,0.998896
76638,108610,0.000000,0.000000
76494,105685,0.000000,0.000291
76638,25809,0.000000,0.987541
63988,62083,0.000000,0.000000
44642,76638,0.000000,0.000008
47574,105685,0.000000,0.000934
94742,47574,0.000000,0.007891
63988,105685,0.000000,0.000001
105685,47574,0.000000,0.000284
105685,76638,1.000000,0.999621
94742,62083,0.000000,0.294736
108610,47574,0.000000,0.000175
47574,76494,0.000000,0.000000
76638,44642,0.000000,0.000001
85909,105685,1.000000,0.999998
85909,44642,0.000000,0.000004
94742,105685,0.000000,0.666837
76638,47574,0.000000,0.004356
85909,62083,1.000000,0.924341
76638,94742,0.000000,0.908677
47574,25809,0.000000,0.016170
76638,76494,0.000000,0.000208
108610,85909,0.000000,0.000000
47574,108610,0.000000,0.000000
85909,76494,0.000000,0.001430
63988,94742,0.000000,0.000003
63988,47574,0.000000,0.001871
105685,76494,0.000000,0.000562
76494,76638,0.000000,0.000014
63988,85909,0.000000,0.000006
108610,63988,0.000000,0.002098
47574,63988,0.000000,0.000007
85909,94742,0.000000,0.952888
25809,76638,0.000000,0.955982
62083,85909,1.000000,0.938345
105685,25809,0.000000,0.891244
108610,76494,0.000000,0.000000
76494,94742,0.000000,0.000072
62083,108610,0.000000,0.000000
47574,44642,0.000000,0.000140
62083,25809,0.000000,0.023907
25809,85909,0.000000,0.958111
44642,85909,0.000000,0.000002
108610,25809,0.000000,0.000089
105685,94742,0.000000,0.411202
44642,62083,0.000000,0.000000
107918,13067,0.000000,0.000006
44508,45750,0.554802,0.482128
44508,105602,0.000000,0.551429
86985,17967,0.000000,0.442850
119564,65754,1.000000,0.533607
13966,88349,0.000000,0.000000
14197,122082,0.000000,0.112117
16756,102258,0.000000,0.000005
59704,17076,0.663838,0.570560
42505,81446,0.555849,0.533424
67013,98275,0.553742,0.458724
38691,16977,0.555032,0.507678
58106,86584,0.555658,0.526576
52151,16626,0.554802,0.490644
55055,17076,0.000000,0.545418
98275,59704,0.000000,0.427565
119564,11085,0.000000,0.490923
91196,98597,0.000000,0.081728
120041,86584,0.000000,0.207625
112153,59704,0.000000,0.452828
108656,62083,0.000000,0.000000
16756,72396,0.554802,0.493661
45962,107918,0.000000,0.092832
58106,59704,0.000000,0.571952
58106,37887,0.000000,0.000160
44508,86985,0.553742,0.471487
52151,108656,0.555032,0.504040
122877,16756,0.553742,0.437776
13966,115208,0.553742,0.493251
8654,117736,1.000000,0.852784
38691,115208,0.553742,0.464742
108656,70605,0.000000,0.000035
65754,8654,0.000000,0.000001
44508,112153,0.554303,0.500366
42505,37887,0.000000,0.000039
65754,110921,0.555251,0.499877
13966,53966,0.554031,0.484283
70288,24154,0.555032,0.504084
115208,98597,0.000000,0.062022
59704,98597,0.000000,0.076647
11455,17076,0.000000,0.495696
24154,62083,0.000000,0.000000
110823,38691,0.554802,0.517843
122082,119564,0.000000,0.166773
110921,81446,0.557276,0.576176
17076,80682,0.000000,0.568452
14197,119564,0.553742,0.460320
102258,86584,0.000000,0.000070
14197,86985,1.000000,0.493351
91196,121492,0.000000,0.529460
55055,16626,0.554802,0.497409
105602,117736,0.000000,0.000006
17967,80682,0.000000,0.542962
17076,107918,0.000000,0.116317
96634,44508,0.554031,0.484266
80682,11085,0.000000,0.449671
11085,77339,0.000000,0.000000
62083,121492,0.000000,0.000000
16626,117736,0.000000,0.000006
50681,26927,1.000000,0.937536
30450,44508,0.554802,0.490743
53966,13067,0.000000,0.000001
59704,30450,0.000000,0.560847
17967,24154,0.000000,0.511560
122610,8654,0.000000,0.000003
38691,110921,0.555032,0.487728
122610,17076,0.000000,0.538963
122877,120041,0.000000,0.130172
112153,90805,0.554303,0.443908
55055,122643,0.555658,0.543636
90805,112153,0.554303,0.440317
121492,112153,0.554303,0.493671
38691,59704,0.000000,0.495166
102258,41377,0.000000,0.000403
86985,30450,0.553742,0.434834
50681,105602,0.000000,0.000012
38691,70288,0.555032,0.501896
86985,53966,0.553742,0.471046
16977,55055,1.000000,0.554772
45750,80682,0.556697,0.562547
26927,77339,1.000000,0.839209
42505,122877,0.553742,0.444567
110921,115208,0.553742,0.414592
19656,16626,0.000000,0.130044
13067,107918,0.000000,0.000038
108656,65754,0.555032,0.525426
26927,11455,0.000000,0.000102
96634,59704,0.000000,0.439930
105602,65754,0.000000,0.551963
18305,11455,0.555032,0.507284
122610,52151,0.555849,0.545407
86584,58106,0.555658,0.528227
107918,122610,0.000000,0.122313
115208,120041,0.000000,0.130172
17076,96634,0.000000,0.440928
16977,119564,0.555251,0.522041
14197,115208,1.000000,0.493351
70288,96634,0.554031,0.448630
70605,50681,1.000000,0.858933
45962,18305,0.554303,0.463112
628,61671,0.000000,0.000002
39965,61671,0.000000,0.059743
49903,29131,0.000000,0.000964
105612,89478,0.000000,0.000095
49442,80686,0.000000,0.000001
75991,75261,0.000000,0.129602
75261,32351,0.000000,0.000000
64694,628,0.523248,0.683157
61671,64694,0.000000,0.000005
74819,45352,0.000000,0.044768
628,63096,0.000000,0.000111
89478,39965,0.000000,0.000000
61671,96758,0.000000,0.129628
49442,628,0.000000,0.000012
75261,96758,0.000000,0.000001
114827,31892,0.000000,0.000000
628,49903,0.000000,0.504312
31892,63096,1.000000,0.420822
61671,49903,0.000000,0.000211
46727,114827,0.000000,0.000105
46727,32351,0.000000,0.000000
628,46727,0.000000,0.000177
89478,61671,0.000000,0.000017
31892,75991,0.000000,0.000000
74819,80686,0.000000,0.011816
49903,61671,0.000000,0.000021
89478,32351,0.000000,0.000000
46727,628,0.000000,0.000077
89478,75261,0.000000,0.439412
63096,49903,0.000000,0.000567
114827,105612,0.000000,0.000010
46727,49442,0.000000,0.002123
75991,49903,0.000000,0.228622
29131,75261,0.000000,0.023006
114827,80686,0.000000,0.002223
39965,75261,0.000000,0.000411
39965,89478,0.000000,0.000105
75261,628,0.000000,0.416861
49903,63096,0.000000,0.002192
49442,49903,0.000000,0.000120
61671,29131,0.568396,0.093811
46727,105612,0.000000,0.492632
114827,46727,0.000000,0.000022
75991,31892,0.000000,0.000000
96758,46727,0.000000,0.209360
96758,74819,0.000000,0.000074
29131,39965,0.000000,0.000096
96758,114827,0.000000,0.000604
75261,114827,0.000000,0.487149
80686,45352,0.000000,0.032778
89478,64694,0.000000,0.553625
63096,32351,0.000000,0.000000
39965,45352,0.000000,0.000019
49442,75991,0.000000,0.000001
32351,64694,0.000000,0.000000
64694,96758,0.000000,0.000000
75991,64694,0.000000,0.348067
31892,32351,0.000000,0.003684
114827,75261,0.000000,0.386163
39965,628,0.000000,0.000019
49903,45352,0.000000,0.017769
628,105612,0.000000,0.000000
105612,64694,0.000000,0.000004
61671,89478,0.000000,0.000171
29131,74819,0.000000,0.002180
45352,80686,0.000000,0.007101
29131,61671,0.568396,0.034052
45352,75261,0.000000,0.045666
49442,114827,0.000000,0.000207
96758,89478,0.000000,0.000269
39965,74819,0.000000,0.000047
61671,105612,0.574091,0.313095
63096,96758,1.000000,0.178026
628,75991,0.000000,0.189608
63096,74819,0.000000,0.000257
29131,45352,0.000000,0.004236
105612,114827,0.000000,0.000239
75991,45352,0.000000,0.280414
29131,75991,0.000000,0.000018
114827,63096,0.000000,0.002589
49903,114827,0.000000,0.474043
49903,80686,0.000000,0.003568
74819,29131,0.000000,0.000224
89478,105612,0.000000,0.000004
31892,74819,0.000000,0.000139
64694,39965,0.000000,0.000000
75261,46727,0.000000,0.000102
31892,49903,0.000000,0.000528
46727,31892,0.000000,0.018845
39965,75991,0.000000,0.000000
61671,114827,0.000000,0.000401
96758,80686,0.000000,0.000002
46727,75991,0.000000,0.000001
63096,45352,0.000000,0.000306
89478,29131,0.000000,0.000557
105612,49442,0.000000,0.211592
80686,29131,0.000000,0.000029
46727,80686,0.000000,0.000000
75261,49903,0.000000,0.454225
49442,39965,1.000000,0.022779
70875,62744,0.587286,0.510751
59025,11395,0.587286,0.402396
103179,102407,0.000000,0.466607
48166,61054,0.000000,0.003212
23128,61536,0.548725,0.489777
10941,56739,0.000000,0.461297
79000,51124,0.000000,0.000010
83647,45656,0.589180,0.545043
83647,70875,0.587286,0.483948
95864,51065,0.000000,0.551458
105417,47375,0.588466,0.455362
97579,117907,0.000000,0.000018
74993,1699,0.000000,0.000212
45656,85112,0.589180,0.552395
51180,1699,0.000000,0.559086
79306,7294,0.000000,0.567218
83647,21975,0.591509,0.598619
44641,79306,0.000000,0.570217
78752,83897,0.000000,0.000002
113314,78752,0.000000,0.000006
1699,75911,0.000000,0.437698
14403,62083,0.000000,0.000000
83897,6868,0.000000,0.810903
61054,51124,0.000000,0.304558
74103,117887,0.000000,0.040655
61054,25997,0.591104,0.504079
61536,61337,0.000000,0.580943
10941,78752,0.000000,0.535476
48166,6868,0.000000,0.952198
83216,4374,0.000000,0.000011
7294,97579,0.000000,0.461043
44641,85112,0.000000,0.574558
83647,75911,0.000000,0.433426
34480,61337,0.588466,0.490958
74103,78752,0.000000,0.034967
11395,7294,0.590658,0.565676
33278,116785,0.587612,0.517649
48166,86142,0.000000,0.000016
39519,1699,0.588717,0.542016
105417,4374,0.000000,0.000000
112525,97579,0.000000,0.448626
44641,11541,0.000000,0.540333
112525,2108,0.000000,0.573229
18977,112525,0.591378,0.597955
116785,23128,0.000000,0.472728
11541,44641,0.000000,0.523705
103813,44641,0.000000,0.449364
78786,21975,0.591378,0.594271
75911,61536,0.547952,0.449216
62744,70875,0.587286,0.489624
61337,5422,0.589794,0.561669
11395,103179,0.000000,0.281634
2602,75911,0.000000,0.448764
47375,14403,0.586132,0.460958
1699,61054,0.591104,0.569855
78786,116785,0.587916,0.420154
79000,75911,0.000000,0.000014
97405,116785,0.587916,0.492048
83647,59025,0.587286,0.383684
21975,97405,0.589180,0.581241
105417,117887,0.588466,0.460616
103813,51065,0.000000,0.452510
16011,83897,0.000000,0.000078
45866,4374,0.000000,0.000000
2108,4374,0.000000,0.000028
83647,78752,0.000000,0.474275
75911,10941,0.547662,0.494134
103813,44973,0.000000,0.464101
61054,95864,0.000000,0.546924
113314,64352,0.000000,0.000639
97579,61536,0.548225,0.461286
74103,83216,0.000000,0.044603
2602,7294,0.590658,0.579305
11395,61536,0.000000,0.562944
33278,85112,0.587612,0.515152
113314,11541,0.000000,0.000284
45866,79306,0.547352,0.415672
117907,16011,0.000000,0.001922
21975,47375,0.590812,0.584041
74103,6868,0.000000,0.000031
75911,95864,0.000000,0.452770
2602,74103,0.000000,0.036214
25997,108006,0.000000,0.511353
62744,23128,0.000000,0.483639
83647,79000,0.000000,0.000160
70875,48166,0.000000,0.000003
70875,14403,0.586132,0.580082
16011,97405,0.000000,0.556125
51124,78786,0.000000,0.340505
83647,51124,0.000000,0.304503
85112,45437,0.591243,0.570356
45437,44641,0.000000,0.573358
83647,7294,0.590658,0.558631
86142,83897,0.000000,0.000004
7294,45437,0.590658,0.553657
10941,83216,0.000000,0.426600
70875,7294,0.587286,0.512036
97579,79306,0.548225,0.453988
117887,97579,0.000000,0.448387
117887,51180,0.000000,0.608772
70179,99775,0.000000,0.000011
14681,30841,0.000000,0.000029
71062,18563,1.000000,0.971850
17701,6368,1.000000,0.938868
24934,97737,1.000000,0.942303
99775,66290,0.000000,0.000001
39775,43406,1.000000,0.854839
86747,24757,0.000000,0.000000
50502,9895,1.000000,0.965102
23685,70179,1.000000,0.978372
99775,23951,0.000000,0.000001
18563,60330,1.000000,0.891509
22311,72525,1.000000,0.926750
64964,76594,0.000000,0.000027
421,50953,1.000000,0.993744
24934,83339,1.000000,0.959324
109623,91479,0.000000,0.000358
89701,118379,1.000000,0.961965
71062,92616,1.000000,0.986890
66297,46944,0.000000,0.000123
77712,88106,1.000000,0.866772
7296,70179,1.000000,0.938616
50502,76594,0.000000,0.000113
16709,115435,1.000000,0.853802
99775,43406,0.000000,0.000002
60466,74395,0.000000,0.000001
118379,91479,0.000000,0.000258
60466,7296,0.000000,0.000019
24934,14681,1.000000,0.869756
118379,77712,1.000000,0.977520
88106,23685,1.000000,0.944926
70179,112358,1.000000,0.987003
7296,35947,1.000000,0.875932
72525,24934,1.000000,0.885957
43406,34008,1.000000,0.925337
64964,16477,0.000000,0.000006
97737,118379,1.000000,0.932753
32916,34008,1.000000,0.957058
66297,92995,0.000000,0.000004
96317,55852,0.579961,0.913307
34190,39775,1.000000,0.832172
66297,2978,0.000000,0.135599
14681,72525,1.000000,0.822983
18563,50502,1.000000,0.884886
18563,89701,1.000000,0.934533
35005,39775,1.000000,0.960842
421,47632,1.000000,0.918020
115435,36876,1.000000,0.879587
99775,76594,0.588200,0.508175
16477,64964,0.000000,0.000000
72463,17701,1.000000,0.954039
109623,115435,1.000000,0.906441
66290,3811,0.000000,0.000011
47632,23685,1.000000,0.984170
14681,35005,1.000000,0.991964
112358,16477,0.000000,0.000006
421,9895,1.000000,0.911218
83339,33868,1.000000,0.918630
86747,23685,0.000000,0.000000
99775,3811,0.588200,0.530432
60330,50953,1.000000,0.999291
60330,83339,1.000000,0.962596
92995,86747,0.000000,0.000000
76594,92616,0.000000,0.000003
97737,55852,0.000000,0.947039
76594,20982,0.000000,0.000007
88106,47632,1.000000,0.979948
23951,14681,1.000000,0.878065
7296,34190,1.000000,0.839714
16477,112358,0.000000,0.000000
115435,47632,1.000000,0.977574
89701,70179,1.000000,0.981676
55852,47632,0.000000,0.957591
83889,97737,1.000000,0.832816
76594,24757,0.000000,0.000000
20982,66297,0.000000,0.000040
17701,62083,1.000000,0.995689
35005,32916,1.000000,0.961320
24757,114534,1.000000,0.979108
96317,66297,0.000000,0.000022
60466,30841,0.558042,0.495811
50953,23951,1.000000,0.992840
7296,88106,1.000000,0.779613
92995,43406,1.000000,0.922516
58679,96317,0.000000,0.847589
115435,66297,0.000000,0.000022
23685,91479,0.000000,0.001254
83339,66297,0.000000,0.000027
7296,58679,1.000000,0.927868
50502,74395,1.000000,0.957829
72525,91479,0.000000,0.000542
96317,99775,0.000000,0.000007
62083,83889,1.000000,0.040111
66297,50953,0.000000,0.000141
89701,35005,1.000000,0.997336
71062,118379,1.000000,0.977852
96317,66290,0.000000,0.926909
70179,39775,1.000000,0.903184
3811,39775,0.000000,0.000001
83889,35005,1.000000,0.755734
114554,25600,0.000000,0.004293
106632,43203,0.553479,0.020146
82854,99048,0.551659,0.091068
122156,74822,0.551659,0.030393
106632,92040,0.000000,0.046174
74822,71896,0.551659,0.056741
71896,106632,0.560378,0.555120
40933,19042,0.551659,0.501388
12798,92278,0.551659,0.000908
12798,25600,0.560686,0.006673
61693,122156,0.555769,0.000010
71896,43203,0.553479,0.027324
114554,92040,0.000000,0.000016
40933,92040,0.000000,0.023033
3276,82854,0.551659,0.000000
46154,106632,0.562190,0.053137
106632,3276,0.562190,0.019248
99048,106380,0.000000,0.000000
74822,3276,0.551659,0.000011
25600,82854,0.551659,0.004440
106380,92278,0.000000,0.000000
43203,122156,0.553479,0.214532
114554,92278,0.000000,0.000069
43203,106632,0.553479,0.095888
114554,46154,0.000000,0.002272
43203,19042,0.553479,0.713298
71896,19042,0.555769,0.028854
114554,71896,0.000000,0.115369
19042,12798,0.555769,0.036305
74822,82854,1.000000,0.952629
99048,25600,0.560686,0.019696
40933,106632,0.551659,0.042147
99048,46154,0.565690,0.941411
92040,99048,0.000000,0.068381
92040,19042,0.000000,0.023229
82854,92278,1.000000,0.952629
19042,92278,0.551659,0.031809
25600,99048,0.560686,0.000709
114554,12798,0.000000,0.007029
19042,46154,0.555769,0.000382
43203,40933,0.551659,0.031647
25600,122156,0.555769,0.029625
12798,122156,0.555769,0.000887
12798,46154,0.563144,0.910480
106632,19042,0.555769,0.020799
74822,19042,0.551659,0.501388
106632,122156,0.555769,0.001492
82854,25600,0.551659,0.101923
12798,3276,0.563144,0.911796
92040,43203,0.000000,0.025441
82854,106380,0.000000,0.000000
99048,3276,0.565690,0.957700
106380,106632,0.000000,0.000000
40933,25600,0.551659,0.101923
122156,46154,0.555769,0.000012
71896,40933,0.551659,0.001547
25600,92278,0.551659,0.004440
74822,25600,0.551659,0.101923
106380,25600,0.000000,0.000000
122156,61693,0.555769,0.000010
43203,114554,0.000000,0.012350
82854,71896,0.551659,0.056741
99048,71896,0.560378,0.030429
99048,40933,0.551659,0.000459
122156,106380,0.000000,0.000000
74822,43203,0.551659,0.491904
19042,40933,0.551659,0.031809
3276,40933,0.551659,0.000000
92040,61693,0.000000,0.204005
122156,92040,0.000000,0.002691
74822,46154,0.551659,0.000397
3276,43203,0.553479,0.000224
82854,12798,0.551659,0.154295
114554,122156,0.000000,0.000397
71896,61693,0.560378,0.011064
46154,43203,0.553479,0.000860
92278,12798,0.551659,0.154295
43203,3276,0.553479,0.000028
61693,74822,0.551659,0.000005
122156,19042,1.000000,0.381146
71896,74822,0.551659,0.001547
40933,122156,0.551659,0.413821
106632,61693,0.562190,0.028951
12798,114554,0.000000,0.013510
46154,106380,0.000000,0.000000
12798,61693,0.563144,0.906384
82854,43203,0.551659,0.491904
82854,3276,0.551659,0.000011
3276,92278,0.551659,0.000000
82854,46154,0.551659,0.000397
114554,106380,0.000000,0.000000
61693,82854,0.551659,0.000005
82854,122156,0.551659,0.413821
3276,114554,0.000000,0.046635
114554,40933,0.000000,0.000069
92040,3276,0.000000,0.226340
43203,25600,0.553479,0.170154
122156,71896,0.555769,0.005169
61693,71896,0.560378,0.051593
19042,71896,0.555769,0.100066
18129,74547,0.000000,0.001341
50332,14985,0.000000,0.439569
3121,40427,0.000000,0.000000
2154,116722,0.562190,0.256972
89651,34537,0.564471,0.071458
108500,85097,0.000000,0.000000
2464,18129,0.000000,0.002971
117603,54424,0.000000,0.000000
24140,101401,0.000000,0.000002
114666,51285,0.000000,0.000014
2878,47201,0.000000,0.896501
45067,3121,0.000000,0.000633
50332,56574,1.000000,0.990180
72469,18129,0.000000,0.085652
29213,23842,0.000000,0.000000
116722,31395,0.000000,0.000000
98095,2878,0.000000,0.867266
29213,85097,0.000000,0.000000
23842,88903,0.000000,0.000000
10571,45067,0.000000,0.074475
31395,98095,0.000000,0.000002
2464,64581,0.566567,0.001147
64581,45067,0.000000,0.004194
14985,72469,0.000000,0.198787
82321,101231,0.000000,0.000031
34537,45067,0.000000,0.086273
108500,14985,0.000000,0.000036
101401,49829,0.000000,0.000000
56574,54424,1.000000,0.910626
5201,15283,0.000000,0.000017
98095,56574,0.000000,0.978147
58836,54424,0.000000,0.023300
64581,62083,0.000000,0.306625
98095,54424,0.000000,0.875026
50332,101231,1.000000,0.902130
56574,19783,0.000000,0.150735
85097,20211,0.000000,0.007195
10571,64581,0.000000,0.886594
72469,34537,0.565971,0.444433
81690,71007,0.000000,0.000000
5201,28130,0.000000,0.018279
109832,34537,0.000000,0.869997
47201,52501,0.000000,0.000015
108328,52509,0.000000,0.090489
37265,15283,1.000000,0.927102
82321,3121,0.000000,0.000079
117779,108500,0.000000,0.000000
43497,64581,0.000000,0.000460
15283,98095,0.000000,0.931203
108328,48778,0.000000,0.000000
82088,49829,0.000000,0.000000
64581,28130,0.000000,0.000000
88376,101231,0.000000,0.000000
64581,10571,0.000000,0.981107
24140,64581,0.000000,0.001205
20211,31395,0.000000,0.014433
62083,120995,0.000000,0.000013
88376,31395,0.000000,0.000000
82088,99324,0.000000,0.000034
58836,10571,0.000000,0.035585
15283,121772,0.000000,0.004875
24140,101231,0.000000,0.000094
31395,5201,0.000000,0.000000
101401,117779,0.000000,0.000000
20211,58836,0.000000,0.000000
51285,23842,0.000000,0.820429
116722,99324,0.563475,0.143706
62083,112304,0.000000,0.000000
88376,14985,0.000000,0.000001
47201,51285,0.569059,0.938836
56993,121772,0.563475,0.074876
37265,114666,0.000000,0.000028
5201,56993,0.000000,0.000127
18129,51285,0.000000,0.000003
45067,116722,0.000000,0.703036
114666,15283,0.000000,0.000008
37265,110900,0.000000,0.869097
101231,23842,0.000000,0.932914
50332,34537,0.000000,0.763716
23842,108500,0.000000,0.000014
48778,115768,0.000000,0.000000
20211,28130,0.000000,0.000000
43497,101231,0.000000,0.000034
117779,89651,0.000000,0.000000
71007,108328,0.000000,0.000000
110900,121772,0.563475,0.041448
20211,101401,0.000000,0.000000
82088,108500,0.000000,0.143454
89651,20211,0.000000,0.000000
47201,112304,0.563475,0.207671
112304,82088,0.000000,0.002126
71007,56993,0.000000,0.000000
48778,20211,0.000000,0.000000
112304,58836,0.563475,0.126953
31395,117603,0.000000,0.000000
82321,31395,0.000000,0.106071
52501,99324,0.000000,0.000010
2154,47201,0.562190,0.478850
48778,117603,0.000000,0.000003
52509,48778,0.000000,0.802805
10697,47386,0.588955,0.545055
16967,35715,0.591997,0.601516
62083,41206,0.000000,0.000000
16762,116873,0.589981,0.568880
116873,14347,0.589395,0.552235
48120,34128,0.589180,0.574411
14347,58540,0.589395,0.526783
6947,579,0.589599,0.608249
54968,41206,0.589180,0.552999
57158,116873,0.589981,0.580705
62713,91386,0.588955,0.606843
39501,104255,0.000000,0.000000
69340,41206,0.591243,0.594568
105125,805,0.587286,0.511909
48120,15257,0.589180,0.623282
14347,116767,0.589395,0.543216
54968,14347,0.589180,0.557386
35316,54767,0.000000,0.000000
40268,69340,0.591243,0.632942
104255,61652,0.000000,0.000104
116258,6947,1.000000,0.597724
16762,47386,0.589599,0.557459
20127,36746,0.590332,0.570938
48120,116767,0.589180,0.616830
20876,63851,0.589599,0.534216
107771,57158,0.590498,0.583675
116258,85538,0.590658,0.582784
51074,61652,0.590658,0.552880
57158,15257,0.590332,0.583340
93039,54767,0.000000,0.000000
39501,52024,0.000000,0.000001
36746,54968,0.589180,0.618951
4791,93039,0.589981,0.576868
10697,31924,0.588955,0.548425
44009,61652,0.589395,0.559676
35715,93039,0.589981,0.548628
102029,107771,0.590960,0.575981
101576,107771,0.000000,0.001382
66243,579,0.667033,0.637897
50906,44009,0.589395,0.556634
76515,56079,0.000000,0.000259
31924,57158,0.589180,0.557662
93039,16967,0.589981,0.613370
40975,102029,0.589180,0.473844
20127,62083,0.000000,0.000000
61314,56121,0.589395,0.492738
41206,116767,0.590658,0.586317
116767,116015,0.590658,0.585292
34128,116258,0.591509,0.582949
116015,39501,0.590658,0.439481
93039,105125,0.587286,0.561609
58540,52024,0.000000,0.000002
93329,54968,0.589180,0.630013
41206,39501,0.590658,0.434550
99599,101576,0.000000,0.000013
58540,102029,0.589794,0.509550
56121,16386,0.591880,0.601247
63851,31924,0.589180,0.632539
48120,101576,0.000000,0.000005
57158,66243,0.589599,0.569040
116258,56121,0.591509,0.573969
10697,67921,0.588955,0.496753
40268,47386,0.589599,0.594722
16386,41206,0.591509,0.599222
41206,104255,0.000000,0.000003
116258,20127,0.591509,0.573232
14347,20127,0.589395,0.495276
20115,52024,1.000000,0.998091
100024,41206,0.590960,0.590080
10697,116258,0.588955,0.475510
102029,108122,0.589395,0.485375
48120,6947,0.589180,0.602895
35715,35316,0.591760,0.585666
56079,108122,0.589395,0.521419
10697,805,0.588955,0.483397
57158,20876,0.590498,0.528840
48120,62713,0.588955,0.631388
58540,1785,1.000000,0.546732
51074,56079,0.591509,0.595796
35715,579,0.589599,0.538062
58540,40268,0.589794,0.536071
107771,83307,0.590960,0.641823
54968,62713,0.588955,0.631367
48120,16386,0.589180,0.597558
40975,105125,0.587286,0.526628
85538,116015,0.590658,0.585267
100024,16762,0.590960,0.590292
116767,579,0.589599,0.625059
10697,91386,0.588955,0.516461
62713,20127,0.588955,0.542434
20876,85538,0.590658,0.561147
107771,6947,0.590960,0.639958
83307,104255,0.000000,0.000002
109077,16967,0.589794,0.541274
109077,16386,0.589794,0.542912
1785,85538,0.589794,0.563001
31924,63851,0.589180,0.637851
14347,100024,0.589395,0.536753
35316,67921,0.590160,0.566531
6947,44009,0.589395,0.602114
24037,119682,0.589794,0.636113
103247,78786,0.589981,0.569396
61337,101714,0.590812,0.641346
76232,47008,0.589395,0.559547
85112,17120,0.591243,0.593568
42238,53123,0.589599,0.635302
102128,79755,0.588466,0.470949
24037,113049,0.589180,0.535827
113049,55976,0.589180,0.555112
110679,38393,1.000000,0.998938
55976,60281,0.588717,0.622528
101714,55659,0.000000,0.000000
40786,53123,0.590160,0.579804
62083,102128,0.000000,0.000000
17120,35238,0.588200,0.553246
119682,78786,0.590332,0.576406
101702,74292,0.000000,0.000000
79755,60281,0.588717,0.550005
33836,110679,0.000000,0.000000
11784,76232,0.589599,0.574833
103743,7001,0.590160,0.629761
21573,38393,0.000000,0.000001
102128,41946,0.587286,0.451271
103247,42238,0.589599,0.635842
110679,93613,0.000000,0.000011
19931,102128,0.588466,0.478974
48292,60281,0.588717,0.537669
60281,53123,0.588717,0.617224
4965,63710,0.588200,0.626318
74588,119682,0.590332,0.572448
47008,70306,0.000000,0.000000
11784,35410,0.589395,0.521006
61337,4965,0.588200,0.572314
5013,47008,0.589395,0.517404
91667,102128,0.588466,0.462987
48292,85904,0.000000,0.000008
53123,40786,0.590160,0.576779
56179,42238,0.589599,0.578728
5490,49173,0.590332,0.578765
93438,56179,0.000000,0.000076
30127,79755,0.589981,0.574143
110679,41946,0.000000,0.000000
21573,11784,0.590160,0.574278
24037,22183,0.588717,0.517804
7001,47008,0.589395,0.555375
108478,103247,0.589981,0.570748
75625,35238,0.588200,0.581310
101702,72082,0.589794,0.538875
121667,76232,0.000000,0.241017
4965,79755,0.588200,0.539781
5490,72082,1.000000,0.558914
11784,5013,0.590160,0.549344
102128,72082,0.588466,0.462007
102128,22183,0.588466,0.503396
85904,48292,0.000000,0.000463
49173,75625,0.590498,0.640349
108478,56179,0.589981,0.480034
30127,62083,0.000000,0.000000
53383,35410,0.000000,0.000021
5490,33836,0.589981,0.583886
70306,49173,0.000000,0.000070
57164,16423,0.000000,0.000001
60281,101714,0.588717,0.604387
7001,119682,0.590160,0.641045
22183,76232,0.588717,0.530256
101702,70306,0.000000,0.000000
113049,5490,0.589180,0.479781
57986,24037,0.000000,0.000014
49650,76232,0.588200,0.617919
75625,101714,0.590498,0.641464
63710,113049,0.664871,0.547654
56179,35410,0.589395,0.506032
21573,56179,0.589981,0.534058
19931,56179,0.589981,0.528399
103247,62083,0.000000,0.000000
75625,35410,0.589395,0.545895
4965,17120,0.588200,0.576876
5013,57164,0.590658,0.585301
78786,85112,0.591243,0.574065
55976,41946,0.587286,0.451857
78786,38503,0.589794,0.520157
49173,113049,0.589180,0.518690
60281,30127,0.588717,0.613964
53123,38503,0.589794,0.566263
45655,119682,0.590332,0.626001
77095,4965,0.588200,0.604781
121667,22422,0.000000,0.000003
17120,57986,0.000000,0.000000
102128,85112,0.588466,0.448385
60281,102128,0.588466,0.523761
41946,76232,0.587286,0.466049
103743,22183,0.588717,0.492271
75625,119682,0.590332,0.639827
91667,55976,0.589395,0.564820
16423,33836,0.000000,0.000070
57986,74588,0.000000,0.000308
74588,57164,0.591104,0.589650
93613,102128,0.588466,0.508342
74588,110679,0.000000,0.000001
4965,101714,0.588200,0.593696
83495,80573,1.000000,0.797725
58812,82844,1.000000,0.329181
78976,102331,1.000000,0.987078
82196,122566,1.000000,0.988301
104865,777,1.000000,0.917968
62083,104865,1.000000,0.938977
15838,23531,0.000000,0.000004
118848,63020,1.000000,0.858076
118848,23531,1.000000,0.949654
41079,15838,0.000000,0.000092
777,13397,1.000000,0.886988
41079,120188,1.000000,0.993462
48336,77151,1.000000,0.023737
22296,63020,1.000000,0.966439
24892,17534,1.000000,0.859303
103433,82196,0.000000,0.000000
118848,17534,1.000000,0.874950
83495,77151,1.000000,0.038583
102331,80573,1.000000,0.936833
118848,120188,1.000000,0.964184
29585,83495,1.000000,0.830016
122566,93779,1.000000,0.848037
103433,104865,0.000000,0.000000
61208,777,1.000000,0.831832
104375,93779,1.000000,0.913929
15838,82196,0.000000,0.000001
108659,29585,0.000000,0.000007
118848,108659,0.000000,0.000050
80573,62083,1.000000,0.995005
29585,41079,1.000000,0.968270
61208,83495,1.000000,0.777635
77151,83495,1.000000,0.007662
13397,83495,1.000000,0.852259
15838,24892,0.000000,0.000011
61208,122566,1.000000,0.413294
104865,48336,1.000000,0.975845
104375,82196,1.000000,0.883299
777,24892,1.000000,0.841968
104375,63020,1.000000,0.912977
77151,80573,1.000000,0.000140
77151,29585,1.000000,0.054913
61208,62083,1.000000,0.000000
24892,82196,1.000000,0.926566
61208,77151,1.000000,0.053079
78976,58812,1.000000,0.074662
83495,78976,1.000000,0.963011
63020,80573,1.000000,0.929599
13397,48336,1.000000,0.933159
13397,108659,0.000000,0.000021
80573,103433,0.000000,0.000002
23531,77151,1.000000,0.024560
86763,13397,1.000000,0.977218
48336,114845,0.000000,0.000001
86763,82844,1.000000,0.369956
86763,17534,1.000000,0.980534
122566,23531,1.000000,0.942762
24892,77151,1.000000,0.040751
120188,102331,1.000000,0.989012
120188,41079,1.000000,0.990774
118848,80573,1.000000,0.838665
15838,17534,0.000000,0.000009
62083,15838,0.000000,0.000000
83495,120188,1.000000,0.975927
58812,22296,1.000000,0.000586
22296,15838,0.000000,0.000095
77151,86763,1.000000,0.000821
120188,17534,1.000000,0.875025
93779,103433,0.000000,0.000028
103433,46634,0.000000,0.000000
15838,62083,0.000000,0.000000
17534,104375,1.000000,0.884674
103433,29585,0.000000,0.000003
118848,13397,1.000000,0.848175
93779,122566,1.000000,0.682738
29585,777,1.000000,0.956400
118848,24892,1.000000,0.891024
48336,83495,1.000000,0.967147
78976,22296,1.000000,0.991888
122566,15838,0.000000,0.000004
29585,103433,0.000000,0.000042
103433,13397,0.000000,0.000001
62083,103433,0.000000,0.000000
29585,58812,1.000000,0.570354
46634,17534,1.000000,0.941202
120188,78976,1.000000,0.993259
62083,48336,1.000000,0.897360
78976,48336,1.000000,0.984824
118848,83495,1.000000,0.887054
29585,17534,1.000000,0.930351
22296,118848,1.000000,0.928400
78976,86763,1.000000,0.941954
23531,82196,1.000000,0.992050
118848,58812,1.000000,0.087153
777,23531,1.000000,0.933409
82196,15838,0.000000,0.000133
82844,17534,1.000000,0.465836
777,114845,0.000000,0.000004
102331,118848,1.000000,0.914787
29585,122566,1.000000,0.984966
13397,77151,1.000000,0.017469
72329,45766,0.000000,0.000000
106149,16725,0.560603,0.432785
106149,31081,0.000000,0.177214
113860,91668,0.000000,0.000000
88207,22834,0.000000,0.000000
102136,92489,0.549480,0.001133
2351,22834,0.000000,0.000000
56231,62368,0.000000,0.000000
22834,114093,0.000000,0.000000
85097,5677,0.000000,0.003385
72329,13319,0.558318,0.230226
79177,106149,0.000000,0.000000
57447,19178,1.000000,0.722532
5854,9338,0.000000,0.000001
56231,20726,0.000000,0.000005
72329,56231,0.000000,0.000000
5677,4627,0.000000,0.258610
53331,102136,0.000000,0.000000
44134,122581,0.558318,0.041838
44134,12842,0.000000,0.000002
45766,57215,0.000000,0.000000
44134,88207,0.000000,0.002565
57215,19178,0.000000,0.000018
100752,85581,0.000000,0.000181
50988,9338,0.560603,0.042434
22956,122581,0.000000,0.181420
106149,70080,0.562106,0.304865
9338,100752,0.000000,0.000001
107231,114093,0.000000,0.000000
70080,110577,0.000000,0.000629
4627,31081,1.000000,0.701609
61034,5854,0.545670,0.075519
100752,9338,0.000000,0.000001
45766,116238,0.000000,0.000000
68435,122581,0.558318,0.088196
84890,50988,1.000000,0.180911
114415,68435,0.000000,0.000041
61034,57447,0.000000,0.002578
100752,70025,0.545140,0.139590
120260,57447,0.559605,0.380914
85581,68435,0.000000,0.184929
22834,85581,0.000000,0.000007
5854,44134,0.000000,0.000003
50988,26094,0.000000,0.002863
120260,2351,0.000000,0.155329
30347,44134,0.559605,0.003156
120260,16725,0.560603,0.212031
4677,69202,0.000000,0.109575
16725,106149,0.560603,0.242304
5677,85581,0.000000,0.258610
12842,53769,0.000000,0.000001
44815,9338,0.560603,0.150333
107231,79177,0.000000,0.000000
57215,85097,0.000000,0.000000
31081,4627,1.000000,0.701609
114415,62943,0.000000,0.000000
61034,62943,0.000000,0.000000
113860,83116,0.000000,0.000000
2351,26094,0.000000,0.000380
113860,110577,0.000000,0.000000
114415,5677,0.000000,0.009629
44134,106149,0.561418,0.000505
122581,85097,0.000000,0.000096
57447,17779,0.000000,0.423158
53769,62943,0.000000,0.000000
4677,8599,0.000000,0.000453
8599,13319,0.000000,0.000280
2351,50988,0.000000,0.158666
44815,83116,0.560603,0.059075
12842,62943,0.000000,0.000000
69202,56231,0.000000,0.000000
90655,83116,0.000000,0.000000
5677,16725,0.558318,0.397371
92489,88380,0.543024,0.003246
100752,53769,0.000000,0.000003
110577,84890,0.000000,0.004272
99193,79177,0.000000,0.000000
13319,26094,0.000000,0.030792
60518,62368,0.000000,0.004539
8599,114093,0.000000,0.000102
68435,31081,0.000000,0.112903
5677,99193,0.558318,0.184724
72329,53331,0.558318,0.313608
72329,106149,0.558318,0.228453
19178,20726,0.000000,0.002327
12842,74146,0.000000,0.000666
45766,56231,0.000000,0.000000
110577,106149,0.000000,0.001231
57447,85581,0.000000,0.423158
85356,16725,0.560603,0.364377
44134,88380,0.000000,0.000048
114415,57215,0.000000,0.000000
57447,60518,0.559605,0.740902
61034,99193,0.000000,0.000169
116238,99193,0.000000,0.000058
68435,74146,0.000000,0.000000
60518,79177,0.000000,0.000000
106149,113860,0.000000,0.000000
85581,17779,0.551131,0.701609
94646,31081,0.000000,0.095346
117841,40438,0.000000,0.000034
55188,35838,0.000000,0.000000
14605,111540,0.000000,0.000957
38028,75393,0.000000,0.091674
31161,74015,0.000000,0.000000
64847,5857,0.000000,0.074269
31161,41843,0.000000,0.000908
43571,28649,0.000000,0.005523
1243,27784,0.000000,0.001382
98543,27784,0.000000,0.311253
80886,63501,0.000000,0.000000
38028,77203,0.000000,0.000053
63501,87326,0.000000,0.000000
85925,42084,0.000000,0.000168
69163,79350,0.000000,0.314426
11190,31161,0.000000,0.001714
106985,43571,0.000000,0.019435
55188,88903,0.000000,0.000001
83799,21637,0.000000,0.009685
38028,119035,0.000000,0.001929
65335,69163,0.000000,0.149394
959,39568,0.000000,0.008304
31161,106343,0.000000,0.021664
30855,114443,0.000000,0.133208
117841,63501,0.000000,0.015662
98543,63956,0.000000,0.000004
114443,85925,0.000000,0.007976
42258,35838,0.000000,0.011222
106985,109929,0.000000,0.011853
55188,98543,0.000000,0.000000
21637,11190,0.000000,0.000343
77160,83799,0.000000,0.000000
80886,11190,0.000000,0.000563
115122,66889,0.000000,0.001202
35838,41843,0.000000,0.156955
85925,24869,0.000000,0.006239
66889,61303,0.000000,0.016106
38864,111540,0.000000,0.000380
93836,74015,0.000000,0.000000
1243,959,0.000000,0.016161
54663,5857,0.000000,0.017777
62083,119035,0.000000,0.000005
114443,30855,0.000000,0.033997
85925,11190,0.000000,0.032974
94795,35838,0.000000,0.000002
75393,68559,0.000000,0.110896
35838,1243,0.000000,0.000497
16918,62083,0.000000,0.000000
79350,21294,0.000000,0.024766
39568,30855,0.000000,0.007200
14605,77203,0.000000,0.002353
114443,109929,0.000000,0.016720
110978,115122,0.000000,0.004050
42258,94795,0.000000,0.000004
28649,14605,0.000000,0.200475
21294,68559,0.000000,0.074164
61303,62083,0.000000,0.000000
75393,77203,0.000000,0.000013
106343,83750,0.000000,0.016829
28649,114443,0.000000,0.067079
65335,74015,0.000000,0.000000
1243,106985,0.000000,0.001478
54663,106343,0.000000,0.103366
61303,94795,0.000000,0.000000
14605,6459,0.000000,0.566229
109929,55188,0.000000,0.000000
38028,24869,0.000000,0.006811
35838,42084,0.000000,0.000176
42084,85925,0.000000,0.000127
55188,288,0.000000,0.000000
6459,119035,0.000000,0.012026
69163,83750,0.000000,0.016514
31161,21637,0.000000,0.000133
35838,959,0.000000,0.020090
30855,24869,0.560785,0.001884
88903,77160,0.000000,0.000000
55188,25080,0.000000,0.000000
117841,75393,0.000000,0.091674
63956,6459,0.000000,0.000135
288,64847,0.000000,0.006731
63501,117841,0.000000,0.086671
41843,63956,0.000000,0.000183
106343,98543,0.000000,0.061620
62083,80886,0.000000,0.000000
115122,65422,0.000000,0.157547
98543,83799,0.000000,0.000000
6459,68559,0.000000,0.094111
959,38028,0.000000,0.022656
30855,28649,0.000000,0.430696
30855,63956,0.000000,0.000768
109929,39568,0.000000,0.000921
114443,98543,0.000000,0.027776
27784,21294,0.000000,0.015030
66889,119035,0.000000,0.000007
39568,54663,0.000000,0.061213
24869,61303,0.000000,0.014809
55188,79350,0.000000,0.000000
115122,74015,0.000000,0.000000
75393,117841,0.000000,0.161943
14605,28649,0.000000,0.208166
103808,75612,0.000000,0.000000
32363,98756,0.587916,0.476877
105464,14411,0.586934,0.618939
120615,114459,0.000000,0.112577
91338,45939,0.587612,0.274147
39419,19019,0.000000,0.007950
2701,37563,0.000000,0.000004
63448,40147,0.591378,0.600213
103808,62083,0.000000,0.000000
22721,73760,0.590960,0.528650
90373,115108,0.000000,0.000190
19019,113143,0.589395,0.521782
55221,81046,0.587916,0.506477
115108,40147,0.590332,0.627578
97212,98756,0.587916,0.481170
86906,113143,0.590332,0.562497
90373,22498,1.000000,0.989647
102021,38384,1.000000,0.964681
40147,70475,0.588466,0.471525
45232,91338,0.587612,0.184830
22721,73308,0.587612,0.497440
30150,61673,0.589599,0.526362
112350,19019,0.589395,0.558876
55221,97212,0.587916,0.478683
16308,80745,0.586934,0.395992
105464,63448,0.586934,0.505624
116027,90895,0.000000,0.000122
2701,107792,0.589395,0.529021
102045,85563,1.000000,0.563186
22498,114459,0.000000,0.000508
73760,99984,0.590960,0.542739
73076,99984,0.586132,0.482034
107792,73076,0.586132,0.491716
114459,113143,0.590332,0.555491
112350,103808,0.586551,0.546512
90373,17323,0.000000,0.000015
76972,37563,0.000000,0.000011
55221,9779,0.587916,0.525706
30150,113143,0.589599,0.533554
63448,17621,0.590498,0.554304
39419,90373,0.000000,0.000000
107792,45232,0.589395,0.501927
97212,99984,0.588717,0.462676
103808,80244,0.586551,0.510996
73076,47047,0.586132,0.525560
38384,99984,0.000000,0.000752
85864,99984,0.000000,0.000941
56904,14411,0.587612,0.568146
30150,22498,0.000000,0.000002
40147,37563,0.000000,0.000012
107792,25330,0.589395,0.531543
56904,90328,0.588200,0.588701
75612,73760,0.000000,0.007219
30150,45232,0.589599,0.513273
9779,73760,0.588200,0.387348
25330,9779,0.588200,0.536766
30150,62969,0.589599,0.561083
99984,105865,0.588717,0.530200
45939,63448,0.590960,0.568065
73760,9779,0.588200,0.445412
16308,105396,0.588955,0.508467
105396,32363,0.588955,0.538932
116027,45232,0.000000,0.000869
80244,80745,0.586934,0.405238
86906,14411,0.587612,0.506774
102045,2701,0.589981,0.549793
120615,75612,0.000000,0.000109
62083,40147,0.000000,0.000000
37563,22498,1.000000,0.997337
81046,62083,0.000000,0.000000
76972,35840,0.590658,0.591150
70475,16308,0.588466,0.475450
90895,9779,0.588200,0.588471
19861,9779,0.588200,0.538780
22498,14411,0.000000,0.000005
91338,86906,0.587612,0.298046
105464,19019,0.586934,0.519373
14411,24305,0.587612,0.614314
74641,22721,0.588955,0.479677
62083,35840,0.000000,0.000000
70475,30150,0.588466,0.480045
109162,32363,0.000000,0.000117
62083,45232,0.000000,0.000000
16308,25330,0.664083,0.547952
22721,85864,0.000000,0.000051
35840,109162,0.000000,0.000018
45232,22498,0.000000,0.000015
24305,14411,0.587612,0.588943
30150,105865,0.588717,0.558589
73308,22721,0.587612,0.518300
90328,116027,0.000000,0.000000
74641,120615,0.000000,0.095934
19861,105396,0.588466,0.496475
30150,22721,0.589599,0.521509
73760,73308,0.587612,0.409776
2701,97212,0.588717,0.487127
112350,115108,0.589599,0.631857
70475,35840,0.588466,0.493693
39419,24305,0.000000,0.009962
22721,76972,0.590812,0.569813
101519,42972,0.000000,0.000025
70846,43362,1.000000,0.535787
89270,109094,0.000000,0.433809
93705,74997,0.588466,0.537242
35326,62083,0.000000,0.000000
93705,101592,0.000000,0.196483
89617,5865,0.000000,0.625465
32761,37741,0.000000,0.488551
67268,110999,0.000000,0.519586
101592,50651,0.000000,0.206231
23194,62163,0.000000,0.555369
108358,66723,0.000000,0.522374
121123,30668,0.000000,0.503980
44962,47382,0.588717,0.512506
43362,107698,0.000000,0.517295
121123,75065,0.000000,0.465889
109094,36878,0.000000,0.482350
43237,44962,0.000000,0.515171
119901,50963,0.587916,0.530749
30878,52104,0.000000,0.576965
67268,98691,0.000000,0.000003
42972,60560,0.588717,0.469852
62083,108552,0.000000,0.999885
62163,2202,0.588200,0.542189
32035,47382,0.588955,0.504581
49901,4643,0.000000,0.000029
70846,20909,0.588717,0.635580
47382,52104,0.588955,0.497362
77480,32035,0.000000,0.555102
12152,84393,0.000000,0.490409
7588,101592,0.000000,0.180722
43237,98691,0.000000,0.000028
109094,63396,0.000000,0.415332
75065,50651,0.588200,0.522642
7588,62083,0.000000,0.000000
824,67268,0.000000,0.531161
70846,52150,0.000000,0.000001
62163,50963,0.000000,0.538374
119901,4694,0.000000,0.000000
30878,53774,0.589981,0.631630
62083,19689,0.000000,0.000000
44962,119901,0.000000,0.550503
4694,62163,0.000000,0.000013
57524,7588,0.000000,0.510006
37741,121123,0.000000,0.459748
108552,39382,0.000000,0.000293
84393,52104,0.000000,0.469733
42972,83070,0.000000,0.538442
109094,110999,0.000000,0.422849
43237,10318,0.000000,0.598054
110999,83070,0.000000,0.556031
77480,30668,0.000000,0.555875
108358,49901,0.000000,0.000001
25739,75065,0.000000,0.425604
19689,10318,0.000000,0.512033
7588,84393,0.000000,0.502198
47382,110999,0.588955,0.491360
57524,77480,0.588717,0.490184
89617,75065,0.588200,0.481651
55595,44962,0.588200,0.539454
4643,7588,0.588717,0.510242
89270,20909,0.000000,0.569250
107698,91887,0.589395,0.551220
66723,52150,0.000000,0.000001
80582,67268,0.000000,0.538823
2202,35326,0.000000,0.546408
2202,30668,0.588200,0.537131
50963,66723,0.000000,0.500257
84393,30878,0.588466,0.494073
63396,4643,0.000000,0.468230
108552,57524,0.000000,0.000008
121123,44962,0.000000,0.450039
30668,93705,0.588200,0.629014
101592,42972,0.000000,0.187580
80582,23194,0.000000,0.486312
39382,2202,0.000000,0.519690
89617,43362,0.588717,0.511343
62163,70846,0.588200,0.631743
74997,32761,0.000000,0.473440
32761,2202,0.000000,0.504409
12152,89270,0.000000,0.529303
32761,89270,0.000000,0.504540
91887,35326,0.589395,0.526453
84393,36878,0.588466,0.521421
52150,91887,0.000000,0.000036
60560,32761,0.000000,0.487710
23194,37741,0.000000,0.488601
25739,70846,0.000000,0.521200
20909,43362,0.588717,0.531812
43237,101592,0.000000,0.227569
20909,63396,0.000000,0.557027
84393,32424,0.000000,0.483430
47382,55595,0.588200,0.556000
56256,52150,0.000000,0.000001
53774,52150,0.000000,0.000002
43237,70846,0.000000,0.606527
62163,44962,0.588200,0.539509
23194,50651,0.000000,0.550177
62083,75065,0.000000,0.000000
43362,25739,0.000000,0.459181
26292,49065,0.530481,0.392234
49065,80124,0.530481,0.533610
86451,29711,0.532605,0.632934
50656,112251,0.530481,0.564314
83504,71139,0.000000,0.543704
103279,115,1.000000,0.454669
29129,112251,0.000000,0.480511
76068,26292,0.531305,0.398597
3790,91639,0.532002,0.535078
113019,73536,0.000000,0.044711
577,91639,0.000000,0.024943
19235,49065,0.530481,0.402059
112251,86451,0.531305,0.456751
107499,30654,0.000000,0.003201
104191,71139,0.000000,0.542357
28021,29711,0.532605,0.702218
84391,49947,0.000000,0.254027
112311,30654,0.000000,0.001069
60108,111587,0.532605,0.696128
60108,26292,0.532605,0.531556
104021,50656,0.530481,0.616845
96113,92981,0.532605,0.132483
92981,10269,0.000000,0.000000
16712,92808,0.531305,0.713162
76068,41435,1.000000,0.441070
29711,62083,0.000000,0.000000
107499,56073,0.532605,0.604567
49065,51700,0.000000,0.089669
113203,71139,0.000000,0.538800
42253,62083,0.000000,0.000000
4164,30654,0.000000,0.004686
10269,104021,0.000000,0.000004
113203,102675,0.000000,0.378318
102675,115,0.000000,0.518891
16494,83504,0.000000,0.055823
51662,112311,0.531305,0.696215
112311,51700,0.000000,0.076740
29129,56770,0.000000,0.421209
731,51662,0.533138,0.646855
104191,60108,0.532605,0.731178
73536,71139,0.542421,0.119362
10269,16712,0.000000,0.000003
56295,56073,0.530481,0.534927
103279,92981,0.532002,0.153739
80124,112311,0.531305,0.720066
8245,16712,0.531305,0.720066
86451,10059,0.532002,0.494908
3790,16494,0.000000,0.017530
91639,29711,0.532002,0.655726
60108,29711,1.000000,0.732342
6437,577,0.000000,0.020829
121421,119678,0.000000,0.000101
91639,8245,1.000000,0.628834
113019,2841,0.530481,0.269704
3790,113019,0.534798,0.501098
62083,3790,0.000000,0.000000
91639,56295,0.530481,0.578708
86451,80706,0.535444,0.629833
4164,92808,0.000000,0.597879
41435,96113,0.531305,0.412487
80706,80124,0.532002,0.626219
79163,29129,0.000000,0.260829
104021,73536,0.000000,0.109919
104021,49065,0.530481,0.562299
76441,26292,0.531305,0.403458
96113,91639,0.532002,0.584933
42253,76068,0.531305,0.484819
41435,104191,0.531305,0.507328
86451,24338,0.530481,0.097476
103279,113203,0.532002,0.270320
76441,91639,0.531305,0.480629
39041,50744,0.530481,0.477130
29711,55696,0.532605,0.512663
10059,107499,0.532002,0.635421
94379,41435,0.000000,0.368641
92808,8245,0.532002,0.706317
60108,80706,0.532605,0.673990
30654,112311,0.000000,0.008725
96113,16494,0.000000,0.028951
80124,4164,0.000000,0.528405
3790,51700,0.000000,0.065345
6437,92981,0.530481,0.520632
56770,113203,0.532002,0.615402
112251,10059,0.531305,0.587454
113019,75181,1.000000,0.024879
10269,92808,0.000000,0.000023
10623,577,0.000000,0.000007
16712,56770,0.531305,0.635601
112251,10269,0.000000,0.000001
29711,8245,0.532002,0.725926
51662,16494,0.000000,0.045770
56770,110910,0.532002,0.609790
24338,731,0.530481,0.178908
16712,119678,0.531305,0.678216
112251,29129,0.000000,0.490310
83504,102675,0.000000,0.401973
16494,26292,0.000000,0.176426
115,103279,1.000000,0.405349
71139,80706,0.000000,0.526674
8245,113019,0.532002,0.653217
58043,80645,0.000000,0.000000
92182,84302,1.000000,0.795015
120330,84302,1.000000,0.824841
110215,119381,0.000000,0.000002
103976,69977,1.000000,0.927859
62083,115077,1.000000,0.997195
110129,101063,1.000000,0.928305
119381,84302,1.000000,0.873900
90330,101063,1.000000,0.956055
120330,109832,1.000000,0.718016
110215,9897,0.000000,0.525778
37720,84302,1.000000,0.982433
100093,63982,1.000000,0.912273
120330,58043,0.000000,0.000000
31832,96700,1.000000,0.923769
54715,120827,1.000000,0.893143
110215,85130,0.000000,0.000000
94989,114144,0.000000,0.000002
98686,103976,1.000000,0.835796
110215,98686,0.000000,0.000001
97938,100093,1.000000,0.888177
57600,72088,1.000000,0.275503
62083,114144,1.000000,0.936288
63982,101063,1.000000,0.931270
19389,100921,0.000000,0.922767
120330,100921,1.000000,0.691428
119381,90330,1.000000,0.962906
58043,13939,0.000000,0.000000
31832,37720,1.000000,0.950406
101063,100093,1.000000,0.887850
57600,120827,1.000000,0.841973
24349,98686,1.000000,0.889800
69977,92182,1.000000,0.976023
73726,84302,0.000000,0.883590
62083,72088,1.000000,0.071185
62243,100921,1.000000,0.862715
115077,97938,1.000000,0.923771
37720,67991,1.000000,0.193844
92182,110215,0.000000,0.000003
110215,57600,0.000000,0.000001
19389,72284,0.000000,0.984201
84302,62243,1.000000,0.958842
110129,63982,1.000000,0.938669
67991,114144,1.000000,0.212133
85130,98686,1.000000,0.892693
72284,72088,1.000000,0.503001
80645,115077,1.000000,0.971875
103976,54715,1.000000,0.897921
29419,73726,0.000000,0.859526
84302,120827,1.000000,0.807043
94989,24349,0.000000,0.000009
101063,58043,0.000000,0.000000
24349,37720,1.000000,0.975052
31832,69977,1.000000,0.978367
85130,73726,0.000000,0.919365
24349,110129,1.000000,0.907314
13939,69460,0.000000,0.000009
94989,120827,0.000000,0.000003
94989,72088,0.000000,0.000014
115077,110129,1.000000,0.913330
84302,9897,0.000000,0.000005
69460,88715,0.000000,0.000001
58043,103976,0.000000,0.000001
120827,62083,1.000000,0.991409
94989,57600,0.000000,0.000011
69460,115077,0.000000,0.000000
115077,29419,1.000000,0.875363
98686,69977,1.000000,0.949851
84302,72284,1.000000,0.934636
100093,57600,1.000000,0.828709
110215,96700,0.000000,0.000003
29419,98686,1.000000,0.822156
80645,120330,1.000000,0.885387
90330,72088,1.000000,0.419286
13939,110574,1.000000,0.869742
19389,88715,0.000000,0.951834
92182,19389,0.000000,0.912067
110215,72284,0.000000,0.000000
96700,101063,1.000000,0.933337
110574,54715,1.000000,0.923950
63982,100093,1.000000,0.883040
9897,13939,0.000000,0.000000
115077,57600,1.000000,0.851779
100900,19389,0.000000,0.880904
120827,120330,1.000000,0.802083
63982,69977,1.000000,0.985489
90330,71057,0.000000,0.000029
19389,94989,0.000000,0.000069
54715,9897,0.000000,0.000002
13939,63982,1.000000,0.913233
72284,57600,1.000000,0.864482
29419,88715,1.000000,0.930127
71057,88715,0.000000,0.000066
120827,110129,1.000000,0.920800
29419,72088,1.000000,0.441255
103976,19389,0.000000,0.858837
69977,85130,1.000000,0.990546
114144,29419,1.000000,0.861343
73726,72284,0.000000,0.953421
80645,37720,1.000000,0.989771
95317,26917,0.587916,0.480934
91923,38978,0.000000,0.000038
192,30012,0.588466,0.533445
111927,1041,0.588200,0.528289
45856,62083,0.000000,0.000000
26917,110118,0.587916,0.467737
20289,85190,0.000000,0.088786
58269,49616,0.587286,0.408787
58887,95143,0.000000,0.000010
33749,74783,0.586934,0.608008
83675,33971,0.588717,0.477727
91923,67177,0.000000,0.000020
59688,111372,0.588466,0.477359
20289,2947,0.000000,0.122701
104179,20758,0.662604,0.560760
8154,110118,0.000000,0.000082
33749,77375,0.000000,0.000011
59688,8154,0.000000,0.000004
110751,49616,0.588717,0.477387
83675,74783,0.588717,0.538563
42112,49616,0.000000,0.162065
101196,77375,0.000000,0.000014
111372,68603,0.588200,0.536862
74783,50870,0.587916,0.608439
83675,94777,0.587916,0.434951
37900,123180,0.000000,0.001105
65587,28833,0.000000,0.000005
123180,58269,0.587286,0.397977
10705,120680,0.589180,0.545779
34714,123180,0.000000,0.000250
93413,101196,0.588200,0.437748
77375,85190,0.000000,0.000008
91923,8154,1.000000,0.934839
192,1325,0.586934,0.386645
72529,3709,0.587286,0.408850
58269,85190,0.586551,0.442914
120680,8154,0.000000,0.000013
111927,120680,0.588200,0.480335
91923,1041,0.000000,0.000018
111372,10705,0.589794,0.566775
101196,37900,0.000000,0.000004
77375,33971,0.000000,0.000127
8154,20289,0.000000,0.001007
15517,72529,0.000000,0.000001
68603,93413,0.588200,0.532858
58887,8154,0.000000,0.000034
15517,94777,0.000000,0.000002
91923,111372,0.000000,0.000080
30012,95143,0.000000,0.000002
110751,62083,0.000000,0.000000
101196,3709,0.588200,0.449157
26917,42112,0.000000,0.148192
74270,62083,1.000000,0.995516
48636,101196,0.588200,0.486799
62083,8154,1.000000,0.879817
62083,50739,0.000000,0.000000
95317,67177,0.661978,0.514893
20289,10705,0.000000,0.122959
192,2947,0.590332,0.574112
20758,64435,0.589395,0.534810
120680,20289,0.000000,0.101229
110751,15517,0.000000,0.000000
1325,30012,0.586934,0.482509
93413,8154,0.000000,0.000151
83675,50870,0.587916,0.511748
33971,111372,0.588717,0.491360
77375,192,0.000000,0.001156
83675,74270,0.000000,0.000008
33971,63075,0.588717,0.505987
93413,49368,0.586551,0.004331
97498,50739,0.588955,0.555703
95317,83675,0.588717,0.473462
33749,24040,0.586934,0.569202
91923,110751,0.000000,0.000020
75264,111372,0.000000,0.156370
85190,48636,0.586551,0.410660
62083,111372,0.000000,0.000000
35422,97498,0.000000,0.000072
48636,27663,1.000000,0.522463
95143,74340,0.000000,0.000008
1041,30012,0.588466,0.626194
74783,27663,0.588717,0.545032
30218,91923,1.000000,0.859990
27663,15517,0.000000,0.000001
34714,111372,0.000000,0.000095
42112,97498,0.000000,0.197112
93413,35779,0.590812,0.569759
24040,63075,0.589180,0.503667
59688,95143,0.000000,0.000001
111372,74340,0.587612,0.435231
30012,37900,0.000000,0.000014
74340,10984,0.587612,0.459025
91923,50870,0.000000,0.000008
53217,35779,0.588466,0.458681
104179,63075,0.589180,0.552163
50870,33749,0.586934,0.593170
77375,74270,1.000000,0.792237
192,67177,0.588717,0.482189
1325,8154,0.000000,0.000001
104179,27663,0.588955,0.540663
63730,38796,0.000000,0.007045
41694,23230,0.000000,0.000000
87988,22438,0.000000,0.000000
86493,32372,0.000000,0.000000
79227,64944,0.000000,0.000000
119914,57395,1.000000,0.968339
38796,69016,0.000000,0.002198
92340,68726,0.000000,0.001622
92491,99337,0.000000,0.020052
61094,99337,0.000000,0.011296
45030,23733,0.000000,0.000938
112979,101317,0.000000,0.003335
24586,40871,0.000000,0.155661
119618,61094,0.000000,0.043552
32218,107969,0.000000,0.000691
54052,55380,0.000000,0.013340
7982,60805,0.000000,0.040784
79227,65731,0.000000,0.000095
22438,6940,0.000000,0.004642
92340,62083,0.000000,0.000000
39259,28382,0.000000,0.080468
60805,102424,0.000000,0.002228
6940,18282,0.000000,0.000586
102424,94239,0.000000,0.016096
57395,69016,0.000000,0.000000
17580,119618,0.000000,0.001914
87988,49938,0.000000,0.000003
94239,60805,0.000000,0.023716
18282,18553,0.000000,0.566310
55380,38796,0.000000,0.011220
87988,119618,0.000000,0.000005
48076,17580,0.000000,0.000000
118299,23230,0.000000,0.000000
63730,61320,0.000000,0.023714
32372,107969,0.000000,0.000026
69016,76789,0.000000,0.016782
101317,23733,0.000000,0.039455
62083,22438,0.000000,0.000000
30090,18282,0.000000,0.001433
116579,18282,0.000000,0.031712
54052,57395,0.000000,0.000001
28375,41694,0.000000,0.014723
55380,86493,0.000000,0.003102
71888,79227,0.000000,0.000000
24586,69267,0.000000,0.068442
41694,116086,0.000000,0.020128
18553,39259,0.000000,0.049369
119618,110059,0.000000,0.100166
69267,49938,0.000000,0.037701
17580,63730,0.000000,0.000000
17580,92340,0.000000,0.000001
118299,49938,0.000000,0.021260
32372,110059,0.000000,0.000110
65731,99337,0.000000,0.009272
60805,62083,0.000000,0.000000
39259,19998,0.000000,0.005491
55125,76164,0.000000,0.005608
112979,40871,0.000000,0.028414
22438,44080,0.000000,0.001389
118299,107969,0.000000,0.025734
79227,62083,0.000000,0.122626
54052,118299,0.000000,0.039902
7982,94239,0.547098,0.141066
116086,107969,0.000000,0.000324
19998,71888,0.000000,0.000047
30090,23733,0.000000,0.002070
24586,92340,0.000000,0.079351
64944,51346,0.000000,0.003531
112979,45030,1.000000,0.044206
38796,22438,0.000000,0.002668
63730,41694,0.000000,0.022884
119618,118299,0.000000,0.021756
101317,54052,0.000000,0.001741
18282,101317,0.000000,0.002032
110059,44080,0.000000,0.000272
85921,51346,0.000000,0.089024
32218,44080,0.000000,0.001399
119914,2642,0.000000,0.000035
85921,55125,0.000000,0.003389
92340,61320,0.000000,0.052951
6940,23230,0.000000,0.000000
7982,28382,0.000000,0.079970
32372,85921,0.000000,0.000014
41694,54052,0.000000,0.001441
57395,71888,0.000000,0.000013
32372,55125,0.000000,0.000000
32218,60805,0.000000,0.000111
112979,28382,0.000000,0.011192
63730,64944,0.000000,0.009445
22438,32372,0.000000,0.000000
39259,41694,0.000000,0.057017
63730,116579,0.000000,0.004489
30090,79227,0.000000,0.000000
48076,28382,0.000000,0.009944
6940,74380,0.000000,0.001903
94239,119914,0.000000,0.002109
69016,7982,0.000000,0.059946
23230,40871,0.000000,0.000000
118299,61320,0.000000,0.021212
63730,68726,0.000000,0.000979
106664,62078,0.663384,0.520095
89031,15433,0.000000,0.000000
5890,84109,0.664743,0.533261
73179,122527,0.000000,0.560371
3346,18293,0.666850,0.570220
67037,58305,0.666850,0.525523
58305,100587,0.000000,0.000001
40178,61617,0.000000,0.089114
74544,61617,0.000000,0.000298
71919,97347,0.000000,0.000016
36166,49791,0.665124,0.470978
27108,67037,0.666483,0.560384
1944,30762,0.666483,0.503150
18949,45439,0.665730,0.514397
33199,3037,0.665730,0.552400
64017,3037,0.667496,0.558875
84400,84109,0.664085,0.603042
122527,32442,0.000000,0.022826
14408,1944,0.000000,0.000035
15433,3287,0.000000,0.000000
9543,109126,0.665214,0.165311
30762,71919,0.000000,0.000021
23388,22340,0.667496,0.550867
9543,89031,0.000000,0.000001
121091,5890,0.662170,0.514340
36166,85559,0.000000,0.405143
100587,18949,0.000000,0.000077
84400,1944,0.664085,0.553937
5890,67037,0.664743,0.495885
96122,100447,0.000000,0.000139
18240,32442,0.000000,0.023045
18240,41220,0.666330,0.472082
97347,45439,0.664171,0.552018
23661,5890,0.664743,0.503776
49493,32510,0.000000,0.351208
100447,30762,0.667784,0.562556
23120,45439,0.666286,0.502571
32442,109126,0.000000,0.164950
49791,18293,0.666850,0.509170
53542,14408,1.000000,0.917381
96122,32442,0.000000,0.000042
61957,89031,0.000000,0.000001
61957,59511,0.000000,0.397581
74544,84109,0.000000,0.000006
32442,62078,0.000000,0.032174
11194,49493,0.000000,0.138008
3037,18293,0.666850,0.537942
36166,64017,0.665124,0.416395
5890,22340,0.664743,0.490476
30784,100587,0.000000,0.000005
18240,3287,0.000000,0.000054
67037,18293,0.666850,0.528749
122527,23661,1.000000,0.563014
11388,42092,0.000000,0.000180
59301,23661,0.666850,0.537839
23388,3346,0.667186,0.586559
9543,18240,0.666670,0.609798
27108,106664,0.663384,0.584281
49791,5890,0.664743,0.487195
59511,59301,0.000000,0.447792
61957,100587,0.000000,0.000002
53542,18240,0.000000,0.000216
22553,121091,0.662170,0.551211
106664,64017,0.663384,0.517601
97347,40178,0.000000,0.551618
100587,27108,0.000000,0.000040
15433,18949,0.664221,0.304365
115222,61617,0.000000,0.090892
86631,3037,0.000000,0.000313
24823,62858,0.667784,0.563859
71919,1944,0.000000,0.000070
24806,9543,0.666670,0.622054
61456,22553,1.000000,0.566473
24823,100587,0.000000,0.000007
15433,53542,0.000000,0.000000
16540,23388,0.666286,0.507093
32510,100587,0.000000,0.000003
86631,32442,0.000000,0.003844
42092,106664,0.000000,0.000018
109126,30784,0.665214,0.165766
23120,62858,1.000000,0.566554
96122,22553,0.000000,0.000136
30784,96122,0.000000,0.000001
97347,3346,0.664171,0.612137
30762,27108,0.666483,0.549228
61617,122527,0.000000,0.097048
23120,86631,0.000000,0.000016
14408,96122,1.000000,0.974689
74544,62858,0.000000,0.000374
18240,15433,0.664221,0.245079
62858,97347,0.664171,0.527071
40178,100447,0.000000,0.509126
115222,36166,0.665124,0.383130
22553,115222,0.667186,0.548342
32510,1944,0.666483,0.516215
11194,32510,0.665566,0.546574
23388,59511,0.000000,0.396737
49493,5890,0.000000,0.389606
64017,36166,0.665124,0.383880
27108,21777,0.665385,0.604845
123069,24716,0.590498,0.552229
120150,26807,0.000000,0.000825
52970,86802,0.589981,0.533798
62744,46788,0.000000,0.000020
95720,52970,0.000000,0.002633
113902,110861,0.000000,0.000139
61508,51321,0.000000,0.000067
89791,53361,0.590332,0.536867
76931,82898,0.000000,0.000001
51852,43955,0.590960,0.564893
111429,119699,0.000000,0.000074
47424,89791,0.590160,0.554417
62083,38345,0.000000,0.000000
27379,52970,0.000000,0.203957
82898,61269,0.000000,0.000152
43791,95330,0.588717,0.535698
62744,111752,0.590332,0.554768
62744,119699,0.590160,0.546708
92443,47582,0.000000,0.015870
89791,76931,0.589180,0.506306
110893,76931,0.000000,0.000077
27379,90587,0.000000,0.208476
47424,27379,0.000000,0.196727
26653,30609,0.589599,0.615550
30609,123069,0.590498,0.634839
43955,95330,0.589395,0.548671
61269,51321,0.000000,0.113122
111752,62320,0.589981,0.550662
62320,57261,0.589981,0.569897
72377,92443,0.000000,0.014154
111093,95720,0.000000,0.000004
62744,34388,0.589981,0.575872
43955,38345,0.590960,0.565915
110861,62083,0.000000,0.000000
57261,51321,0.590332,0.580776
26807,101251,0.588717,0.543651
51852,119699,0.590160,0.546535
51852,68088,0.590812,0.568307
53361,44670,0.590812,0.577361
61269,84034,0.000000,0.000142
89791,17764,0.590332,0.553212
23406,113902,0.000000,0.000001
110861,79111,0.588717,0.599758
47582,43955,0.000000,0.179567
57261,68088,0.590332,0.579821
44670,120150,0.000000,0.000838
47582,86549,0.000000,0.000048
89791,68088,0.590332,0.553150
17764,72377,0.587286,0.490147
112402,57261,0.590332,0.587276
43791,61269,0.000000,0.091936
111093,123069,0.587286,0.445396
111093,82898,0.000000,0.000000
101251,26807,0.588717,0.548961
111752,92443,0.000000,0.002297
113902,76931,0.000000,0.000021
90587,112402,0.589599,0.566542
76931,68088,0.589180,0.494975
52970,7848,0.590332,0.580135
38212,30609,0.589794,0.550641
72377,88489,0.000000,0.000000
79111,111093,0.587286,0.466381
42858,113902,0.000000,0.000001
51065,62083,0.000000,0.000000
38212,120150,0.000000,0.000246
62744,112402,0.590812,0.569799
7222,111429,0.000000,0.000008
80510,36577,0.000000,0.000266
42858,27379,0.000000,0.161176
53361,23406,0.589180,0.475936
76931,101251,0.588717,0.557836
113902,38345,0.000000,0.000261
82898,84034,1.000000,0.998911
88489,38345,0.000000,0.000325
52970,57261,0.590332,0.580255
29109,24716,0.589794,0.520522
44670,119699,0.590160,0.574728
53361,47424,0.590160,0.526251
51065,68088,0.590812,0.568606
90587,26653,0.663324,0.637954
72517,92443,0.000000,0.000749
43791,62744,0.588717,0.466877
24716,52970,0.591243,0.504392
113902,47582,0.000000,0.000023
73783,2513,0.000000,0.000011
57261,52970,0.590332,0.577053
17764,47424,0.590160,0.549818
51065,89791,0.590332,0.552344
17764,43791,0.588717,0.471287
38345,53361,0.590960,0.559082
61269,80510,0.000000,0.000703
88489,111752,0.000000,0.000152
17764,51321,0.664443,0.565647
76931,123069,0.589180,0.536242
119699,112402,0.590160,0.546876
38345,88489,0.000000,0.000002
42858,17764,0.588955,0.480595
27379,92443,0.000000,0.000876
2513,62083,0.000000,0.000000
84034,119699,0.000000,0.000089
113148,54500,0.000000,0.092249
75135,29733,0.570804,0.063589
62943,98702,0.000000,0.000000
106352,17341,0.000000,0.032483
1526,28768,0.000000,0.014027
61719,98222,0.000000,0.000956
28768,36136,0.000000,0.000159
36136,97489,0.000000,0.000000
88139,23170,0.570804,0.336850
54500,75135,0.000000,0.127938
76452,23170,0.000000,0.113781
29733,77444,0.570804,0.101664
96588,76452,0.000000,0.002215
110157,42929,0.000000,0.000000
42929,96536,0.000000,0.000146
56231,98222,0.000000,0.000000
81563,103932,0.000000,0.017937
77249,75135,0.571921,0.078208
84232,759,0.000000,0.000739
63537,35364,0.000000,0.000445
110157,36136,0.000000,0.000014
35905,60190,1.000000,0.307890
75135,84232,0.571921,0.180924
76452,17341,0.000000,0.040980
43175,56093,0.571397,0.281180
14345,2464,0.000000,0.000001
21658,1526,0.000000,0.017850
15665,36136,0.000000,0.000001
60190,109514,0.000000,0.048279
76452,81239,0.000000,0.071751
21851,99725,0.000000,0.000289
54500,81563,0.000000,0.013973
99725,15665,0.000000,0.000408
89087,99725,0.000000,0.000139
62305,19326,0.570804,0.355201
97489,24266,0.000000,0.017231
81239,83620,0.572389,0.268574
103932,96536,0.000000,0.029400
98222,1526,0.000000,0.000337
76452,24266,0.000000,0.017231
42929,41560,0.000000,0.000284
19326,35905,0.570804,0.202495
73187,21658,0.000000,0.034668
32528,96536,0.000000,0.266658
36136,69996,0.000000,0.000000
54500,89087,0.000000,0.526957
759,21673,0.000000,0.000537
103932,53131,0.000000,0.006109
64233,110157,0.000000,0.192772
19326,56093,0.570804,0.354741
17341,76452,0.000000,0.055068
37167,97489,0.000000,0.016764
35364,11942,0.570804,0.013270
61719,97489,0.000000,0.021739
89087,76452,0.000000,0.082471
35905,1832,1.000000,0.059743
84232,112177,0.000000,0.167990
14345,56231,0.000000,0.000001
21658,29733,0.570804,0.139519
23170,83620,0.570804,0.322066
19326,113148,0.000000,0.203173
81563,94773,0.000000,0.139707
103932,54500,0.000000,0.000457
28768,59192,0.570804,0.552207
54500,77249,0.000000,0.231980
81239,110157,0.000000,0.205348
46792,37167,0.000000,0.000368
60190,36136,0.000000,0.000061
35905,120638,0.571397,0.045169
60190,21658,0.571921,0.200718
110195,29733,0.000000,0.007573
19326,63537,0.000000,0.000031
88139,1526,0.000000,0.006933
59192,28768,0.570804,0.575316
60190,53131,0.571921,0.606008
96588,94773,0.000000,0.030185
11942,84232,0.570804,0.096265
84232,62305,0.574476,0.306361
98702,64233,0.000000,0.126473
120638,76452,0.000000,0.076001
88139,110195,0.000000,0.000758
103932,96588,0.000000,0.000006
1526,81239,0.000000,0.000378
81239,84232,0.578536,0.268632
109514,77249,0.000000,0.060597
42929,94773,0.000000,0.000072
77249,69996,0.571921,0.109718
24266,54500,0.000000,0.411949
84232,35364,0.574998,0.211867
56231,77444,0.000000,0.000001
36136,46792,0.000000,0.011751
62943,120638,0.000000,0.000000
109514,64233,0.000000,0.016787
15665,104006,0.571397,0.707218
41560,99725,0.000000,0.000153
83620,81239,0.572389,0.208753
2464,60190,0.000000,0.170363
69996,106352,0.000000,0.049505
77249,36136,0.000000,0.000003
15665,84232,0.573554,0.240035
67688,99072,0.000000,0.004481
34128,8022,0.593998,0.595720
19558,115221,0.000000,0.003227
34128,37236,0.593998,0.612890
65779,109632,0.594070,0.544584
38759,72206,0.000000,0.160104
29467,46682,0.000000,0.059765
53065,65779,0.594415,0.350758
53204,90514,0.000000,0.000000
41481,52257,0.593998,0.609078
104057,65779,0.593849,0.203190
74674,21656,0.000000,0.000000
44450,115221,0.595089,0.654845
97942,66249,0.000000,0.003263
14991,90131,0.000000,0.000335
14991,67602,0.000000,0.000000
19558,110922,0.000000,0.006027
13306,19558,0.000000,0.000872
74674,115221,0.594280,0.629028
99072,70636,0.000000,0.000172
67186,62083,0.000000,0.000000
14991,70636,0.000000,0.000027
122489,7193,0.000000,0.055352
37236,14991,0.594348,0.662847
37236,90131,0.000000,0.000068
72424,8022,0.594211,0.497112
94975,122489,0.000000,0.000075
21656,72424,0.000000,0.000034
115221,37236,0.594348,0.633683
3541,67688,0.000000,0.000231
13306,20278,0.594415,0.538166
58565,7193,0.000000,0.009781
21038,58443,0.000000,0.000000
117481,13306,0.000000,0.000786
49837,115221,0.594141,0.641552
29467,6612,0.000000,0.085506
67602,122489,0.000000,0.000002
97942,67602,0.000000,0.000000
90514,55676,0.000000,0.000028
53065,104057,0.593849,0.635905
87091,55676,1.000000,0.570538
41481,21038,0.593998,0.648571
58565,97942,0.000000,0.018623
115221,46682,0.000000,0.011974
49837,21038,0.594141,0.599944
44450,72206,0.593924,0.629943
72424,1108,0.000000,0.000005
66249,65133,0.000000,0.000032
18614,55676,0.594070,0.546236
3541,19558,0.542352,0.000208
58565,19558,0.000000,0.014955
65133,67688,0.000000,0.000004
99072,53204,0.000000,0.000062
18772,109632,0.000000,0.003194
66249,58565,0.000000,0.010449
53065,18772,0.000000,0.000066
65779,37236,0.594348,0.709409
66249,8022,0.000000,0.002649
52257,113663,0.594070,0.634796
53204,29467,0.000000,0.020279
72424,47667,0.594211,0.260948
38759,5658,0.541507,0.000132
53204,5658,0.000000,0.071000
97942,62083,0.000000,0.000000
65779,55610,0.597638,0.484337
97942,48906,0.000000,0.000092
30567,72206,0.593924,0.619349
35166,122489,0.000000,0.011714
38759,35166,0.000000,0.000818
86936,87091,0.000000,0.000004
1108,29467,0.000000,0.000016
13306,53204,0.594734,0.626511
34128,49837,0.593998,0.570208
49837,18614,0.594070,0.502628
70636,48906,0.000000,0.002653
65133,122489,0.000000,0.005944
72424,35166,0.000000,0.019813
2175,67186,0.000000,0.000113
18772,74674,0.000000,0.000826
14991,90514,0.000000,0.000000
55610,30567,0.594481,0.539410
55676,113663,0.594211,0.545598
72206,5658,0.000000,0.120727
104057,35066,0.000000,0.000000
113663,46682,0.000000,0.002409
20278,67186,0.000000,0.000334
67186,102960,0.000000,0.006417
72424,87091,1.000000,0.406078
115221,65133,0.000000,0.402473
55610,53204,0.595364,0.144376
18614,47667,0.594070,0.506847
2175,110922,0.000000,0.000036
1108,72206,0.000000,0.000022
29467,113663,0.000000,0.052854
21038,47667,0.594546,0.593086
35166,13306,0.000000,0.013054
113663,49837,0.594141,0.614692
122489,65133,0.000000,0.001617
87091,86936,0.000000,0.000000
49837,34128,0.593998,0.597877
5703,82364,1.000000,0.376290
40864,8787,1.000000,0.148504
90390,72778,0.566628,0.345269
55268,93816,0.565128,0.236534
112398,94805,0.000000,0.292495
109622,38515,0.000000,0.290877
49545,106305,0.000000,0.129286
120503,10362,0.000000,0.168760
87215,82364,0.000000,0.026283
90337,112520,0.000000,0.491491
56116,72778,0.000000,0.228867
72778,33741,0.565128,0.274490
106305,112520,0.000000,0.430965
90819,53870,0.000000,0.081987
38515,5147,0.000000,0.000018
12010,94805,0.000000,0.084730
8787,35514,1.000000,0.439699
12928,24562,0.000000,0.005415
87811,43001,0.000000,0.107233
82364,38358,0.565128,0.400971
94805,106076,0.000000,0.027434
106076,8787,0.000000,0.211757
120503,24562,0.000000,0.549383
69679,79335,0.565128,0.203384
81734,90819,0.550022,0.053642
106076,119110,0.000000,0.074110
9524,72778,0.565128,0.203425
66541,81097,1.000000,0.363470
40864,94805,0.000000,0.009419
112398,41781,0.565128,0.335163
106305,92470,0.000000,0.070248
80659,43001,0.000000,0.110506
109622,94805,0.000000,0.153916
82671,80659,0.000000,0.033995
12010,52952,0.000000,0.408719
103932,93816,0.000000,0.000860
86289,90819,0.000000,0.085004
35514,66541,1.000000,0.429565
120503,33741,0.000000,0.313347
87215,8787,0.000000,0.072216
56116,8787,0.000000,0.534438
106076,69679,0.000000,0.131790
94805,103932,0.000000,0.000048
87811,37752,0.000000,0.018056
118691,81097,1.000000,0.399085
69679,62943,0.000000,0.000000
9524,24525,0.000000,0.016967
12480,40864,0.000000,0.621614
37752,24562,0.000000,0.405415
70228,92470,0.000000,0.006222
16233,81097,0.000000,0.253175
119110,24562,0.000000,0.562053
10362,79335,0.565941,0.325620
2454,70228,0.000000,0.011390
52952,92470,0.000000,0.194007
112520,69679,0.000000,0.307808
8787,5147,0.000000,0.000004
69679,76684,0.565128,0.326553
66541,87215,0.000000,0.188521
81097,93816,0.565128,0.366726
86289,53522,1.000000,0.236273
49545,72778,0.000000,0.196565
81734,87811,0.550022,0.070790
53870,84059,1.000000,0.466514
10362,40864,1.000000,0.455624
24562,53870,0.000000,0.220208
90337,364,1.000000,0.381867
43001,86289,0.000000,0.223642
80659,8787,0.565941,0.318217
43001,40864,0.000000,0.141025
51770,27957,0.000000,0.000216
94805,10362,0.000000,0.035996
79335,53870,0.566628,0.264751
106305,41781,0.565128,0.157422
106076,90337,0.000000,0.081780
103547,43001,0.000000,0.222970
90390,24525,0.000000,0.010390
69679,90390,0.565128,0.156381
87215,106076,0.000000,0.007283
89656,9524,1.000000,0.219445
82364,86289,0.000000,0.179863
118691,62943,0.000000,0.000000
87811,89656,0.000000,0.132218
10362,5147,0.000000,0.000044
90337,106076,0.000000,0.056500
94805,92470,0.000000,0.037553
81734,9524,0.000000,0.085238
92470,112520,0.000000,0.227069
80659,53064,0.565941,0.124796
66541,56116,0.000000,0.485537
43001,70228,0.000000,0.013033
41781,5703,0.565128,0.117663
103932,70228,0.000000,0.000047
49545,93816,0.000000,0.291337
24525,38515,0.000000,0.001594
12010,72778,0.000000,0.178154
40864,62943,0.000000,0.000000
33741,81097,0.565128,0.318933
92470,27957,0.000000,0.037404
52952,87215,0.000000,0.165424
77260,121465,0.659745,0.469849
26502,68245,0.660444,0.545145
19051,58273,0.659745,0.208522
60020,14412,0.659992,0.203038
64515,117856,0.659992,0.133425
13390,9237,0.659745,0.546603
74258,60020,0.659992,0.360397
14412,116686,0.659992,0.185011
89690,82899,0.659992,0.136333
121465,86247,0.659745,0.479542
14108,14412,1.000000,0.633824
34807,69195,0.659200,0.623472
31787,35820,1.000000,0.536710
50749,45511,0.659745,0.108251
54264,15454,0.659745,0.519029
58273,66601,0.659745,0.531254
58273,87607,0.659745,0.116986
35820,48782,0.659992,0.489783
117856,7149,0.659482,0.599677
64515,55473,1.000000,0.132080
34807,72638,0.659200,0.534683
27672,55862,0.659482,0.495130
74258,106897,0.659992,0.408925
65429,105847,1.000000,0.116007
86034,50186,0.661395,0.559537
81274,116686,0.660852,0.543347
74695,114826,0.659745,0.114755
64515,7149,0.659482,0.124427
13390,14412,0.659745,0.193006
31787,81274,0.660852,0.543177
55862,54264,0.659482,0.524368
74695,58273,0.659745,0.588372
106897,74695,0.661041,0.561908
118658,74695,0.661222,0.567075
74258,82899,0.659992,0.143988
121465,7149,0.659482,0.535650
121465,26678,0.659745,0.479617
117825,26678,1.000000,0.530107
74258,118658,0.659992,0.403802
26678,50186,0.660653,0.552410
48782,106897,0.659992,0.482861
55862,48138,0.659482,0.529020
65429,14108,0.659992,0.182554
66601,60020,0.662163,0.567033
87607,74258,0.659992,0.151953
74695,55473,0.659992,0.597857
55473,14108,1.000000,0.198271
14412,55473,1.000000,0.198380
25226,35417,0.660444,0.517805
33053,116686,0.660852,0.170241
9237,89690,0.659992,0.555099
94079,13390,0.659745,0.536900
106897,50749,0.659745,0.469423
13390,48138,0.659745,0.535994
94079,19051,0.660653,0.234639
119044,26502,0.661041,0.171418
116686,21201,0.659992,0.490349
21201,116686,0.659992,0.488300
48782,27672,0.659992,0.353990
14108,86247,0.659992,0.187459
117825,19051,1.000000,0.216597
7149,50186,0.659482,0.604538
77260,45511,0.660653,0.136642
48138,86247,0.660653,0.510031
81274,117825,0.660653,0.530623
50110,35417,0.660653,0.526678
114826,19051,0.659745,0.571018
60020,27672,0.660224,0.340070
65429,26678,0.660444,0.518172
77260,31787,0.660852,0.535966
48138,18275,0.000000,0.000003
26678,54264,0.659745,0.481414
55473,81274,0.659992,0.599128
87040,21201,0.659992,0.475698
77260,68245,0.660444,0.565778
116686,9237,0.660444,0.520304
72638,34807,0.659200,0.545639
86034,33053,0.661041,0.175380
65429,45511,0.660444,0.122908
87607,86034,0.660224,0.121513
106897,109965,0.659745,0.541276
12707,15454,0.660653,0.559459
18275,45511,0.000000,0.000564
35417,21201,0.659992,0.496408
115895,21201,0.659992,0.455404
7149,72638,0.659482,0.532722
12707,86247,0.660653,0.507384
60020,25226,0.660444,0.483526
69195,54264,0.659745,0.515737
66601,117825,0.660653,0.497020
106095,66601,0.660852,0.511247
15454,12707,0.660653,0.561272
12707,18275,0.000000,0.000004
48138,77260,0.661041,0.532971
55862,118658,0.659482,0.535039
114826,9237,0.659745,0.113166
106095,50749,0.659745,0.475185
74258,114826,0.659745,0.118029
106095,48138,0.660852,0.524391
21201,72638,1.000000,0.508720
82176,43201,0.000000,0.000000
101966,109274,0.587286,0.520627
86988,19043,0.000000,0.000096
43201,88458,0.000000,0.000010
42747,92232,0.587286,0.452397
61234,89462,0.589180,0.527903
50077,94660,0.000000,0.483140
92618,84730,0.000000,0.000016
109434,92618,0.000000,0.000000
84730,75276,0.000000,0.011816
36163,98872,0.588717,0.555113
84730,101966,0.587286,0.587356
75276,115055,0.000000,0.016164
86988,91200,0.000000,0.130118
40827,66266,0.587612,0.628582
17987,101054,0.000000,0.000005
109274,122369,0.000000,0.025148
89243,40827,0.000000,0.013338
12370,19043,0.000000,0.000000
79905,94660,0.000000,0.429245
91200,79905,0.000000,0.011627
85696,109434,0.000000,0.010612
47171,17987,0.000000,0.000000
109274,31917,0.587612,0.517289
118148,91200,0.000000,0.001350
19043,17987,1.000000,0.997104
67108,17987,1.000000,0.996512
91200,98872,0.000000,0.008677
115055,27258,0.587612,0.596457
82176,122369,0.000000,0.029288
101054,20570,0.588200,0.631741
82176,101966,0.587286,0.530746
20570,62584,0.588717,0.547237
18576,91200,0.000000,0.008120
81230,115055,0.587612,0.602635
111681,98872,0.000000,0.000160
94660,91200,0.000000,0.001657
79905,108537,0.000000,0.028555
118148,88502,0.588717,0.531501
43201,86988,0.000000,0.000011
118148,19043,0.000000,0.000016
36163,62083,0.000000,0.000000
19043,80714,0.000000,0.000057
109434,19043,0.000000,0.000000
16501,19266,0.588955,0.500476
61234,82176,0.588955,0.514906
98872,16501,0.588955,0.526090
50077,66266,0.586132,0.594838
81460,91200,0.000000,0.009246
82176,92232,0.587286,0.437956
103911,31054,0.000000,0.000094
79905,111681,0.000000,0.000009
84730,111681,0.000000,0.000041
51337,52668,0.000000,0.000320
57431,61234,0.588717,0.558817
98872,111681,0.000000,0.000053
82176,84730,0.588717,0.553946
67108,31917,0.000000,0.000004
103911,91867,0.000000,0.000097
108537,101054,0.000000,0.010076
61234,16501,0.588955,0.515240
18576,92232,0.000000,0.148683
18576,17987,0.000000,0.000052
61234,43201,0.000000,0.000000
66266,89462,0.588466,0.552211
20570,109434,0.000000,0.016360
31054,20570,0.588717,0.562645
62083,98872,0.000000,0.000000
85696,40827,0.587612,0.539010
88458,17987,0.000000,0.000000
36163,82176,0.588717,0.547022
94762,18576,0.000000,0.160349
40827,48952,0.587612,0.516574
67108,111681,1.000000,0.965369
66266,115055,0.587612,0.602823
40827,101054,0.587612,0.626872
47171,88502,0.586551,0.599140
92232,81230,0.587286,0.498080
92232,43201,0.000000,0.000000
62083,31253,0.000000,0.000000
101966,109434,0.000000,0.023537
19043,50077,0.000000,0.000003
48952,27258,0.587916,0.485661
48952,94660,0.000000,0.427887
40827,94762,0.587612,0.533588
101054,88502,0.588200,0.631768
82176,49841,0.000000,0.003493
12370,116861,0.586934,0.598589
16501,101966,0.587286,0.530741
16501,88458,0.588200,0.556610
101966,84730,0.587286,0.616102
101054,116861,0.586934,0.587195
109434,49841,0.585668,0.599189
40827,12370,0.655053,0.618432
111681,40827,0.000000,0.000013
75276,50077,0.000000,0.019389
12370,98872,0.587612,0.536725
48952,31917,0.587612,0.531045
66266,27258,0.588466,0.615652
12370,14100,0.000000,0.212492
62290,46434,0.587884,0.523034
62943,111730,0.000000,0.000000
665,114259,0.000000,0.053007
121857,66131,0.588303,0.624105
14590,111730,0.587421,0.607944
58151,66131,0.588303,0.591118
96536,57327,0.588303,0.481056
51147,117779,0.000000,0.000000
77329,109718,0.587884,0.631201
110195,665,0.000000,0.011809
51147,112347,0.587884,0.320741
66131,102013,0.000000,0.000094
102013,29803,0.000000,0.000016
109718,114259,0.000000,0.014292
110195,96536,0.000000,0.034942
4609,14345,0.000000,0.000000
109718,8670,0.587884,0.544556
117464,121857,0.589037,0.632248
62083,121366,0.000000,0.000000
51147,118397,0.000000,0.000853
57327,62943,0.000000,0.000000
92796,29803,0.586902,0.573314
55754,50932,0.585636,0.614174
62290,121366,0.000000,0.000000
77329,106977,0.000000,0.000262
66131,54597,0.588303,0.615406
46434,112347,1.000000,0.592266
117464,108328,0.000000,0.000000
29238,40364,0.000000,0.000005
37382,121366,0.000000,0.000000
96536,109718,0.588303,0.467479
14345,106977,0.000000,0.000001
57327,88709,0.587884,0.509669
55754,109718,0.585636,0.578760
76452,96536,0.000000,0.066437
76452,92796,0.000000,0.233662
15446,88709,1.000000,0.347222
665,104131,0.587421,0.189008
66131,97417,1.000000,0.614409
30248,88149,0.000000,0.000915
88709,51147,0.587884,0.157439
77508,104131,0.000000,0.000010
92796,29238,1.000000,0.249524
11536,62290,0.587421,0.613464
62943,15446,0.000000,0.000000
66131,117464,0.588303,0.568656
111730,60017,0.000000,0.000000
29564,97417,0.587421,0.207084
111730,62083,0.000000,0.000000
46434,77329,1.000000,0.534026
29564,55352,0.587421,0.307346
51147,42944,0.589037,0.069260
118397,77329,0.000000,0.000021
51147,50932,0.587884,0.360099
15446,37382,1.000000,0.366134
14345,66131,0.000000,0.000001
102013,77329,0.000000,0.000005
97417,82793,1.000000,0.623200
96536,92796,0.588685,0.598881
110195,104131,0.000000,0.020029
97489,58151,0.000000,0.041423
102013,54597,0.000000,0.000006
40243,55754,0.585636,0.649867
108328,110195,0.000000,0.000140
104131,56231,0.000000,0.000000
4609,88709,0.587884,0.498189
15446,77508,0.000000,0.000000
42944,106977,0.000000,0.000376
96536,46347,0.588303,0.172015
58151,79877,0.588303,0.442518
102013,11536,0.000000,0.000012
88709,92796,0.587884,0.537241
106977,66131,0.000000,0.000077
27742,15446,0.000000,0.000002
50932,117464,0.587884,0.584239
118397,109718,0.000000,0.000093
109718,104131,0.588303,0.588567
102013,88852,0.000000,0.000008
92796,50932,0.587884,0.635627
665,30248,0.587421,0.156877
46792,30248,0.000000,0.000043
60017,665,0.000000,0.000002
121857,88709,0.587884,0.505223
24753,121366,0.000000,0.000000
51147,66131,0.588303,0.229846
46434,79877,0.587884,0.582224
29238,62290,0.588303,0.238424
46792,113055,0.000000,0.000000
11536,50932,0.587421,0.605167
58151,40364,0.000000,0.000000
14590,54597,0.588685,0.591134
42944,77508,0.000000,0.000000
104131,46347,0.588303,0.465928
66131,29803,0.586902,0.595733
88149,46347,0.000000,0.002182
46792,97417,0.000000,0.000295
54597,29803,0.586902,0.580054
97417,117464,0.588303,0.590167
29803,79877,0.586902,0.543235
114259,37382,0.000000,0.001444
32884,17880,0.000000,0.226932
22159,111562,0.565936,0.098941
89490,3381,0.000000,0.292423
21819,3381,0.000000,0.057204
109665,16513,0.567435,0.269173
2023,26389,0.568030,0.157604
665,14345,0.000000,0.000004
103932,73316,0.000000,0.000111
21021,6395,0.000000,0.039375
56231,19349,0.000000,0.000000
76452,4605,0.000000,0.014237
32884,8848,1.000000,0.156316
21021,79335,0.000000,0.115306
83973,14345,0.000000,0.000000
21819,59729,0.567435,0.113743
17920,99903,0.566749,0.274155
97489,73316,0.000000,0.003195
73316,53592,0.000000,0.003211
8198,23601,0.551533,0.000087
26950,46792,0.000000,0.000010
62943,44925,0.000000,0.000000
99903,23601,0.000000,0.075396
104292,6395,0.565936,0.403176
99903,57760,0.000000,0.085702
22397,75292,0.565936,0.259370
76452,36246,0.000000,0.014239
16513,17920,0.569835,0.334520
17880,9189,0.000000,0.179260
57760,26950,0.000000,0.664090
59242,73316,0.000000,0.003187
3381,4605,0.000000,0.034033
11604,16113,0.000000,0.336894
87245,665,0.000000,0.017880
9159,113103,0.000000,0.103525
44925,108059,0.566749,0.179404
4605,9159,0.568555,0.269509
9159,19349,0.567435,0.240891
19654,4605,0.565936,0.094468
82916,103932,0.000000,0.000558
32998,665,0.000000,0.007140
17920,2023,0.568030,0.211420
38496,14345,0.000000,0.000000
104224,62943,0.000000,0.000000
6395,38496,0.000000,0.003023
82916,75292,0.000000,0.000027
38496,110195,0.000000,0.000000
23601,96536,0.000000,0.075973
9159,96536,0.000000,0.007384
16513,11604,0.567435,0.158251
79335,110195,0.000000,0.009596
111562,44925,1.000000,0.192194
23601,110195,0.000000,0.000714
26389,107503,0.000000,0.000045
9189,87245,0.566749,0.169660
14345,11604,0.000000,0.000008
83973,17880,0.000000,0.276003
2023,9189,0.567435,0.237002
59729,4605,0.568555,0.206152
44925,89490,1.000000,0.273975
46792,17880,0.000000,0.009479
2023,665,0.000000,0.033042
109665,8198,0.000000,0.001066
8198,8848,0.000000,0.000915
97489,111562,0.000000,0.023289
83973,44925,0.567435,0.507420
104292,17920,0.566749,0.345902
103932,75292,0.000000,0.000197
9176,21021,0.000000,0.024333
103932,23601,0.000000,0.001010
32392,38496,0.000000,0.004266
73316,107503,0.000000,0.000230
9159,97489,0.000000,0.008266
83973,22397,0.565936,0.561584
75155,87245,0.566749,0.282333
37064,46792,0.000000,0.025611
37064,17880,0.000000,0.454090
17880,54479,0.000000,0.052540
89490,42741,0.565936,0.072255
46792,21021,0.000000,0.000087
109665,26950,1.000000,0.207876
75292,96536,0.000000,0.001816
28829,21021,0.000000,0.025989
76452,3381,0.000000,0.062359
75292,107503,0.000000,0.001447
99903,113103,0.000000,0.327091
32998,6395,0.000000,0.106903
21021,75292,0.000000,0.009752
76452,109665,0.000000,0.006866
83973,103932,0.000000,0.000311
75155,17920,0.568030,0.302239
44925,49902,0.567435,0.073637
76452,26389,0.000000,0.075260
2023,9176,0.566749,0.099996
62943,111562,0.000000,0.000000
44925,8198,0.000000,0.000617
9159,32998,0.000000,0.283848
8198,54479,0.000000,0.003831
54479,83973,0.000000,0.084127
8198,2023,0.000000,0.000337
37064,38496,0.000000,0.004288
97681,15234,0.000000,0.067764
55028,74005,0.000000,0.161665
108232,101062,0.000000,0.009939
119395,62754,0.000000,0.000543
67203,104525,0.000000,0.259011
22177,119395,0.000000,0.000186
25436,4656,0.567582,0.000388
119395,101062,0.000000,0.034285
98691,17772,0.000000,0.011085
69658,17888,0.000000,0.005672
85979,22177,0.000000,0.000000
47320,74276,0.000000,0.009970
62754,7844,0.000000,0.000191
30720,17888,0.000000,0.000010
62754,42307,0.000000,0.028216
79874,42307,0.587979,0.339369
29331,67203,0.564492,0.100624
29243,33327,0.000000,0.000802
96044,2679,0.000000,0.091445
18729,106380,0.000000,0.000000
18729,4656,0.000000,0.000008
67203,29331,0.564492,0.206391
97480,67954,0.000000,0.000022
116705,43324,0.000000,0.001485
30276,103698,0.000000,0.081176
80277,62257,0.564492,0.259011
113648,42307,0.000000,0.011838
16224,11689,0.000000,0.007962
29243,31227,0.000000,0.012190
104525,29243,0.000000,0.001072
42307,2679,0.000000,0.057163
77508,7603,0.000000,0.000000
69658,74276,0.000000,0.002032
62257,7844,0.000000,0.701263
116705,11689,0.000000,0.002081
104692,50380,0.000000,0.352361
70231,109706,0.000000,0.000007
113648,80277,0.564492,0.327488
22177,117779,0.000000,0.000000
31227,103698,0.000000,0.040896
85979,29243,0.000000,0.000480
29331,44265,0.000000,0.146115
85979,44265,0.000000,0.014377
103569,96044,0.000000,0.000000
30276,29331,0.000000,0.027090
13290,16224,0.000000,0.129523
33327,4844,0.000000,0.016004
17772,4844,0.000000,0.022599
62943,120644,0.000000,0.000000
117779,22177,0.000000,0.000027
74276,22177,0.000000,0.000946
121315,17772,0.000000,0.007672
55028,98691,0.000000,0.197547
47320,80277,0.000000,0.035240
13290,22177,0.000000,0.000142
96044,104525,0.000000,0.034647
62257,52181,0.000000,0.055616
7844,67954,0.000000,0.000027
85979,30720,0.000000,0.000000
55028,29243,0.000000,0.014488
103045,4656,0.567582,0.080400
42307,79874,0.587979,0.360556
98691,113648,0.000000,0.028177
106380,79874,0.000000,0.000000
2679,43324,0.000000,0.000034
17888,43324,0.000000,0.000000
18729,80277,0.000000,0.000002
117779,116705,0.000000,0.000000
43324,80277,0.000000,0.003320
98135,7603,0.000000,0.021546
30720,47320,0.000000,0.000001
15234,62943,0.000000,0.000000
67203,7844,0.000000,0.259011
74005,4656,0.000000,0.075421
97480,98135,0.565775,0.098615
62943,4656,0.000000,0.000000
7603,97480,0.000000,0.017780
7603,98135,0.000000,0.010417
67203,16050,0.000000,0.001933
119395,7844,0.000000,0.032437
62943,104525,0.000000,0.000000
18729,120644,0.000000,0.000003
109706,74276,0.000000,0.250215
120644,79874,0.000000,0.000000
30974,43324,0.000000,0.000934
98691,25436,0.000000,0.000117
97480,33327,0.000000,0.036218
117779,30974,0.000000,0.000000
109706,17772,0.000000,0.003878
106380,23080,0.000000,0.000000
16050,96044,0.000000,0.000036
17888,23080,0.000000,0.000111
85979,50380,0.570280,0.116886
106380,62943,0.000000,0.000000
103569,104692,0.000000,0.000000
103698,104692,0.000000,0.097176
17772,85979,0.000000,0.012251
106380,101062,0.000000,0.000000
70231,44265,0.000000,0.000000
113648,108232,0.000000,0.004888
110423,91124,0.000000,0.000002
28135,94505,0.000000,0.000004
116923,50006,0.000000,0.394815
102349,86911,1.000000,0.944262
23731,91124,0.000000,0.432490
73617,44625,0.000000,0.435564
110423,94505,1.000000,0.908954
63916,96179,0.000000,0.000001
28135,91124,0.000000,0.358637
122566,86514,1.000000,0.998906
50199,11892,0.000000,0.000064
20054,100864,0.545542,0.390611
60586,15625,0.000000,0.000001
9379,115332,1.000000,0.986581
20054,76639,0.000000,0.003401
68774,98375,0.545542,0.394838
14096,28135,0.000000,0.000000
107428,34855,0.000000,0.000000
107428,101029,0.000000,0.000000
67446,23731,0.000000,0.298853
62102,116923,0.000000,0.495933
43457,73617,1.000000,0.433175
102349,83855,1.000000,0.984757
71614,110998,0.000000,0.227797
34855,110423,1.000000,0.997607
60586,68774,0.000000,0.458170
98375,53348,0.000000,0.410724
61778,50199,0.000000,0.452585
50006,20054,0.649912,0.459181
17914,94505,1.000000,0.898639
17914,63916,0.000000,0.000000
14096,114425,1.000000,0.997937
20054,60586,0.000000,0.446701
73644,50006,0.000000,0.432836
46536,48144,0.000000,0.538116
53348,34855,0.000000,0.000000
110423,76639,0.000000,0.000000
86911,62083,1.000000,0.998054
77361,119405,0.000000,0.000021
102349,85416,0.000000,0.000005
15625,86514,1.000000,0.987956
66667,46536,0.000000,0.000071
91616,50657,1.000000,0.004276
73644,100864,0.000000,0.351612
15625,50006,0.000000,0.000001
100864,98375,0.545542,0.375983
61904,43457,1.000000,0.997572
73644,34855,0.000000,0.000000
44625,62083,0.000000,0.999588
110998,43457,0.000000,0.000000
94505,68803,0.000000,0.000034
82111,86514,0.000000,0.000000
34855,48144,0.000000,0.000006
91124,28135,0.000000,0.225243
45391,15625,0.000000,0.000002
49542,15625,0.000000,0.000001
122566,68774,0.000000,0.000002
34855,15625,1.000000,0.974632
82241,68774,0.000000,0.000102
82111,50199,0.665233,0.476995
94505,98375,0.000000,0.000006
47830,50199,0.546293,0.460282
28135,82241,0.000000,0.000002
67446,21636,0.000000,0.161342
114425,20054,0.000000,0.000000
91682,14096,0.000000,0.000000
61778,86911,0.000000,0.000000
62083,11892,0.000000,0.010934
43457,48144,0.000000,0.000010
61904,28135,0.000000,0.000000
63916,48144,0.000000,0.412648
9379,110998,0.000000,0.000001
91124,37707,0.546293,0.460195
17914,115332,1.000000,0.986174
61904,44625,0.000000,0.995893
68774,110998,0.000000,0.238503
49542,82241,0.000000,0.000002
63916,62102,0.000000,0.395731
48144,53348,0.000000,0.512183
76639,34855,0.000000,0.000000
73617,82241,1.000000,0.302459
15625,45391,0.000000,0.000008
119405,50006,0.000000,0.000005
66667,102349,1.000000,0.969312
119405,17914,1.000000,0.907163
67446,101029,0.000000,0.000000
17914,86514,1.000000,0.999002
77361,63916,0.000000,0.425317
63916,76639,0.000000,0.003154
28135,76639,0.000000,0.009908
11892,98375,0.000000,0.000077
68774,85416,0.546293,0.438151
23731,76639,0.000000,0.003399
119405,61778,0.000000,0.000081
61778,68774,0.547500,0.497583
50199,71614,0.663616,0.477025
116923,107428,0.546627,0.236864
14096,91616,1.000000,0.997733
100864,94505,0.000000,0.000127
14096,50657,1.000000,0.000382
111002,117779,0.000000,0.000000
104615,86410,0.577094,0.269472
64489,62118,0.000000,0.000000
115440,111236,0.000000,0.000000
49697,96484,0.536301,0.224556
64489,30720,0.000000,0.000000
62083,96484,0.000000,0.000000
120978,64489,0.000000,0.000001
96484,9414,0.000000,0.430409
85880,117779,0.000000,0.000000
100424,54416,0.000000,0.259083
120993,61384,0.000000,0.352646
111236,6045,0.000000,0.000000
120993,51478,0.000000,0.322425
96484,6045,0.000000,0.000001
22008,103569,0.000000,0.000000
120978,62118,0.000000,0.267222
117779,8183,0.000000,0.000000
47291,8183,0.000000,0.000000
22008,56124,0.577561,0.127797
23080,19566,0.000000,0.003664
61384,30720,0.000000,0.000000
10912,6045,0.000000,0.093824
73617,100424,0.000000,0.001753
57860,115440,0.000000,0.097231
29243,61242,0.000000,0.006833
62118,8183,0.000000,0.000000
29243,49697,0.000000,0.000422
6045,94439,0.000000,0.514615
72605,100424,0.000000,0.188752
90944,76057,0.000000,0.074728
122608,54416,0.000000,0.561449
104615,120978,0.000000,0.000316
30720,16313,0.000000,0.000012
52250,61242,0.576572,0.508548
62943,52074,0.000000,0.000000
120978,56231,0.000000,0.010053
86410,10912,0.000000,0.238676
72605,10912,0.000000,0.231563
54416,56124,0.577983,0.329757
51478,62118,0.577561,0.454004
122608,120978,0.000000,0.002334
111236,120978,0.000000,0.000000
19566,6045,0.577983,0.422936
16313,89987,0.000000,0.000000
64489,120993,0.000000,0.000000
56231,96484,0.000000,0.000000
28103,56124,0.000000,0.000000
120993,21809,0.000000,0.598886
64489,51478,0.000000,0.000000
85880,100104,0.000000,0.431999
16313,120644,0.000000,0.000009
100424,115440,0.000000,0.110880
122608,72671,0.000000,0.576479
24975,76057,0.000000,0.000032
8183,14205,0.000000,0.000000
112155,21809,0.000000,0.000041
52250,62118,0.577983,0.469531
3034,47291,0.000000,0.357715
28442,120993,0.000000,0.574760
56124,89987,0.000000,0.000000
21809,29243,0.000000,0.044090
51478,14205,0.577561,0.437531
65201,100424,0.000000,0.000004
64489,111002,0.000000,0.000000
49697,22008,0.000000,0.076493
16313,23080,0.000000,0.002802
117779,112155,0.000000,0.000000
96484,122608,0.000000,0.000071
87228,28442,0.000000,0.000001
104615,72671,0.577561,0.494139
28103,62754,0.000000,0.000000
28103,61242,0.000000,0.000000
92749,21809,0.000000,0.000002
94439,10912,0.000000,0.157371
47291,80731,0.000000,0.103902
104615,87228,0.000000,0.000002
9414,22008,0.000000,0.002614
3034,86410,1.000000,0.409832
14205,49697,0.000000,0.008731
51478,22008,1.000000,0.169408
28103,80731,0.000000,0.000000
9414,62943,0.000000,0.000000
80731,85880,0.000000,0.365265
56231,115440,0.000000,0.000000
86410,54416,0.577094,0.379983
122608,104615,0.000000,0.338334
100424,94439,0.000000,0.120883
24975,73617,0.000000,0.019479
3034,120993,0.000000,0.535140
104615,62118,1.000000,0.305232
111002,100424,0.000000,0.000063
73617,36999,0.000000,0.077309
76057,94439,0.000000,0.070969
16313,86410,0.000000,0.000202
28103,85880,0.000000,0.000000
29243,73617,0.000000,0.031126
73617,112155,0.000000,0.000280
62754,120978,0.000000,0.016674
72605,61384,0.000000,0.653624
53065,67186,0.000000,0.001384
102960,42726,0.000000,0.010775
110922,21656,0.000000,0.000003
22804,47667,0.000000,0.302567
37236,117481,0.000000,0.000041
58565,21038,0.000000,0.014186
35066,113663,0.000000,0.000000
22804,92686,0.000000,0.004779
86078,48906,0.000000,0.000042
27557,53204,0.000000,0.159258
55610,13306,0.594734,0.101703
98719,19558,0.000000,0.000271
115221,86078,0.000000,0.078786
86936,1108,0.000000,0.000097
77646,37236,0.000000,0.143618
61273,86078,0.000000,0.000840
53204,35066,0.000000,0.000000
102960,2430,0.000000,0.005799
65133,20278,0.000000,0.497588
77646,67688,0.000000,0.000112
65133,22804,0.000000,0.002348
65133,41467,0.000000,0.277854
5658,20278,0.000000,0.080515
1108,74674,0.000000,0.000013
115221,35066,0.000000,0.000000
12507,109500,0.585668,0.588790
5658,44450,0.000000,0.087913
77646,21038,0.000000,0.212320
71783,65133,0.000000,0.269462
61273,22804,0.000000,0.000333
47667,22804,0.000000,0.301968
44450,92686,0.000000,0.207578
77646,122489,0.000000,0.025648
92686,38759,0.000000,0.000307
99072,53204,0.000000,0.000062
1108,35179,0.000000,0.000044
67688,99072,0.000000,0.004481
47667,99005,0.000000,0.288405
55676,62083,0.000000,0.000000
29467,66249,0.000000,0.010603
61273,62083,0.000000,0.000000
27557,67186,0.000000,0.000630
5658,67186,0.000000,0.001241
98719,55610,0.000000,0.643297
87091,13306,0.594211,0.685979
1108,58443,0.000000,0.000113
80448,44450,0.594734,0.298855
109500,37236,0.000000,0.245376
55676,109500,0.000000,0.375739
66249,30567,0.000000,0.008433
99072,35179,0.000000,0.000246
58443,62083,0.000000,0.000000
55610,72424,0.594211,0.070513
8022,65779,0.594280,0.423351
55610,90514,0.000000,0.000000
48906,71783,0.000000,0.000938
87091,62083,0.000000,0.000000
53065,2430,0.000000,0.433747
122489,98719,0.000000,0.008998
67688,115221,0.000000,0.000547
44450,21656,0.000000,0.000000
38759,42726,0.000000,0.109477
38759,30567,0.594141,0.144492
29467,19558,0.000000,0.013367
72424,58565,0.000000,0.016310
42726,113663,0.000000,0.158682
113663,74674,0.594280,0.697807
62083,94975,0.000000,0.000000
14339,38759,0.000000,0.002021
48906,90514,0.000000,0.000182
62083,67688,0.000000,0.000001
65133,110922,0.000000,0.312064
58443,27557,0.000000,0.000141
86078,92686,0.000000,0.008464
117481,87091,0.000000,0.000371
44450,12507,0.000000,0.209038
65133,55610,0.000000,0.000017
35066,37236,0.000000,0.000001
115221,77646,0.000000,0.339749
30567,57453,0.000000,0.311804
55610,113663,0.595311,0.271077
3541,29467,0.000000,0.000124
19558,67186,0.000000,0.002752
57453,87091,0.000000,0.323265
19558,117481,0.542352,0.001740
30567,22804,0.000000,0.179746
2430,67186,0.000000,0.001961
99005,12507,0.585668,0.530013
1108,55676,0.000000,0.000019
86078,66249,0.000000,0.000867
1108,102960,0.000000,0.000027
73578,35066,0.000000,0.000000
102960,55610,0.000000,0.003456
102960,53204,0.000000,0.018416
58443,35066,0.000000,0.000100
74674,5658,0.000000,0.023373
29467,65779,0.000000,0.009749
99005,42726,0.000000,0.000383
20278,80448,0.594415,0.488639
80448,48906,0.000000,0.002432
99072,14991,0.000000,0.000085
65133,21656,0.000000,0.000000
104057,55676,0.593849,0.644704
80448,72206,0.593924,0.600206
55676,90514,0.000000,0.000001
34128,14991,0.593998,0.660084
3541,67602,0.000000,0.000283
109632,38759,0.000000,0.150904
90514,14991,0.000000,0.000009
67688,80448,0.000000,0.001321
97942,104057,0.593849,0.642573
67186,113663,0.000000,0.003873
34128,90131,0.000000,0.000621
55676,113663,0.594211,0.545598
90514,7193,0.000000,0.000010
58443,67602,0.000000,0.000192
72206,47667,0.593924,0.731408
67186,38759,0.000000,0.004432
20278,20876,0.593773,0.596875
19493,37236,0.593773,0.655809
74674,113663,0.594280,0.666367
115221,67602,0.000000,0.000000
8022,53065,0.594280,0.707015
99072,72424,0.000000,0.000068
53204,21038,0.595364,0.666778
97942,37236,0.593998,0.612776
5018,55676,0.000000,0.018431
49837,90514,0.000000,0.000000
67186,35066,0.000000,0.000009
47667,66249,0.000000,0.007199
20278,58565,0.000000,0.001228
18614,65779,0.594070,0.257200
102960,57155,0.000000,0.003214
102960,90131,0.000000,0.014931
35179,67602,0.000000,0.000149
38759,86936,0.000000,0.000020
7193,90131,0.000000,0.000152
65133,52257,0.000000,0.375851
67602,49837,0.000000,0.000001
48906,80448,0.000000,0.000486
57155,53204,0.000000,0.061240
21656,94975,0.000000,0.000259
109632,97942,0.593998,0.601154
70636,72206,0.000000,0.001137
19558,66249,0.542352,0.001498
18614,5658,0.000000,0.016713
53065,70636,0.000000,0.000020
34128,65779,0.593998,0.212050
70636,53065,0.000000,0.000178
18614,20278,0.594070,0.329906
86042,122489,0.000000,0.028619
55610,87091,0.594211,0.823537
67186,86936,0.000000,0.000189
53204,38759,0.000000,0.017272
52257,7193,0.593998,0.645822
52257,122489,0.000000,0.027183
65133,117481,0.000000,0.000003
86936,80448,0.000000,0.000007
21656,20278,0.000000,0.000011
67186,18614,0.000000,0.024681
18614,52257,1.000000,0.569936
3541,86042,0.000000,0.002777
13306,20876,0.593773,0.572594
72206,55610,0.593924,0.007656
80448,67186,0.000000,0.013301
109632,62083,0.000000,0.000000
18614,65133,0.000000,0.012521
7193,20876,0.593773,0.607468
72206,90514,0.000000,0.000000
1108,109632,0.000000,0.000092
72206,99072,0.000000,0.000001
86936,5018,0.000000,0.001316
55676,53065,0.594211,0.478715
66249,113663,0.000000,0.003225
87091,97942,0.593998,0.586420
34128,70636,0.000000,0.000060
90131,58443,0.000000,0.000857
1108,72206,0.000000,0.000022
34128,38759,0.000000,0.051957
53204,21656,0.000000,0.000000
5018,115221,0.000000,0.010764
72206,65133,0.000000,0.312624
67688,38759,0.000000,0.003219
122489,109632,0.000000,0.130000
21656,35179,0.000000,0.000151
48906,53065,0.000000,0.000410
14991,21038,0.597794,0.721356
19493,41481,0.593773,0.681185
110922,44450,0.595089,0.604045
55610,49837,0.594141,0.057993
72206,58443,0.000000,0.000001
20876,57155,0.000000,0.031082
7193,13306,0.593998,0.677544
110922,67186,0.000000,0.000321
86936,22835,0.000000,0.000037
110922,99072,0.000000,0.000003
72206,122489,0.000000,0.033539
37236,53204,0.594348,0.636988
8022,86042,0.000000,0.001082
90131,20876,0.000000,0.002597
11264,79283,0.000000,0.000000
51021,69359,0.000000,0.041793
4250,35160,0.000000,0.445423
15588,83799,0.000000,0.000000
105308,45683,0.000000,0.080465
98148,83799,0.000000,0.000001
79283,79304,0.000000,0.000000
83799,64776,0.000000,0.000000
72452,102047,0.000000,0.490700
115383,113322,0.000000,0.000000
71709,74603,0.000000,0.000161
40502,65320,0.000000,0.000135
23771,96244,0.000000,0.002262
79304,70946,0.000000,0.971685
107420,115383,0.000000,0.000000
15588,4250,0.000000,0.266695
4250,32597,0.000000,0.392483
51958,38408,0.000000,0.000000
62587,120373,0.000000,0.958657
63087,35160,0.000000,0.000028
32597,57685,0.000000,0.335877
19585,38408,0.000000,0.775004
51021,4250,0.000000,0.000225
51021,71709,0.000000,0.000018
102047,38408,0.000000,0.000009
19585,51021,0.000000,0.000013
56813,64865,0.000000,0.930934
79283,48184,0.000000,0.000000
45683,118084,0.000000,0.000000
85783,45683,0.000000,0.000021
65320,56813,0.000000,0.000053
1272,6681,0.000000,0.533520
77282,108646,0.000000,0.000019
71709,77282,0.000000,0.000156
1272,48184,0.000000,0.008095
86567,96244,0.000000,0.000042
45683,103331,0.571812,0.569698
19585,81945,0.000000,0.000001
44533,23771,0.000000,0.000000
51021,48184,0.000000,0.007408
83799,71709,0.000000,0.000001
102047,68320,0.000000,0.518337
120373,51021,0.000000,0.000001
5059,4250,0.570646,0.241022
81945,5059,0.000000,0.000008
10841,64865,1.000000,0.027695
66415,105308,0.000000,0.000019
47760,51958,0.000000,0.000000
119151,119778,0.000000,0.179028
96244,11264,0.000000,0.020559
62083,85783,0.000000,0.000000
72452,86567,0.000000,0.000004
120373,46634,1.000000,0.048504
81945,10841,0.000000,0.000000
74603,83799,0.000000,0.000000
79304,19585,0.000000,0.597187
57685,28328,1.000000,0.960271
83799,79304,0.000000,0.000012
102047,10841,0.000000,0.000000
51021,51958,0.000000,0.000095
79304,64776,0.000000,0.000000
51021,5059,0.000000,0.000089
81945,67148,0.000000,0.000001
86567,116291,0.000000,0.432692
64865,119151,0.000000,0.121942
38408,44533,0.000000,0.000000
66415,108646,0.000000,0.000000
65320,32597,0.000000,0.000086
81945,113322,0.000000,0.000000
72452,56813,0.000000,0.000123
108646,45683,0.000000,0.459226
57685,32597,0.000000,0.640120
48184,64776,0.000000,0.000001
105308,103331,0.000000,0.029225
19585,10841,0.000000,0.033504
98148,62587,0.000000,0.966283
28328,103331,0.000000,0.864713
14622,83799,0.000000,0.000000
107420,81945,0.000000,0.015595
5059,45683,0.571457,0.400589
51021,40502,0.000000,0.000006
4250,38408,0.000000,0.210557
118084,74603,0.000000,0.000000
10841,63087,0.000000,0.000001
64865,66415,0.000000,0.000000
119151,57685,0.000000,0.251702
67148,119778,0.000000,0.136522
119151,62587,0.000000,0.163166
62083,47760,0.000000,0.377676
45683,38408,0.000000,0.200811
23771,98148,0.000000,0.926247
92348,56813,0.000000,0.930488
6681,118084,0.000000,0.000000
115383,81945,0.000000,0.000000
71709,38408,0.000000,0.800412
10841,68320,0.000000,0.000000
79283,46634,0.000000,0.000000
72452,120373,0.000000,0.000101
47760,83799,0.000000,0.000000
40502,74603,0.000000,0.000090
84769,117779,0.000000,0.000000
104980,31164,0.000000,0.041176
70341,9155,0.000000,0.000064
91081,33871,0.000000,0.000000
49828,9155,0.000000,0.000016
50847,121190,0.579186,0.377936
25042,36342,0.000000,0.000000
23075,65656,0.578595,0.282048
53152,91081,0.000000,0.000000
49828,121190,0.577527,0.582267
96161,23075,0.000000,0.000001
103424,64529,0.000000,0.474487
31164,50847,0.000000,0.000211
81394,31164,0.000000,0.008387
33645,121190,0.578267,0.524469
23075,42550,0.578267,0.339862
40361,38562,0.000000,0.002749
121190,33645,0.578267,0.550735
119209,35392,0.000000,0.054903
49828,23075,0.577527,0.590929
91081,9155,0.000000,0.000000
9155,91302,0.000000,0.000067
5150,90458,0.577527,0.454429
6709,98079,0.000000,0.000000
90458,113040,0.577912,0.544363
50847,117410,0.000000,0.001055
123118,32200,0.000000,0.002613
57635,98079,0.000000,0.000000
103029,121190,0.578900,0.487861
107304,68504,0.577527,0.450331
96458,18557,0.577527,0.501523
36342,103029,0.000000,0.000027
70164,96161,0.000000,0.000005
96458,109632,0.000000,0.018060
65887,68504,1.000000,0.516004
98079,117779,0.000000,0.000000
31164,33871,0.000000,0.013347
103029,112688,0.578267,0.339664
32200,117779,0.000000,0.000000
120693,36342,0.000000,0.000000
32200,9155,0.000000,0.000196
104980,53152,1.000000,0.507191
4345,25042,0.576116,0.541009
120693,123118,0.000000,0.000667
113040,38562,0.000000,0.000006
113040,40361,0.000000,0.020039
23075,120978,0.000000,0.004875
91302,35392,0.578267,0.470936
69051,98079,0.000000,0.000001
64529,77638,0.000000,0.283128
119209,51809,0.000000,0.000002
25042,9155,0.000000,0.000026
57635,69348,0.576116,0.490431
121190,89653,0.578267,0.502023
64529,31164,0.000000,0.020388
62083,67543,0.000000,0.001814
7694,80278,0.000000,0.000000
70341,98079,0.000000,0.000001
33645,41920,0.578267,0.498438
41920,32200,0.577527,0.263231
62083,65656,0.000000,0.000121
62083,50847,0.000000,0.101672
62083,107304,0.000000,0.032813
38562,109632,0.000000,0.035520
70341,35392,0.577912,0.074934
103029,33645,0.578267,0.517203
33871,103424,0.000000,0.000001
90458,23075,0.578267,0.568857
50847,7694,0.577527,0.454064
5150,69051,0.577527,0.189381
40219,117779,0.000000,0.000000
119209,84769,0.000000,0.000239
32200,117410,0.000000,0.000231
64529,103029,0.000000,0.282524
33645,67543,1.000000,0.489258
103424,69051,0.577912,0.588917
80278,18557,0.000000,0.000003
4345,121190,0.576116,0.652213
109632,91081,0.000000,0.000000
120693,109632,0.000000,0.009932
50847,120978,0.000000,0.494313
81394,2361,0.577527,0.053424
77638,53152,0.578267,0.402180
38562,31164,0.000000,0.014795
6709,51809,0.000000,0.000018
84769,9431,0.577105,0.245980
41920,120693,0.579706,0.366647
80278,51809,0.000000,0.000022
64529,113040,0.000000,0.273959
84769,117410,0.000000,0.000260
6709,32200,1.000000,0.548066
65656,5150,0.577527,0.039695
40361,65887,0.000000,0.006637
112688,33871,0.000000,0.000008
65656,9155,0.000000,0.000011
123118,103029,0.000000,0.002027
25042,117779,0.000000,0.000000
23075,91081,0.000000,0.000000
4345,119209,0.000000,0.000643
32200,38562,0.000000,0.000006
62083,51432,0.000000,0.000000
101029,17895,1.000000,0.998512
59523,37104,1.000000,0.988756
122566,101766,1.000000,0.766083
82058,58613,0.000000,0.000000
37104,91616,1.000000,0.989247
101029,24323,1.000000,0.998397
62083,97382,1.000000,0.999999
62083,101417,1.000000,0.999999
62083,86911,1.000000,0.999752
86911,103144,1.000000,0.996313
56325,81156,1.000000,0.988290
84780,81156,1.000000,0.999413
56325,101417,1.000000,0.979297
86911,101029,1.000000,0.993702
110423,59523,1.000000,0.997753
111191,51432,0.000000,0.000024
44550,62083,1.000000,0.999790
61508,51432,0.000000,0.000003
62948,97382,1.000000,0.995389
62948,17914,1.000000,0.998357
22054,110423,0.000000,0.000000
22054,56725,0.000000,0.000003
3103,24323,0.000000,0.000000
122566,101417,1.000000,0.998178
84780,56725,1.000000,0.971527
38575,91616,1.000000,0.982425
59523,111771,1.000000,0.809453
60414,91616,0.000000,0.997927
101029,62083,1.000000,0.999773
122566,61508,1.000000,0.998994
110423,111191,1.000000,0.995123
61508,62083,1.000000,0.999888
109808,101417,1.000000,0.782361
111771,60414,0.000000,0.523899
51432,61508,0.000000,0.000000
56725,49442,1.000000,0.721713
111191,81156,1.000000,0.970170
20115,110423,1.000000,0.998902
60414,41383,0.000000,0.000001
17914,41383,0.000000,0.000003
17895,51432,0.000000,0.000003
49442,37104,1.000000,0.970058
82058,24323,0.000000,0.000000
111191,60414,0.000000,0.976186
41383,59523,0.000000,0.000000
41383,17895,0.000000,0.000000
97382,101417,1.000000,0.997735
15625,49442,1.000000,0.606597
121589,81156,1.000000,0.072637
62948,44550,1.000000,0.998426
15625,24323,1.000000,0.987596
49442,62948,1.000000,0.996918
38575,101417,1.000000,0.988230
22054,61508,0.000000,0.000000
91616,77512,1.000000,0.962650
49442,22054,0.000000,0.000163
77512,81156,1.000000,0.818477
111191,62083,1.000000,0.004423
56325,97382,1.000000,0.891325
62948,84780,1.000000,0.998022
59523,41383,0.000000,0.000002
38575,17914,1.000000,0.988297
59523,38575,1.000000,0.986945
41383,56325,0.000000,0.000001
56325,59523,1.000000,0.964211
109808,56725,1.000000,0.917390
109808,111771,1.000000,0.835371
17914,51432,0.000000,0.000005
24323,60414,0.000000,0.998568
22054,60414,0.000000,0.000000
97382,41383,0.000000,0.000002
101029,59523,1.000000,0.997697
101766,22054,0.000000,0.000084
61508,44550,1.000000,0.998964
20115,44550,1.000000,0.998916
56325,51432,0.000000,0.000027
44550,97382,1.000000,0.995298
122566,17895,1.000000,0.998463
44550,49442,1.000000,0.751569
122566,59523,1.000000,0.997676
24323,110423,1.000000,0.998503
17914,91616,1.000000,0.997741
56325,61508,1.000000,0.984631
15625,58613,1.000000,0.985090
97382,101029,1.000000,0.996885
17895,17914,1.000000,0.998493
60414,17895,0.000000,0.998633
51432,44550,0.000000,0.000000
58613,111771,1.000000,0.833244
60414,15625,0.000000,0.984942
82058,122566,0.000000,0.000000
81156,17895,1.000000,0.999357
91616,109808,1.000000,0.921588
44550,17895,1.000000,0.998522
38575,62083,1.000000,0.992608
51432,101417,0.000000,0.000000
44550,59523,1.000000,0.997872
58613,91616,1.000000,0.997696
49442,81156,1.000000,0.999121
62729,54616,0.665516,0.478535
50269,77898,1.000000,0.532602
112561,45149,0.664302,0.216593
16358,71880,0.000000,0.000000
98313,5336,0.665516,0.493092
47167,82427,1.000000,0.967139
95617,119208,0.664070,0.530740
54616,45380,0.666417,0.554347
99156,71880,1.000000,0.691254
78726,57023,0.664000,0.410012
81138,99156,0.000000,0.003127
89675,45149,0.664759,0.233397
84168,99806,0.665255,0.529262
99684,28751,1.000000,0.883106
82427,52003,0.000000,0.000002
5651,58571,0.662659,0.413833
64842,28751,0.000000,0.000002
49788,49555,0.665991,0.138418
84168,107664,0.000000,0.000000
71880,120196,0.000000,0.000010
3637,99156,0.000000,0.000015
99156,107664,1.000000,0.580420
62729,16414,0.664521,0.484375
57305,11193,0.665114,0.534697
23857,23544,0.000000,0.000010
37833,57023,0.664000,0.086264
112561,15298,0.000000,0.106948
86952,80327,0.663297,0.255365
99806,112561,0.664302,0.546119
63726,73491,0.000000,0.000001
41333,28751,0.000000,0.000003
119208,57846,0.664070,0.631915
77953,33756,0.000000,0.000044
95617,101932,0.663825,0.501888
99011,89675,0.664728,0.561297
98313,52306,0.664302,0.528511
11193,64842,0.666417,0.529164
99011,64842,0.664728,0.551026
45380,77953,0.000000,0.000001
15298,57846,0.000000,0.124109
119208,37833,0.664070,0.094702
41333,49788,0.664422,0.624075
119550,99806,0.665630,0.545576
57305,120955,0.664728,0.568514
5651,81138,0.662659,0.130982
15298,107554,0.000000,0.114828
3637,49555,0.665516,0.095597
95617,112561,0.664302,0.527965
73491,61340,0.000000,0.000017
95617,84168,0.665255,0.535728
111288,64842,0.666417,0.525249
50269,99011,0.664728,0.517864
28751,119550,0.000000,0.000344
86952,62729,0.665114,0.205906
107664,45149,0.000000,0.000030
62729,80817,1.000000,0.499880
107664,80327,0.000000,0.000057
23857,77953,0.000000,0.919532
107664,57846,0.000000,0.000022
82427,80327,0.000000,0.000050
99156,41333,0.000000,0.000094
81138,3637,0.665516,0.190280
71880,5336,0.000000,0.000006
81138,14870,0.663306,0.190715
120196,98313,0.665516,0.511259
3637,107664,0.000000,0.000000
81138,80817,0.665516,0.189547
84168,63726,0.665255,0.532197
52306,120196,0.664302,0.633723
50269,95629,0.665516,0.499711
41333,120196,0.664422,0.622693
82427,73491,1.000000,0.917955
77953,86952,0.000000,0.000068
64842,98313,0.665516,0.482133
107554,120196,0.664070,0.533363
45149,11193,0.666210,0.204914
16358,45380,0.666417,0.555709
58571,62729,0.665516,0.468138
57846,107664,0.000000,0.000000
45149,80817,0.665516,0.195334
61340,41333,0.663783,0.624734
57305,107554,0.664070,0.485260
18439,95629,0.664521,0.501513
5651,107554,0.662659,0.442911
84168,73491,0.000000,0.000000
80817,23857,0.000000,0.000000
5651,62729,0.662659,0.450991
37833,41333,0.664422,0.114048
78726,119208,0.664070,0.536385
84168,101932,0.663825,0.523957
52003,99156,0.000000,0.000008
64842,73491,0.000000,0.000000
99156,120955,0.000000,0.000053
58571,45846,0.664002,0.566219
107664,86952,0.000000,0.000060
80327,63726,0.663297,0.571692
45149,28751,0.000000,0.000013
23544,107664,0.000000,0.000000
63726,15298,0.000000,0.108970
57846,99806,0.665630,0.560710
35179,102960,0.000000,0.005579
117481,20278,0.000000,0.000253
67186,100200,0.000000,0.005419
22835,86079,0.000000,0.000193
86936,98906,0.000000,0.000010
55610,113663,0.595311,0.271077
13194,117481,0.000000,0.000021
74674,62083,0.000000,0.000000
121069,113663,0.000000,0.134883
98906,66674,0.000000,0.002052
55676,13299,0.000000,0.000031
19558,66674,0.000000,0.014941
100200,44450,0.000000,0.351953
44450,107005,0.000000,0.055533
62083,38759,0.000000,0.000030
49837,58443,0.000000,0.000001
37236,49837,0.594141,0.536831
3541,21656,0.000000,0.000521
973,117481,0.000000,0.000036
110922,13299,0.000000,0.000003
62083,19558,0.000000,0.000000
110922,19558,0.000000,0.000118
117481,98906,0.000000,0.000530
100200,85220,0.000000,0.017661
49837,47667,0.594141,0.470422
122489,85220,0.000000,0.001371
14991,37236,0.594348,0.710709
99342,102960,0.000000,0.000311
65779,53065,0.594415,0.736349
44450,110922,0.595089,0.614238
22835,35066,0.000000,0.000006
85220,121069,0.000000,0.000153
66249,53204,0.000000,0.005819
122489,121069,0.000000,0.002558
973,113663,0.000000,0.235596
55610,67688,0.000000,0.000005
35066,29467,0.000000,0.000001
99072,62083,0.000000,0.000000
121069,90185,0.000000,0.000024
100200,84953,1.000000,0.463589
3541,13299,0.000000,0.000922
99342,90185,0.000000,0.362909
30567,86079,0.000000,0.002337
107005,110922,0.000000,0.245875
107005,48906,0.000000,0.000017
90514,86079,0.000000,0.000016
107005,67688,0.000000,0.000120
115221,84953,0.000000,0.181901
90185,62083,0.000000,0.000000
100200,55676,0.000000,0.317926
18614,67186,0.000000,0.002523
55610,86079,0.000000,0.000000
90185,55610,0.000000,0.000000
18614,49375,0.000000,0.000103
22835,8022,0.000000,0.002216
66674,66249,0.000000,0.000909
13306,53065,0.594415,0.612219
62083,35179,0.000000,0.000000
80448,122489,0.000000,0.049505
110922,21038,0.595470,0.652447
55610,122489,0.000000,0.000007
49375,115221,0.000000,0.051282
80448,99342,0.000000,0.104250
13299,67186,0.000000,0.000421
107005,22990,0.000000,0.000006
90131,18614,0.000000,0.009728
87091,37236,0.594211,0.645378
98906,55676,0.000000,0.154494
55610,99072,0.000000,0.000000
35179,973,0.000000,0.000635
86079,35066,0.000000,0.000000
3541,37236,0.000000,0.000172
13299,65779,0.000000,0.000038
66249,84953,0.000000,0.002540
99072,35066,0.000000,0.000043
90185,19558,0.000000,0.006096
86079,49837,0.000000,0.176370
55676,47667,0.594211,0.276088
100200,121069,0.000000,0.000015
35066,90514,0.000000,0.000011
80448,55676,0.594211,0.287997
19558,47667,0.000000,0.002007
65779,13299,0.000000,0.000859
94975,38759,0.000000,0.000229
8022,90131,0.000000,0.000140
37236,38759,0.594141,0.028865
74674,102960,0.000000,0.005102
99072,84953,0.000000,0.000056
66674,90514,0.000000,0.000002
20278,47667,0.594415,0.675340
38759,49837,1.000000,0.023507
90514,20278,0.000000,0.000005
20278,102960,0.000000,0.003568
55676,107005,0.000000,0.018242
117481,22990,0.000000,0.001683
113663,66674,0.000000,0.185892
22835,37236,0.000000,0.005306
102960,115221,0.000000,0.010991
86936,65779,0.000000,0.000000
1108,65779,0.000000,0.000000
52524,28347,0.000000,0.012528
83971,31980,0.000000,0.002760
25530,71073,0.000000,0.002296
120423,71950,0.000000,0.006071
116898,42768,1.000000,0.090356
13073,113668,0.000000,0.000000
101167,42843,0.000000,0.000352
13073,14006,0.000000,0.000001
120423,16457,0.000000,0.006990
30440,2678,0.000000,0.018509
16457,116898,0.000000,0.005611
7384,101167,0.000000,0.000005
31980,103353,0.000000,0.007259
54447,74277,0.000000,0.030628
114467,85955,0.000000,0.272715
42768,120423,0.000000,0.455077
42768,34853,0.000000,0.092705
19749,81537,0.000000,0.008546
71073,56231,0.000000,0.000000
116201,50246,0.000000,0.088449
83971,67767,0.000000,0.000000
11361,104268,0.552280,0.000134
44008,54211,0.000000,0.000434
2678,30440,0.000000,0.002308
94962,71950,0.000000,0.026291
11361,85955,0.000000,0.000059
3006,119810,0.000000,0.000258
7384,42843,0.000000,0.000816
94159,42843,0.000000,0.000006
62083,28347,0.000000,0.000000
56231,16457,0.000000,0.000000
31980,116898,0.000000,0.007709
104268,18,0.000000,0.078786
16457,22494,0.000000,0.028461
59764,93270,0.000000,0.023243
5692,72272,0.000000,0.006388
28347,111579,0.000000,0.030886
24195,93270,0.542689,0.019295
114467,76412,0.000000,0.146517
62943,15685,0.000000,0.000000
111579,32052,0.000000,0.030406
73529,56231,0.000000,0.000000
93270,94962,0.000000,0.094014
1448,62943,0.000000,0.000000
34853,2678,0.000000,0.016576
83971,119810,0.000000,0.000254
59764,94159,0.000000,0.000000
62083,116201,0.000000,0.000000
116201,73529,0.000000,0.190847
71073,73529,0.000000,0.037471
114467,119810,0.000000,0.000003
30440,46792,0.000000,0.040150
76412,31980,0.543118,0.207307
7384,15685,0.000000,0.000470
71950,50246,0.000000,0.337867
61291,34853,0.000000,0.043598
13073,22494,0.000000,0.000000
59764,54211,0.000000,0.000001
16457,113668,0.000000,0.431002
116201,83971,0.000000,0.092625
33257,59764,0.000000,0.000028
46792,32052,0.000000,0.008855
33257,28347,0.000000,0.024447
33257,74277,0.000000,0.000001
50246,15685,0.000000,0.272189
11361,30440,0.000000,0.005505
61291,5692,0.000000,0.045621
50246,85955,0.000000,0.061380
5362,22494,0.000000,0.051430
104268,74277,0.000000,0.044764
15685,56231,0.000000,0.000000
18,2678,0.000000,0.005427
2678,7384,0.000000,0.000160
44008,52524,0.000000,0.082140
103353,7384,0.000000,0.000000
46792,61291,0.000000,0.032480
29449,116201,0.000000,0.000000
1448,113668,0.000000,0.160626
5692,120423,0.000000,0.000264
119810,19749,0.000000,0.000028
113668,42768,0.000000,0.029824
46792,7384,0.000000,0.000525
114467,5692,0.000000,0.053000
59764,104268,0.000000,0.040577
3006,81537,0.000000,0.000200
103353,76412,0.000000,0.027901
111579,74277,0.000000,0.240129
24195,31980,0.000000,0.001748
44008,62083,0.000000,0.000000
44008,29449,0.000000,0.000000
116201,74277,0.000000,0.617110
104268,62943,0.000000,0.000000
14006,116201,0.000000,0.141468
14006,101167,0.000000,0.001293
5362,52524,0.000000,0.018298
83971,18,0.000000,0.070063
56231,5692,0.000000,0.000000
14006,119810,0.000000,0.000097
104268,113668,0.000000,0.023523
116201,119810,0.000000,0.000009
88553,81414,0.000000,0.168025
55965,81238,0.544231,0.105341
46392,22736,0.543328,0.369033
12549,118572,0.000000,0.462964
5879,44441,1.000000,0.990719
86692,49497,0.000000,0.003670
24388,49497,0.000000,0.105707
81667,23653,0.000000,0.001255
109160,49497,0.000000,0.051885
14923,114093,0.000000,0.001107
118194,23653,0.000000,0.000453
9018,64579,0.000000,0.029544
32891,114586,0.000000,0.000003
42808,74125,0.000000,0.215919
115788,72792,0.000000,0.179768
48710,106900,0.000000,0.004504
74125,52252,0.543328,0.240876
103534,9018,0.000000,0.015050
26897,27380,0.000000,0.000615
463,46392,0.543328,0.549693
55171,463,0.544623,0.170815
118194,115788,0.000000,0.396157
48242,24388,0.000000,0.015228
62083,122944,0.000000,0.000000
86692,66445,0.000000,0.274143
14923,64198,0.545918,0.252926
20448,38394,0.000000,0.036467
81667,49497,0.000000,0.262322
52568,38394,0.000000,0.229126
81667,12549,0.000000,0.194010
74125,109160,0.000000,0.060237
103534,66445,0.544231,0.300742
118572,114586,0.000000,0.000013
32891,52568,0.000000,0.002845
55965,50334,0.000000,0.001105
91462,103534,0.000000,0.280601
93879,35403,0.543328,0.017273
92880,103534,0.000000,0.084135
103534,5283,0.000000,0.129236
52568,35403,0.000000,0.279544
74125,35403,0.544623,0.016889
44441,62837,0.000000,0.008205
52568,48242,0.000000,0.005033
47742,81238,0.000000,0.000015
109815,48859,0.543802,0.348808
5283,42808,0.000000,0.105351
91462,2868,0.000000,0.247586
27380,116850,0.526642,0.158629
70231,72792,0.000000,0.000000
118572,5879,0.000000,0.000067
103534,122944,0.546691,0.303992
20448,48710,0.000000,0.000478
3574,114586,0.000000,0.720978
36071,48710,0.544231,0.016344
118572,12549,0.000000,0.417152
27380,48242,0.000000,0.146352
48710,46392,0.543328,0.117586
64579,103534,0.546691,0.053698
35403,86692,0.000000,0.014774
64198,48242,0.545918,0.033120
55171,26897,0.000000,0.000020
64579,52568,0.000000,0.000096
35403,50334,0.000000,0.011028
81238,35403,0.544231,0.114793
52568,3574,0.000000,0.000002
56644,114586,0.000000,0.000015
74125,9018,0.000000,0.018599
106900,27380,0.000000,0.008518
106900,3574,0.000000,0.024829
93879,38394,0.543328,0.192662
109160,14923,0.000000,0.093332
40005,36071,0.544623,0.147664
91462,49497,0.000000,0.026649
5283,62837,0.000000,0.152768
91462,72792,0.000000,0.361183
62083,36071,0.000000,0.000000
42808,22736,0.000000,0.175390
118572,23653,0.000000,0.000603
88553,47742,0.000000,0.000277
46392,5879,0.000000,0.000059
27380,55965,0.000000,0.164072
48242,20448,0.000000,0.028532
115788,22736,0.543802,0.220938
22736,9018,0.000000,0.002527
74125,93879,0.543328,0.167101
12549,118194,0.000000,0.400081
116850,66445,0.000000,0.080513
52252,42808,0.000000,0.220298
48859,23653,0.000000,0.000135
91462,92880,0.000000,0.354915
55965,23653,0.000000,0.004284
109160,81414,0.000000,0.015161
62837,5283,0.000000,0.054172
3574,5879,1.000000,0.757990
92880,37377,0.000000,0.167010
118572,16494,0.000000,0.196173
52252,74125,0.543328,0.214490
116850,20448,0.000000,0.035837
74125,92880,0.000000,0.026119
72792,38394,0.000000,0.316982
95010,64856,0.547352,0.554956
113663,3283,0.547042,0.580562
113663,80706,0.547352,0.630180
116967,74978,1.000000,0.605555
123178,121208,0.000000,0.000001
15736,731,0.547352,0.473201
84540,66590,0.000000,0.000013
95010,77997,1.000000,0.500035
82721,77997,1.000000,0.475739
82721,66590,0.547352,0.457899
23250,54118,0.547642,0.483987
2637,66341,0.549273,0.253928
23250,57583,0.547642,0.482278
80706,99217,0.547352,0.685072
54118,93289,0.547915,0.617576
2637,74978,0.547915,0.342222
91821,47746,0.549073,0.302285
84540,48249,0.000000,0.000589
12520,80706,0.547042,0.620819
10131,35380,0.000000,0.000122
32337,22051,0.548645,0.649445
105872,23250,0.547352,0.467069
22051,95010,0.547352,0.569744
71986,82721,0.547352,0.517419
66590,71986,1.000000,0.411597
35380,10290,0.000000,0.001780
75181,82721,1.000000,0.018971
21477,97075,0.547352,0.420152
79871,47746,0.000000,0.000094
123178,53204,0.547642,0.555351
113663,66590,0.547642,0.238204
10131,57946,0.000000,0.534704
29370,80706,0.547352,0.695999
15736,10131,0.547042,0.622382
116967,105872,0.547352,0.534905
66341,10290,0.547042,0.536248
108328,10623,0.000000,0.000000
74978,95264,0.547915,0.688802
110521,57946,0.000000,0.472253
88296,75181,0.547352,0.105420
66341,93289,0.547915,0.588531
10131,10290,1.000000,0.626925
84540,119495,0.000000,0.000057
731,110521,0.548172,0.572212
48249,110271,0.547642,0.504203
23250,66590,1.000000,0.558811
75181,77997,1.000000,0.028491
40962,80571,0.548645,0.575865
80706,75181,1.000000,0.024949
10131,3952,0.547042,0.690498
99217,106410,0.548172,0.606338
731,35380,0.000000,0.000292
40962,84540,0.000000,0.000168
116967,37504,0.547915,0.551110
91202,123178,1.000000,0.505392
108328,123178,0.000000,0.000000
57946,91821,0.000000,0.119329
94753,108328,0.000000,0.000000
21477,47746,0.547352,0.252339
57583,29370,1.000000,0.080108
119495,40962,0.548864,0.579776
95264,106410,0.548172,0.661844
40962,21477,0.547352,0.158409
7799,119495,0.547042,0.599782
37504,40962,0.548415,0.651515
94753,71986,0.000000,0.003062
108328,87505,0.000000,0.000000
10131,731,0.547042,0.593039
3283,32337,0.547042,0.686005
88296,106410,0.547642,0.536065
29370,94753,0.000000,0.009370
32337,71986,0.547642,0.567050
95010,15736,1.000000,0.492076
105872,22051,0.547352,0.635961
57583,54118,0.548415,0.132265
82721,113663,0.547352,0.589490
21477,57583,0.547352,0.048301
93289,44056,0.547915,0.672781
66590,93289,0.547642,0.523011
18368,66341,0.548645,0.527496
80706,119495,0.547352,0.622615
53204,23250,0.547642,0.322370
23250,2637,0.547642,0.363346
116967,54118,0.547915,0.556547
105872,113663,0.547352,0.634608
79871,80706,0.000000,0.000089
54118,80571,0.548645,0.585419
53204,80706,0.547352,0.615549
80706,116967,0.547352,0.608905
93289,12520,0.547042,0.591213
94753,7514,0.000000,0.030412
123178,18368,0.547642,0.526042
80571,110521,0.548172,0.581937
119495,47746,0.549824,0.484735
113663,53204,0.554924,0.673266
40962,15736,0.547352,0.631142
105872,94753,0.000000,0.112243
64856,75181,0.547352,0.021917
95010,23250,0.547352,0.558889
84540,80706,0.000000,0.002565
101846,28354,0.548246,0.677996
1424,44100,0.548246,0.729331
62083,26083,0.000000,0.000000
42228,61258,0.549708,0.496947
113665,53065,0.548579,0.218735
13218,61258,0.548246,0.442231
1424,49816,0.548246,0.705822
7514,75875,0.548579,0.462943
74506,17071,0.548889,0.636896
102226,21634,0.000000,0.550113
62083,17071,0.000000,0.000000
13218,26936,0.000000,0.000105
65133,101846,0.548889,0.491490
74506,87004,0.548579,0.552064
101846,41723,0.548246,0.677272
32774,54997,0.000000,0.140985
29915,32774,0.000000,0.184002
40884,7514,0.000000,0.621124
95010,102226,0.000000,0.577976
29409,80571,0.548246,0.619935
21249,92396,0.000000,0.000001
92396,49816,0.000000,0.000019
36613,54997,0.000000,0.315723
61342,22993,0.548579,0.589901
110271,95010,0.548889,0.499436
28354,61258,0.548246,0.602076
65133,13218,0.548246,0.267406
53644,8022,0.548246,0.599119
20706,28354,1.000000,0.657533
28354,21249,1.000000,0.590024
78146,26083,0.548579,0.638639
48249,41530,0.548246,0.598487
75875,54997,0.000000,0.428782
22051,8022,0.550181,0.676321
91060,28354,0.548246,0.569090
7514,62083,0.000000,0.000000
22051,113663,0.550181,0.686273
66341,41530,0.548246,0.600818
116967,87004,0.548579,0.514389
22051,61258,0.550181,0.652293
15736,95010,1.000000,0.491073
26936,28354,0.000000,0.001320
53204,35711,0.549179,0.565920
74506,110271,0.549179,0.473246
113663,21249,0.548246,0.407010
15736,7514,0.548889,0.624232
87004,22051,0.548579,0.659978
65133,40884,0.000000,0.401120
10290,77997,0.548579,0.525757
113665,74506,0.548579,0.470321
21634,22051,0.548246,0.643256
40058,4945,1.000000,0.657410
4945,29915,0.000000,0.106705
22993,32774,0.548579,0.450281
53065,41723,0.548246,0.628077
28354,1424,0.548246,0.682159
95010,7514,0.548889,0.515642
8022,52664,0.548579,0.560826
65133,95010,0.548889,0.274357
66341,86971,0.000000,0.000099
13218,40058,1.000000,0.586259
26936,21249,0.000000,0.000126
78146,21070,0.548579,0.631199
87004,22993,1.000000,0.543432
1424,87778,1.000000,0.666069
61342,42228,0.548889,0.579066
80571,1424,0.548579,0.646680
1424,29915,0.000000,0.228725
7514,74506,0.549179,0.634589
29915,113665,0.000000,0.012926
116967,66341,0.549451,0.515390
17071,40884,0.000000,0.632444
70992,101846,0.548889,0.647190
35711,4945,0.548246,0.657852
62083,87778,0.000000,0.000000
4945,48249,0.548246,0.503353
12438,49816,0.548246,0.689410
77997,53065,0.548889,0.478687
116967,29409,0.548246,0.619604
52664,28354,0.548246,0.650406
41723,8022,0.548246,0.597126
26083,53204,0.548579,0.656043
54997,29915,0.000000,0.000621
54997,21249,0.000000,0.427680
75875,29915,0.000000,0.013184
110271,101846,0.548889,0.583658
57617,36613,0.549179,0.633777
7514,66341,0.549179,0.643779
74506,113665,0.548579,0.411368
7514,4945,0.548246,0.650270
53204,53644,0.548246,0.590974
29915,49816,0.000000,0.066115
113665,77997,0.548579,0.476102
4945,53065,0.548246,0.655312
29915,116967,0.000000,0.004726
57617,53644,0.548246,0.654265
21634,110271,0.548246,0.547629
29409,110271,0.548246,0.570754
26936,4945,0.000000,0.001964
91060,41530,0.548246,0.597732
43011,95349,0.587612,0.478746
95774,59662,0.000000,0.350791
26876,95349,0.587612,0.415184
4059,6574,1.000000,0.585271
5653,46751,0.000000,0.000000
82678,44885,0.000000,0.153250
45437,26876,0.590812,0.558776
5653,46889,0.000000,0.000045
47920,87306,0.586551,0.458088
7201,31767,0.589599,0.603135
44885,49814,0.590960,0.581987
95808,45437,0.591760,0.600528
21090,104259,0.586934,0.498361
31767,36965,0.589599,0.558377
6574,95774,0.591104,0.562517
80051,81607,0.000000,0.000001
43011,46889,0.000000,0.000009
82678,21975,0.000000,0.182048
82678,80051,0.000000,0.179347
82678,27827,0.000000,0.173377
76405,46751,0.000000,0.000001
48969,63413,0.000000,0.379076
43011,18024,0.588200,0.501644
4301,13357,0.000000,0.239030
29508,43011,0.000000,0.000011
104259,22969,0.591509,0.599410
5600,82678,0.000000,0.213847
62390,95808,0.590160,0.614177
34990,121597,0.591636,0.644750
5653,41761,0.588717,0.537056
29508,7201,0.000000,0.000667
7201,81418,0.000000,0.220263
4059,36965,0.592222,0.585912
43011,45437,0.588200,0.433322
4059,4301,0.000000,0.363258
95774,4059,0.591104,0.561829
18024,67839,0.588955,0.484276
36965,80051,0.589794,0.508834
87306,95349,0.586551,0.513374
48969,45437,0.591636,0.579860
44885,85544,0.589180,0.533574
12278,76405,0.589794,0.531397
57667,27827,0.589395,0.515518
62083,81418,0.000000,0.000000
31767,104259,0.589599,0.559867
49814,22969,0.590960,0.640023
81607,49814,0.000000,0.000060
59662,2279,0.000000,0.345414
7201,61143,0.591636,0.597515
31767,44885,0.589599,0.557925
6574,45437,0.591760,0.578413
7201,95774,0.591104,0.593746
43011,87306,0.586551,0.534626
63413,48969,0.000000,0.394877
82678,120013,0.000000,0.184870
104259,4301,0.000000,0.357343
121741,7201,0.590658,0.583900
5600,13357,0.588717,0.516067
107711,36965,0.587612,0.403446
61121,82678,0.000000,0.000097
61143,107711,0.587612,0.400660
120013,95808,0.589395,0.521151
120013,118801,0.589395,0.502202
18024,18623,0.587916,0.541282
79749,61143,0.591636,0.598180
87306,47920,0.586551,0.488741
110033,76405,0.590812,0.545101
21975,18024,0.591760,0.559015
76405,81607,0.000000,0.000002
4301,110033,0.000000,0.323918
4301,96002,0.000000,0.247288
59662,104259,0.000000,0.330739
121597,34990,0.591636,0.640927
95808,110033,0.592222,0.603842
7201,104259,0.591636,0.597456
59662,121741,0.000000,0.310122
61143,120013,0.589395,0.497523
62390,18623,0.587916,0.578691
79749,44885,0.591880,0.603762
7201,110033,0.591760,0.597125
96263,61143,0.587916,0.418555
48969,84529,0.590498,0.581738
43011,31767,0.588200,0.508272
85544,43011,0.588200,0.505966
76405,6574,0.590812,0.556815
21975,82678,0.000000,0.184889
62083,12278,0.000000,0.000000
27827,4301,0.000000,0.319015
121741,5653,0.588717,0.540829
87306,67839,0.586551,0.517621
63413,13357,0.000000,0.450957
84529,81607,0.000000,0.000001
48969,80051,0.589794,0.517347
21975,62390,0.590160,0.609268
18024,118801,0.591636,0.509490
5600,87306,0.586551,0.536591
18623,43011,0.587916,0.523990
7201,118801,0.591636,0.597490
36965,81418,0.000000,0.206462
15693,104259,0.591636,0.598765
44700,10108,1.000000,0.912380
40922,10108,1.000000,0.800547
85105,24736,1.000000,0.901333
103151,62083,1.000000,0.452112
104273,45132,1.000000,0.452883
35231,63170,0.000000,0.005014
45132,67880,0.000000,0.000575
118600,35231,0.000000,0.001311
103151,63170,0.000000,0.000242
27561,83939,0.000000,0.028607
63170,45132,0.000000,0.000013
35231,45132,0.000000,0.001452
10108,63170,0.000000,0.000174
23283,24736,1.000000,0.872066
44700,7280,0.000000,0.000040
7280,62083,0.000000,0.000000
10108,103151,1.000000,0.914129
85105,45132,1.000000,0.960023
63170,104273,0.000000,0.000000
63170,7280,0.000000,0.005120
27561,118600,0.000000,0.002066
62083,35231,0.000000,0.000013
67880,46835,0.000000,0.002072
67880,45132,0.000000,0.002812
17108,40922,0.000000,0.001041
10108,27561,0.000000,0.000066
17108,44700,0.000000,0.000344
104273,21972,1.000000,0.172107
46835,118600,1.000000,0.915954
14498,62083,0.000000,0.000000
118600,40922,1.000000,0.838690
103151,38054,0.000000,0.005325
67880,40922,0.000000,0.015703
44700,21972,1.000000,0.941146
67880,7280,0.534962,0.031475
7280,10108,0.000000,0.000386
118600,46835,1.000000,0.926898
118600,17108,0.000000,0.000103
45132,21972,1.000000,0.957456
118600,38054,0.000000,0.004586
44700,38054,0.000000,0.002447
40922,14498,0.000000,0.000135
24736,35231,0.000000,0.002341
103151,21972,1.000000,0.961789
14498,7280,0.000000,0.015681
85105,62083,1.000000,0.983112
118600,85105,1.000000,0.944612
10108,21972,1.000000,0.920554
38054,24736,0.000000,0.126789
83939,40922,0.000000,0.091435
46835,67880,0.000000,0.000148
104273,23283,1.000000,0.127279
38054,40922,0.000000,0.098872
40922,104273,1.000000,0.000605
7280,118600,0.000000,0.000193
104273,46835,1.000000,0.431669
23283,35231,0.000000,0.001086
103151,118600,1.000000,0.936745
14498,40922,0.000000,0.007251
7280,67880,0.534962,0.015552
7280,38054,0.000000,0.002451
40922,27561,0.000000,0.000128
17108,85105,0.000000,0.000234
27561,10108,0.000000,0.002868
35231,10108,0.000000,0.004972
14498,83939,0.000000,0.038094
40922,83939,0.000000,0.034174
40922,23283,1.000000,0.761708
7280,35231,0.534962,0.018878
38054,27561,0.000000,0.049295
83939,118600,0.000000,0.153667
85105,83939,0.000000,0.025706
35231,62083,0.000000,0.000000
35231,85105,0.000000,0.003031
35231,44700,0.000000,0.003629
23283,44700,1.000000,0.908333
27561,38054,0.000000,0.003429
46835,23283,1.000000,0.897057
14498,63170,0.000000,0.004508
21972,17108,0.000000,0.000133
45132,14498,0.000000,0.000017
35231,21972,0.000000,0.005305
14498,23283,0.000000,0.006782
17108,21972,0.000000,0.000746
45132,85105,1.000000,0.962642
45132,63170,0.000000,0.000147
35231,17108,0.000000,0.029055
103151,104273,1.000000,0.162246
118600,103151,1.000000,0.945255
46835,85105,1.000000,0.935671
40922,38054,0.000000,0.010739
27561,7280,0.000000,0.018263
23283,14498,0.000000,0.000043
85105,67880,0.000000,0.000432
62083,27561,0.000000,0.000197
17108,23283,0.000000,0.000865
62083,45132,1.000000,0.985751
83939,10108,0.000000,0.099976
67880,21972,0.000000,0.013290
104273,118600,1.000000,0.367351
122093,90669,0.565035,0.766204
90669,8293,0.000000,0.275355
39592,11184,0.000000,0.058177
29717,51735,0.564040,0.384227
70608,45241,0.000000,0.086924
67213,62943,0.000000,0.000000
40605,46792,0.000000,0.000117
18636,75134,0.565848,0.098412
90669,20768,1.000000,0.219724
106857,18636,0.565848,0.056761
46792,17821,0.000000,0.003290
6077,113391,0.000000,0.046219
14353,18942,0.000000,0.136281
29717,106857,0.564040,0.039269
30414,90809,0.566536,0.160653
92936,90065,0.000000,0.000012
44465,759,0.000000,0.000000
103816,11184,0.565035,0.378474
2863,30414,0.565035,0.554505
24649,45869,0.565848,0.187406
90133,51735,0.565848,0.274074
62943,122991,0.000000,0.000000
59331,31738,0.000000,0.287385
17821,18636,0.565035,0.184708
108479,90133,0.565035,0.202869
76452,31804,0.000000,0.036997
94847,108479,0.000000,0.368817
11184,4577,0.000000,0.052148
122991,18942,0.000000,0.094153
91328,30414,0.565848,0.000974
115688,45241,0.000000,0.000023
31804,49842,1.000000,0.487919
110195,11184,0.000000,0.002106
46792,108479,0.000000,0.000568
60185,17821,0.000000,0.000000
4577,90809,0.000000,0.184156
31804,30414,0.565848,0.300616
16966,8405,0.000000,0.101016
113538,35782,0.000000,0.151593
90809,18636,0.565848,0.048927
24649,113538,0.000000,0.220111
90065,14353,0.000000,0.438643
14345,75134,0.000000,0.000004
18636,115688,0.000000,0.082665
11184,30414,0.565035,0.377830
59331,56231,0.000000,0.000000
97489,24649,0.000000,0.180813
40605,35782,0.000000,0.168659
44465,122991,0.000000,0.000000
29717,31738,0.564040,0.420834
60185,103816,0.000000,0.000000
46792,40605,0.000000,0.000096
30414,77508,0.000000,0.000000
56231,77508,0.000000,0.000033
759,35782,0.000000,0.001025
18942,30414,0.564040,0.247080
61642,94847,0.000000,0.096203
113391,40605,0.000000,0.062796
40605,6077,0.000000,0.123375
94847,96536,0.000000,0.010403
116987,70608,0.000000,0.006706
98008,60185,0.000000,0.000000
759,31804,0.000000,0.000164
70608,75134,0.000000,0.075240
17821,97489,0.000000,0.020954
90133,110195,0.000000,0.000005
92936,91328,0.000000,0.000007
56231,67213,0.000000,0.000000
17821,45869,0.565035,0.255879
122093,62943,0.000000,0.000000
90133,40605,0.000000,0.021487
2863,67213,0.565035,0.459426
24649,18636,1.000000,0.127515
70608,96536,0.000000,0.004060
14353,92936,0.000000,0.000000
122093,8293,0.000000,0.593841
113148,98008,0.000000,0.237794
39975,92936,0.000000,0.000000
29717,45869,0.564040,0.220357
113538,103816,0.000000,0.142107
6077,76452,0.000000,0.098700
11184,24649,0.565035,0.231139
98008,14345,0.000000,0.000000
97489,61642,0.000000,0.065934
39592,60185,0.000000,0.000000
62943,44465,0.000000,0.000000
90065,115688,0.000000,0.413634
759,113391,0.000000,0.000108
90065,31804,0.565035,0.586346
96536,14345,0.000000,0.000001
90809,24649,0.565848,0.107867
75134,60185,0.000000,0.000000
35782,75134,0.000000,0.087621
106857,24649,0.565848,0.231847
39975,6077,0.565035,0.038316
46792,29717,0.000000,0.009479
122093,11184,1.000000,0.209698
76452,108479,0.000000,0.015225
6077,40605,0.000000,0.071544
46792,18942,0.000000,0.009479
61349,85112,0.666142,0.577019
86581,26436,0.665468,0.618953
82222,7333,0.665819,0.640496
30172,3820,0.665647,0.573579
99716,15301,0.665647,0.639334
70691,71402,1.000000,0.572946
15301,101714,0.665984,0.634429
112078,70691,0.665819,0.580358
110679,43902,0.000000,0.000032
88526,70691,0.665819,0.623411
112078,85112,0.666295,0.552387
110679,56179,0.000000,0.000003
88526,40483,0.665984,0.573689
61466,15301,0.665819,0.640456
103743,22868,0.665468,0.616310
85112,25755,0.666583,0.565878
120981,86581,0.665647,0.624065
71402,22868,0.665468,0.576705
21573,113661,0.665819,0.631654
61466,27333,0.665819,0.575575
480,62744,0.665468,0.565084
47867,24716,0.666142,0.508011
45,7333,1.000000,0.640276
101714,40483,0.665984,0.578061
47925,85112,0.665819,0.569918
30172,119699,0.665647,0.571556
71402,40190,0.665647,0.548132
99716,120710,0.665647,0.560607
26868,27333,0.665647,0.574129
47867,110679,0.000000,0.000000
110679,21573,0.000000,0.000048
110407,44112,0.665819,0.573220
120710,82222,0.665819,0.557410
110679,97487,0.000000,0.000012
7333,26868,0.665647,0.636885
47925,81373,1.000000,0.639672
45999,63115,0.665984,0.638422
30172,40483,0.665647,0.574499
63115,88526,0.665984,0.627612
65331,119699,0.665819,0.573098
70691,44112,1.000000,0.639629
3820,113661,0.665819,0.581786
62744,47273,1.000000,0.258175
65331,88526,0.665819,0.623879
109030,61466,0.665819,0.580394
60012,85112,0.666441,0.583566
76386,40190,0.665647,0.566673
1216,106138,0.665647,0.629792
99716,57248,1.000000,0.266216
26868,24716,0.665647,0.563907
1216,54556,0.665647,0.636174
60012,43902,0.666295,0.582007
120710,30172,0.665647,0.552262
109030,10695,0.666295,0.578864
103743,21573,0.666583,0.640374
72572,26868,0.665647,0.579577
61466,103743,0.665819,0.625777
24102,7333,0.665647,0.639308
30172,63115,0.665647,0.639401
54556,112078,0.666142,0.579044
57248,111674,1.000000,0.262299
111674,21573,0.665647,0.626831
21215,109030,0.666295,0.581917
10695,7333,0.665984,0.635692
81373,101714,0.665819,0.630588
70691,65337,0.665647,0.569213
85112,40190,0.665647,0.525194
27333,1216,0.665647,0.580923
47273,24102,0.665647,0.244937
97487,63115,0.665647,0.566776
15301,30172,0.665647,0.636892
106138,26436,0.665468,0.624928
112078,88526,0.666295,0.576367
45,10695,0.665984,0.634498
103743,40483,0.665984,0.575190
103743,110679,0.000000,0.000000
120981,480,0.665468,0.636945
81373,62744,0.665819,0.572679
25755,480,0.665468,0.565358
27333,60012,0.665984,0.573812
33836,65331,1.000000,0.639588
47867,120981,0.665647,0.579453
88526,56179,0.665819,0.526080
86581,15301,0.665984,0.632560
60012,56179,0.665819,0.536916
1216,110407,0.665647,0.554547
10695,47273,0.666583,0.256889
76386,47273,0.666295,0.250949
27333,96069,0.665984,0.576401
25755,45999,0.666295,0.589316
62744,99716,0.665647,0.570720
96069,26436,0.665468,0.631678
97487,86581,0.665647,0.557221
47273,43902,0.666295,0.252771
7333,47867,0.665984,0.578544
40483,24102,0.665647,0.581305
112078,65337,0.665647,0.537422
88526,60012,0.666441,0.638395
10443,86581,0.666142,0.574600
56179,111674,0.665647,0.575669
42537,96536,0.000000,0.000685
82849,62904,0.000000,0.165291
12895,108064,0.000000,0.001660
119069,62461,0.000000,0.170856
99198,42473,0.000000,0.000000
30202,107828,0.000000,0.088541
30202,28908,0.556952,0.533882
42537,73433,0.000000,0.027342
21271,87619,0.000000,0.410472
2140,108064,0.000000,0.000831
48300,58041,0.000000,0.006974
23671,2140,0.000000,0.028502
21271,52148,0.000000,0.054878
2140,104940,0.000000,0.006494
106348,28908,0.000000,0.000323
96536,60117,0.000000,0.002889
77278,42604,0.000000,0.044980
62131,119810,0.000000,0.000232
62461,114399,0.570213,0.000373
5801,30957,0.000000,0.467575
30202,44875,0.000000,0.000087
96536,87619,0.000000,0.083113
94951,73433,0.000000,0.002831
94048,88398,0.000000,0.000449
60117,57691,0.000000,0.004891
95892,60098,0.000000,0.001996
107828,44875,0.000000,0.007581
23671,104940,0.565319,0.236436
106348,8175,0.580615,0.970104
94951,99198,0.566602,0.011522
102956,106348,0.000000,0.000203
49354,96536,0.000000,0.003935
95892,97615,0.000000,0.240819
104940,12895,0.000000,0.020644
21271,106348,0.000000,0.003496
23671,87619,0.000000,0.188953
7735,96536,0.000000,0.002376
62131,49354,0.000000,0.021879
107828,30957,0.000000,0.044539
57691,30957,0.000000,0.005494
99198,17124,1.000000,0.029054
58243,77278,0.565319,0.000005
44875,62131,0.000000,0.000118
7735,96876,0.000000,0.183341
112713,114399,0.000000,0.003828
48300,115882,0.000000,0.089163
45297,42604,0.000000,0.223675
77278,42537,0.565319,0.086925
73858,42537,0.000000,0.003892
119069,62943,0.000000,0.000000
111222,115882,0.000000,0.043944
94048,45297,0.000000,0.000834
112713,8716,0.000000,0.174131
106348,49354,0.000000,0.000006
5801,60119,0.000000,0.000398
58041,44875,0.000000,0.000152
94951,107828,0.000000,0.030566
82849,62943,0.000000,0.000000
58041,21271,0.000000,0.003471
17124,106348,0.000000,0.001753
58243,64037,0.575845,0.208026
23671,94048,0.000000,0.000036
36816,42537,0.000000,0.004058
5801,42473,0.000000,0.000000
2140,87619,0.000000,0.005371
5801,77278,0.000000,0.002345
42604,62943,0.000000,0.000000
114399,96439,0.000000,0.025562
87619,7735,0.000000,0.054556
87619,73858,0.000000,0.010480
42537,7735,0.000000,0.016073
66853,58243,0.000000,0.007452
66853,108064,0.563510,0.001408
66853,117503,0.571492,0.037786
114399,66853,0.000000,0.012025
108064,21271,0.000000,0.351209
117503,77278,0.000000,0.045617
36913,5801,0.000000,0.021693
119069,36913,0.565319,0.042990
73433,87619,0.000000,0.013471
73858,106348,0.000000,0.000167
48300,57691,0.000000,0.106607
64037,106348,0.000000,0.235361
5801,55562,0.000000,0.039036
106348,108064,0.563510,0.000000
58041,60119,0.000000,0.000029
2140,77278,0.000000,0.002812
95892,66853,0.566602,0.055583
114399,36816,0.000000,0.022893
94951,48300,0.000000,0.031810
12895,30957,0.000000,0.105018
77278,106348,0.000000,0.001096
23671,42473,0.000000,0.000000
36913,98055,0.000000,0.114344
23671,57800,0.000000,0.090702
36913,2140,0.000000,0.021524
111222,98055,0.000000,0.017569
52148,36816,0.000000,0.495280
94048,36816,0.000000,0.004915
12895,117503,0.000000,0.021976
120661,12157,0.000000,0.000002
48375,69280,0.000000,0.000227
94604,109500,0.587612,0.626903
79158,62306,0.588466,0.618118
10805,59632,0.587612,0.597708
62306,64056,0.587916,0.613511
82071,35739,0.588717,0.626707
90321,84992,0.586551,0.609430
8347,82071,0.589180,0.564415
77455,101787,0.587286,0.596832
71205,80819,0.000000,0.000012
48375,96757,0.660309,0.330532
35976,64471,0.000000,0.000007
84870,35739,0.588466,0.631419
64471,58610,0.000000,0.000322
80819,84992,0.587916,0.626334
10805,77455,0.587286,0.587421
62083,79158,0.000000,0.000000
58610,92648,0.587612,0.507364
21359,110720,1.000000,0.977075
90321,96757,0.000000,0.043180
8347,83844,0.586551,0.485608
110720,64471,1.000000,0.990485
96789,62668,0.000000,0.000004
96757,69280,0.000000,0.000115
59632,84992,0.587612,0.626903
101787,57231,0.000000,0.000032
109500,35976,0.588200,0.618154
45579,12157,0.586551,0.586561
64471,101787,0.000000,0.000095
620,58610,0.590160,0.553799
62083,21359,1.000000,0.944434
32124,111832,0.587612,0.597708
79158,620,0.589180,0.559998
99005,88569,0.588200,0.609034
74417,79158,0.588200,0.626833
10805,57231,0.000000,0.000014
80819,12157,0.586551,0.580765
56660,109450,0.589395,0.574748
96757,8347,0.000000,0.100749
33878,110720,0.000000,0.000006
88569,42038,0.588200,0.626863
5141,11513,0.659096,0.532992
64471,84992,0.000000,0.000017
14339,10196,1.000000,0.630161
83844,110720,0.000000,0.000001
620,62142,0.588466,0.468331
33878,94604,0.587612,0.588330
33878,62219,0.587286,0.577965
33878,101787,0.589180,0.637885
69946,96789,0.000000,0.000009
111832,48375,0.000000,0.145979
21359,109450,0.000000,0.000106
99005,32124,0.588717,0.626707
48375,62083,0.000000,0.000000
59632,48375,0.000000,0.145979
64056,109450,0.587916,0.616123
84870,97740,0.588466,0.631419
11513,8347,0.588200,0.539934
50593,21359,0.000000,0.000002
72180,84870,0.587612,0.512795
59632,62306,0.587612,0.628474
59632,79158,0.587612,0.614006
58610,97740,0.588717,0.544100
72180,41696,0.586934,0.529267
62083,45579,0.000000,0.000000
72180,110720,0.000000,0.000001
33878,83844,0.586551,0.555407
11513,58610,0.588200,0.537561
80819,10196,0.587916,0.630216
10196,74417,0.588200,0.618168
88569,79158,0.588200,0.626834
14339,11513,0.588200,0.618620
92648,56660,0.587612,0.527966
62219,109450,0.587286,0.601000
21359,45579,0.000000,0.000014
77455,46068,0.587286,0.523117
62142,99005,0.588466,0.528348
96333,11513,0.588200,0.623097
90321,110720,0.000000,0.000001
62083,48375,0.000000,0.000000
111832,90320,0.587612,0.623238
92648,62306,0.587612,0.628474
72180,96789,0.000000,0.000002
42038,74417,0.588200,0.609030
57231,79158,0.000000,0.000064
99005,96333,0.588466,0.618706
96757,48375,0.660309,0.369091
59933,90321,0.586551,0.564936
97740,69946,1.000000,0.630161
79158,64471,0.000000,0.000005
62142,72180,0.587612,0.472888
32124,64056,0.587916,0.608509
64471,96333,0.000000,0.000024
92648,77455,0.587286,0.609444
109450,14339,0.588717,0.621819
5141,69280,0.000000,0.000001
46068,80819,0.587916,0.531897
120661,62142,0.000000,0.000009
46068,71205,0.000000,0.000012
91862,27422,0.000000,0.215771
17283,11578,0.000000,0.000000
73566,18629,0.573480,0.149409
118357,55955,0.000000,0.081528
3421,76047,0.000000,0.075260
10239,36966,0.000000,0.034168
9075,19090,0.000000,0.007007
18629,1369,0.573240,0.120377
98775,83625,0.000000,0.006967
120288,111812,0.000000,0.019830
47325,62083,0.000000,0.000000
11578,52841,0.000000,0.000000
91862,74876,0.000000,0.000691
94103,117785,0.000000,0.000001
39296,24298,0.000000,0.080381
6696,17283,1.000000,0.185143
6696,35359,0.000000,0.060313
23950,94103,0.000000,0.000001
16317,71512,0.000000,0.000000
1369,104988,0.000000,0.000294
120288,55955,0.000000,0.053846
118357,19709,0.000000,0.052069
71512,118357,0.000000,0.000000
39296,104988,0.000000,0.001639
19090,117785,0.000000,0.000847
74924,70907,0.000000,0.000000
960,36966,0.000000,0.049130
19709,23950,0.000000,0.000003
111812,16317,0.000000,0.000000
120288,99513,0.000000,0.000001
76047,66962,0.000000,0.287174
9478,83897,0.572430,0.333626
17749,74876,0.000000,0.000000
37541,62208,0.000000,0.000782
18629,74876,0.000000,0.000007
69264,17283,0.000000,0.206589
17283,91862,0.000000,0.193304
17749,3542,0.000000,0.103147
35359,17749,0.000000,0.017183
120288,9075,0.000000,0.007806
17102,23950,0.000000,0.000000
98775,19090,0.571795,0.156622
96943,73566,0.000000,0.032386
6696,118357,0.000000,0.106023
71512,10239,0.000000,0.000003
71512,96943,0.000000,0.000017
16317,69264,0.000000,0.000114
37541,66962,0.000000,0.036635
104563,106998,0.000000,0.001528
94103,10239,0.000000,0.473130
3421,106998,0.000000,0.117543
48423,71512,0.000000,0.000000
74876,39296,0.000000,0.000487
17577,9075,0.000000,0.049466
16317,39296,0.000000,0.000213
62083,3421,0.000000,0.006246
74876,3421,0.000000,0.000404
47325,106998,0.000000,0.000000
55955,117785,0.000000,0.000002
17577,69264,0.000000,0.027956
105318,36966,0.000000,0.137612
16317,111812,0.000000,0.000096
23950,17749,0.000000,0.000000
19090,98775,0.571795,0.199560
111695,9478,0.000000,0.000000
90725,19709,0.571795,0.021633
17749,104988,0.000000,0.000002
83625,17577,0.000000,0.009555
33236,62083,0.000000,0.000000
74924,106380,1.000000,0.000020
960,48423,0.000000,0.000000
99513,55955,0.000000,0.000153
76047,17749,0.000000,0.853696
19090,69264,0.000000,0.020057
62208,120288,0.000000,0.037535
111695,6696,0.000000,0.000000
16317,117785,0.000000,0.000012
83897,55955,0.574131,0.193052
70907,52841,0.000000,0.000328
70907,19090,0.000000,0.002489
16050,18629,0.000000,0.000000
74876,104563,0.000000,0.007927
16317,99513,0.000000,0.000014
1369,111416,0.000000,0.000041
94103,1369,0.566549,0.614639
27422,74924,0.000000,0.000000
122234,70907,0.000000,0.209829
96943,3421,0.000000,0.001539
96943,17749,0.000000,0.000142
120288,9478,0.000000,0.301706
39296,55955,0.574131,0.200897
19090,10239,0.000000,0.133624
35359,106998,0.000000,0.126736
6696,104988,0.000000,0.005135
102851,98775,0.000000,0.000049
100438,9075,0.000000,0.014745
24033,48423,0.000000,0.000000
17577,24298,0.000000,0.145542
106380,17577,0.000000,0.000000
17577,73566,0.569636,0.083602
1625,104970,0.000000,0.638835
66795,38873,0.000000,0.615110
106340,67892,0.000000,0.608775
63214,120978,0.000000,0.000000
24357,116363,0.535265,0.596308
92898,35850,0.545461,0.632577
65410,1881,0.000000,0.561281
57748,83587,0.000000,0.658906
21070,81338,0.547886,0.694983
106340,113243,0.535894,0.636773
40633,82167,0.546062,0.567454
49060,57748,0.547495,0.655289
12112,21431,0.000000,0.440686
21070,18709,0.000000,0.667647
52358,98296,0.545461,0.500404
75875,17696,0.547886,0.602132
106233,66590,0.547066,0.522843
38873,35850,0.543947,0.585077
77463,65930,0.000000,0.000002
63214,38873,0.543947,0.620547
40633,52358,0.546592,0.582168
110521,51750,0.000000,0.611164
91175,113665,0.548246,0.465311
101846,77557,0.000000,0.083099
65930,38873,0.000000,0.000035
61534,57748,0.545461,0.645447
35850,67115,0.000000,0.001400
66590,110521,0.000000,0.515477
118338,75875,0.548579,0.544747
95264,17696,0.547886,0.574058
21070,51750,0.000000,0.670804
83319,67115,0.000000,0.000027
57617,83319,0.000000,0.600833
116363,65930,0.000000,0.000005
75875,113243,0.000000,0.642990
112687,65410,0.000000,0.032774
65410,57617,0.548246,0.668308
92396,66590,0.000000,0.000001
12112,35850,0.547066,0.147177
64856,106340,0.000000,0.449329
65930,77463,0.000000,0.000004
27948,10131,0.000000,0.543304
92898,99843,0.000000,0.495589
77463,1625,0.000000,0.471144
92396,17696,0.000000,0.000007
104970,81338,0.000000,0.639108
112687,66590,0.000000,0.000635
65930,51750,0.000000,0.000874
113243,27948,0.000000,0.620703
35850,116363,0.535265,0.421805
49060,70326,0.000000,0.000386
18709,67115,0.000000,0.000067
116363,101846,0.000000,0.513855
118338,72582,0.000000,0.611924
22051,112687,0.000000,0.093306
75875,10131,0.000000,0.587801
40633,38873,0.543947,0.654206
118338,95264,0.549708,0.711942
106233,67115,0.000000,0.000310
91644,38873,0.000000,0.663105
104970,18709,0.543947,0.648906
116363,82167,0.535265,0.566321
83319,75875,0.000000,0.549028
21070,106233,0.000000,0.483826
104970,64856,0.000000,0.583456
113665,120978,0.000000,0.000000
95264,1881,0.000000,0.517832
111324,83587,0.000000,0.646991
66590,99843,0.000000,0.485636
106233,72582,0.547066,0.593978
95264,106340,0.000000,0.453889
1881,66795,0.000000,0.614605
26083,61534,0.000000,0.662268
77463,91175,0.000000,0.426666
77463,118338,0.000000,0.429989
52358,120978,0.000000,0.000000
104970,49060,0.543947,0.682081
113243,18709,0.535894,0.696960
104970,1881,0.543947,0.658525
61534,86479,0.000000,0.000085
75875,70326,0.547886,0.000293
66795,112687,0.000000,0.018657
111324,91175,0.000000,0.628293
110521,17696,0.547886,0.537912
83319,18709,1.000000,0.668918
65930,52358,0.000000,0.000024
49060,17696,0.000000,0.639928
104970,65410,0.000000,0.662646
49060,106340,0.545461,0.520527
27948,66590,0.000000,0.522380
35850,66795,0.000000,0.686274
65410,12112,0.000000,0.424773
18709,77463,0.546062,0.399674
91175,52358,0.000000,0.486686
52358,66795,0.000000,0.624900
70326,21070,0.547886,0.005003
51284,7036,0.544768,0.541413
98296,20358,0.000000,0.572813
51750,106233,0.547066,0.528008
26083,101846,0.548579,0.716938
18985,1536,0.588955,0.512695
18508,88687,0.588955,0.508495
48921,52788,0.590160,0.543696
98003,96450,0.000000,0.180702
82467,4579,0.589981,0.634413
121037,26094,0.000000,0.000006
33258,1536,0.589395,0.521070
62712,69261,0.590160,0.534210
48921,1536,0.589395,0.503732
47449,18508,0.588955,0.487867
72781,11927,0.000000,0.000003
57060,18508,0.586551,0.314693
82467,54340,0.000000,0.000095
34855,52788,0.000000,0.000014
20287,32974,0.588200,0.511098
114922,57060,0.586551,0.386251
26301,89969,0.588466,0.471321
72781,82467,0.000000,0.000055
88687,4579,0.589794,0.566949
20287,24717,0.588200,0.463270
1764,32828,0.590332,0.552024
48921,26301,0.591243,0.595550
26094,73368,0.000000,0.002990
48113,18985,0.588955,0.467445
88687,22693,0.589180,0.514711
116694,52788,0.589599,0.532061
71856,1536,0.589395,0.531568
87374,122981,0.588955,0.573141
10106,52788,0.588200,0.539700
38132,57060,0.586551,0.391635
32828,30164,0.589981,0.576174
32828,34855,0.000000,0.000000
87256,69261,0.589599,0.557044
22693,48921,0.589180,0.487046
14479,11927,0.588955,0.532976
21922,82467,0.589180,0.531857
62083,47449,0.000000,0.000000
34855,117614,0.000000,0.000008
32974,72781,0.000000,0.000000
98145,47449,0.589395,0.494945
21922,114922,0.589180,0.523655
4579,90085,0.589599,0.454474
47449,48113,0.589395,0.493669
47449,97570,0.588200,0.474066
4579,14479,0.667477,0.639631
117614,122981,0.588955,0.561767
48921,62712,0.590160,0.543920
62083,88687,0.000000,0.000000
97570,116694,0.588200,0.468724
96728,76853,0.588717,0.541943
48921,88687,0.589794,0.523641
62712,58801,0.590160,0.576109
10106,52195,0.588200,0.596934
43426,121037,0.000000,0.000004
52195,96728,0.588717,0.596473
71856,62083,0.000000,0.000000
62712,13377,0.589180,0.563172
88687,72781,0.000000,0.000000
89969,42954,0.588466,0.456146
16583,3372,0.590658,0.534737
82467,96728,0.588717,0.596369
62083,82467,0.000000,0.000000
14479,87374,0.589180,0.543806
16583,42954,0.590658,0.498356
98003,73368,0.588466,0.460998
34855,13377,0.000000,0.000006
20287,121037,0.588200,0.472835
96020,38132,0.589180,0.543463
34855,1536,0.000000,0.000005
96020,114922,0.589395,0.554274
87374,1536,0.589180,0.493589
87256,122981,0.588955,0.626445
1536,88687,0.589395,0.529865
18985,44261,0.588955,0.490339
69261,24717,0.589794,0.511686
69261,71856,0.589794,0.511443
34855,54340,1.000000,0.730296
71856,104357,0.589395,0.532723
76853,3372,0.591104,0.529723
98003,22693,0.588466,0.492143
87256,44261,0.589599,0.569441
62083,52195,0.000000,0.000000
90085,52788,0.589599,0.447191
26094,44261,0.000000,0.004232
76853,52837,0.588955,0.476424
32828,3372,0.590812,0.520858
1764,62083,0.000000,0.000000
23157,89969,0.588466,0.464671
73368,24717,0.589395,0.530765
104357,67871,0.667169,0.533821
72781,26301,0.000000,0.000154
43426,87256,0.000000,0.000009
117614,52195,0.589794,0.561240
11927,116694,0.588955,0.510422
97570,1764,0.588200,0.451040
88687,117614,1.000000,0.545900
34855,57060,0.000000,0.000000
69261,33258,0.590332,0.535642
58801,26094,0.000000,0.000013
90085,22693,0.589180,0.471287
97767,62083,0.000000,0.000000
106412,84602,0.000000,0.000349
33465,41201,0.588955,0.507139
8587,37516,0.000000,0.000001
78913,39129,0.589180,0.531134
81967,50962,0.000000,0.471997
93997,62083,0.000000,0.000000
106212,118437,0.588200,0.205633
2776,98353,0.000000,0.000001
15790,51653,0.586551,0.454580
9866,110822,0.587286,0.452690
8587,77757,0.000000,0.308160
82062,28615,0.586551,0.176844
34924,64124,0.588955,0.508121
115555,118437,0.588717,0.488991
37458,8587,0.000000,0.198274
120014,8587,0.000000,0.198098
84602,28615,0.586551,0.141549
32165,544,0.586934,0.382131
15949,18979,0.000000,0.081210
64386,57322,0.587286,0.440013
34924,51653,0.587286,0.417038
64386,40923,0.588955,0.540333
81387,33465,0.587916,0.473086
37458,33465,0.587916,0.472385
52939,53724,0.587286,0.458567
8587,98353,0.000000,0.000000
53724,33830,0.587286,0.412568
52939,112090,1.000000,0.549692
32169,49218,0.000000,0.001072
81967,118437,0.000000,0.434547
77757,2776,0.588466,0.497972
706,544,0.586934,0.408162
54614,47714,0.000000,0.315932
37516,106412,1.000000,0.943781
65709,7278,0.588955,0.512499
78913,81387,0.587916,0.467220
100613,112090,0.588955,0.520631
706,98353,0.000000,0.000001
115555,28615,0.586551,0.146429
64124,78913,0.588955,0.520240
7278,15790,0.586551,0.385138
706,93997,0.586551,0.385153
57322,50962,1.000000,0.477888
51653,33830,0.587286,0.412847
93997,73051,0.586551,0.478523
34924,81387,0.587916,0.451670
27931,106412,1.000000,0.940702
40923,15790,0.586551,0.406785
47714,118437,0.000000,0.430802
2776,73051,0.587916,0.548751
40923,99871,0.587916,0.481064
47714,112090,0.000000,0.418224
72716,15949,0.663397,0.409566
48197,7278,0.588717,0.501322
9866,81387,0.587916,0.489744
49218,97767,0.589395,0.527757
77757,57322,0.587286,0.453725
102273,97767,0.587916,0.461042
111708,50962,0.000000,0.000019
15949,73051,0.000000,0.085921
15949,64124,0.000000,0.080004
47714,110822,0.000000,0.425636
54614,15949,0.000000,0.065929
56567,706,0.587916,0.462447
115555,49218,1.000000,0.552638
78913,80573,0.000000,0.000000
33830,32169,0.000000,0.000107
32165,106412,0.000000,0.000005
57322,81387,0.587286,0.473819
100613,2776,0.657963,0.523171
8587,115555,0.000000,0.263732
78913,112090,1.000000,0.528859
97767,36410,0.588200,0.476174
8587,91415,0.000000,0.305137
81967,54614,0.000000,0.434397
93997,9866,0.586551,0.425795
8587,112090,0.000000,0.290125
7278,106212,0.588200,0.026038
33465,39129,0.588955,0.518958
80573,72716,0.000000,0.000064
15790,65709,0.586551,0.411254
50962,36410,0.587286,0.466174
106412,64386,0.000000,0.000079
73051,57322,0.587286,0.483964
53724,98353,0.000000,0.000000
64386,115555,0.588955,0.497339
107631,544,0.586934,0.442368
33465,110822,0.587286,0.436997
15949,81387,0.000000,0.081067
64124,81967,0.000000,0.419056
106412,80573,1.000000,0.984801
77757,36410,0.588200,0.501927
84156,50962,0.587286,0.452864
51653,91415,0.587286,0.466776
108513,81967,0.000000,0.380949
7278,706,1.000000,0.536900
84156,73051,0.587916,0.542897
81967,15790,0.000000,0.455213
52939,80573,0.000000,0.000000
121872,32883,0.000000,0.214288
67649,18290,0.000000,0.000233
31260,49150,0.000000,0.000003
52254,63870,0.000000,0.405505
39223,18290,0.000000,0.012949
9258,110995,0.000000,0.007750
24100,91176,0.538884,0.012942
65082,25065,0.000000,0.009000
26992,50398,0.000000,0.148610
89306,25065,0.000000,0.001120
91176,79319,0.000000,0.045601
39223,40272,0.000000,0.000001
66341,46157,0.537409,0.457997
31260,80936,0.586132,0.497540
95209,62167,0.000000,0.056630
31642,61235,0.000000,0.000010
25065,11267,0.587286,0.476641
31260,92141,0.000000,0.376279
38070,41889,0.000000,0.012541
30049,92828,0.587421,0.337956
24100,121082,0.000000,0.033876
66341,18290,0.000000,0.476355
39223,88523,0.000000,0.000004
67649,53257,0.000000,0.000000
92828,63870,0.587421,0.345292
111280,61267,0.000000,0.000003
80936,19032,0.000000,0.369193
9258,54929,0.000000,0.029930
32883,82035,0.000000,0.000000
122435,108642,0.000000,0.422581
12577,103863,0.538554,0.452690
99065,34853,0.000000,0.000002
111280,11267,0.000000,0.000025
28110,46157,0.537409,0.441784
61267,121082,0.000000,0.513704
44450,61235,0.000000,0.003771
88523,121872,0.000000,0.000021
46157,63870,0.000000,0.000135
31642,24100,0.000000,0.003501
108642,50398,0.000000,0.454010
12577,34853,0.000000,0.096720
67649,95209,0.000000,0.000001
26992,62083,0.000000,0.000000
99065,89306,0.000000,0.000000
38070,120412,0.000000,0.011975
121082,24100,0.000000,0.070128
111280,82035,0.588685,0.471012
38070,103863,0.000000,0.009893
38070,25065,0.000000,0.003215
24100,41889,0.000000,0.023112
12577,53257,0.000000,0.015257
28110,120412,0.000000,0.106729
25065,50398,0.586934,0.456157
103863,80936,0.000000,0.342660
34853,117066,0.000000,0.065882
121082,9258,0.000000,0.000010
24100,73355,0.000000,0.000000
122435,120203,0.000000,0.169285
1317,12577,0.000000,0.341514
72919,9258,0.589666,0.277255
96650,61267,0.000000,0.449334
61267,19032,0.000000,0.481671
12577,54929,0.000000,0.053328
30049,61235,0.587421,0.452246
32824,115221,0.000000,0.544952
18290,111280,0.000000,0.000067
121872,92141,0.000000,0.374842
110995,66341,0.000000,0.143647
32883,88523,0.000000,0.000005
88523,19032,0.000000,0.000000
62083,82035,0.000000,0.004872
19032,63870,0.000000,0.000000
11267,117066,0.000000,0.335174
119160,117066,0.000000,0.106369
28110,91176,0.538884,0.324270
46157,89306,0.000000,0.000103
95209,40272,0.000000,0.000000
72919,120412,0.000000,0.000009
61267,61235,0.000000,0.000001
34853,115221,0.000000,0.028239
30049,52254,0.000000,0.314902
66341,108642,0.538476,0.395070
61235,120203,0.000000,0.000032
50398,54929,0.000000,0.023252
66341,92828,0.000000,0.000620
40272,112138,0.587884,0.607875
112138,54929,0.000000,0.150398
11267,65082,0.000000,0.040602
112138,110995,0.000000,0.019322
32824,24100,0.540060,0.001494
41889,12577,0.000000,0.462196
39223,92141,0.000000,0.190348
41889,115221,0.000000,0.271338
89306,54929,0.000000,0.000149
38070,26992,0.000000,0.005895
61267,63870,0.000000,0.000000
38070,24100,0.000000,0.000133
65082,32883,0.000000,0.000744
38070,120203,0.000000,0.001702
122435,19032,0.000000,0.361320
45142,84553,0.558721,0.003047
34885,58758,0.560008,0.266836
42469,49432,0.562509,0.726392
7251,34713,1.000000,0.134480
55842,72216,0.560008,0.115316
98954,32713,1.000000,0.830234
40166,63545,0.558721,0.100190
49432,40153,0.000000,0.000000
40166,34713,0.558721,0.151687
101173,34713,0.000000,0.073363
34713,8418,0.000000,0.421073
49513,104225,0.558721,0.268639
119767,38367,0.000000,0.000403
110333,102381,0.000000,0.000022
109104,63545,0.558721,0.100190
101173,32593,0.000000,0.000001
44960,98904,0.560008,0.266948
98904,32593,0.000000,0.000000
104225,34885,0.558721,0.351173
75263,37332,0.000000,0.000186
23608,81721,1.000000,0.830234
1841,101170,0.560008,0.270541
49513,34713,0.560008,0.159185
30720,34713,0.000000,0.000000
32713,63545,0.558721,0.100190
58758,55842,0.564102,0.187452
45142,81721,0.558721,0.003047
117660,73772,0.558721,0.488778
98696,122051,0.000000,0.181239
42469,118969,0.560008,0.197429
52798,119767,0.000000,0.000730
68638,1841,0.000000,0.000066
75263,101395,0.560008,0.530646
72216,1841,1.000000,0.552937
1841,122051,1.000000,0.443351
42469,50754,0.558721,0.164604
119767,37359,0.000000,0.000227
68638,101395,0.000000,0.000006
8418,84553,0.000000,0.317492
81503,37359,0.000000,0.000076
55842,92964,0.558721,0.118012
101170,84436,0.560008,0.109044
37359,122051,0.000000,0.000048
50754,34885,0.558721,0.351173
34713,49513,0.560008,0.279255
4348,32593,0.000000,0.001175
54596,81721,0.558721,0.120227
98696,40153,0.000000,0.000000
10853,50754,1.000000,0.830234
72216,73772,0.558721,0.375767
40016,770,0.000000,0.000001
40016,4348,0.000000,0.008117
63545,32713,0.558721,0.061224
49513,75263,0.560008,0.160772
40016,81503,0.000000,0.000328
84436,95043,0.560008,0.176552
92964,54596,0.558721,0.435520
57853,101395,0.000000,0.000004
40016,32593,0.541120,0.002634
4348,52529,0.000000,0.000140
95043,119767,0.000000,0.000018
84553,31369,0.000000,0.143604
104225,118969,0.558721,0.392129
92964,42469,0.558721,0.492599
84436,37332,0.000000,0.001140
110053,15715,0.000000,0.004114
101173,98696,0.000000,0.163037
770,50754,0.000000,0.036706
32593,101170,0.000000,0.000000
50754,87794,1.000000,0.830234
37359,54596,0.000000,0.000001
37359,117660,0.000000,0.000557
101170,73772,0.558721,0.239080
68638,122051,0.000000,0.000036
32713,54596,0.558721,0.435520
98696,7251,0.000000,0.192645
53315,8418,0.000000,0.160204
92964,64609,0.000000,0.000000
40166,84553,1.000000,0.830234
84553,118969,0.558721,0.392129
118969,770,0.000000,0.005123
84553,54596,0.558721,0.435520
95043,15715,0.564102,0.001557
45142,58758,0.564102,0.120996
73772,52798,0.000000,0.000656
27622,81721,0.000000,0.000042
49432,57853,0.000000,0.000000
84553,87794,1.000000,0.830234
23608,110053,0.000000,0.010672
57853,40016,0.000000,0.000881
110053,50754,0.000000,0.011066
37359,58758,0.000000,0.000000
27622,44960,0.000000,0.000017
81503,8418,0.000000,0.013588
42469,101170,0.561821,0.231599
75263,7251,1.000000,0.593809
4348,98954,0.000000,0.000140
40016,37359,0.000000,0.001968
23608,15180,0.558721,0.334002
104225,119767,0.000000,0.000026
3790,75181,0.546170,0.196688
121118,97654,0.545419,0.529764
61875,4648,0.544990,0.700045
11276,114932,0.544515,0.246429
731,18107,0.544990,0.649492
75875,87269,0.541052,0.580460
18846,123008,0.544515,0.693164
79163,29409,0.545419,0.698213
86451,28021,0.544990,0.630622
1625,42253,0.000000,0.643085
11276,112538,0.544515,0.394445
53864,109345,0.000000,0.000013
56073,15497,0.539965,0.610291
91060,87269,0.541052,0.568921
86971,97654,0.000000,0.000012
28021,10623,0.544990,0.576387
101846,59436,0.543985,0.542968
86479,59436,0.000000,0.000261
87269,56073,0.539965,0.587478
56073,113019,0.539965,0.678674
109345,56073,0.000000,0.000806
86451,7924,0.000000,0.014259
21431,3952,0.545419,0.663134
30654,46935,0.000000,0.004180
101846,113019,1.000000,0.712044
17696,3790,0.545810,0.410151
29409,11276,0.544515,0.286809
79163,7924,0.000000,0.039075
66795,40321,0.543985,0.699876
110910,20358,0.540358,0.692892
84174,103317,0.000000,0.000031
43108,84174,0.545810,0.659951
43108,120044,0.000000,0.001283
86908,120044,0.000000,0.000515
120044,80706,0.000000,0.008547
86451,731,0.547634,0.591749
95264,29409,0.542185,0.695153
97654,92808,0.544990,0.545583
84174,97654,0.545419,0.484855
113019,92808,0.544990,0.688511
1625,86479,0.000000,0.001092
10623,121118,0.546504,0.512462
4648,60108,0.538529,0.691221
43108,114932,0.545810,0.591468
86451,53864,0.544990,0.630530
90264,92808,0.544515,0.736848
18107,56073,0.539965,0.641888
75875,731,0.546504,0.599204
86479,112538,0.000000,0.002546
74506,112538,0.545419,0.622991
10623,91060,0.546504,0.403352
75181,20358,0.545419,0.043517
40321,120044,0.000000,0.000114
84174,22051,0.545810,0.643204
84174,123008,0.544990,0.639138
113019,53864,0.544990,0.635533
4648,110910,0.540358,0.700653
18846,91060,0.544515,0.624949
123008,53864,1.000000,0.687842
112538,121118,0.545419,0.608945
92808,46935,0.544515,0.557907
36613,60108,0.538529,0.592266
10623,97654,0.545419,0.438661
59436,17696,0.543985,0.611199
28021,21431,0.544990,0.707161
40321,95264,0.542185,0.694096
43108,83587,0.545810,0.702020
22051,18846,0.544515,0.675577
4648,28021,0.544990,0.680881
43108,60108,0.538529,0.659760
62083,110910,0.000000,0.000000
74506,3790,0.546170,0.205151
97654,42253,0.000000,0.537285
47122,15497,0.544990,0.694754
60108,92808,0.538529,0.735883
29711,90264,0.538529,0.734636
62083,17696,0.000000,0.000000
4648,75181,0.545419,0.049280
90264,30654,0.000000,0.005600
120044,42253,0.000000,0.000643
29409,123008,0.544990,0.653139
90264,3790,0.544515,0.536138
40321,1424,0.543985,0.705650
86451,87269,0.541052,0.608811
84174,113019,0.545810,0.662382
113019,56073,0.539965,0.650193
113019,61875,0.544990,0.688332
97654,75181,0.545419,0.103397
110910,56073,0.539965,0.643029
80706,84174,0.545810,0.652235
22051,84174,0.545810,0.621682
122533,61875,1.000000,0.737100
83587,86451,0.545810,0.598355
92808,103317,0.000000,0.000394
59436,29711,0.538529,0.679958
95264,36613,0.542185,0.660088
46935,36613,0.544515,0.512248
83587,86971,0.000000,0.000002
40321,10623,0.543985,0.580828
90264,110910,0.540358,0.706572
96809,41498,0.000000,0.000723
107365,102448,0.589794,0.541255
55409,3794,0.587916,0.432321
95942,76461,0.000000,0.004289
81270,41637,0.000000,0.000238
52049,85358,0.000000,0.000010
45816,45750,0.588466,0.455014
71746,74411,0.589794,0.544641
116278,116756,0.591104,0.592617
62083,95942,0.000000,0.000000
116756,45816,0.588466,0.445500
76968,45816,0.586551,0.425042
1631,114459,0.585668,0.302683
121142,18686,0.000000,0.000316
116756,62083,0.000000,0.000000
49317,64924,0.000000,0.000124
2318,97700,0.589180,0.597367
18686,112601,0.589395,0.533862
52123,18686,0.589395,0.556509
1631,4540,0.585668,0.307933
38494,34955,0.588955,0.494915
50793,99190,0.590812,0.642999
112601,43277,0.000000,0.002048
105826,102448,0.590332,0.581878
22611,112601,0.591243,0.582656
2318,52123,0.589599,0.610513
97700,24499,0.589180,0.546991
79204,76461,0.000000,0.005636
112601,49317,0.591243,0.592526
121142,76968,0.000000,0.000004
40492,99363,0.590658,0.578452
39364,76461,0.000000,0.007097
64924,107375,0.000000,0.001539
59981,97700,0.589180,0.615031
1631,38494,0.585668,0.323467
50161,41637,0.000000,0.000445
41498,13059,0.000000,0.001711
75802,110062,0.000000,0.000006
116756,52049,0.000000,0.000130
18686,76968,0.586551,0.385172
13059,40492,0.591509,0.598507
30392,11860,0.590812,0.589913
4540,105826,0.590332,0.586864
107375,91457,0.590658,0.594124
76461,33442,0.000000,0.008994
45816,114459,0.588466,0.454009
116756,11860,0.591509,0.601510
50161,61317,0.000000,0.235111
33442,95942,0.590332,0.556612
50161,105826,0.590332,0.585939
52123,59981,0.589599,0.628250
41637,102448,0.000000,0.003607
33442,116278,0.590960,0.593010
43277,34955,0.000000,0.007736
13059,38494,0.590498,0.584504
107375,38494,0.590498,0.564224
39364,33442,0.589395,0.510315
39364,13059,0.589395,0.531254
59981,114459,0.590498,0.583416
55409,116756,0.587916,0.420945
99363,34955,0.588955,0.519662
81270,43652,0.589981,0.638777
112601,68261,0.000000,0.001084
85358,41637,0.000000,0.000002
74411,71746,0.589794,0.544523
105826,61317,0.000000,0.227919
107375,110062,0.000000,0.000058
40492,85358,0.586551,0.284653
64924,3794,0.000000,0.001030
112362,76461,0.000000,0.000000
4540,59981,0.590498,0.590942
105826,76461,0.000000,0.007118
112362,61317,0.000000,0.003431
22611,107365,0.589794,0.514575
118472,50161,1.000000,0.570893
102448,99363,0.590498,0.583972
116278,86494,0.589981,0.566023
4540,52049,0.000000,0.000059
85358,4540,0.586551,0.367480
96809,4540,0.659937,0.567087
45750,38494,0.590498,0.564976
49317,97700,0.589180,0.544185
107375,74411,0.589794,0.533492
50161,43277,0.000000,0.001232
62083,41637,1.000000,0.186856
18686,50793,0.589395,0.541484
33238,95942,0.000000,0.001468
22611,4540,0.590812,0.507356
22611,99363,0.590658,0.588774
116756,107365,0.589794,0.521806
105826,64924,0.000000,0.000031
55409,121142,0.000000,0.000006
76968,55409,0.586551,0.439517
99363,81270,0.590160,0.637391
116278,39364,0.589395,0.537889
95942,114459,0.590332,0.553618
85358,97700,0.586551,0.442978
62083,110062,1.000000,0.974988
1631,52049,0.000000,0.000000
40492,43277,0.000000,0.000690
30024,29695,0.000000,0.618717
122476,115174,0.000000,0.473224
20190,73347,0.000000,0.000000
30024,42016,0.587612,0.515306
71982,25346,0.000000,0.562479
122970,19351,0.000000,0.546715
114747,41714,0.588955,0.489574
8011,114747,0.000000,0.000011
115783,32800,0.000000,0.000000
53649,41563,0.590498,0.554310
33801,8011,0.000000,0.000000
29695,2598,0.587612,0.512870
97362,42016,0.000000,0.000412
24724,122476,0.000000,0.535043
2598,30377,0.000000,0.511140
115174,64363,0.000000,0.482429
19710,5787,0.590160,0.552696
99516,40465,0.000000,0.000009
30377,30024,0.587612,0.602471
97362,2598,0.000000,0.000564
30377,73347,0.000000,0.000000
15152,33801,0.000000,0.000007
122094,49287,0.590160,0.625791
97577,64363,0.000000,0.545714
8011,78965,1.000000,0.985359
49287,12479,0.591243,0.593480
49287,78965,0.000000,0.000003
54885,15152,0.000000,0.000000
9129,26884,0.588200,0.482232
8011,22295,0.000000,0.000011
122970,5787,0.588466,0.542763
4435,100551,0.588466,0.496096
29695,43800,0.000000,0.525230
15152,88987,0.000000,0.000019
54885,29695,0.000000,0.614224
108045,52750,0.000000,0.584293
15152,26884,0.000000,0.000005
2908,32800,0.000000,0.000004
65208,30024,0.000000,0.537716
107055,30377,0.000000,0.598164
100551,2908,0.000000,0.452077
100551,26884,0.588200,0.502116
9129,100551,0.588466,0.494549
5787,29695,0.000000,0.505349
62083,108045,0.000000,0.000000
100551,19710,0.588466,0.468082
115783,84946,0.589180,0.630293
41714,118958,0.000000,0.585164
86833,65208,0.588200,0.425599
29695,122476,0.587612,0.514151
118958,108022,0.000000,0.560617
97577,100551,0.000000,0.470528
76150,97362,0.000000,0.000000
90644,20190,0.588717,0.495960
12915,73347,0.000000,0.000015
40465,62348,0.000000,0.002187
84946,52750,0.000000,0.578497
46098,42016,0.000000,0.580476
122094,65208,0.588200,0.485226
73347,54885,0.000000,0.000005
84946,71982,0.589180,0.626078
118958,30024,0.000000,0.539155
122094,26884,0.000000,0.487869
99516,86833,0.000000,0.472303
12915,15152,0.000000,0.000015
30377,26884,0.588200,0.520213
46098,19710,0.000000,0.577218
108022,2598,0.000000,0.525983
20190,122476,0.000000,0.516454
88987,115783,0.000000,0.555785
114747,115783,0.000000,0.549480
118959,33801,0.000000,0.000016
76150,62348,0.000000,0.481339
115783,114747,0.000000,0.542477
86833,41714,0.000000,0.551402
118959,32800,1.000000,0.967673
29695,53649,0.587612,0.518086
9129,122094,0.000000,0.547318
46098,115783,0.589180,0.615552
97577,55338,0.000000,0.572501
30024,26884,0.587612,0.526944
43800,41714,0.000000,0.446571
33801,4435,0.588466,0.504833
54885,24724,0.000000,0.629538
24574,26884,0.588200,0.459082
122970,100551,0.661654,0.527836
12479,122970,0.000000,0.523540
5787,64363,0.590498,0.557986
19351,115783,0.000000,0.565037
115174,65208,0.000000,0.486445
114747,118959,0.000000,0.000003
62348,5787,0.000000,0.559182
2908,38936,0.000000,0.423289
43800,122970,0.000000,0.530247
20190,32800,0.000000,0.000001
88987,30024,0.587612,0.533338
73139,26884,0.000000,0.507068
84946,40465,0.000000,0.000014
65208,115174,0.000000,0.484513
122476,20190,0.000000,0.512145
64073,1830,0.000000,0.000080
19241,13306,0.000000,0.044245
66249,80658,0.000000,0.004874
89951,32564,0.000000,0.000900
115221,117481,0.000000,0.000069
52062,13306,0.000000,0.000412
64073,6479,0.000000,0.000012
24370,76952,0.000000,0.000030
35179,6479,0.000000,0.002046
99072,62083,0.000000,0.000000
64073,108174,0.000000,0.000042
86185,99072,0.000000,0.000002
1830,24170,0.000000,0.455660
89951,446,0.000000,0.400848
35066,10537,0.000000,0.000001
118073,100638,0.587286,0.458315
1108,66249,0.000000,0.000025
44450,21656,0.000000,0.000000
118073,10537,0.000000,0.000107
117481,122489,0.000000,0.000870
56285,80658,0.586934,0.502917
110754,80658,1.000000,0.524703
76952,19241,0.000000,0.000033
35179,38970,0.000000,0.002157
56285,108174,1.000000,0.511101
80362,121024,0.000000,0.000012
14991,46362,0.000000,0.048109
44242,56285,0.000000,0.462193
65779,24170,0.000000,0.340219
80658,121024,0.000000,0.000073
35066,70997,0.000000,0.000002
48906,21656,0.000000,0.001988
19241,67688,0.000000,0.000112
62083,106705,0.000000,0.000000
44242,118073,0.000000,0.431213
65779,14991,0.597824,0.723412
69129,115221,0.000000,0.225519
13306,80448,1.000000,0.481310
65779,21038,0.597794,0.720391
99070,24170,0.000000,0.000828
110922,60371,0.000000,0.024727
80658,113663,0.000000,0.440967
70997,76952,0.000000,0.000061
99072,105520,0.000000,0.000006
53204,99072,0.000000,0.000000
108174,69129,0.000000,0.481112
46362,67186,0.000000,0.000472
110754,119764,0.587612,0.513266
106705,52526,0.000000,0.000135
99072,65779,0.000000,0.000000
60371,108174,0.586551,0.608412
86185,65779,0.000000,0.001020
100638,65779,0.000000,0.003127
89951,1108,0.000000,0.000000
19241,55610,0.000000,0.000002
24170,67186,0.000000,0.001723
60371,67186,0.000000,0.001218
36412,21038,0.000000,0.215418
90514,76952,0.000000,0.000002
3541,118073,0.000000,0.000288
48906,55610,0.000000,0.000030
115221,64073,0.000000,0.026826
122489,32564,0.000000,0.001170
52062,117698,0.000000,0.008203
13306,76952,0.000000,0.029472
67688,53204,0.000000,0.001343
52526,117481,0.000000,0.000052
56285,19241,1.000000,0.511207
80658,1830,0.587612,0.525374
46362,117481,0.000000,0.000042
64073,60030,0.000000,0.000057
35179,110754,0.000000,0.002373
44242,70997,0.000000,0.473086
24170,13306,0.000000,0.118827
48906,60371,0.000000,0.000856
110922,60030,0.000000,0.020579
115221,15346,0.000000,0.474283
100638,86185,0.585149,0.358808
70997,115221,0.000000,0.482228
52526,48906,0.000000,0.000029
35066,44242,0.000000,0.000002
44450,64073,0.000000,0.039815
1830,44242,0.000000,0.417338
117698,90514,0.000000,0.000002
80362,65779,0.000000,0.003923
21656,15346,0.000000,0.000043
105520,67186,0.000000,0.000270
446,76952,0.000000,0.000004
117481,106705,0.000000,0.000820
446,89951,0.000000,0.411787
80658,13306,0.000000,0.067938
35066,100638,0.000000,0.000002
113663,38970,0.000000,0.136463
48906,67186,0.000000,0.002318
1108,19241,0.000000,0.000019
446,38970,1.000000,0.469053
3541,53204,0.000000,0.000151
52062,15346,0.000000,0.005987
24170,62083,0.000000,0.000000
86185,13306,0.000000,0.001094
57317,47423,0.000000,0.000029
72112,41271,0.588466,0.509047
114460,9544,0.000000,0.459716
78577,98299,0.000000,0.445074
454,100408,0.000000,0.000001
57939,114460,0.000000,0.161572
100429,54573,0.000000,0.527582
63119,75865,0.549120,0.445370
114460,81811,0.588466,0.443966
110371,12648,0.000000,0.110988
114460,41350,0.588466,0.522595
32055,116274,0.000000,0.001798
75865,51881,0.000000,0.486015
32055,48038,0.000000,0.000358
81811,54573,0.590658,0.554062
88945,105317,0.000000,0.588206
101323,51501,0.589180,0.503325
108626,82052,0.000000,0.567799
95335,454,0.000000,0.489047
14788,109507,0.000000,0.000008
88945,48038,0.590658,0.593856
40689,78577,0.000000,0.531253
12648,92253,0.000000,0.200876
106173,42425,0.588955,0.450900
100429,10773,0.000000,0.538837
54573,70877,0.000000,0.565816
9544,47423,0.000000,0.000010
75865,81459,0.000000,0.511431
1365,82052,0.000000,0.000253
5401,40689,0.000000,0.547208
106173,101323,0.590658,0.551606
101323,97517,0.000000,0.000012
42425,1803,0.588955,0.522443
62689,95335,0.588466,0.512508
12648,1365,0.000000,0.000008
81459,108626,0.000000,0.546062
102184,75865,0.000000,0.000010
40689,49623,0.589395,0.554034
10773,106173,0.589981,0.527144
36489,106173,0.589180,0.485665
81459,82052,0.588955,0.550825
72112,41350,0.588717,0.538848
63119,12648,0.000000,0.170335
78577,110371,0.587612,0.485905
81811,98299,0.586934,0.333361
116274,51881,0.000000,0.445397
454,70877,0.550631,0.513981
81811,116274,0.591636,0.580238
1803,41271,0.588466,0.465661
97517,106173,0.000000,0.000939
110371,454,0.000000,0.448909
58166,51501,0.589180,0.494204
47423,48038,0.000000,0.000109
105317,110371,0.000000,0.427090
98299,75865,0.000000,0.455407
5401,1803,0.000000,0.589234
114460,40689,0.588466,0.449030
49623,95335,0.000000,0.516338
81811,7992,0.590332,0.574895
49623,48038,0.589395,0.621212
35394,101323,0.000000,0.432480
62689,13098,0.000000,0.000016
41271,57939,0.000000,0.137390
70877,8169,0.000000,0.530995
72112,100429,0.000000,0.498296
8169,102184,0.000000,0.000005
48038,40689,0.590658,0.583880
75865,58166,0.000000,0.425258
105317,70877,0.000000,0.583229
100408,42425,0.000000,0.000007
70877,116274,0.000000,0.555441
101323,81811,0.590658,0.553408
70877,13098,0.000000,0.000056
58166,75865,0.000000,0.423263
81459,41350,0.588955,0.637121
114460,1803,0.588466,0.471330
16470,68437,0.588466,0.468961
35394,57317,0.000000,0.421604
114460,7992,0.588466,0.500822
100408,114460,0.000000,0.000008
41271,48038,0.588466,0.497234
72112,82268,0.588717,0.456769
72112,10773,0.588717,0.488063
81459,114460,0.588466,0.520476
105317,106173,0.000000,0.601608
97517,92253,0.000000,0.000166
114460,62083,0.000000,0.000000
95335,48038,0.000000,0.497469
16470,70877,0.000000,0.459040
82268,78577,0.000000,0.515276
42425,114460,0.588466,0.485806
58166,5401,0.000000,0.538727
1412,48038,0.586934,0.425063
1803,84928,0.000000,0.557709
12648,105317,0.000000,0.195125
72112,32055,0.000000,0.000006
36489,109507,0.000000,0.000000
36489,1803,0.589180,0.510358
14788,81459,0.000000,0.529380
101323,102184,0.000000,0.000079
86281,117598,0.588200,0.478794
59981,15357,0.589599,0.628017
116278,64099,0.000000,0.000016
64099,10945,0.000000,0.000020
119271,12534,0.000000,0.000001
111132,31781,0.589180,0.499176
121842,27077,0.000000,0.000107
10945,64215,0.587916,0.539470
118472,66563,0.587286,0.395672
42319,60560,0.590332,0.554198
50161,36293,0.000000,0.000158
39364,62990,0.589180,0.529347
8742,122496,0.586934,0.397027
5805,62083,0.000000,0.000000
25430,121842,0.000000,0.000008
49391,60560,0.000000,0.001229
55071,62990,0.000000,0.511540
49574,45481,1.000000,0.522752
119271,81422,0.587286,0.437199
66292,86281,0.589180,0.532099
81422,25234,0.589180,0.553705
49574,87801,0.000000,0.000000
3352,12534,0.000000,0.000032
17138,8742,0.586934,0.393885
55180,25234,0.589599,0.619590
115962,45481,0.000000,0.000023
115902,42319,0.588955,0.553772
60560,115962,0.000000,0.000093
38494,69055,0.587916,0.437006
59981,50161,0.590498,0.584484
34332,116278,0.588466,0.487255
32116,122496,0.588466,0.464405
39364,100871,0.589395,0.533595
66563,39364,0.587286,0.433710
62990,25430,0.589180,0.553168
116278,50161,0.590960,0.590456
50161,111132,0.589180,0.499633
15357,10876,0.588955,0.626279
59981,39364,0.589395,0.549254
49574,53853,0.000000,0.000001
121842,115962,1.000000,0.903316
55071,104384,0.000000,0.000007
8742,49574,0.586934,0.464255
116278,96090,0.588955,0.510319
104965,60560,0.588200,0.443460
62990,95801,0.000000,0.000015
51218,31781,0.000000,0.002393
103133,27077,0.000000,0.000232
21358,103133,0.000000,0.000014
121842,36293,1.000000,0.026282
62083,95801,1.000000,0.971174
66563,55180,0.587286,0.437606
15357,103133,0.000000,0.000059
106296,87801,0.000000,0.000000
38494,66563,0.587286,0.404180
59981,86281,0.589180,0.539073
111132,122496,0.589180,0.510767
42319,81458,0.000000,0.000011
96090,118472,0.588955,0.483730
87801,115962,1.000000,0.936132
100871,104965,0.588200,0.469080
104384,53853,1.000000,0.959432
35950,64262,0.000000,0.000027
11201,9392,0.589180,0.513011
96090,45481,0.587612,0.540088
64215,66292,0.588717,0.499882
43132,49574,0.587612,0.442535
87801,36293,1.000000,0.002625
60560,95801,0.000000,0.000117
55071,95801,0.000000,0.000055
25430,43132,0.589395,0.557392
62083,116278,0.000000,0.000000
64262,109145,0.000000,0.002267
39364,45481,0.587612,0.527625
62083,96090,0.000000,0.000000
49574,115962,0.000000,0.000001
11201,87801,0.000000,0.000000
118472,100871,0.589599,0.518657
9392,116278,0.589981,0.565298
10945,9392,0.587916,0.534110
49391,38494,0.000000,0.000781
121842,62083,1.000000,0.992515
109145,42319,0.590332,0.560210
36293,100871,0.000000,0.000892
55071,118472,0.000000,0.547806
62990,10876,0.588955,0.557795
116278,64262,0.000000,0.000753
49574,81458,0.000000,0.000000
17138,96090,0.588955,0.503715
50161,31781,0.590960,0.571037
27077,109145,0.589180,0.558630
27077,115962,0.000000,0.000011
122496,49391,0.000000,0.000078
8742,59981,0.586934,0.430523
103133,9392,0.000000,0.000609
122496,115962,0.000000,0.000050
5805,117598,0.588200,0.494429
104965,4540,0.588200,0.442419
9392,10945,0.587916,0.524603
43132,119271,0.587286,0.424626
46132,5817,0.663313,0.533256
94431,116048,0.661092,0.495712
38470,76417,0.662926,0.530296
66120,84832,0.662666,0.237182
19769,60880,0.662885,0.550881
98197,67295,0.661926,0.425998
100379,38051,0.000000,0.000025
66995,116048,0.661092,0.487995
5817,33363,0.662459,0.237285
66120,118973,0.662666,0.521641
80883,52325,0.000000,0.000002
118973,48427,0.662926,0.543659
69782,99612,1.000000,0.996545
116274,92899,0.000000,0.000048
74758,33363,0.662459,0.215269
76417,61250,0.662926,0.513919
44916,61250,0.000000,0.000878
46132,9868,0.663666,0.552288
9868,19769,0.663660,0.170032
74758,98960,0.662885,0.502881
86340,94696,0.662499,0.503995
38470,94431,0.662885,0.565673
88991,38051,1.000000,0.941590
92995,2976,0.000000,0.000209
118973,80516,0.661646,0.455431
89817,122870,0.000000,0.000034
67295,74758,0.661926,0.472522
107806,66120,1.000000,0.515576
116048,84832,0.661092,0.196419
94431,83115,0.662885,0.237000
52325,80883,0.000000,0.000160
107806,116274,0.662666,0.462998
38470,82666,0.000000,0.000002
86340,101295,0.662188,0.494718
98197,122870,0.000000,0.000011
66995,98960,0.661646,0.438649
98724,66318,0.000000,0.000003
91133,88991,0.000000,0.000000
80516,118601,0.661646,0.437400
58842,89599,0.662188,0.497484
99612,82666,1.000000,0.916471
9868,33363,0.662459,0.249071
16644,100980,0.662188,0.101364
66995,100980,0.661646,0.092577
100642,84832,0.663093,0.271408
76417,100642,0.662926,0.557154
89599,60880,0.662188,0.101802
10836,116048,0.661092,0.454202
100642,61250,0.663093,0.564868
101295,83115,0.662188,0.189488
66995,80516,1.000000,0.485365
58842,80883,0.663480,0.569910
61250,36644,0.662828,0.549733
116048,100379,0.661092,0.074825
98724,8616,0.662188,0.530365
58842,116048,0.661092,0.483231
89817,66318,0.000000,0.000640
98724,89817,0.662188,0.244211
98960,415,0.663660,0.529812
100642,106530,0.663093,0.562525
89599,82666,0.000000,0.000000
92995,76417,0.000000,0.000027
415,92611,0.664309,0.590005
80883,8140,0.000000,0.000005
98197,116048,0.661092,0.425354
94696,118973,0.663093,0.548604
9868,82666,0.000000,0.000004
107806,94696,0.662666,0.507215
88991,8616,0.000000,0.000387
16644,92611,0.662188,0.487907
16644,76417,0.662188,0.479912
46132,52325,0.000000,0.000001
89817,44916,0.000000,0.005062
9868,1768,0.663093,0.517913
5817,74758,0.662885,0.510984
80516,89599,0.661646,0.479324
101295,99612,0.000000,0.000000
1768,94431,0.662885,0.559998
91133,84832,0.662434,0.256689
19769,16644,0.662188,0.151430
100642,94431,0.662885,0.631382
66120,33363,0.662459,0.207254
89817,80883,0.663832,0.251202
52325,16644,0.000000,0.000007
91133,5817,0.662434,0.551839
100642,66120,0.662666,0.532439
91673,98960,0.663291,0.531303
98960,95527,0.000000,0.000004
44916,80516,0.000000,0.000032
66318,86340,0.000000,0.000033
84832,80883,0.663831,0.261987
1768,69782,0.000000,0.000000
122870,101295,0.000000,0.000005
38470,106530,0.663291,0.534264
92995,99612,1.000000,0.990758
98960,52325,0.000000,0.000001
5817,76417,0.662926,0.525872
91673,38470,1.000000,0.536343
106530,89817,0.663480,0.262035
9868,38470,0.663291,0.528597
14988,110840,0.553297,0.013992
10743,51909,0.553297,0.008055
10743,13639,0.553297,0.010419
79875,16415,0.553988,0.009140
44148,26776,0.554725,0.005606
84818,53879,0.557622,0.026425
54631,100404,0.557622,0.057610
13639,57587,0.556213,0.032591
88604,60588,0.557014,0.035270
73170,77820,0.553825,0.011361
35152,68101,0.560687,0.062858
23162,3881,0.553825,0.004116
48107,1017,0.555911,0.023715
15816,779,0.557014,0.030334
16415,51250,0.559553,0.058923
6685,48107,0.555474,0.019864
100583,44148,0.554725,0.015618
3881,82850,0.558578,0.041633
114394,31509,0.560392,0.058929
35152,18424,0.560687,0.069841
70091,100583,0.558281,0.052477
12949,100404,0.557622,0.062744
82850,39184,0.558578,0.039679
57641,53620,0.554445,0.009366
70091,779,0.557014,0.032338
13639,61838,0.556213,0.036171
119705,2670,0.553480,0.011405
119499,54631,0.559268,0.053132
89968,110840,0.559992,0.084460
13639,15816,0.556213,0.030655
114394,16415,0.559553,0.057226
90415,60588,0.557014,0.034580
107741,10743,0.553297,0.006479
84818,61838,0.557622,0.029569
62597,95856,0.560075,0.093373
84818,88604,0.557622,0.027573
55681,57641,0.557897,0.030155
18424,31026,0.561097,0.069125
39184,73170,0.556115,0.034678
100583,110840,0.560793,0.076692
4543,10743,0.553297,0.010004
81875,14988,0.553297,0.007901
114860,32936,0.561064,0.062407
107501,60588,0.557014,0.035076
3881,35152,0.560687,0.060026
16415,85658,0.559168,0.051570
53620,16415,0.554445,0.011370
10743,119499,0.553297,0.009296
53620,119705,0.554445,0.010856
26776,114860,0.563924,0.027779
54631,107501,0.559268,0.066938
102081,81875,0.555698,0.020417
12816,48957,0.553480,0.010929
102081,31509,0.555698,0.029133
15816,114860,0.557252,0.026685
62597,82249,0.557964,0.044185
68101,3881,0.562511,0.134734
16415,48107,0.555911,0.027696
14988,57587,0.553297,0.013639
110840,31509,0.560392,0.058222
114860,73771,0.553825,0.005988
10743,18424,0.553297,0.007195
4543,73771,0.553825,0.009737
1017,3881,0.556404,0.013963
51250,2670,0.553480,0.013110
12816,26776,0.553480,0.002453
88604,12949,0.559599,0.053698
53081,73771,0.553825,0.007200
70091,31026,0.558281,0.050513
114394,88604,0.561874,0.073730
79875,89968,0.553988,0.008397
119705,779,0.557014,0.038676
100404,10743,0.553297,0.006821
53620,51250,0.554445,0.011044
119499,39184,0.560615,0.043894
119705,88604,0.560430,0.059762
48957,26776,0.560931,0.078767
95543,107741,0.563675,0.045979
100404,95856,0.557622,0.024482
23162,51909,0.553825,0.012370
68101,119499,0.560615,0.081257
114394,32936,0.561064,0.059955
15816,95856,0.557252,0.035123
57641,31509,0.558802,0.050259
82850,107501,0.558578,0.056454
54631,82850,0.558578,0.054531
6685,12949,0.555474,0.026805
1017,55681,0.556404,0.032509
12949,53620,0.554445,0.009179
23162,44148,0.553825,0.013402
10743,60588,0.553297,0.010416
88604,51909,0.561874,0.079313
100404,102081,0.555698,0.011725
26776,54631,0.559268,0.030313
31509,82249,0.557964,0.050445
79875,90415,0.553988,0.007889
89968,77820,0.553825,0.009471
73170,60588,0.556115,0.025803
89968,100583,0.559992,0.078882
86264,82850,0.558578,0.039949
48926,64490,0.589794,0.538419
104962,111621,0.589180,0.520758
44748,47937,0.000000,0.000001
25132,58987,0.588717,0.497092
1269,66169,0.589395,0.525969
36969,20075,0.588717,0.506726
21311,116995,0.589395,0.519889
111621,70621,0.589599,0.529635
121481,58198,0.588466,0.538586
112614,64490,0.590498,0.552588
71287,39995,0.588466,0.487464
109049,14682,0.000000,0.000104
21311,116553,0.000000,0.000012
56786,116995,1.000000,0.535526
98620,663,0.589981,0.479566
61353,56786,0.589395,0.532794
58652,48926,0.589180,0.518106
47368,109049,0.000000,0.000000
59054,58198,0.000000,0.000510
61353,89647,0.589794,0.538082
62839,61353,0.589599,0.542023
9020,71287,0.587916,0.461484
23473,19110,0.588466,0.452919
32094,39995,0.588466,0.442885
47937,116553,1.000000,0.942877
45721,57406,1.000000,0.013148
21311,47937,0.000000,0.000017
108720,44638,0.588717,0.531610
67254,20075,0.588717,0.495843
47937,62839,0.000000,0.000086
113032,85088,0.000000,0.138947
109049,47368,0.000000,0.000001
94340,109810,0.659977,0.552276
32094,108720,0.588955,0.533964
89647,62839,0.589599,0.531335
104962,58198,0.589180,0.496171
58652,116553,0.000000,0.000002
67400,108720,0.000000,0.000038
663,19110,0.590332,0.447875
89647,33270,0.589599,0.530612
62083,73408,0.000000,0.000000
48926,56786,0.589395,0.532794
112614,41792,0.588955,0.473059
94340,98620,0.659977,0.572807
19110,62839,0.589599,0.522496
116995,116416,0.588955,0.515793
54522,67254,0.000000,0.224012
64490,73408,0.588466,0.465898
66169,20075,0.588717,0.501748
58987,70695,0.589395,0.536259
89647,73408,0.588466,0.465474
663,66169,0.589395,0.483956
109049,121481,0.000000,0.000008
104962,109049,0.000000,0.000001
89647,21311,0.590332,0.560942
48926,80049,0.587916,0.451900
23473,64490,0.588466,0.460935
44748,58987,0.588466,0.484121
116553,57406,1.000000,0.115084
113032,112614,0.589395,0.505495
57129,71287,0.589395,0.515090
33270,114920,0.589599,0.536400
116553,51232,0.000000,0.000764
89647,58987,0.589599,0.530904
64490,20075,0.588717,0.477738
41792,66169,0.588955,0.513194
47368,59054,0.000000,0.000000
47368,44748,0.586551,0.424986
71287,80049,0.587916,0.461969
57129,62083,0.000000,0.000000
41792,62839,0.588955,0.508223
32303,112614,0.591104,0.570519
56786,47368,0.586551,0.385561
14682,44638,0.588717,0.483566
62083,45721,1.000000,0.999725
48926,663,0.589794,0.449722
62839,58987,0.659870,0.542589
59054,116553,1.000000,0.947555
48926,32094,0.589794,0.521538
64490,109810,0.589981,0.549778
85088,47937,0.000000,0.000384
104962,51232,0.000000,0.168614
109810,68094,0.588466,0.472771
58198,104962,0.589180,0.497507
57406,67254,0.000000,0.004282
62083,44748,0.000000,0.000000
66169,14682,0.589395,0.521349
39995,14682,0.588466,0.467619
21311,111621,0.589599,0.529811
36969,116995,0.589180,0.528507
62839,51232,0.000000,0.182487
49090,21311,0.588200,0.450939
66169,19110,0.589395,0.507924
58987,45721,0.000000,0.000000
113032,19110,0.589395,0.511748
44638,58198,0.588717,0.467124
48926,49090,0.588200,0.463364
33270,57129,0.589599,0.530220
75092,111621,0.589599,0.525069
59054,112614,0.000000,0.001321
45506,12375,0.000000,0.000001
12375,15088,0.000000,0.000006
61367,119751,0.588200,0.479363
88301,97928,0.000000,0.000450
69538,18546,0.000000,0.000010
19410,82726,0.000000,0.000250
98701,21564,0.000000,0.000020
86666,67876,0.588955,0.483020
101803,88301,0.000000,0.000007
88301,119751,0.000000,0.000015
119751,68619,0.588717,0.507380
20764,73188,0.589395,0.506263
98701,81749,0.000000,0.000105
45506,98701,0.000000,0.000004
86098,92308,0.589599,0.509912
123116,20764,0.588466,0.486063
86098,26539,0.589599,0.513481
78055,86098,0.588200,0.435470
84257,92308,0.588955,0.506645
20764,15737,0.000000,0.518228
18351,57619,0.587916,0.460627
73188,90049,0.589794,0.525148
82161,119751,0.589180,0.517646
21564,45506,0.588955,0.542852
114430,45506,0.589180,0.638240
81749,97928,0.589981,0.560750
20690,57619,1.000000,0.557335
62083,82318,0.000000,0.000000
15088,28888,0.000000,0.473035
119751,114430,0.663727,0.554821
13156,69538,0.000000,0.000009
86666,12375,0.000000,0.000000
18351,77354,0.587916,0.434856
6112,98867,0.588200,0.473418
64542,78055,0.588200,0.463731
81749,6112,0.589395,0.524368
78055,64542,0.588200,0.464308
75112,97928,0.590658,0.580891
26539,45506,0.664812,0.566863
82227,45506,0.589599,0.569126
86098,28888,0.590498,0.551945
97928,101545,0.000000,0.478583
15535,19410,0.000000,0.000004
85977,20690,0.000000,0.000036
101803,114430,0.589180,0.553801
12375,57619,0.000000,0.000017
85977,81461,0.000000,0.000022
31517,86666,0.588955,0.462058
80605,98867,0.588200,0.479145
53150,18351,0.000000,0.464999
64542,62176,0.589794,0.535533
28642,90049,0.589794,0.566086
82318,15737,0.000000,0.565621
21564,28642,0.588955,0.530849
44859,123116,0.588466,0.491618
31517,62083,0.000000,0.000000
62176,6112,0.589395,0.511879
57619,114430,0.589180,0.562160
31517,13156,0.000000,0.000223
98701,82318,0.000000,0.000099
82161,67876,0.589794,0.533040
82161,48533,0.664992,0.546713
18351,90049,0.587916,0.451233
15535,62083,0.000000,0.000000
81461,68619,0.588717,0.531092
44859,82227,0.589794,0.563393
15088,45506,0.000000,0.532734
64542,69538,0.587916,0.449088
82726,90049,0.000000,0.542710
62083,59415,0.000000,0.000000
68619,116008,0.000000,0.000002
57619,84257,0.588955,0.515319
81749,13156,0.000000,0.000013
28642,20764,0.589395,0.551514
62083,101545,0.000000,0.000000
92308,81461,0.588955,0.566329
26539,66860,0.589180,0.524349
28888,61367,0.588200,0.449119
82318,48533,0.589395,0.565442
61676,57619,0.588717,0.499901
28888,20764,0.589395,0.515269
19122,67701,0.000000,0.000002
77354,82161,0.589794,0.538218
20690,61367,0.588200,0.500925
1735,18546,0.000000,0.000182
67701,53150,0.000000,0.000051
66860,77354,0.589180,0.502112
62083,75112,0.000000,0.000000
45506,18546,0.000000,0.000065
67876,80605,0.589180,0.497414
31517,17159,0.000000,0.559887
82318,40108,0.588200,0.500871
80605,6112,0.589180,0.524875
101545,116008,0.000000,0.000001
48533,98867,0.588200,0.463009
69538,18351,1.000000,0.493643
123116,92308,0.588466,0.481416
19122,40108,0.588200,0.462130
68619,48533,0.588717,0.488703
84257,82726,0.000000,0.492461
62083,61652,0.000000,0.000000
925,18128,0.589599,0.571735
39660,98246,0.590160,0.570365
13995,19725,0.589981,0.540925
46885,62083,0.000000,0.000000
14313,502,0.589395,0.531283
112008,38279,0.590332,0.579385
120393,119802,0.590332,0.574520
118341,122566,0.000000,0.000000
40745,88309,0.589794,0.562980
113723,98246,0.000000,0.000018
63941,25108,0.590160,0.632681
59680,51261,0.000000,0.000022
84775,118341,0.590160,0.621755
502,57158,0.590498,0.579853
46885,113723,0.000000,0.000000
114092,2931,0.588955,0.473219
84775,66398,0.667689,0.573802
14534,34128,0.591378,0.583411
42121,36746,0.000000,0.000497
42121,29251,0.000000,0.001107
76199,54776,0.590160,0.551216
59680,32080,0.588955,0.490363
13995,29251,0.590812,0.588597
8899,24668,0.590498,0.541068
24668,4168,0.000000,0.434568
46885,58705,0.589981,0.551118
29251,51261,0.000000,0.000031
76199,49855,0.000000,0.000731
14534,76199,0.590160,0.540842
925,33539,0.589599,0.562047
57158,76199,0.590160,0.554718
63941,120393,0.590960,0.641772
42121,2931,0.000000,0.000086
115315,63941,0.590960,0.583895
88309,98314,0.590160,0.575757
62083,120393,0.000000,0.000000
22296,105853,0.000000,0.000227
114092,122306,0.591243,0.595101
105853,63941,0.590160,0.568625
121158,19379,0.590160,0.550016
88309,36746,0.667642,0.640674
4168,38279,0.000000,0.503831
19379,34128,0.590658,0.553282
42121,8899,0.000000,0.000740
33539,3372,0.591104,0.529708
49855,121158,0.000000,0.010141
35313,36746,0.000000,0.000065
98246,120393,0.590160,0.565182
58705,22296,0.000000,0.000001
120087,19379,0.590658,0.585092
19379,112008,0.590658,0.556728
38279,58613,0.000000,0.000000
54776,36746,0.590332,0.582563
25108,122566,0.000000,0.000000
38279,3372,0.590332,0.527931
84775,98314,1.000000,0.574514
18128,61652,0.590160,0.548672
14534,51261,0.000000,0.000055
103275,13995,0.590332,0.554423
114092,112008,0.591243,0.573746
35313,64891,0.000000,0.000017
105853,40745,0.589794,0.542120
113086,57158,0.590498,0.559816
13995,120393,0.590812,0.587557
25108,103275,0.590160,0.578340
33539,46885,0.590160,0.542044
32080,4168,0.000000,0.503163
62083,925,0.000000,0.000000
88309,114539,0.590160,0.577397
42121,22296,1.000000,0.868382
112008,63941,0.590960,0.593558
119802,120393,0.590332,0.569998
63941,42121,0.000000,0.000155
29251,22296,0.000000,0.000001
29251,4168,0.000000,0.482442
18128,72008,0.589981,0.578610
120393,105853,0.590160,0.568739
105853,51261,0.000000,0.000015
13995,84775,0.590160,0.582796
14534,35313,0.000000,0.000001
35313,39660,0.000000,0.000194
118341,56091,0.589981,0.556407
84775,19379,0.590160,0.578196
105853,72008,0.589981,0.576727
66398,46885,1.000000,0.553535
19379,49855,0.000000,0.000958
33539,19725,0.589981,0.534120
114092,13995,0.590812,0.567600
27778,76199,0.589981,0.573498
22296,122306,0.000000,0.000503
22296,27778,0.000000,0.000103
76199,14534,0.590160,0.542070
925,84775,0.589599,0.635208
98314,49855,0.000000,0.000731
57158,87859,0.590332,0.559513
40745,122306,0.589794,0.542612
87859,36746,1.000000,0.581280
57158,29251,0.590498,0.577333
113086,122306,0.590658,0.576723
10995,109716,0.000000,0.000000
52150,88853,0.000000,0.000553
33221,55289,0.587916,0.507046
71852,8763,0.588955,0.559371
114174,16147,0.590160,0.537852
9628,48724,0.665977,0.497762
31331,1693,0.000000,0.158582
98974,45409,0.588200,0.475752
58618,14668,0.588717,0.588686
17216,31331,0.000000,0.157373
46947,87816,0.000000,0.000000
61052,37571,1.000000,0.556756
48724,52150,0.000000,0.000000
8763,10995,0.588955,0.633398
69189,52150,0.000000,0.000001
23734,17216,0.589981,0.551250
76743,71852,0.588200,0.480421
97852,73099,0.588200,0.494393
1693,308,0.589599,0.559138
58618,17216,0.590332,0.502588
23734,123018,0.589180,0.514049
61052,9003,0.587916,0.479531
1693,36335,0.589599,0.520599
1693,87816,0.000000,0.000000
123018,308,0.589180,0.537106
123018,58028,0.589180,0.502743
2232,52150,0.000000,0.000005
88085,37571,0.000000,0.000017
52150,21929,0.000000,0.000064
76511,76743,0.588200,0.454598
7379,61052,0.589180,0.553511
32278,52150,0.000000,0.000001
52913,112170,0.587916,0.534886
10995,45409,0.588200,0.498069
16147,1693,0.589599,0.510265
76743,88853,0.588200,0.438402
8763,16147,0.588955,0.547662
88085,57363,0.000000,0.000001
1728,109716,0.000000,0.000000
25362,88173,0.588466,0.473356
45409,87816,0.000000,0.000000
92326,46947,0.588717,0.491798
14668,114174,0.588717,0.550178
10995,64028,1.000000,0.564022
87816,55289,0.000000,0.000022
16147,35779,0.590812,0.561407
45409,123018,0.588200,0.480220
27108,52150,0.000000,0.000001
76511,88085,0.000000,0.000000
308,64028,0.589599,0.557052
52467,114174,0.588955,0.492940
69189,25362,0.589395,0.521847
88085,9003,0.000000,0.000001
2232,123018,0.589180,0.504741
123018,23734,0.589180,0.511080
35779,31331,0.000000,0.163171
71852,23320,0.588717,0.560927
53306,37571,0.589794,0.522585
23320,87816,0.000000,0.000000
23320,27108,0.588717,0.632838
53306,1728,0.588717,0.541182
52913,87816,0.000000,0.000000
58618,36335,0.590658,0.499613
52913,88853,0.587916,0.525704
8241,76743,0.588200,0.502064
53306,7379,0.589180,0.505100
46947,32278,0.588717,0.503857
308,92326,0.589794,0.567071
76511,21929,0.589794,0.543859
55289,35779,0.589180,0.558121
14668,31331,0.000000,0.147838
62083,76743,0.000000,0.000000
71852,53306,0.589180,0.503640
55289,52467,0.588955,0.539224
92326,112170,0.663125,0.547106
27108,308,0.589395,0.624410
63608,98974,0.589395,0.487999
36335,7379,0.589180,0.493904
87816,64028,0.000000,0.000039
52150,55289,0.000000,0.000042
48724,58028,0.588717,0.475610
52467,21929,0.588955,0.502170
2232,88853,0.590498,0.554639
25362,52467,0.588955,0.497542
44150,48724,0.588200,0.537827
45409,52150,0.000000,0.000000
92326,33221,0.587916,0.451779
24040,109716,0.000000,0.000000
88085,98974,0.000000,0.000007
21929,88085,0.000000,0.000000
74270,14668,0.000000,0.000024
44150,76511,0.588200,0.536049
112170,88085,0.000000,0.000000
53306,76743,0.588200,0.449788
23320,88173,0.588466,0.527542
74270,58618,0.000000,0.000035
109716,1728,0.000000,0.000008
9628,73099,0.588717,0.545469
48724,62083,0.000000,0.000000
46947,17216,0.588717,0.476939
58877,23262,0.000000,0.036932
42517,13534,0.000000,0.000904
54135,61918,0.565458,0.054590
90562,82427,0.000000,0.000010
122255,77508,0.000000,0.000000
84247,54234,0.000000,0.145314
50796,111654,0.000000,0.109429
106380,34459,0.000000,0.000000
11175,81988,0.000000,0.114954
116540,16939,0.000000,0.002146
77508,50796,0.000000,0.000008
90562,82282,0.000000,0.327644
65625,110976,0.000000,0.111156
32346,110976,0.000000,0.030782
90562,54234,0.000000,0.129447
87590,58877,0.000000,0.002779
110450,193,0.000000,0.002715
110976,37075,0.000000,0.007125
52353,66294,0.000000,0.076167
23583,88464,0.000000,0.431549
106380,116509,0.000000,0.000000
11175,111654,0.000000,0.120749
116509,9950,0.000000,0.119605
23262,116509,0.000000,0.015946
50796,73694,0.000000,0.001863
9950,37075,0.000000,0.040201
13534,193,0.000000,0.005686
55465,77508,0.000000,0.000000
66294,54234,0.000000,0.137200
11175,110976,0.000000,0.065197
77508,71005,0.000000,0.000002
116540,110450,0.000000,0.027884
66294,61918,0.000000,0.054312
106380,11175,0.000000,0.000000
193,110450,0.000000,0.025942
116540,77508,0.000000,0.000000
65625,39428,0.000000,0.164885
122040,52353,0.000000,0.000016
37075,55465,0.000000,0.066315
73674,101648,0.000000,0.000106
34459,116540,0.000000,0.019162
82427,122040,0.000000,0.004091
58528,110450,0.000000,0.005437
22899,32346,0.000000,0.001186
69455,52353,0.000000,0.068833
81988,90562,0.554379,0.309313
58528,82282,0.000000,0.014756
52353,13993,0.000000,0.064751
60415,64731,0.000000,0.055914
5733,64731,0.000000,0.029056
101648,99156,0.000000,0.510535
111654,106380,0.000000,0.000000
90562,13534,0.000000,0.000837
54234,29822,0.000000,0.182121
77508,71107,0.000000,0.000003
69455,110976,0.000000,0.043479
11175,90562,0.000000,0.119317
32800,16939,0.000000,0.958573
122255,59338,0.000000,0.376901
66294,106380,0.000000,0.000000
18350,54234,0.000000,0.254528
106380,29822,0.000000,0.000000
193,29822,0.000000,0.026056
7628,29822,0.000000,0.393539
106380,110450,0.000000,0.000000
81988,32346,0.000000,0.168626
34459,82427,0.000000,0.000400
122516,54234,0.000000,0.019389
16939,116509,0.000000,0.010564
52353,119018,0.000000,0.045552
55465,90562,0.000000,0.050522
108560,59338,0.000000,0.163798
77508,34459,0.000000,0.000002
81988,122516,0.000000,0.019534
32800,7628,0.000000,0.008454
37075,16939,0.000000,0.893176
18350,32346,0.569232,0.365277
101648,106380,0.000000,0.000000
122255,73674,0.000000,0.023710
59338,99156,0.000000,0.153684
78342,58528,0.000000,0.002935
122516,29822,0.000000,0.018057
32346,193,0.000000,0.011852
22899,50796,0.000000,0.001109
122040,59338,0.000000,0.000003
73694,71107,0.000000,0.013419
19157,73674,0.000000,0.013453
108560,7628,0.000000,0.020267
55465,108560,0.000000,0.035575
23262,73694,0.000000,0.000209
111654,71005,0.000000,0.294805
55021,29822,0.000000,0.039436
116509,111654,0.000000,0.032816
73694,82427,0.000000,0.001320
70200,69455,0.000000,0.000000
34459,71107,0.000000,0.520536
81988,108560,0.000000,0.040598
122255,71107,0.000000,0.169514
82282,42517,0.000000,0.159441
111654,32346,0.000000,0.084784
111756,28919,0.545461,0.594706
48842,58197,0.000000,0.004410
27757,102600,0.545461,0.619115
27757,50458,0.543947,0.501294
50458,22160,0.543947,0.469613
30956,43488,0.000000,0.463256
91569,53204,0.544768,0.168691
93289,52524,0.000000,0.015827
27757,43488,0.545461,0.524799
102600,118513,0.544768,0.523339
87131,62083,0.000000,0.000000
337,35547,0.000000,0.074282
47077,20573,0.000000,0.336974
120234,82041,0.000000,0.000067
77365,111756,0.543947,0.519134
99107,87131,0.000000,0.392522
22160,48402,0.543947,0.441649
108835,84682,0.544768,0.242027
20573,87131,0.544768,0.295413
70992,22160,0.000000,0.365140
51856,28919,0.543947,0.376217
52524,82736,0.000000,0.190469
99107,10015,0.000000,0.143959
110193,65051,0.000000,0.099978
62083,118513,0.000000,0.000000
48842,48402,0.000000,0.216552
70992,88088,0.000000,0.002177
10110,62647,0.000000,0.030381
37542,51856,0.000000,0.182423
62083,101703,0.000000,0.000000
35547,99107,0.000000,0.450523
101703,99107,0.000000,0.512808
95370,62647,0.000000,0.002778
5678,82734,0.000000,0.000007
94627,16248,1.000000,0.611350
43488,102600,0.546062,0.600476
92396,62647,0.000000,0.000002
70114,70992,0.000000,0.248562
1407,35380,0.000000,0.000397
35607,70992,0.000000,0.442941
70992,111756,0.000000,0.327164
10015,16248,0.000000,0.411880
22051,30956,0.000000,0.427434
50458,82041,0.000000,0.002773
70992,18865,0.000000,0.084375
85826,5678,0.000000,0.109623
20573,51856,0.543947,0.429287
119778,16248,0.000000,0.000119
35607,92396,0.000000,0.000000
51856,102600,0.543947,0.523451
51856,57583,0.000000,0.312708
84682,35547,0.544768,0.460301
70114,31123,0.000000,0.299613
1407,43488,0.544768,0.471911
18865,82736,0.000000,0.365240
5678,35380,0.000000,0.000358
62083,35380,0.000000,0.000000
62647,85826,0.000000,0.032331
77365,43488,0.543947,0.421837
110193,1407,0.000000,0.449006
22051,88088,0.000000,0.020524
337,82736,0.000000,0.089894
93289,118338,0.000000,0.678895
77365,99107,0.000000,0.363533
9571,53204,0.546592,0.312639
27757,88088,0.000000,0.069968
48402,57583,0.000000,0.181543
120234,47077,0.000000,0.074759
120234,82734,0.000000,0.000001
30956,10110,0.000000,0.476504
10015,18865,0.000000,0.266156
51856,10110,0.000000,0.350922
108835,58197,0.000000,0.003075
101703,27757,0.545461,0.597864
18865,87131,0.000000,0.580686
53204,22160,0.545461,0.286029
118338,53204,0.000000,0.585210
77365,48402,1.000000,0.560797
37504,70992,0.000000,0.567904
99107,77365,0.000000,0.347896
22051,93289,0.000000,0.665238
82734,70114,0.000000,0.001503
111756,88088,0.000000,0.069968
93289,37504,0.000000,0.626570
9571,82736,0.545461,0.552050
93289,1407,0.544768,0.370606
5678,87131,0.000000,0.028678
101703,20573,0.545461,0.607355
101703,52524,0.000000,0.091464
102600,82041,0.000000,0.000526
101703,1407,0.544768,0.523339
10110,37504,0.000000,0.190708
22160,50458,0.543947,0.441649
85826,82736,0.000000,0.295028
53204,37542,0.000000,0.001615
93289,50458,0.543947,0.263005
47077,50458,0.000000,0.285585
48842,101703,0.000000,0.238468
