entity_i,entity_j,exact,predicted
4461,16438,0.561750,0.391269
27114,3918,0.000000,0.092057
3918,19945,0.000000,0.026431
6286,8996,0.000000,0.096812
29875,7972,0.000000,0.086702
13555,19945,0.000000,0.220336
2295,8997,0.000000,0.016613
15781,1955,0.000000,0.211672
25132,15781,0.000000,0.118676
16499,24041,0.000000,0.147515
25645,15781,0.000000,0.457852
2294,18190,0.000000,0.273643
8548,32204,0.000000,0.049097
7802,7864,0.000000,0.027761
18190,20642,0.000000,0.081696
1955,22110,0.566204,0.168325
31811,6462,0.000000,0.175760
1955,20591,0.000000,0.099393
18081,22463,0.561750,0.155834
19861,4059,0.566204,0.063059
8997,6286,0.000000,0.101565
24510,8997,1.000000,0.092150
20669,25645,0.000000,0.016314
2295,12437,0.000000,0.001091
16438,24510,0.000000,0.142907
18081,16499,0.000000,0.154202
8548,24510,0.000000,0.068206
20642,11753,1.000000,0.141837
20669,20642,0.000000,0.071031
37421,18071,0.000000,0.042521
24668,8548,0.000000,0.194474
20642,26712,0.000000,0.087408
4296,8997,0.000000,0.131302
8996,22110,0.000000,0.271286
19945,11753,0.000000,0.164597
7865,2295,0.000000,0.004545
6463,27114,0.000000,0.163191
20928,26712,0.000000,0.105140
22110,7865,0.000000,0.116764
18071,15360,0.563527,0.083061
18071,29875,1.000000,0.078760
7864,15781,0.000000,0.054319
2295,19754,0.000000,0.036760
15781,20669,0.000000,0.050781
24041,12424,0.561750,0.140127
11753,18190,0.000000,0.216340
18071,6462,0.000000,0.102879
6463,10947,0.561750,0.168433
6462,493,0.000000,0.249173
19300,493,0.000000,0.309472
18081,6286,0.000000,0.085013
26712,12437,0.000000,0.097242
8480,24510,0.000000,0.094513
19861,19300,0.000000,0.140046
19300,25132,0.000000,0.274095
9597,3918,0.000000,0.042665
37421,17447,0.000000,0.530358
1955,27114,0.000000,0.282057
1955,20669,0.000000,0.100593
20642,20928,0.563527,0.085899
18081,8480,0.000000,0.201103
18081,18999,0.000000,0.228653
2295,13555,0.000000,0.005127
1955,18071,0.564978,0.091411
4461,18071,0.563527,0.123123
22110,25645,0.561750,0.074526
12334,2294,0.000000,0.187133
31811,15781,0.000000,0.155406
6462,8997,0.000000,0.127257
12334,8480,0.000000,0.162858
4296,10947,1.000000,0.330239
31811,12334,0.000000,0.157894
20591,7864,0.000000,0.059962
25132,2294,1.000000,0.161570
6463,4059,0.564978,0.107633
16499,20255,0.000000,0.175766
25132,37421,0.000000,0.248580
22463,8997,0.000000,0.038659
20928,16499,0.000000,0.157008
19861,18999,0.000000,0.157684
24668,4461,0.563527,0.350594
6087,12334,0.000000,0.028163
6462,7123,0.000000,0.078653
20255,8783,0.000000,0.172232
20255,12424,1.000000,0.193042
7123,15760,0.000000,0.085808
6463,32204,1.000000,0.119338
24510,4657,0.000000,0.150982
25132,6286,0.000000,0.069273
7123,7865,0.000000,0.069189
7802,15360,0.561750,0.075596
8997,32204,0.000000,0.081182
4059,15222,0.000000,0.069976
24668,26712,0.000000,0.088545
16438,17447,1.000000,0.253382
7865,8997,0.000000,0.043600
22463,24041,0.561750,0.060042
14056,17447,1.000000,0.197318
32204,8480,0.000000,0.030539
20591,25645,0.000000,0.083514
5272,14473,0.000000,0.080498
27777,5272,0.000000,0.446028
34174,1099,0.000000,0.152170
35156,10613,0.000000,0.320777
27778,35156,1.000000,0.812651
14473,35156,0.000000,0.107812
8167,1099,1.000000,0.846664
8167,27778,0.671098,0.882146
9468,8167,0.000000,0.232779
27778,1099,0.671098,0.706171
9468,5272,1.000000,0.132848
9468,34174,0.000000,0.045072
27698,34174,0.000000,0.118575
5272,8167,0.000000,0.375344
8167,27698,1.000000,0.976442
1099,10613,0.000000,0.253797
38968,37330,0.671098,0.976914
34174,37330,0.000000,0.118235
7250,35156,0.671098,0.584700
33439,27778,1.000000,0.834255
35156,8167,0.671098,0.747698
14473,33439,0.000000,0.078780
33439,10613,0.000000,0.230929
37330,9468,0.000000,0.280719
27777,10613,0.000000,0.112653
8167,38968,1.000000,0.982663
34174,38968,0.000000,0.181624
10613,9468,1.000000,0.121111
35156,27778,1.000000,0.680222
27778,34174,0.000000,0.162642
7250,5272,0.000000,0.260140
27777,1099,0.000000,0.173975
38968,5272,0.000000,0.449079
10613,38968,0.000000,0.229194
9468,33439,0.000000,0.190121
10613,27777,0.000000,0.121064
27698,27778,0.671098,0.872207
27698,35156,0.671098,0.821080
33439,35156,1.000000,0.650009
14473,27698,0.000000,0.114963
34174,7250,0.000000,0.097035
35156,33439,1.000000,0.761180
27698,33439,0.671098,0.910029
7250,37330,0.671098,0.919491
33439,14473,0.000000,0.087670
7250,27777,0.000000,0.126214
27778,9468,0.000000,0.252881
14473,27778,0.000000,0.082434
27698,7250,1.000000,0.957076
27777,7250,0.000000,0.113842
7250,27778,0.671098,0.735955
38968,10613,0.000000,0.299199
9468,37330,0.000000,0.220199
8167,35156,0.671098,0.702192
5272,9468,1.000000,0.197028
1099,27698,1.000000,0.867461
8167,14473,0.000000,0.124747
33439,27698,0.671098,0.885248
38968,35156,0.671098,0.657161
33439,5272,0.000000,0.391969
7250,27698,1.000000,0.934416
27778,7250,0.671098,0.858551
35156,27777,0.000000,0.146735
37330,5272,0.000000,0.477045
7250,34174,0.000000,0.117259
8167,5272,0.000000,0.422212
37330,1099,0.671098,0.840882
10613,34174,0.000000,0.111576
34174,9468,0.000000,0.070103
14473,9468,0.000000,0.087819
27777,34174,0.661751,0.800358
27698,1099,1.000000,0.884101
38968,27698,1.000000,0.975932
27777,35156,0.000000,0.163242
7250,8167,1.000000,0.950194
35156,9468,0.000000,0.226529
27698,5272,0.000000,0.418604
1099,35156,0.671098,0.453152
5272,1099,0.000000,0.256010
1099,9468,0.000000,0.326656
27778,37330,1.000000,0.910023
27778,27777,0.000000,0.186817
37330,38968,0.671098,0.977641
38968,27778,0.671098,0.879901
14473,34174,0.000000,0.017687
33439,9468,0.000000,0.218017
1099,14473,0.000000,0.121206
34174,27698,0.000000,0.107374
1099,37330,0.671098,0.833056
1099,8167,1.000000,0.880353
8167,27777,0.000000,0.183880
14473,8167,0.000000,0.123726
27777,33439,0.000000,0.212744
14473,27777,0.000000,0.019613
14473,10613,0.000000,0.331650
9468,1099,0.000000,0.238561
27777,27698,0.000000,0.129695
9468,38968,0.000000,0.215216
37330,35156,1.000000,0.808460
27698,27777,0.000000,0.137692
11881,2453,0.000000,0.013684
2453,22208,0.000000,0.053439
40229,3212,0.000000,0.009470
40229,13122,0.000000,0.148557
22208,3212,0.000000,0.046963
11881,13122,0.000000,0.046910
22208,13122,0.000000,0.052801
2453,13122,0.000000,0.020591
40229,11881,0.000000,0.079471
13122,2453,0.000000,0.009674
22208,40229,0.000000,0.097309
3212,40229,0.000000,0.005920
2453,11881,0.000000,0.038021
3212,13122,0.000000,0.030141
13122,22208,0.000000,0.039497
2453,3212,0.000000,0.038687
40229,2453,0.000000,0.002922
2453,40229,0.000000,0.003282
22208,11881,0.000000,0.040132
3212,2453,0.000000,0.023031
13122,11881,0.000000,0.033161
13122,3212,0.000000,0.029533
11881,22208,0.000000,0.044094
40229,22208,0.000000,0.073682
22208,2453,0.000000,0.020860
3212,22208,0.000000,0.075914
13122,40229,0.000000,0.118985
3212,11881,0.000000,0.057705
11881,3212,0.000000,0.029658
11881,40229,0.000000,0.091693
29552,26733,0.000000,0.413304
26733,29552,0.000000,0.449707
26733,29553,0.000000,0.305186
29553,29552,0.000000,0.426826
29553,26733,0.000000,0.257160
29552,29553,0.000000,0.389062
38425,32078,0.000000,0.269566
13742,5376,0.000000,0.138523
21936,8263,0.676030,0.147303
4757,27914,0.673150,0.114344
5376,11023,0.000000,0.112638
39521,17407,0.673150,0.122076
11164,1609,0.000000,0.296003
21936,5375,0.676030,0.146599
35756,11164,0.000000,0.147126
27914,38425,0.000000,0.282000
27914,5375,0.673150,0.424381
32078,39521,0.673150,0.386471
35756,1543,1.000000,0.021674
38426,1543,0.000000,0.017931
35920,25220,0.000000,0.293403
1609,4757,0.000000,0.099005
38425,25220,0.000000,0.360858
5375,39521,0.673150,0.641185
32078,17407,1.000000,0.217745
11022,38208,0.000000,0.351316
27914,2771,0.000000,0.164426
38208,22573,0.000000,0.153682
11023,8263,0.000000,0.139758
5375,22403,0.000000,0.230316
38208,39521,0.673150,0.695721
1543,35756,1.000000,0.023163
1543,22573,0.000000,0.033334
22403,35920,0.000000,0.061528
21936,11164,0.000000,0.137809
22573,24257,0.000000,0.292833
11023,11164,0.000000,0.439758
11022,21936,0.000000,0.365683
2771,11023,0.000000,0.355742
38208,8263,0.676030,0.158905
11164,5375,0.000000,0.123409
32078,13742,0.000000,0.339381
39521,8263,0.673150,0.424849
22403,17407,0.000000,0.145297
8263,32078,1.000000,0.263596
21936,35920,1.000000,0.911328
1543,39521,0.000000,0.011414
17407,9656,0.678066,0.260760
13742,35920,0.000000,0.316580
1543,24257,0.000000,0.023455
35920,1609,0.000000,0.124784
38208,17407,0.676030,0.098782
5375,35920,0.676030,0.072366
17407,35756,0.000000,0.213600
17407,11022,0.000000,0.212366
35920,4757,0.676030,0.208610
17407,1543,0.000000,0.040686
32078,35756,0.000000,0.322542
11023,2771,0.000000,0.380658
38426,38425,0.000000,0.318943
2771,13742,1.000000,0.358732
39521,27914,1.000000,0.955840
32078,5376,0.000000,0.143349
38425,35920,0.000000,0.202537
25220,5375,0.000000,0.102449
4757,22573,0.000000,0.096078
39521,2771,0.000000,0.164426
4757,38426,0.678066,0.070022
35756,21936,0.000000,0.910757
13742,1609,0.000000,0.202191
39521,35920,0.673150,0.414485
11164,13742,0.000000,0.277626
17407,32078,1.000000,0.200374
2771,17407,0.000000,0.304425
11022,25220,0.000000,0.300069
17407,39521,0.673150,0.179040
22403,25220,0.000000,0.133369
27914,5376,0.000000,0.261831
38208,11023,0.000000,0.197104
19453,5375,1.000000,0.133841
9656,11022,0.000000,0.287743
35756,25220,1.000000,0.221088
38426,17407,1.000000,0.200604
39521,4757,0.673150,0.333180
5375,13742,0.000000,0.265291
11023,24257,0.000000,0.378566
27914,22403,0.000000,0.302755
1543,38425,0.000000,0.032737
1543,25220,1.000000,0.061369
38426,38208,0.676030,0.254909
35756,22573,0.000000,0.153664
19453,1609,0.000000,0.220698
2771,11164,0.000000,0.421293
22573,19453,0.000000,0.286747
21936,35756,0.000000,0.955848
11023,38426,0.000000,0.253860
11164,21936,0.000000,0.273968
2771,21936,0.000000,0.335649
2771,38208,0.000000,0.306714
1609,19453,0.000000,0.213924
35920,2771,0.000000,0.170858
38425,4757,0.000000,0.104619
39521,24257,0.000000,0.589648
25220,39521,0.000000,0.357666
22403,11022,0.000000,0.246122
11164,2771,0.000000,0.359808
7240,22065,1.000000,0.035483
4228,12984,0.000000,0.089680
22065,7240,1.000000,0.035529
8620,14653,0.000000,0.065533
31336,23717,0.652890,0.088795
19349,4228,0.000000,0.124817
12984,23717,0.000000,0.116288
22065,11032,0.000000,0.054566
14653,8620,0.000000,0.053923
19349,31336,0.000000,0.072680
22065,12984,0.000000,0.055841
4229,4228,0.000000,0.056930
8620,25182,0.000000,0.073815
23717,25182,0.653589,0.115186
8620,4228,0.000000,0.100326
14653,12984,0.000000,0.050310
4229,22065,0.000000,0.050290
4228,4229,0.000000,0.057594
4228,11032,0.000000,0.086607
23717,31336,0.652890,0.093511
23717,22065,0.000000,0.111123
31336,4228,0.000000,0.177824
11032,14652,0.000000,0.044236
14653,25182,0.652890,0.153207
25182,7240,0.000000,0.014779
12984,4229,0.000000,0.056143
31336,19349,0.000000,0.083952
19349,23717,0.000000,0.096089
4229,14652,0.652890,0.044878
4228,23717,0.000000,0.123552
7240,12984,0.000000,0.030419
7240,23717,0.000000,0.102944
22065,31336,0.000000,0.038750
7240,19349,0.000000,0.014071
14653,14652,0.000000,0.053258
12984,22065,0.000000,0.041262
4229,23717,0.000000,0.117227
14653,19349,0.000000,0.083984
25182,12984,0.000000,0.053265
12984,25182,0.000000,0.059622
4229,19349,0.000000,0.037087
23717,11032,0.000000,0.127436
19349,4229,0.000000,0.038963
7240,4228,0.000000,0.017072
11032,22065,0.000000,0.036162
31336,25182,0.652890,0.153258
7240,4229,0.000000,0.065622
12984,14653,0.000000,0.050537
25182,23717,0.653589,0.110035
14652,23717,0.000000,0.095400
25182,14653,0.652890,0.159438
14652,19349,0.000000,0.040394
12984,11032,0.000000,0.048979
22065,4229,0.000000,0.067534
14652,4228,0.000000,0.071553
25182,11032,0.000000,0.060611
14653,4229,0.000000,0.037965
11032,19349,0.000000,0.043381
4229,12984,0.000000,0.049740
4229,14653,0.000000,0.034774
23717,19349,0.000000,0.118867
4229,25182,0.000000,0.041529
8620,19349,0.000000,0.056958
25182,4228,0.000000,0.198007
12984,14652,0.000000,0.048750
8620,14652,0.000000,0.051592
19349,14653,0.000000,0.072728
8620,31336,0.000000,0.065473
8620,7240,1.000000,0.041771
14653,7240,0.000000,0.011763
22065,14652,0.000000,0.053564
4228,19349,0.000000,0.127154
31336,22065,0.000000,0.040760
14653,11032,0.000000,0.056732
25182,8620,0.000000,0.061447
25182,19349,0.000000,0.076768
22065,4228,0.000000,0.055458
14652,11032,0.000000,0.043445
19349,11032,0.000000,0.047941
14653,31336,1.000000,0.153286
7240,31336,0.000000,0.008922
19349,7240,0.000000,0.018834
12984,4228,0.000000,0.083272
7240,25182,0.000000,0.012324
11032,7240,0.000000,0.022686
23717,4228,0.000000,0.125825
25182,31336,0.652890,0.159322
14652,12984,0.000000,0.042504
4229,11032,0.000000,0.044048
12984,7240,0.000000,0.036651
22065,19349,0.000000,0.046543
14653,4228,0.000000,0.177859
23717,4229,0.000000,0.131385
8620,11032,0.000000,0.053474
4229,8620,0.000000,0.056990
19349,22065,0.000000,0.033335
11032,14653,0.000000,0.050292
31336,14653,1.000000,0.153406
4228,8620,0.000000,0.090270
12984,19349,0.000000,0.045551
10976,1233,0.655222,0.096054
12757,1232,0.000000,0.107267
33657,12758,0.000000,0.079115
33657,12757,0.000000,0.041269
1233,33657,0.000000,0.080991
1233,12758,0.000000,0.088059
7330,10976,0.000000,0.019836
12758,10976,0.000000,0.080169
1232,7330,0.000000,0.063408
1232,12758,0.000000,0.091066
25866,1233,0.651478,0.100990
12758,1233,0.000000,0.095927
1232,5716,0.000000,0.088105
7330,1233,0.000000,0.033282
12757,33657,0.000000,0.034337
5716,12757,0.000000,0.124806
1232,10976,0.000000,0.040593
10976,12757,0.000000,0.040555
12757,5716,0.000000,0.136621
33657,25866,0.000000,0.093737
5716,10976,0.655222,0.045202
5716,1232,0.000000,0.078144
7330,33657,0.000000,0.020006
10976,25866,0.651478,0.093569
5716,33657,0.000000,0.045484
12758,7330,0.000000,0.094875
5716,25866,0.651478,0.073028
7330,25866,0.000000,0.044700
12757,7330,0.000000,0.122410
25866,33657,0.000000,0.081359
1233,12757,0.000000,0.054991
25866,10976,0.651478,0.080685
33657,5716,0.000000,0.045904
25866,12757,0.000000,0.074430
5716,12758,0.000000,0.124431
10976,7330,0.000000,0.027112
25866,7330,0.000000,0.045683
1233,5716,0.656554,0.053305
10976,12758,0.000000,0.078045
12758,25866,0.000000,0.123379
12757,1233,0.000000,0.051585
12757,12758,1.000000,0.121764
7330,1232,0.000000,0.069890
5716,7330,0.000000,0.080014
5716,1233,0.656554,0.061784
12758,1232,0.000000,0.100253
33657,1232,0.000000,0.046879
33657,7330,0.000000,0.027560
10976,1232,0.000000,0.046515
1232,25866,0.000000,0.060451
7330,5716,0.000000,0.078826
1233,10976,0.655222,0.081039
7330,12757,0.000000,0.138629
25866,5716,0.651478,0.069722
1233,1232,0.000000,0.048446
10976,5716,0.655222,0.045248
33657,1233,0.000000,0.096177
1233,7330,0.000000,0.033227
12758,33657,0.000000,0.080964
12758,12757,1.000000,0.162305
33657,10976,0.000000,0.148967
1232,12757,0.000000,0.098744
25866,1232,0.000000,0.057420
12757,10976,0.000000,0.033968
1232,33657,0.000000,0.040863
12758,5716,0.000000,0.119305
12757,25866,0.000000,0.063217
7330,12758,0.000000,0.086453
25866,12758,0.000000,0.125969
10976,33657,0.000000,0.149581
1233,25866,0.651478,0.099057
1232,1233,0.000000,0.053682
265,9305,0.000000,0.055373
39972,9305,0.000000,0.071126
9305,39972,0.000000,0.044489
27964,27963,0.000000,0.137251
265,27964,1.000000,0.080242
9305,27963,0.000000,0.642215
27964,9305,0.000000,0.046503
265,27963,0.000000,0.050880
39972,27963,0.000000,0.205990
39972,265,0.000000,0.023532
27964,39972,0.000000,0.479069
27964,265,1.000000,0.052603
27963,27964,0.000000,0.056350
27963,265,0.000000,0.016100
9305,265,0.000000,0.019843
27963,39972,0.000000,0.106586
27963,9305,0.000000,0.645852
39972,27964,0.000000,0.433866
265,39972,0.000000,0.030692
9305,27964,0.000000,0.032936
2366,3431,0.000000,0.089111
12255,13450,0.000000,0.071520
3068,12874,0.000000,0.063082
7557,10071,0.000000,0.067012
12874,20794,0.000000,0.121178
28936,14503,0.000000,0.207676
12033,14503,0.678968,0.095514
26992,25422,0.000000,0.095994
13450,3067,0.669580,0.086294
10071,26992,0.000000,0.138090
8907,10071,0.000000,0.062145
10071,35777,1.000000,0.253457
3362,2366,0.000000,0.018358
29496,13450,0.000000,0.029630
3362,3068,0.000000,0.132112
25422,29496,0.678968,0.136844
35777,25422,0.678968,0.121535
7557,26992,0.659579,0.062055
3362,3067,0.000000,0.161805
36475,35777,0.676936,0.236317
10071,3431,0.000000,0.173045
3067,14503,0.000000,0.012997
25422,32181,1.000000,0.091202
36475,12255,0.000000,0.050410
3362,12033,0.000000,0.012769
36475,7557,0.000000,0.048403
3431,32181,0.000000,0.087473
2918,12127,0.000000,0.019918
7557,8907,0.000000,0.045766
16420,29496,1.000000,0.178007
36475,10071,0.676936,0.230643
2918,29496,0.000000,0.000859
30012,7557,0.000000,0.079037
14503,13450,0.000000,0.026134
20794,29496,0.678968,0.066058
3068,26992,0.000000,0.038539
35777,2918,0.000000,0.001021
7557,12874,0.000000,0.050674
36475,3431,0.000000,0.189220
3431,3362,0.000000,0.005135
29496,14503,1.000000,0.211131
10071,30012,1.000000,0.210874
36475,3067,0.000000,0.019070
3431,2918,0.000000,0.000850
12127,20794,0.680540,0.167081
12033,8907,0.000000,0.047189
29496,35777,1.000000,0.248279
10071,3068,0.000000,0.033781
30012,13450,0.000000,0.037300
30012,26992,0.000000,0.154467
30012,3362,0.000000,0.007595
3431,20794,0.000000,0.053051
3068,2918,0.000000,0.030656
13450,20794,0.000000,0.141467
3067,7557,0.664598,0.101741
20794,25422,0.681822,0.065995
2366,12255,0.000000,0.058315
7557,25422,0.000000,0.055586
3068,13450,0.000000,0.161078
3431,16420,0.000000,0.132320
20794,3362,0.000000,0.022116
12255,35777,0.000000,0.045666
30012,12033,0.678968,0.120970
8907,12255,0.000000,0.069407
29496,16420,1.000000,0.160175
10071,16420,1.000000,0.149618
28936,8907,0.000000,0.016185
3067,20794,0.000000,0.114600
12874,35777,0.000000,0.051797
35777,30012,1.000000,0.162400
3362,3431,0.000000,0.005442
26992,7557,0.659579,0.053427
2918,26992,0.000000,0.001561
16420,3362,0.000000,0.003428
3431,30012,0.000000,0.131056
7557,12033,0.000000,0.054403
28936,30012,0.000000,0.076138
36475,25422,0.676936,0.118370
25422,3431,0.000000,0.092903
13450,3068,0.000000,0.149724
35777,28936,0.000000,0.259295
25422,7557,0.000000,0.044540
7557,29496,0.000000,0.056019
10071,2918,0.000000,0.001314
2918,3068,0.000000,0.121990
3431,8907,0.000000,0.035409
26992,30012,0.000000,0.181496
14503,29496,1.000000,0.233606
12874,32181,0.000000,0.076584
28936,7557,0.000000,0.038372
3067,29496,0.000000,0.015644
28936,12033,0.000000,0.099246
20794,16420,0.678968,0.037238
3431,35777,0.000000,0.193381
2918,8907,0.000000,0.008251
32181,12874,0.000000,0.054885
12874,8907,0.657188,0.056787
2366,10071,0.678968,0.120657
3431,25422,0.000000,0.087162
3067,16420,0.000000,0.014322
34352,9614,0.000000,0.150675
11844,14089,0.000000,0.068745
6591,11844,0.673769,0.056673
17782,9614,0.673769,0.074118
21854,34352,0.000000,0.058244
9614,34352,0.000000,0.133884
6591,34352,0.000000,0.073631
3397,6591,0.000000,0.130083
24328,6591,0.000000,0.071865
7899,34352,0.000000,0.053759
7899,6592,0.000000,0.054227
14089,11844,0.000000,0.061462
3397,26289,0.000000,0.056018
9614,7899,0.673769,0.067142
24328,9614,0.000000,0.068487
14088,14089,0.000000,0.094156
21854,25184,0.673769,0.048474
3397,14089,0.000000,0.067902
24328,26288,0.000000,0.057690
26289,14088,0.000000,0.111912
6591,26289,0.000000,0.072026
21854,14089,0.000000,0.070371
17782,26288,0.000000,0.054771
6592,34352,0.000000,0.047208
14088,7899,0.000000,0.049762
17782,3397,0.000000,0.120792
14089,34352,0.000000,0.074291
14089,26288,0.000000,0.077634
27962,26288,0.000000,0.078849
17782,7899,0.676647,0.096046
27962,14089,0.000000,0.067944
7899,26289,0.000000,0.052296
7899,26288,0.000000,0.048607
26289,21854,0.000000,0.051663
11844,7899,0.676647,0.040292
9614,3397,0.000000,0.054519
26289,25184,0.000000,0.088200
3397,6592,0.000000,0.083817
27962,3397,1.000000,0.044075
26288,14089,0.000000,0.074133
3397,25184,0.000000,0.017893
27962,6591,0.000000,0.057622
24328,3397,0.000000,0.061419
17782,6591,0.673769,0.275842
6591,24328,0.000000,0.063745
24328,26289,0.000000,0.061876
26289,14089,0.000000,0.074859
9614,6591,1.000000,0.093333
3397,21854,0.000000,0.071554
7899,3397,0.000000,0.057867
14088,17782,0.000000,0.074633
7899,14088,0.000000,0.051882
26288,21854,0.000000,0.055652
25184,26289,0.000000,0.082786
6591,26288,0.000000,0.061723
3397,34352,0.000000,0.056377
9614,17782,0.673769,0.082134
7899,21854,0.675354,0.051451
17782,14088,0.000000,0.064680
26288,7899,0.000000,0.046771
34352,7899,0.000000,0.045261
26289,3397,0.000000,0.047961
14088,26289,0.000000,0.109113
3397,14088,0.000000,0.045251
34352,14088,0.000000,0.110672
11844,26289,0.000000,0.070492
14088,27962,0.000000,0.088006
21854,6591,0.673769,0.098080
21854,26289,0.000000,0.057656
6592,24328,0.000000,0.049950
27962,14088,0.000000,0.086636
25184,26288,0.000000,0.112680
25184,21854,0.673769,0.046026
7899,6591,0.673769,0.071232
7899,27962,0.000000,0.042720
14089,14088,0.000000,0.079727
6592,21854,0.000000,0.081656
9614,11844,0.673769,0.088471
27962,21854,0.000000,0.049660
11844,14088,0.000000,0.071971
17782,34352,0.000000,0.064337
14088,6591,0.000000,0.080575
34352,17782,0.000000,0.064280
25184,7899,0.673769,0.023702
14089,26289,0.000000,0.073646
11844,6591,0.673769,0.067519
21854,11844,0.675354,0.050875
26289,17782,0.000000,0.062099
7899,17782,0.676647,0.099698
14088,25184,0.000000,0.104363
21854,7899,0.675354,0.048430
24328,14088,0.000000,0.053210
6592,27962,0.000000,0.050088
6592,7899,0.000000,0.053127
17782,26289,0.000000,0.062137
25184,11844,0.673769,0.047436
26289,6591,0.000000,0.066118
26288,17782,0.000000,0.057215
11844,27962,0.000000,0.053641
3397,7899,0.000000,0.062051
40168,19444,1.000000,0.613626
19444,14863,1.000000,0.613626
24905,863,0.000000,0.118344
14863,14864,0.000000,0.101316
14863,40168,1.000000,0.613626
863,34155,0.000000,0.254658
863,14863,0.000000,0.254658
863,27647,0.000000,0.369045
24905,34155,0.000000,0.219448
19444,14864,0.000000,0.101316
24906,864,0.000000,0.026977
40168,24906,0.000000,0.162676
14863,27647,0.000000,0.139263
27647,24906,0.000000,0.052562
24905,14864,0.000000,0.042342
24906,14863,0.000000,0.216981
864,14863,0.000000,0.034227
864,24905,0.000000,0.020952
24905,40168,0.000000,0.219448
24906,40168,0.000000,0.216981
24906,14864,0.000000,0.041938
19444,24906,0.000000,0.162676
24906,863,0.000000,0.117249
34155,24906,0.000000,0.162676
863,19444,0.000000,0.254658
40168,27647,0.000000,0.139263
14863,864,0.000000,0.049894
14863,24905,0.000000,0.164491
19444,863,0.000000,0.265861
34155,24905,0.000000,0.164491
863,14864,0.671719,0.128628
24905,864,0.000000,0.027083
27647,864,1.000000,0.114507
24906,19444,0.000000,0.216981
14863,24906,0.000000,0.162676
40168,14863,1.000000,0.613626
24906,34155,0.000000,0.216981
34155,19444,1.000000,0.613626
14864,19444,0.000000,0.101860
864,14864,0.000000,0.116341
27647,40168,0.000000,0.150026
14864,864,0.000000,0.152605
40168,24905,0.000000,0.164491
864,27647,1.000000,0.073025
863,24906,0.000000,0.117963
27647,14864,0.000000,0.136446
19444,24905,0.000000,0.164491
34155,863,0.000000,0.265861
14864,863,0.671719,0.117514
24905,14863,0.000000,0.219448
24905,19444,0.000000,0.219448
34155,27647,0.000000,0.139263
14864,24906,0.000000,0.034097
864,24906,0.000000,0.020939
863,40168,0.000000,0.254658
40168,14864,0.000000,0.101316
14863,863,0.000000,0.265861
24906,24905,0.000000,0.110862
864,863,0.000000,0.049186
19444,40168,1.000000,0.613626
864,40168,0.000000,0.034227
34155,864,0.000000,0.049894
27647,19444,0.000000,0.150026
24906,27647,0.000000,0.058952
14863,34155,1.000000,0.613626
34155,40168,1.000000,0.613626
863,864,0.000000,0.067498
14864,24905,0.000000,0.034363
14864,34155,0.000000,0.101860
40168,863,0.000000,0.265861
19444,34155,1.000000,0.613626
34155,14864,0.000000,0.101316
14864,27647,0.000000,0.105118
863,24905,0.000000,0.118005
24905,27647,0.000000,0.059929
19444,864,0.000000,0.049894
14863,19444,1.000000,0.613626
14864,14863,0.000000,0.101860
40168,864,0.000000,0.049894
27647,24905,0.000000,0.052835
27647,34155,0.000000,0.150026
864,34155,0.000000,0.034227
27647,863,0.000000,0.349965
24905,24906,0.000000,0.110937
864,19444,0.000000,0.034227
40168,34155,1.000000,0.613626
19444,27647,0.000000,0.139263
14864,40168,0.000000,0.101860
34155,14863,1.000000,0.613626
27647,14863,0.000000,0.150026
27091,1019,0.000000,0.074614
1019,12888,0.000000,0.007202
14815,51,0.671719,0.005572
10840,2497,0.000000,0.001811
12570,3141,0.000000,0.189466
9000,51,0.000000,0.011960
40294,3141,0.000000,0.153879
1019,18666,0.000000,0.099854
20989,3141,0.000000,0.331573
2497,9000,0.000000,0.011354
2497,51,0.696101,0.009891
10840,27091,0.000000,0.055082
20989,10840,0.000000,0.092195
20989,40294,0.671719,0.332709
51,19539,0.673769,0.001403
12570,1019,0.000000,0.209630
19539,51,0.673769,0.003579
18666,27091,0.671719,0.677098
3141,19539,0.000000,0.363908
12570,20989,0.671719,0.497076
18666,40294,0.671719,0.666201
27091,19539,0.671719,0.632244
14815,9000,0.000000,0.207351
3141,12888,1.000000,0.063380
10840,9000,0.000000,0.012357
12888,9000,0.000000,0.029751
20989,12570,0.671719,0.478596
3141,10840,0.000000,0.227614
10840,1019,0.000000,0.634933
3141,18666,0.000000,0.287142
35876,9000,0.000000,0.025916
18666,20989,0.673769,0.544096
2497,10840,0.000000,0.001251
12888,51,0.000000,0.007684
14815,19539,0.671719,0.761239
20989,35876,0.671719,0.322759
10840,18666,0.000000,0.145163
10840,3141,0.000000,0.128839
1019,35876,0.000000,0.059695
20989,1019,0.000000,0.088414
14815,40294,1.000000,0.603327
2497,40294,0.671719,0.001695
19539,35876,0.671719,0.572132
9000,18666,0.000000,0.121441
20989,27091,0.671719,0.362688
3141,35876,0.000000,0.208165
3141,20989,0.000000,0.321177
12570,18666,0.671719,0.786469
19539,10840,0.000000,0.063271
20989,14815,0.671719,0.567592
3141,12570,0.000000,0.217326
35876,12570,1.000000,0.957037
9000,19539,0.000000,0.151253
9000,20989,0.000000,0.154529
2497,1019,0.000000,0.001428
14815,27091,1.000000,0.648452
20989,9000,0.000000,0.055483
35876,27091,1.000000,0.946401
3141,2497,0.000000,0.157791
27091,14815,1.000000,0.721837
1019,14815,0.000000,0.078119
12888,1019,0.000000,0.011186
1019,40294,0.000000,0.066140
19539,2497,0.673769,0.018955
27091,2497,0.671719,0.004516
20989,18666,0.673769,0.580197
51,40294,0.671719,0.000370
1019,10840,0.000000,0.596702
2497,3141,0.000000,0.740161
9000,12888,0.000000,0.028698
12888,20989,0.000000,0.046125
51,12570,0.671719,0.000525
20989,19539,0.673769,0.646663
12570,14815,1.000000,0.725013
2497,27091,0.671719,0.002058
35876,19539,0.671719,0.556806
27091,12570,1.000000,0.950723
20989,2497,0.676647,0.022004
35876,2497,0.671719,0.003290
51,27091,0.671719,0.000485
40294,10840,0.000000,0.227456
19539,3141,0.000000,0.357599
12888,12570,0.000000,0.017579
18666,19539,1.000000,0.781182
18666,12570,0.671719,0.824848
35876,18666,0.671719,0.635866
20989,12888,0.000000,0.021153
12570,9000,0.000000,0.057817
19539,1019,0.000000,0.054700
18666,2497,0.673769,0.018039
14815,3141,0.000000,0.412842
12888,10840,0.000000,0.010230
10840,14815,0.000000,0.093114
51,1019,0.000000,0.000286
12888,14815,0.000000,0.057278
35876,3141,0.000000,0.151438
27091,51,0.671719,0.000924
40294,2497,0.671719,0.003387
19539,12888,0.000000,0.042951
40294,20989,0.671719,0.379691
13790,21978,1.000000,0.188989
8578,91,1.000000,0.125964
20256,8578,1.000000,0.135637
16573,22470,0.000000,0.004960
20188,16573,0.000000,0.125939
16573,20256,1.000000,0.127956
20188,8578,0.000000,0.071912
22471,16791,0.000000,0.041265
22471,8578,0.000000,0.047436
20256,16573,1.000000,0.187751
21978,16791,0.000000,0.674024
16573,22471,0.000000,0.029187
22471,152,0.000000,0.051759
16791,8578,0.000000,0.118010
13790,8578,1.000000,0.111416
29733,16791,0.000000,0.090555
22470,8578,0.000000,0.007396
13790,152,0.000000,0.257861
28283,8578,1.000000,0.132182
91,22470,0.000000,0.006669
20188,20256,0.000000,0.080058
28283,20256,1.000000,0.118696
152,21978,0.000000,0.652982
21978,22471,0.000000,0.042265
91,28283,1.000000,0.193059
16791,29733,0.000000,0.091481
29733,21978,0.000000,0.154829
20188,21978,0.000000,0.248988
91,152,0.000000,0.123234
8578,29733,0.000000,0.067704
8578,13790,1.000000,0.234824
20188,29733,0.000000,0.080683
20256,22470,0.000000,0.009611
152,28283,0.000000,0.681346
13790,28283,1.000000,0.503629
13790,91,1.000000,0.164126
8578,16573,1.000000,0.207279
28283,13790,1.000000,0.649292
28283,16573,1.000000,0.527075
28283,91,1.000000,0.222264
21978,152,0.000000,0.678359
152,22470,0.000000,0.008084
152,20188,0.000000,0.108053
21978,91,1.000000,0.146738
28283,29733,0.000000,0.198852
13790,20256,1.000000,0.121626
29733,20188,0.000000,0.110207
91,20188,0.000000,0.068644
152,16791,0.000000,0.634294
20256,20188,0.000000,0.046584
152,8578,0.000000,0.113374
16791,20188,0.000000,0.128022
16573,152,0.000000,0.433761
8578,22471,0.000000,0.026121
16791,28283,0.000000,0.843315
22470,28283,0.000000,0.005850
152,20256,0.000000,0.093388
20256,152,0.000000,0.106496
16791,16573,0.000000,0.398053
22471,13790,0.000000,0.017512
13790,22470,0.000000,0.002371
28283,22470,0.000000,0.007402
29733,16573,0.000000,0.079559
20188,91,0.000000,0.112836
22470,16573,0.000000,0.004190
22471,28283,0.000000,0.037190
20188,22470,0.000000,0.018771
91,22471,0.000000,0.027480
20256,21978,1.000000,0.100087
20256,22471,0.000000,0.032391
28283,22471,0.000000,0.036255
22471,20188,0.000000,0.032791
28283,20188,0.000000,0.141764
8578,20256,1.000000,0.109556
16573,20188,0.000000,0.139937
21978,28283,1.000000,0.668795
29733,22471,0.000000,0.018574
21978,29733,0.000000,0.090516
152,22471,0.000000,0.031234
13790,29733,0.000000,0.296216
22470,22471,0.000000,0.008228
152,29733,0.000000,0.111835
22471,21978,0.000000,0.057752
16573,16791,0.000000,0.430267
22471,16573,0.000000,0.026289
20188,152,0.000000,0.211148
22471,20256,0.000000,0.047234
91,29733,0.000000,0.120614
16573,91,1.000000,0.314702
16573,21978,1.000000,0.300145
22471,91,0.000000,0.050519
29733,20256,0.000000,0.071314
20256,13790,1.000000,0.237007
22471,29733,0.000000,0.008787
91,20256,1.000000,0.087411
152,16573,0.000000,0.246670
91,13790,1.000000,0.372532
16791,22470,0.000000,0.006008
16791,152,0.000000,0.629872
16573,13790,1.000000,0.832391
25392,5417,1.000000,0.193936
299,2994,0.694417,0.104190
5072,21608,0.689637,0.323344
3350,23770,0.689637,0.199498
20311,14375,0.689637,0.239133
9496,3350,0.689637,0.178324
26435,32557,1.000000,0.170957
33371,32557,1.000000,0.181417
22505,9191,1.000000,0.108231
321,20311,0.692438,0.069639
11810,927,0.684815,0.325836
22376,23770,1.000000,0.205909
300,17223,0.000000,0.004834
14703,17037,0.689637,0.124886
19068,18119,0.000000,0.083118
16832,23040,0.000000,0.121710
14700,1412,0.689637,0.176450
20397,1412,1.000000,0.469870
26435,2980,0.689637,0.371545
299,22770,0.689637,0.121169
25328,23804,1.000000,0.295875
11037,2464,0.689637,0.131748
29621,299,0.689637,0.090585
30471,11037,1.000000,0.283095
33371,22146,1.000000,0.293790
17223,11037,1.000000,0.209167
13254,5072,0.000000,0.016933
927,17037,0.689637,0.194686
14700,927,0.691180,0.267758
927,31876,0.689637,0.174379
15572,33462,1.000000,0.584117
13334,25328,0.689637,0.029997
9142,1412,0.000000,0.037691
22505,31876,1.000000,0.101058
23804,2592,1.000000,0.198961
5072,22146,0.689637,0.301804
14700,23804,0.689637,0.122048
13254,21067,0.000000,0.045613
21067,4302,0.000000,0.050305
25392,33462,1.000000,0.514338
26435,2464,0.689637,0.160337
6505,25392,0.689637,0.278996
23040,13334,0.689637,0.158772
6169,21608,1.000000,0.462562
21608,2980,0.689637,0.506963
11037,9142,0.000000,0.029262
9191,6169,1.000000,0.661248
299,300,0.000000,0.004387
10762,30471,0.689637,0.362084
24180,25328,0.000000,0.022918
18119,21067,0.693500,0.058901
33371,5072,0.689637,0.205736
9142,29621,0.000000,0.044117
2994,321,1.000000,0.152847
14375,18753,1.000000,0.445445
14703,15572,0.689637,0.224534
10147,3350,0.691180,0.095337
21608,321,0.689637,0.267406
2994,1698,0.694417,0.142980
321,2464,0.691180,0.121191
10147,5417,0.689637,0.091796
1698,26191,0.689637,0.133053
21954,20123,0.689637,0.370487
31876,29264,1.000000,0.289613
2994,299,0.694417,0.138429
3350,30899,0.691180,0.081040
10762,21067,0.692438,0.111401
22770,6169,1.000000,0.299511
24180,299,0.000000,0.111567
22146,25392,1.000000,0.376599
31876,2592,1.000000,0.178525
9142,11716,0.000000,0.026304
2994,2980,0.691180,0.115305
1698,2980,0.691180,0.157048
26191,22770,1.000000,0.247624
26191,4321,1.000000,0.631073
30899,11810,0.684815,0.146673
6505,23804,0.689637,0.209194
13334,11037,0.689637,0.138147
300,20123,0.000000,0.007735
23040,2980,0.689637,0.391722
20397,22770,1.000000,0.345898
13334,14703,1.000000,0.286423
17037,26435,1.000000,0.179850
21067,23770,0.689637,0.118472
26191,31876,1.000000,0.332232
13254,17223,0.000000,0.019724
23040,14700,0.689637,0.339125
18119,321,0.693500,0.061849
29264,11810,0.684815,0.574554
31876,5072,0.689637,0.196720
11810,3350,0.684815,0.421042
30899,19068,0.000000,0.043643
11716,26435,1.000000,0.736036
22146,23040,1.000000,0.544266
299,4302,0.000000,0.073159
321,22376,0.689637,0.080187
26435,299,0.689637,0.121139
20397,30899,0.689637,0.220893
30471,21954,1.000000,0.404306
427,9328,0.000000,0.032779
427,15691,0.000000,0.034020
15692,9328,0.000000,0.044036
15692,15691,0.000000,0.047690
15691,427,0.000000,0.023615
15691,15692,0.000000,0.034799
15691,9328,0.000000,0.939311
9328,15692,0.000000,0.031177
427,15692,1.000000,0.207831
15692,427,1.000000,0.264383
9328,15691,0.000000,0.941071
9328,427,0.000000,0.022961
2246,9242,0.000000,0.157758
17536,15207,0.000000,0.079565
4541,6141,0.000000,0.073109
39538,30163,1.000000,0.955840
20634,9465,0.000000,0.023848
30163,5977,0.000000,0.065680
4209,25094,0.000000,0.100885
10882,15207,0.000000,0.161033
30053,5684,0.000000,0.037943
22223,10468,0.000000,0.095102
5977,19614,0.000000,0.065105
14738,4006,0.678968,0.046535
2246,6141,0.000000,0.065342
833,16687,0.000000,0.082257
1712,4541,0.000000,0.071751
39538,2256,0.000000,0.012509
7240,10468,0.682903,0.049949
21168,17733,0.000000,0.224401
993,20709,0.000000,0.041329
2256,4541,0.000000,0.062237
5684,19613,0.000000,0.119075
17733,19614,0.000000,0.114332
10468,10882,0.000000,0.104126
1130,14738,0.000000,0.041063
3780,4209,0.000000,0.041173
17062,10882,0.000000,0.076195
1712,833,0.000000,0.089283
4541,19412,0.000000,0.016556
4006,7951,0.682903,0.041404
7240,3780,0.000000,0.044692
4209,833,0.000000,0.128985
39246,4097,0.000000,0.022911
17062,5977,0.682903,0.050345
30163,4541,0.000000,0.009772
1130,1712,0.000000,0.154092
9441,9242,0.000000,0.015664
7951,5684,0.000000,0.054341
2042,5977,0.682903,0.080672
19613,2742,0.000000,0.081181
10882,21189,0.000000,0.096856
4466,25094,0.000000,0.083122
20634,1130,0.000000,0.003517
17676,17062,0.682903,0.036791
9554,2256,0.683838,0.020764
9441,20634,0.000000,0.002955
2042,14009,0.000000,0.053958
1712,19614,0.000000,0.078379
6141,9465,0.000000,0.096784
20634,14738,0.678968,0.056950
25094,17536,0.000000,0.159077
1130,20709,0.000000,0.078316
4097,17536,0.000000,0.040858
19412,17535,0.000000,0.211684
5685,833,0.000000,0.043075
17062,21168,0.000000,0.027553
17536,19412,0.000000,0.253629
833,7951,0.000000,0.063696
24579,21168,0.000000,0.230275
5977,2742,0.681822,0.060031
26557,19412,0.000000,0.079316
4006,30053,0.000000,0.056848
17535,4466,0.000000,0.055754
20634,39538,0.000000,0.075888
9242,2246,0.000000,0.121745
5685,20634,0.000000,0.051170
39246,24579,0.000000,0.339909
10468,1130,0.000000,0.131686
9242,19613,0.000000,0.153311
6141,25094,0.680540,0.083704
14738,1130,0.000000,0.054606
39538,5685,0.000000,0.156570
2742,4006,0.681822,0.030867
17062,4467,0.000000,0.063918
833,25094,0.000000,0.076670
4006,1712,0.686062,0.091695
39538,20709,0.000000,0.206080
15207,21189,0.000000,0.125181
2042,4209,0.000000,0.159639
20709,9441,0.000000,0.050317
993,5978,0.000000,0.060194
4097,17899,0.000000,0.119558
4541,4097,0.000000,0.165843
30163,39538,1.000000,0.955840
9441,2742,0.000000,0.037343
19613,993,0.000000,0.017567
2742,30163,0.000000,0.174740
7240,1712,0.686668,0.119658
15207,1712,0.000000,0.204827
3780,5685,0.000000,0.004519
16687,9465,0.000000,0.093467
4466,1130,0.000000,0.131384
24579,1712,0.678968,0.058765
24579,2742,0.678968,0.055952
2742,19613,0.000000,0.065159
1810,17536,0.000000,0.044489
17899,9554,0.000000,0.017102
25094,17733,0.678968,0.155978
14009,17536,0.000000,0.040180
993,10468,0.000000,0.044887
4466,7951,0.000000,0.068181
30473,17314,0.000000,0.014741
7600,1833,0.000000,0.130942
219,26672,0.000000,0.041983
3052,2205,0.000000,0.067575
7523,7757,0.000000,0.272732
11751,1833,0.000000,0.112371
953,79,0.000000,0.073045
220,26672,0.000000,0.079691
11751,1386,0.000000,0.082282
24125,7325,0.575864,0.050926
32650,953,0.000000,0.220326
1386,11751,0.000000,0.074131
953,15681,0.000000,0.080509
79,286,0.000000,0.010308
220,6679,0.000000,0.065471
7600,79,0.000000,0.065850
11751,953,0.000000,0.134791
11593,9647,0.000000,0.019859
7757,6478,0.000000,0.261160
7325,8361,0.576919,0.012219
1386,15681,0.575864,0.092268
30473,1712,0.000000,0.009787
2479,1047,0.000000,0.079090
17314,9647,0.000000,0.073331
11593,14835,0.000000,0.004518
2479,17383,0.000000,0.061103
6626,15997,0.000000,0.107037
7325,18361,0.000000,0.059893
172,1833,0.000000,0.001717
30473,6504,0.000000,0.026497
7523,1712,0.574645,0.110105
7757,220,0.000000,0.107868
7757,11593,0.000000,0.001413
7350,832,0.000000,0.092943
15681,739,1.000000,0.067653
15997,1699,0.000000,0.159856
11751,2323,0.000000,0.119698
40434,1712,0.000000,0.041576
5040,8860,0.574645,0.174001
220,2607,0.000000,0.061975
79,3052,0.000000,0.066562
11593,8860,0.000000,0.008396
40434,2479,0.000000,0.018765
1833,6504,0.000000,0.025130
27846,6504,0.000000,0.109772
912,14835,0.000000,0.007005
220,79,0.000000,0.096445
11593,1386,0.000000,0.009606
7325,15681,0.000000,0.043937
7600,4090,0.577849,0.004601
1386,2607,0.000000,0.013919
40434,4643,0.000000,0.005059
7350,27846,0.575864,0.133480
10929,27846,0.000000,0.074818
4090,1853,0.577849,0.071864
16,2205,0.000000,0.063988
8860,832,0.574645,0.076467
3052,24125,0.575864,0.113490
1711,16508,0.000000,0.095793
1853,15997,0.000000,0.103759
4787,6679,0.000000,0.014099
11045,16,0.575864,0.182524
6477,1853,0.000000,0.111393
8860,40434,0.000000,0.004806
1617,13328,0.575864,0.131319
11751,11045,0.000000,0.204954
2205,7350,0.575864,0.082429
11045,2607,0.000000,0.088486
30751,20310,0.000000,0.001371
172,6477,0.000000,0.002483
1833,3052,0.000000,0.082785
1712,4090,0.580118,0.000544
21066,20796,0.000000,0.118634
30751,286,0.000000,0.002969
4643,27846,0.000000,0.295076
832,4090,0.580749,0.010143
18361,17383,0.575864,0.089504
7600,7350,0.000000,0.124339
5040,6504,0.575864,0.152802
2205,4787,0.000000,0.057803
739,11045,0.576919,0.122535
3052,27846,0.000000,0.049986
286,7757,0.000000,0.000371
26672,5040,0.000000,0.017294
9647,8361,0.000000,0.132373
172,20796,0.000000,0.001846
7350,11593,0.000000,0.003761
6477,11045,0.000000,0.178074
16508,739,0.576919,0.059406
6626,6477,0.000000,0.110581
27846,1853,0.000000,0.069659
1712,30751,0.575864,0.046704
1617,2205,0.000000,0.065997
6504,15997,0.000000,0.092505
20310,7350,0.000000,0.003473
7523,1711,0.000000,0.123757
1853,16508,0.577849,0.091662
30751,21066,0.000000,0.074702
1833,7523,0.000000,0.127861
30751,7325,0.000000,0.026007
33870,3011,0.000000,0.060113
488,1821,0.000000,0.084631
13028,11116,0.000000,0.055216
3011,1285,0.000000,0.037880
13028,27975,0.000000,0.057720
30737,9574,0.000000,0.156277
13514,34948,0.000000,0.093339
29017,488,0.000000,0.144206
25114,22214,0.000000,0.120490
22798,17611,0.674338,0.148763
488,25114,0.000000,0.097774
15896,23870,0.000000,0.041203
11231,13514,0.000000,0.033014
27975,30737,0.000000,0.120728
30737,4622,0.000000,0.086264
34678,18633,0.000000,0.034372
34678,29780,0.000000,0.133898
30737,1285,0.000000,0.043872
18633,23870,0.000000,0.072328
15896,13514,0.000000,0.084400
1285,15896,0.000000,0.038303
11116,2755,0.000000,0.027946
2756,1285,0.000000,0.086732
10532,4867,0.000000,0.036664
1285,11231,0.000000,0.053364
1677,489,1.000000,0.030043
30737,32266,0.000000,0.150364
1285,23870,0.000000,0.051225
23870,489,0.000000,0.063904
27139,22798,0.000000,0.114134
5935,27139,0.000000,0.090634
30737,18633,0.000000,0.051418
2755,23870,0.000000,0.010867
19920,1677,0.000000,0.017518
22214,10532,0.000000,0.021236
1821,25114,0.000000,0.066205
22214,29017,0.000000,0.091256
32266,11231,0.000000,0.013148
33870,22214,0.000000,0.117158
11116,1821,0.000000,0.072738
1821,12992,0.000000,0.135636
1677,32266,0.000000,0.002038
25114,1285,0.000000,0.047241
3011,30737,0.000000,0.059404
22798,489,0.000000,0.105370
4622,25114,0.000000,0.103403
34948,1677,1.000000,0.012935
11116,1677,0.000000,0.005788
27139,33870,0.000000,0.117784
34678,3011,0.000000,0.065056
23870,12992,0.000000,0.112194
27975,4622,0.000000,0.072441
9574,29017,0.000000,0.114642
4867,4622,0.000000,0.053691
34678,1285,0.000000,0.036639
34678,27139,0.000000,0.070325
25114,13028,0.000000,0.103060
11116,488,0.000000,0.084402
17957,29017,0.000000,0.114710
13028,17957,0.000000,0.064237
4622,1285,0.663382,0.060914
12992,17611,0.674338,0.129010
12992,18633,0.000000,0.160878
34678,1677,0.000000,0.001920
29780,4867,0.000000,0.144843
1677,30737,0.000000,0.002185
23870,15896,0.000000,0.056880
32266,1821,0.000000,0.047306
488,12992,0.000000,0.190462
22214,18633,0.000000,0.029698
30737,27139,0.672290,0.151972
2755,18877,0.000000,0.014231
13514,27139,0.674338,0.059829
10532,17611,0.000000,0.054181
32266,9574,0.679511,0.106796
27975,4867,0.000000,0.060454
11116,30737,0.000000,0.055385
17957,5935,0.655354,0.075610
33870,13514,0.000000,0.117704
22798,22214,0.000000,0.094491
9574,23870,0.681081,0.051013
9574,32266,0.679511,0.132041
32266,25114,1.000000,0.243672
22214,13514,0.000000,0.070166
13514,19920,0.000000,0.065936
4622,29780,0.000000,0.148460
27975,489,0.000000,0.106431
22214,32266,0.000000,0.151493
1677,19920,0.000000,0.053945
22214,4867,0.000000,0.063759
34678,2756,0.000000,0.018457
10532,19920,0.000000,0.054685
11116,4867,0.000000,0.050753
488,33870,0.000000,0.121687
1821,15896,0.000000,0.057099
23870,1285,0.000000,0.037046
2756,19920,0.000000,0.083513
1677,5935,0.000000,0.002547
1677,18633,0.000000,0.070374
19920,4867,0.000000,0.062161
7407,2056,0.000000,0.067151
38198,428,0.000000,0.053263
312,2642,0.000000,0.028560
428,7407,0.000000,0.036681
2141,2641,0.000000,0.051416
38198,2642,0.000000,0.147251
2055,2056,0.000000,0.071227
7408,2641,0.000000,0.047329
312,7407,0.000000,0.036603
428,38198,0.000000,0.026179
7407,2690,0.000000,0.088539
7408,312,0.000000,0.049173
2056,2642,0.000000,0.056153
428,2141,0.000000,0.064777
2141,2055,0.000000,0.064303
2056,7407,0.000000,0.051374
2641,2055,0.000000,0.054389
2056,38198,0.000000,0.155125
2056,2641,0.000000,0.048655
38198,2056,0.000000,0.105806
2055,428,0.000000,0.042686
2690,2689,0.000000,0.160520
7407,2641,0.000000,0.043226
312,2690,0.000000,0.021139
2690,7408,0.000000,0.101721
2689,2141,0.000000,0.047051
7408,428,0.000000,0.046256
428,2642,0.000000,0.028667
2055,2689,0.000000,0.069520
7408,38198,0.000000,0.175159
2055,312,0.000000,0.046467
2055,2141,0.000000,0.056873
7407,2642,0.000000,0.055052
2141,2689,0.000000,0.054650
428,312,0.000000,0.119786
7408,2055,0.000000,0.062260
2141,2642,0.000000,0.059463
2055,7407,0.000000,0.049847
7408,2689,0.000000,0.067467
2690,38198,0.000000,0.347283
38198,2690,0.000000,0.343292
2689,2642,0.000000,0.066517
7407,428,0.000000,0.044236
2690,2641,0.000000,0.105566
2641,2689,0.000000,0.062578
7408,7407,0.000000,0.049573
7408,2141,0.000000,0.058646
2689,7408,0.000000,0.062235
2642,2689,0.000000,0.063180
7407,38198,0.000000,0.154744
2056,2690,0.000000,0.064836
428,2690,0.000000,0.012554
7407,2141,0.000000,0.052946
7408,2056,0.000000,0.073130
2690,2141,0.000000,0.057635
428,2055,0.000000,0.032871
2641,428,0.000000,0.036105
2689,428,0.000000,0.025987
2141,7408,0.000000,0.065204
2056,2689,0.000000,0.052901
2641,2642,0.000000,0.052691
312,2689,0.000000,0.021630
7407,7408,0.000000,0.056222
2690,312,0.000000,0.025023
2642,312,0.000000,0.030066
312,38198,1.000000,0.083011
2055,2642,0.000000,0.061476
2641,2056,0.000000,0.058429
428,2641,0.000000,0.031694
2642,2690,0.000000,0.112343
38198,2055,0.000000,0.143651
2690,2056,0.000000,0.072856
428,7408,0.000000,0.035423
2642,2641,0.000000,0.043631
428,2056,0.000000,0.064263
312,2055,0.000000,0.041755
2641,7408,0.000000,0.054499
2055,2690,0.000000,0.104176
2642,2055,0.000000,0.056109
38198,2141,1.000000,0.082134
312,428,0.000000,0.148510
38198,312,1.000000,0.045501
7407,2689,0.000000,0.059673
312,2056,0.000000,0.069924
2141,38198,1.000000,0.124766
2690,2055,0.000000,0.102441
2141,2056,0.000000,0.082115
2141,312,1.000000,0.056553
7407,2055,0.000000,0.056006
2056,428,0.000000,0.070360
7408,2642,0.000000,0.061073
2689,7407,0.000000,0.052612
7407,312,0.000000,0.044165
2055,38198,0.000000,0.176580
2141,428,0.000000,0.062997
2642,7408,0.000000,0.055696
428,2689,0.000000,0.018396
2690,428,0.000000,0.025185
38198,7407,0.000000,0.134100
2690,7407,0.000000,0.091136
31716,25610,0.000000,0.256505
4123,608,1.000000,0.008627
31716,9415,0.000000,0.011220
7192,20424,0.000000,0.016290
20424,14140,0.000000,0.112276
27538,607,0.000000,0.011328
1166,33296,0.000000,0.011177
33296,27574,1.000000,0.955490
8155,19759,0.678225,0.061118
607,27538,0.000000,0.010411
9415,24496,0.000000,0.026612
11531,9900,0.000000,0.113069
27574,5170,0.000000,0.047067
7817,24496,0.000000,0.068760
19759,21844,0.681822,0.037355
21844,608,0.000000,0.000006
11531,7817,0.000000,0.022051
1461,11531,0.678225,0.009424
6441,12191,0.680253,0.079642
607,11375,0.000000,0.040238
9415,13208,0.000000,0.061131
12191,15358,0.678225,0.203597
1713,27538,0.680253,0.101391
6441,13208,0.000000,0.074417
1166,6441,0.000000,0.081296
24635,13208,0.000000,0.082040
1166,13208,0.000000,0.058714
1713,4123,0.000000,0.002525
13214,19759,1.000000,0.091728
14140,16169,0.683100,0.025276
24635,3940,0.000000,0.053045
31716,24172,0.000000,0.151871
17016,13214,1.000000,0.169960
21844,11375,1.000000,0.173113
607,27574,0.000000,0.008215
24172,14140,1.000000,0.084264
16169,19759,0.683100,0.034926
33296,1461,0.000000,0.017009
5170,6441,0.000000,0.112615
20424,27574,1.000000,0.955490
14140,8986,0.683100,0.068171
608,8986,0.000000,0.000022
4123,27574,0.000000,0.001228
2478,3940,0.000000,0.034943
19759,27574,0.000000,0.032913
1166,9900,0.000000,0.021465
9900,12191,0.000000,0.114628
8155,25610,0.678225,0.195288
6441,1461,0.683100,0.058297
20424,31716,1.000000,0.955490
19759,25610,0.680253,0.062614
8155,9415,0.000000,0.015365
8155,7192,0.678225,0.021514
24496,9900,0.000000,0.080953
9900,3676,0.000000,0.069467
24172,5170,0.000000,0.050046
4123,24635,0.000000,0.013551
13214,16169,0.683100,0.073866
9900,21844,0.000000,0.181655
27538,3940,1.000000,0.172358
17528,9900,0.000000,0.077521
3676,19759,0.681822,0.052561
14140,1166,0.000000,0.036553
11375,20424,0.000000,0.291874
33296,19759,0.000000,0.044617
24635,2478,0.000000,0.080501
608,17016,0.000000,0.000019
33296,12191,0.000000,0.123574
16169,11531,0.678225,0.004744
24172,19759,1.000000,0.057484
1461,7192,0.690351,0.130074
7817,27574,0.000000,0.050240
19759,5170,0.000000,0.071805
9900,3940,0.000000,0.112705
17016,6441,1.000000,0.097806
20424,24172,0.000000,0.151871
11531,8155,1.000000,0.352305
1461,8986,0.687936,0.059597
11375,25610,0.680253,0.164566
8986,9900,0.000000,0.049226
2478,13208,0.000000,0.065467
7192,608,0.000000,0.000617
7192,21844,0.681822,0.033419
8155,13214,0.678225,0.174404
9900,14140,0.000000,0.083038
7192,27538,0.680253,0.018981
5170,17016,0.000000,0.108692
7817,27538,0.000000,0.045021
20424,5170,0.000000,0.047067
6441,1713,0.683100,0.067090
1713,25610,0.680253,0.134251
4123,9415,0.000000,0.082588
5170,8986,0.000000,0.082424
7192,3940,0.680253,0.019912
25610,19759,0.680253,0.081348
608,7817,0.000000,0.000167
33296,5170,0.000000,0.047067
13208,14140,0.000000,0.097555
13214,1166,0.000000,0.120167
7192,3676,0.681822,0.035804
17772,30991,0.000000,0.117630
33627,18396,0.000000,0.233087
13671,17038,0.000000,0.049788
20942,17224,0.000000,0.047223
4838,33627,0.680014,0.030970
21988,15250,0.000000,0.100674
15344,21988,0.000000,0.130495
30991,38229,0.000000,0.278642
33882,9572,0.000000,0.061741
18774,13671,0.000000,0.024008
2643,18396,0.000000,0.006712
10004,17038,0.000000,0.078910
18774,30991,0.000000,0.045367
19765,11157,0.000000,0.036400
18775,21988,0.000000,0.107665
2643,9572,0.000000,0.020981
21988,19604,0.000000,0.100872
20942,17038,0.000000,0.064586
26773,15250,0.000000,0.106604
4838,10700,0.000000,0.071372
2643,33882,0.000000,0.002735
2644,26773,0.000000,0.044414
11239,33882,0.000000,0.023690
19765,17038,0.000000,0.053048
18737,17772,0.000000,0.054381
10004,26773,0.000000,0.083372
11239,30991,0.000000,0.026754
17224,26773,0.000000,0.070697
21988,9572,0.000000,0.045122
11239,18775,0.000000,0.104935
15343,2644,0.000000,0.008799
2644,30991,0.000000,0.007718
4838,2644,0.000000,0.012098
21988,38229,0.000000,0.096880
2643,2644,0.000000,0.017316
2643,15343,0.000000,0.006892
33882,19604,0.000000,0.153573
13000,17224,0.000000,0.054459
15343,18774,0.000000,0.042016
13671,9572,0.000000,0.024765
19765,21988,0.000000,0.108185
18396,18775,0.000000,0.072035
10700,11157,0.000000,0.072893
18774,21988,0.000000,0.072369
17772,13000,0.000000,0.055262
18775,2643,0.000000,0.022055
15343,13000,0.000000,0.031242
13671,20942,0.000000,0.045988
19604,17038,0.000000,0.068151
10004,15249,0.000000,0.044012
17038,13671,0.000000,0.033207
10700,17038,0.000000,0.087401
15343,26773,0.000000,0.102003
9572,33882,0.000000,0.050314
13671,17224,0.000000,0.039101
10700,21988,0.000000,0.217069
18774,13000,0.000000,0.061765
15343,15250,0.000000,0.087920
15249,25889,0.000000,0.015754
18774,15343,0.000000,0.062521
15343,25889,0.000000,0.016947
21988,10700,0.000000,0.211453
9572,4838,0.000000,0.033966
10004,18775,0.000000,0.088427
17224,4838,0.000000,0.052734
19765,13000,0.000000,0.023359
30991,18737,0.000000,0.022395
33882,11157,0.000000,0.030056
17038,15250,0.000000,0.106090
15344,9572,0.000000,0.076495
17224,13000,0.000000,0.055134
11157,20942,0.000000,0.042219
21988,33882,0.000000,0.097584
13000,30991,0.000000,0.018809
15249,15343,0.000000,0.197264
17038,18775,0.000000,0.086382
17038,19604,0.000000,0.072389
18774,19765,0.000000,0.046906
15343,15249,0.000000,0.161545
13000,18774,0.000000,0.090027
26773,25889,0.551706,0.025848
13671,26773,0.000000,0.051392
17772,15344,0.000000,0.159734
38229,17772,0.000000,0.090297
10004,17224,0.000000,0.046877
2644,15343,0.000000,0.013458
9572,10004,0.000000,0.046954
20942,15249,0.000000,0.024646
18396,26773,0.000000,0.101450
30991,19604,1.000000,0.180309
18775,11239,0.000000,0.075927
30991,2643,0.000000,0.013985
38229,15343,0.000000,0.123793
18774,20942,0.000000,0.066828
9572,15250,0.000000,0.072756
26773,17772,0.000000,0.106735
18737,13671,0.000000,0.036391
15249,30991,0.000000,0.275300
30991,2644,0.000000,0.007575
18396,10700,0.000000,0.154877
24560,35923,1.000000,0.921799
1399,17986,0.000000,0.591861
3679,7601,0.000000,0.312219
542,16775,0.000000,0.031932
73,7601,0.000000,0.002158
10258,10257,0.000000,0.740410
7725,20996,0.000000,0.006609
3679,11707,0.000000,0.272413
73,11707,0.000000,0.001459
22097,73,1.000000,0.021330
25474,10258,0.000000,0.794987
20720,11708,0.000000,0.099781
18824,3679,0.000000,0.215756
542,7601,0.000000,0.066227
20720,6869,0.000000,0.118897
16527,36460,0.000000,0.048146
25474,17986,0.000000,0.900094
25027,20720,0.000000,0.031266
28939,25027,0.672290,0.251956
20720,11707,0.000000,0.049177
11707,10258,0.000000,0.805249
542,25027,0.000000,0.054266
25027,10258,0.000000,0.738741
16775,12729,0.000000,0.092477
25027,24560,0.000000,0.597398
25027,28939,0.672290,0.151662
6869,542,0.000000,0.262664
3679,2318,0.000000,0.133803
73,12582,0.000000,0.001236
16775,1399,0.000000,0.447512
10257,10258,0.000000,0.773237
17986,12728,0.000000,0.068725
3678,10257,0.000000,0.813273
28494,6869,0.670417,0.458427
17986,20673,0.000000,0.830038
16775,12728,0.000000,0.206671
2877,12729,0.000000,0.095064
20673,22097,1.000000,0.364956
12729,16527,0.000000,0.094954
17986,25474,0.000000,0.827012
16527,20673,0.000000,0.799118
2877,21094,0.000000,0.429289
24560,3678,0.000000,0.407438
28939,12728,0.000000,0.043904
16775,11707,0.000000,0.430192
2878,17986,0.000000,0.836256
28939,16527,0.672290,0.458826
25474,12729,0.000000,0.475283
6869,73,0.000000,0.051908
7725,25474,0.000000,0.415569
11707,7725,0.000000,0.528609
542,20996,1.000000,0.000509
6869,7601,0.000000,0.014051
16527,12582,0.000000,0.799179
36460,542,1.000000,0.191122
2878,12729,0.000000,0.262379
12729,73,1.000000,0.052112
16775,6869,0.000000,0.022416
35923,12728,0.000000,0.058282
25027,22097,0.000000,0.409595
10258,20996,0.000000,0.001153
6869,12729,0.000000,0.332203
6869,35923,1.000000,0.293528
21094,16527,0.000000,0.470710
17986,11708,0.000000,0.635190
25027,7725,0.674338,0.464806
1399,12729,0.000000,0.119501
35923,28939,0.000000,0.853896
2318,16775,0.000000,0.060072
12728,12729,0.000000,0.017951
12729,2318,0.000000,0.193370
18824,20720,0.000000,0.020563
12729,12728,0.000000,0.006551
36460,20720,1.000000,0.181878
1399,20996,0.000000,0.006768
12582,2877,0.000000,0.375973
28494,2878,0.000000,0.954008
17986,24560,0.000000,0.791865
2877,542,0.000000,0.040361
73,20996,1.000000,0.000153
17986,2878,0.000000,0.689646
36460,10257,0.000000,0.298353
3678,20720,0.000000,0.102100
73,21094,1.000000,0.000436
12582,12728,0.000000,0.058282
28494,35923,0.670417,0.929951
7725,17986,0.000000,0.564008
35923,17986,0.000000,0.900094
3678,11707,0.000000,0.447022
16527,20720,0.000000,0.057476
20673,10257,0.000000,0.901801
16527,18824,0.674338,0.521297
36460,6869,0.000000,0.123556
20673,25474,0.000000,0.940323
12729,17986,0.000000,0.461763
10257,7601,0.000000,0.301567
22097,24560,0.000000,0.238740
20996,16527,0.000000,0.020130
16527,7601,1.000000,0.392649
16775,25027,0.674338,0.427587
607,37323,0.000000,0.009618
1962,8047,0.706744,0.330423
1959,11051,0.000000,0.050516
9100,145,0.000000,0.040623
145,6127,0.000000,0.033614
30136,125,0.000000,0.055028
4562,4563,0.000000,0.086510
4474,19728,0.000000,0.054927
607,6127,0.000000,0.101318
2363,10253,0.000000,0.182724
8047,6846,0.000000,0.239342
25795,7267,0.000000,0.080564
607,37,0.707582,0.096173
9914,20013,0.000000,0.072997
4949,5423,0.000000,0.211495
9914,16811,0.000000,0.033544
18432,1959,0.000000,0.202373
15653,19728,0.000000,0.055551
3934,3929,0.000000,0.164539
16956,1959,0.000000,0.255826
2574,5481,0.000000,0.109857
4143,6846,0.000000,0.086854
4563,11100,0.000000,0.221299
9100,20191,0.000000,0.160210
3275,7267,0.000000,0.051791
607,7811,0.000000,0.097458
14498,8047,0.706744,0.427001
22009,7047,0.000000,0.034233
8356,20191,0.000000,0.070931
14498,9100,0.000000,0.091580
5423,7514,0.706744,0.377248
4562,25795,0.000000,0.062102
7811,4562,0.000000,0.077831
777,4143,0.000000,0.086198
7811,13088,0.000000,0.048513
7474,1043,0.000000,0.379092
11100,6127,0.000000,0.178293
3934,10916,0.000000,0.002679
11100,4562,0.000000,0.194586
6845,22009,0.000000,0.245896
16956,18432,0.000000,0.061443
777,37,0.707582,0.240680
11706,3934,0.706281,0.217015
3934,15653,0.000000,0.101339
608,3275,0.000000,0.000379
2363,20404,0.000000,0.050575
9100,14498,0.000000,0.144786
7267,15653,0.000000,0.046488
836,16811,0.000000,0.037783
3934,4143,0.000000,0.093377
20191,8570,0.000000,0.087762
16811,6846,0.000000,0.065894
7474,3934,0.000000,0.119504
8356,6127,0.000000,0.131521
8356,12505,0.000000,0.113094
8047,3275,0.000000,0.370125
4367,4563,0.000000,0.161958
4563,37,0.000000,0.098772
7267,836,0.000000,0.181021
20191,4143,0.000000,0.118535
777,10916,0.000000,0.007359
25795,9439,0.000000,0.098251
5423,144,0.000000,0.038948
11050,5481,0.000000,0.067702
11051,4143,0.000000,0.065141
6127,125,0.000000,0.126289
8570,15653,0.000000,0.055801
2574,18432,0.000000,0.078957
7811,608,0.000000,0.000030
13088,6845,0.000000,0.166241
10253,12505,0.000000,0.101814
3929,6845,0.000000,0.062770
2074,11100,0.000000,0.166385
30136,20013,0.000000,0.050350
144,6846,0.000000,0.071315
2074,10916,0.000000,0.001241
9100,4367,0.000000,0.054647
3274,18432,0.000000,0.050209
4474,10916,0.000000,0.003172
9914,777,0.000000,0.119420
7514,2574,1.000000,0.260349
25795,4143,0.679011,0.116043
37323,8047,0.000000,0.103983
8570,777,0.000000,0.067411
7474,6127,0.000000,0.069450
7811,4367,0.000000,0.044069
8047,145,0.000000,0.075458
7474,30136,0.000000,0.047597
20013,5423,0.706744,0.483749
7047,7267,0.000000,0.086641
2363,11051,0.000000,0.008823
2074,20404,0.000000,0.044813
16956,12505,0.000000,0.041719
7267,8047,0.000000,0.362891
8570,4474,0.000000,0.075225
2074,7047,0.000000,0.089081
777,2363,0.000000,0.126636
9439,22009,0.000000,0.031793
7514,13088,0.000000,0.052248
144,608,0.000000,0.000006
30866,20234,0.000000,0.035390
30866,1843,0.000000,0.360987
35262,25737,1.000000,0.955682
5866,23652,0.681822,0.440486
33879,7926,0.678225,0.474116
1843,15086,0.680253,0.671816
25737,15290,0.000000,0.056772
34242,26291,0.678225,0.261035
20234,15290,0.000000,0.036590
4160,30866,0.000000,0.044750
35262,26291,0.678225,0.312116
26291,20234,0.680253,0.219704
15077,34242,1.000000,0.617363
25737,4161,0.000000,0.044608
17638,4161,0.000000,0.040265
33879,30186,0.678225,0.332429
30867,512,0.000000,0.035277
29046,4161,0.000000,0.033362
13861,11339,0.000000,0.106019
12634,1244,0.000000,0.312606
30359,35262,0.678225,0.469658
30867,31732,0.678225,0.423603
17638,20234,0.678225,0.492895
30867,29046,1.000000,0.934301
18307,1843,0.680253,0.576359
23377,35262,0.678225,0.195373
12634,26291,0.686668,0.177208
33879,11843,0.675354,0.792993
30866,11843,0.000000,0.097232
1843,11843,0.675354,0.497205
30525,11339,0.000000,0.102270
30525,512,0.000000,0.068599
13861,5866,0.678225,0.335646
35262,11339,0.000000,0.107839
12634,11339,0.000000,0.099972
4161,23652,0.000000,0.052353
4161,29079,0.000000,0.019402
34242,25737,1.000000,0.931772
12634,25737,0.678225,0.146542
34242,23377,0.678225,0.208728
35262,30867,1.000000,0.958602
35262,15086,0.678225,0.654750
25737,23652,0.678225,0.503595
1843,30525,0.678225,0.552931
35262,31732,0.678225,0.423603
26291,30359,0.680253,0.230438
1244,31732,0.000000,0.243825
30866,12634,0.000000,0.032037
17638,13861,1.000000,0.948907
15290,512,0.000000,0.495439
26291,30186,0.680253,0.191635
1843,15077,0.678225,0.442373
7926,15290,0.000000,0.022000
25737,3933,0.678225,0.424930
34242,1244,0.000000,0.015831
3933,25737,0.678225,0.333745
17638,5866,0.678225,0.376820
30186,29046,0.678225,0.372698
4160,1244,0.000000,0.115309
31732,13861,0.678225,0.272034
11843,30866,0.000000,0.191276
12634,30186,0.680253,0.132881
12634,33879,0.678225,0.115639
23652,18307,0.680253,0.707342
26291,11339,0.000000,0.079634
23652,7926,0.680253,0.663734
13861,7926,0.678225,0.409168
3933,1244,0.000000,0.102482
4161,7926,0.000000,0.029759
512,15290,0.000000,0.461366
35262,4160,0.678225,0.418003
1843,30359,0.680253,0.328923
30867,3933,0.678225,0.416222
23652,25737,0.678225,0.444516
30186,13861,0.678225,0.400791
35262,33879,1.000000,0.926440
15077,1843,0.678225,0.485102
1244,30866,0.000000,0.021615
13861,1843,0.678225,0.564831
18307,29079,0.675354,0.453125
30359,4161,0.000000,0.062602
26291,34242,0.678225,0.163751
34242,31732,0.678225,0.357567
18307,30359,1.000000,0.648899
3933,30359,0.680253,0.432272
13861,33879,1.000000,0.933345
3933,30525,0.678225,0.260337
26291,15290,0.000000,0.025036
15077,12634,0.678225,0.161817
3933,23652,1.000000,0.512886
23377,1244,0.000000,0.175495
35262,30525,1.000000,0.943191
15290,30866,0.000000,0.476439
12634,30359,0.680253,0.124325
33879,3933,0.678225,0.353460
23377,29046,0.678225,0.142941
15290,3933,0.000000,0.021409
512,30186,0.000000,0.072081
29046,25737,1.000000,0.925261
34242,15077,1.000000,0.518126
8345,28777,0.000000,0.146690
28777,6806,0.000000,0.064221
20250,21601,0.000000,0.029280
28777,20250,0.000000,0.170233
20250,4417,0.000000,0.033890
20250,28777,0.000000,0.170372
3100,4417,0.000000,0.022272
26690,21601,0.000000,0.033032
28777,6807,0.000000,0.075683
4417,21601,1.000000,0.042821
21601,3100,0.000000,0.030412
6807,28777,0.000000,0.079290
21601,8345,0.000000,0.032713
8345,26690,0.000000,0.065759
4417,20250,0.000000,0.037334
20250,3100,0.000000,0.092366
6806,20250,0.000000,0.071038
6806,4417,0.000000,0.037708
6807,8345,0.000000,0.080273
28777,21601,0.000000,0.029219
4417,8345,0.000000,0.027839
6806,3100,0.000000,0.047607
3100,6806,0.000000,0.041116
21601,26690,0.000000,0.053146
21601,28777,0.000000,0.042837
8345,21601,0.000000,0.019800
8345,3100,0.000000,0.082501
6807,4417,0.000000,0.031725
26690,6806,0.000000,0.050402
26690,28777,0.000000,0.076374
8345,6806,0.000000,0.052316
20250,6806,0.000000,0.064297
20250,8345,0.000000,0.157138
21601,6807,0.000000,0.047719
4417,26690,0.000000,0.050720
4417,3100,0.000000,0.027623
26690,3100,0.000000,0.052467
6807,6806,0.000000,0.050368
6807,26690,0.000000,0.050468
20250,26690,0.000000,0.068598
6806,6807,0.000000,0.053184
20250,6807,0.000000,0.075745
21601,20250,0.000000,0.042916
6806,26690,0.000000,0.051719
6806,28777,0.000000,0.071022
3100,6807,0.000000,0.045935
26690,20250,0.000000,0.076416
8345,4417,0.000000,0.026626
21601,4417,1.000000,0.044831
8345,20250,0.000000,0.146424
6807,3100,0.000000,0.050385
26690,6807,0.000000,0.049881
28777,8345,0.000000,0.157360
6807,21601,0.000000,0.028429
3100,28777,0.000000,0.102806
21601,6806,0.000000,0.055516
3100,20250,0.000000,0.102787
6807,20250,0.000000,0.079307
26690,8345,0.000000,0.076018
28777,3100,0.000000,0.092404
28777,4417,0.000000,0.033840
3100,8345,0.000000,0.098337
6806,21601,0.000000,0.033588
4417,28777,0.000000,0.037240
4417,6806,0.000000,0.054580
28777,26690,0.000000,0.068560
3100,26690,0.000000,0.049291
8345,6807,0.000000,0.059007
4417,6807,0.000000,0.047085
6806,8345,0.000000,0.072146
26690,4417,0.000000,0.036046
3100,21601,0.000000,0.019565
19986,12522,1.000000,0.046882
39164,12522,0.000000,0.088155
6107,12912,0.000000,0.088640
6319,6107,0.000000,0.072025
6318,7994,0.000000,0.048305
40092,12522,1.000000,0.069087
33850,12912,0.000000,0.024477
7994,12912,0.000000,0.037115
12912,7994,0.000000,0.038459
6318,12522,0.000000,0.035712
7994,19986,0.000000,0.045863
6319,33850,0.000000,0.069321
12912,12522,1.000000,0.052026
39164,19986,0.000000,0.062052
12522,12912,1.000000,0.049498
33850,39164,0.000000,0.436323
6319,16852,0.000000,0.061821
6107,40092,0.000000,0.077168
16852,40092,0.000000,0.067889
33850,6319,0.000000,0.058827
6107,16852,0.000000,0.051606
7994,12522,0.000000,0.032883
7994,16852,0.000000,0.038331
6107,39164,0.000000,0.046831
12912,40092,1.000000,0.073357
6318,33850,0.000000,0.103150
39164,16852,0.000000,0.132851
6318,6107,0.000000,0.041431
7994,6107,0.000000,0.049562
16852,6319,0.000000,0.055752
16852,19986,0.000000,0.048485
6318,6319,0.000000,0.059110
19986,6319,0.000000,0.075587
7994,33850,0.000000,0.062003
33850,12522,0.000000,0.048203
12522,16852,0.000000,0.036442
39164,6318,0.000000,0.251885
6319,39164,0.000000,0.119118
12912,19986,1.000000,0.076061
6107,7994,0.000000,0.052384
7994,40092,0.000000,0.067690
6318,19986,0.000000,0.047631
40092,33850,0.000000,0.087830
16852,33850,0.000000,0.065692
39164,7994,0.000000,0.111960
19986,7994,0.000000,0.049403
40092,19986,1.000000,0.082233
6319,19986,0.000000,0.069940
33850,19986,0.000000,0.045554
12522,39164,0.000000,0.104592
40092,7994,0.000000,0.076986
7994,6318,0.000000,0.044713
16852,7994,0.000000,0.041345
40092,6107,0.000000,0.080540
6319,6318,0.000000,0.063685
33850,6318,0.000000,0.109319
12912,33850,0.000000,0.019177
6318,40092,0.000000,0.073412
6318,39164,0.000000,0.283825
39164,33850,0.000000,0.307602
16852,12522,0.000000,0.033227
6319,7994,0.000000,0.057396
33850,16852,0.000000,0.062972
12522,7994,0.000000,0.036744
12522,6319,0.000000,0.049020
19986,6107,0.000000,0.086542
6318,16852,0.000000,0.044821
39164,6319,0.000000,0.089840
12522,33850,0.000000,0.048894
6107,19986,0.000000,0.086177
6319,12912,0.000000,0.056191
12912,6319,0.000000,0.073903
12912,6107,0.000000,0.100151
12912,6318,0.000000,0.020208
33850,40092,0.000000,0.073656
6107,33850,0.000000,0.035308
19986,39164,0.000000,0.061761
16852,6318,0.000000,0.046143
19986,6318,0.000000,0.039507
33850,7994,0.000000,0.066499
6319,12522,0.000000,0.055562
40092,39164,0.000000,0.145476
19986,33850,0.000000,0.042901
40092,6318,0.000000,0.079094
7994,6319,0.000000,0.055710
7994,39164,0.000000,0.149581
19986,40092,1.000000,0.086877
16852,12912,0.000000,0.045871
19986,16852,0.000000,0.051079
40092,12912,1.000000,0.065476
6107,6318,0.000000,0.029260
16852,39164,0.000000,0.167501
40092,6319,0.000000,0.088493
12522,6107,0.000000,0.050311
6318,12912,0.000000,0.033023
6319,40092,0.000000,0.086122
19986,12912,1.000000,0.054625
12522,19986,1.000000,0.047110
39164,40092,0.000000,0.110511
12912,16852,0.000000,0.038625
21369,28674,0.000000,0.182249
21369,40438,0.000000,0.282665
21369,28675,0.000000,0.229398
2170,28675,0.000000,0.114386
28674,28675,0.000000,0.439885
2170,28674,0.000000,0.081038
40438,28675,0.000000,0.166985
28674,2170,0.000000,0.094803
40438,2170,0.000000,0.048244
28674,21369,0.000000,0.286775
40438,28674,0.000000,0.148225
28675,28674,0.000000,0.464368
21369,2170,0.000000,0.069990
40438,21369,0.000000,0.262168
28675,2170,0.000000,0.136052
2170,21369,0.000000,0.048892
28674,40438,0.000000,0.127330
2170,40438,0.000000,0.022296
28675,21369,0.000000,0.283656
28675,40438,0.000000,0.127251
10212,10213,0.000000,0.267449
40198,10213,0.000000,0.267449
23201,10212,0.000000,0.037097
40198,23201,0.000000,0.029301
10213,10212,0.000000,0.246869
10213,32438,0.000000,0.246869
10213,23201,0.000000,0.076823
23201,10213,0.000000,0.112034
32438,10212,1.000000,0.953315
10213,40198,0.000000,0.246869
23201,40198,0.000000,0.037097
32438,23201,0.000000,0.029301
23201,32438,0.000000,0.037097
10212,23201,0.000000,0.029301
40198,32438,1.000000,0.953315
10212,40198,1.000000,0.953315
32438,40198,1.000000,0.953315
40198,10212,1.000000,0.953315
10212,32438,1.000000,0.953315
32438,10213,0.000000,0.267449
38764,18483,0.000000,0.173650
785,17678,0.000000,0.004704
18374,7448,1.000000,0.959991
20580,15430,0.000000,0.000593
2079,17678,1.000000,0.967608
21563,17355,1.000000,0.970781
7448,2079,1.000000,0.998658
11082,17328,1.000000,0.981362
24805,17458,1.000000,0.990469
23318,19397,1.000000,0.954728
2464,29227,0.000000,0.140215
19207,2079,1.000000,0.998231
1611,38764,0.000000,0.167602
19136,2383,1.000000,0.998430
8095,2383,1.000000,0.996971
13608,24305,1.000000,0.996568
19397,7448,1.000000,0.985310
26660,19136,0.000000,0.568912
11082,17870,1.000000,0.988375
38764,2383,0.000000,0.139656
1260,20580,0.000000,0.091060
8095,8428,1.000000,0.759558
9063,18483,0.000000,0.098828
19207,1611,0.000000,0.017876
6211,17458,1.000000,0.998838
15430,26329,0.000000,0.004094
26660,38764,0.000000,0.793884
21293,18374,1.000000,0.985988
18483,5777,0.000000,0.000511
24305,17545,1.000000,0.990532
6211,22521,1.000000,0.996667
4972,800,0.000000,0.000702
13608,3161,1.000000,0.023582
4322,23318,1.000000,0.998745
7448,13608,1.000000,0.998855
32530,18374,0.000000,0.073241
9063,26329,0.000000,0.055713
10236,24805,1.000000,0.993366
800,21262,0.000000,0.000493
26660,17870,0.000000,0.732697
4122,7190,1.000000,0.982468
16452,4365,1.000000,0.600842
19852,23384,0.000000,0.046357
4972,5777,0.000000,0.002648
12212,21293,1.000000,0.994224
38764,18484,0.000000,0.088926
17870,38764,0.000000,0.126376
18484,22521,0.000000,0.335615
10236,12212,1.000000,0.997849
23384,3161,0.000000,0.016686
24305,8095,1.000000,0.994419
9063,4122,1.000000,0.989793
8095,12212,1.000000,0.972039
23384,19397,0.000000,0.027251
4122,19207,1.000000,0.998810
8035,4322,1.000000,0.998392
21262,19154,0.000000,0.083750
4972,2464,1.000000,0.992036
15430,5884,0.000000,0.000484
24305,30765,0.000000,0.079073
3161,1423,1.000000,0.088444
11082,24305,1.000000,0.985458
3161,5777,0.000000,0.001104
8095,19852,1.000000,0.996738
24305,18484,0.000000,0.087567
2383,8428,1.000000,0.970143
4972,17355,1.000000,0.988219
11683,21293,1.000000,0.998734
23318,26329,0.000000,0.117489
2610,17678,1.000000,0.955486
37147,5777,0.000000,0.000817
22521,2610,1.000000,0.994035
3861,7448,0.000000,0.444819
18374,19852,1.000000,0.991562
13608,4972,1.000000,0.989888
18483,22521,0.000000,0.191628
21262,17328,1.000000,0.993807
12212,17545,1.000000,0.975322
6211,4365,1.000000,0.596336
19397,5777,0.000000,0.005524
19397,21262,1.000000,0.983661
17870,1260,1.000000,0.958858
29227,800,0.000000,0.006837
19852,4322,1.000000,0.998641
2383,17870,1.000000,0.998201
17678,5777,0.000000,0.002798
18483,4365,0.000000,0.127128
11082,19397,1.000000,0.484167
5884,18483,0.000000,0.157210
24305,5777,0.000000,0.001681
26660,2464,0.000000,0.550943
19397,17458,1.000000,0.995534
19397,16452,1.000000,0.994350
6211,19207,1.000000,0.998838
4122,24805,1.000000,0.992837
926,17870,1.000000,0.991512
10236,21262,1.000000,0.998377
17355,1260,1.000000,0.918423
1611,800,0.000000,0.084909
16452,15430,0.000000,0.000465
1285,7415,0.668904,0.119957
6728,22056,0.000000,0.047872
35610,6728,0.000000,0.010769
17796,17121,0.665415,0.191985
3996,830,0.000000,0.052166
3996,35610,0.000000,0.030861
33107,830,0.000000,0.036308
1677,33107,0.000000,0.002044
29111,35610,0.674865,0.156755
3996,17129,0.000000,0.044922
11231,1677,0.000000,0.049884
22057,3996,0.000000,0.039269
2375,22057,0.000000,0.040942
29111,830,0.000000,0.142412
6728,6727,0.000000,0.067231
1285,6728,0.000000,0.054190
29111,6727,0.000000,0.146185
33107,17796,0.000000,0.047770
35610,17796,0.000000,0.036423
12177,35610,0.000000,0.091092
830,11231,0.000000,0.065454
37988,29111,0.674865,0.203307
22056,37988,0.000000,0.051718
22056,2375,0.000000,0.056317
17121,6727,0.664452,0.076369
2375,1677,0.000000,0.016288
7415,6728,0.000000,0.112742
6728,29111,0.000000,0.153536
37988,1285,0.000000,0.022557
17796,6727,0.664452,0.086392
12177,22056,0.000000,0.039726
17121,1677,0.000000,0.049917
830,3996,0.000000,0.048192
7415,6727,0.664452,0.100985
3996,7415,0.000000,0.109608
22056,830,0.000000,0.042328
17796,22056,0.000000,0.042152
17796,6728,0.000000,0.055392
1285,2375,0.667021,0.081546
6727,33107,0.000000,0.091638
35610,2375,0.000000,0.042823
3996,1677,1.000000,0.011205
11231,12177,0.000000,0.039184
17796,35610,0.000000,0.044528
830,1677,0.000000,0.021271
17121,3996,0.000000,0.062815
6727,7415,0.664452,0.134022
11231,2375,0.000000,0.082447
17796,22057,0.000000,0.043345
6727,17129,0.000000,0.060076
7415,17796,0.665415,0.114332
6727,29111,0.000000,0.189364
7415,11231,0.000000,0.121476
3996,1285,0.000000,0.044956
6727,17121,0.664452,0.120727
12177,2375,0.663339,0.051149
17796,33107,0.000000,0.035947
7415,12177,0.663339,0.083379
1285,11231,0.000000,0.053364
35610,29111,0.674865,0.203307
29111,17129,0.000000,0.081045
1677,22056,0.000000,0.024457
33107,22056,0.000000,0.039735
2375,17129,0.000000,0.043490
35610,22056,0.000000,0.034791
1677,22057,0.000000,0.009027
830,17796,0.665415,0.067378
35610,37988,1.000000,0.956072
3996,33107,0.000000,0.037391
29111,6728,0.000000,0.104546
35610,22057,0.000000,0.080158
6728,1285,0.000000,0.077420
3996,22056,0.000000,0.049664
12177,6727,0.663339,0.097439
830,22057,0.000000,0.033379
7415,830,0.667706,0.118524
12177,7415,0.663339,0.141071
22057,17129,0.656329,0.022073
2375,29111,0.000000,0.135192
6727,37988,0.000000,0.084909
12177,17121,0.663339,0.141191
37988,7415,0.000000,0.150242
17796,1677,0.000000,0.013724
1285,17129,0.000000,0.032560
11231,17129,0.000000,0.032845
12177,17796,0.663339,0.049078
830,6727,0.664452,0.079743
2375,1285,0.667021,0.067581
1677,7415,0.000000,0.281661
12177,830,0.663339,0.036797
2375,35610,0.000000,0.041450
12177,37988,0.000000,0.091092
2375,7415,0.667021,0.203008
1677,29111,0.000000,0.031346
17129,37988,0.000000,0.026761
22057,35610,0.000000,0.103141
6727,12177,0.663339,0.092483
11231,29111,0.000000,0.142155
1677,1285,0.000000,0.083050
22057,11231,0.000000,0.027872
30439,25844,0.000000,0.073052
30439,26325,0.000000,0.140797
26325,25473,0.000000,0.137821
30439,12931,0.649134,0.121006
30439,34354,0.000000,0.073052
25844,26325,0.000000,0.100003
26325,30439,0.000000,0.124757
25844,25473,0.000000,0.071529
34354,12931,0.000000,0.073779
26325,25844,0.000000,0.121222
34354,30439,0.000000,0.059941
12931,30439,0.649134,0.116040
34354,25473,0.000000,0.071529
26325,34354,0.000000,0.121222
12931,25473,0.000000,0.109996
25473,34354,0.000000,0.082187
12931,34354,0.000000,0.097106
34354,25844,1.000000,0.954521
30439,25473,0.000000,0.154113
34354,26325,0.000000,0.100003
25473,30439,0.000000,0.125519
25844,34354,1.000000,0.954521
12931,25844,0.000000,0.097106
25473,12931,0.000000,0.111865
25473,26325,0.000000,0.137946
25844,30439,0.000000,0.059941
12931,26325,0.000000,0.110070
26325,12931,0.000000,0.120876
25844,12931,0.000000,0.073779
25473,25844,0.000000,0.082187
1098,37924,0.000000,0.497262
5767,15027,0.000000,0.211015
28603,15026,0.674200,0.430060
29879,14136,0.000000,0.014273
4175,37924,0.000000,0.065760
22406,15026,0.674200,0.308731
15027,5767,0.000000,0.299385
5767,35844,0.000000,0.800888
32163,15027,0.000000,0.203709
1098,27652,0.000000,0.133502
1098,15087,0.000000,0.151870
1929,26738,0.000000,0.051323
34591,1929,0.000000,0.024218
27652,22161,0.000000,0.828365
27652,32163,0.676242,0.844080
27652,28621,0.000000,0.601590
35515,37924,0.000000,0.830487
14136,1929,1.000000,0.416290
37924,29879,0.000000,0.188895
37924,35844,0.000000,0.145019
28603,28621,0.000000,0.608510
1099,8746,0.000000,0.008433
15027,23568,0.000000,0.299679
28621,4175,0.000000,0.453294
28621,6987,0.000000,0.314065
6402,15027,0.000000,0.202662
15087,4175,0.676242,0.795528
27652,5767,0.677821,0.848441
1929,34591,0.000000,0.051323
34591,28603,0.000000,0.501697
6402,15087,1.000000,0.865484
28603,29879,0.000000,0.864232
28603,32163,1.000000,0.865000
27652,15026,0.674200,0.399464
22161,1099,0.000000,0.005292
14136,27652,0.000000,0.012890
26738,23568,0.000000,0.439109
35844,28621,0.000000,0.605780
6402,35515,0.674200,0.190465
1098,6402,0.000000,0.154583
28621,22161,0.000000,0.433023
1929,29879,0.000000,0.057944
6987,6402,0.000000,0.273423
15026,22161,0.000000,0.468666
15087,35515,0.674200,0.182921
5767,34591,0.000000,0.452816
15026,26738,0.000000,0.959440
6402,27652,0.676242,0.847042
26745,1929,0.000000,0.017955
15026,15087,0.674200,0.498544
35515,1929,0.000000,0.032453
1929,6402,0.000000,0.057341
26745,6987,0.000000,0.241807
15087,27652,0.676242,0.847555
6987,35844,0.000000,0.362582
29879,4175,0.000000,0.795241
22406,29879,0.000000,0.749245
15087,1098,0.000000,0.057926
22406,6402,0.676242,0.750138
1099,22406,0.000000,0.008418
28621,1099,0.000000,0.005221
6987,22406,0.000000,0.314883
35515,22161,0.000000,0.262836
28621,1098,0.000000,0.036117
23568,29879,0.000000,0.773700
28621,27652,0.000000,0.416580
6402,28603,1.000000,0.863487
15087,5767,0.676242,0.861369
32163,22161,0.000000,0.842997
1929,1099,1.000000,0.139320
15026,23568,0.674200,0.427307
1929,15026,0.000000,0.051349
26738,15027,0.669663,0.204968
14136,28621,0.000000,0.011187
37924,32163,0.000000,0.191434
5767,6402,0.676242,0.862635
23568,14136,0.000000,0.010866
15026,29879,0.000000,0.492429
4175,23568,0.680194,0.730790
22406,32163,0.676242,0.749795
37924,27652,0.000000,0.169956
6987,15087,0.000000,0.276997
37924,28603,0.000000,0.188458
6402,29879,0.000000,0.863762
27652,15087,0.676242,0.844080
35515,34591,0.000000,0.935033
6987,23568,0.000000,0.309399
1099,5767,0.000000,0.012789
5767,22406,0.681133,0.807994
15027,6987,0.000000,0.383852
22406,35844,0.000000,0.738130
27652,6402,0.676242,0.844709
37924,34591,0.000000,0.681445
15026,1098,0.000000,0.461304
15026,14136,0.000000,0.137214
29879,1929,0.000000,0.018082
14136,26745,0.000000,0.015177
5767,14136,0.000000,0.017339
5767,37924,0.000000,0.108211
37924,14136,0.000000,0.188711
4410,6537,0.000000,0.008464
24385,23200,0.668819,0.306624
10842,4410,0.000000,0.061712
18708,11135,0.000000,0.262643
6769,6536,0.000000,0.053075
24385,6769,0.668819,0.189571
23200,11135,0.000000,0.163369
6769,19466,0.000000,0.051010
6537,23200,0.000000,0.138150
18708,10842,0.000000,0.058193
15854,6769,0.000000,0.022401
6537,6536,0.000000,0.066132
15854,11445,0.000000,0.035094
6537,11135,0.000000,0.177234
6769,6537,0.000000,0.084170
6769,15854,0.000000,0.018304
11135,6536,0.000000,0.077050
4410,11135,0.000000,0.011668
6536,4410,0.000000,0.012588
11135,6769,0.000000,0.110760
6537,18708,0.000000,0.232831
11445,6536,0.000000,0.048422
19466,23200,0.000000,0.080812
11445,4410,0.000000,0.016507
6537,6769,0.000000,0.084341
22522,15854,0.000000,0.020532
6537,15854,0.000000,0.012091
18708,19466,0.000000,0.121025
6769,24385,0.668819,0.260347
11445,15854,0.000000,0.026533
15854,4410,0.000000,0.112821
11135,18708,0.000000,0.301302
6537,22522,0.000000,0.093667
11445,11135,0.000000,0.062664
18708,6536,0.000000,0.113329
18708,4410,0.000000,0.019205
4410,19466,0.000000,0.010432
24385,11135,0.000000,0.344616
4410,6769,0.000000,0.012616
19466,6769,0.000000,0.052768
10842,11135,0.000000,0.030904
24385,22522,0.668819,0.210352
19466,11135,0.000000,0.087826
15854,22522,0.000000,0.026293
22522,6536,0.000000,0.064857
6536,19466,0.000000,0.041251
6769,4410,0.000000,0.011043
15854,18708,0.000000,0.044535
23200,24385,0.668819,0.420444
10842,6536,0.000000,0.035392
11135,6537,0.000000,0.158040
11135,4410,0.000000,0.009883
10842,19466,0.000000,0.028827
6769,11135,0.000000,0.113667
23200,4410,0.000000,0.011532
23200,15854,0.000000,0.018225
10842,23200,0.000000,0.033253
6536,6537,0.000000,0.058917
24385,6537,0.000000,0.278873
23200,10842,0.000000,0.034324
6536,23200,0.000000,0.069522
6537,4410,0.000000,0.006842
4410,22522,0.000000,0.014408
11445,19466,0.000000,0.040434
4410,23200,0.000000,0.013053
22522,24385,0.668819,0.306038
24385,19466,0.000000,0.144232
24385,11445,0.000000,0.135451
4410,10842,0.000000,0.103383
23200,6536,0.000000,0.075200
22522,11135,0.000000,0.106742
22522,19466,0.000000,0.063308
24385,4410,0.000000,0.013079
6536,15854,0.000000,0.020150
4410,18708,0.000000,0.023139
15854,19466,0.000000,0.018288
18708,6769,0.671719,0.161319
11135,11445,0.000000,0.064847
23200,22522,0.673769,0.114766
24385,15854,0.000000,0.029252
6537,10842,0.000000,0.025225
11135,23200,0.000000,0.160683
6769,18708,0.671719,0.173637
23200,19466,0.000000,0.086849
10842,15854,0.000000,0.083300
6769,23200,0.673769,0.105274
10842,24385,0.000000,0.043735
6536,6769,0.000000,0.050406
22522,10842,0.000000,0.037052
6769,22522,0.675354,0.081478
15854,24385,0.000000,0.023339
11445,6537,0.651252,0.050077
6769,10842,0.000000,0.032316
6536,22522,0.000000,0.058287
6536,10842,0.000000,0.032874
18708,24385,0.668819,0.521398
11135,24385,0.000000,0.449687
6536,11445,0.000000,0.049639
15854,10842,0.000000,0.097070
24385,6536,0.000000,0.127080
37237,4077,0.000000,0.255398
5724,24201,0.000000,0.012902
39,893,0.000000,0.125572
2918,19012,0.000000,0.000527
4077,37237,0.000000,0.270922
14525,37237,0.000000,0.004641
5724,39,0.000000,0.117638
18680,32123,0.000000,0.084074
8265,39800,0.000000,0.211502
8265,35772,0.000000,0.123037
4076,15157,0.000000,0.044060
28486,39800,1.000000,0.229404
32123,5724,0.000000,0.054315
8265,14915,0.000000,0.200382
8265,4077,0.000000,0.669004
5723,32732,0.000000,0.109311
39,39800,0.000000,0.036597
39800,14915,0.000000,0.406439
32123,4077,0.000000,0.003627
893,14915,0.000000,0.031814
4076,18680,0.000000,0.111883
5724,28486,0.000000,0.073688
18680,39800,0.000000,0.142346
2918,4077,1.000000,0.000731
5724,15157,0.000000,0.041701
14525,32123,0.000000,0.014191
18680,5724,0.000000,0.073553
5724,39800,0.000000,0.043945
24201,39800,0.000000,0.265887
28486,4077,0.000000,0.025359
32123,2918,0.000000,0.002048
14915,28486,0.000000,0.232042
28486,14525,0.000000,0.012724
39,32732,0.000000,0.148858
4076,24201,0.000000,0.381057
4077,5723,0.000000,0.050525
24201,14525,1.000000,0.004526
18680,24201,0.000000,0.048983
39800,37237,0.000000,0.160849
39,18680,0.000000,0.068241
32732,14915,0.000000,0.089837
32123,39800,0.000000,0.048027
37237,18680,0.000000,0.071200
39,24201,1.000000,0.034783
893,32732,0.000000,0.067534
5723,32123,0.000000,0.068066
32732,4076,0.000000,0.037448
4076,8265,0.000000,0.417358
35772,4077,0.000000,0.081130
2918,4076,0.000000,0.001687
4077,8265,0.000000,0.625449
5723,5724,0.000000,0.064479
14915,32732,0.000000,0.115559
4077,39,1.000000,0.027141
32732,35772,0.000000,0.002469
893,35772,0.000000,0.001370
28486,14915,0.000000,0.224610
14525,15157,0.000000,0.012193
14915,5723,0.000000,0.104371
37237,5723,0.000000,0.030963
39,5723,0.000000,0.094082
35772,5724,0.000000,0.001383
18680,4076,0.000000,0.117977
4077,28486,0.000000,0.052905
5724,35772,0.000000,0.001017
5724,4077,0.000000,0.012980
5724,18680,0.000000,0.116912
14525,4077,1.000000,0.004848
4076,5723,0.000000,0.055866
18680,28486,0.000000,0.208053
2918,39800,0.000000,0.000723
24201,8265,0.000000,0.625767
5723,39800,0.000000,0.098902
8265,893,0.000000,0.031834
18680,5723,0.000000,0.103069
4077,2918,1.000000,0.000773
2918,28486,0.000000,0.002905
18680,37237,0.000000,0.094406
14525,28486,0.000000,0.019939
35772,39,0.000000,0.007222
32732,893,0.000000,0.075672
35772,15157,0.000000,0.006181
32732,5724,0.000000,0.067728
24201,37237,0.000000,0.271090
18680,39,0.000000,0.050648
2918,32732,0.000000,0.006215
28486,32123,0.000000,0.111295
15157,5724,0.000000,0.057047
18680,14525,0.000000,0.017713
15157,37237,0.000000,0.030191
35772,18680,0.000000,0.012242
2918,14915,1.000000,0.000725
4076,39800,0.000000,0.188896
39800,32732,0.000000,0.105046
24201,4077,1.000000,0.653025
14525,18680,0.000000,0.020169
28486,5724,0.000000,0.069366
35772,8265,0.000000,0.099087
14915,2918,1.000000,0.000878
37237,4076,0.000000,0.208380
34984,32801,0.674200,0.414453
3795,3796,0.000000,0.125730
3795,21345,0.000000,0.113457
11293,14466,0.000000,0.234042
26852,9186,0.671311,0.479035
34984,9186,0.674200,0.340614
14466,3796,0.000000,0.065354
34984,7550,0.671311,0.415220
24379,31663,0.671311,0.437927
3796,1508,0.000000,0.155044
24379,7550,1.000000,0.955644
35471,11294,0.000000,0.365698
14466,3795,0.000000,0.075230
9186,14466,0.674200,0.392304
11294,1508,0.000000,0.038251
35471,26852,1.000000,0.955644
9186,11293,0.000000,0.180177
14466,35471,0.671311,0.324406
11293,26852,0.000000,0.348421
1508,34984,0.000000,0.145721
21345,12282,0.000000,0.052380
24379,34984,0.671311,0.586923
32801,34984,0.674200,0.588962
11293,7550,0.000000,0.348421
12282,32801,1.000000,0.501235
3795,11294,0.000000,0.039707
32801,7550,0.671311,0.423868
14466,7550,0.671311,0.324406
11294,24379,0.000000,0.463630
11294,21345,0.000000,0.034664
11294,26852,0.000000,0.463630
14466,26852,0.671311,0.324406
3796,11294,0.000000,0.033220
3796,14466,0.000000,0.052788
26852,24379,1.000000,0.955644
12282,31663,0.674200,0.344188
1508,11293,0.000000,0.048887
7550,24379,1.000000,0.955644
9186,21345,0.000000,0.039530
11294,7550,0.000000,0.463630
3795,9186,0.000000,0.012494
21345,1508,0.000000,0.121102
9186,11294,0.000000,0.209014
3796,31663,0.000000,0.054204
26852,11293,0.000000,0.264477
21345,9186,0.000000,0.011446
34984,1508,0.000000,0.046952
11293,35471,0.000000,0.348421
37681,35471,0.671311,0.264646
3795,34984,0.000000,0.197897
12282,37681,0.674200,0.177790
37681,1508,0.000000,0.073988
21345,32801,0.000000,0.088821
11293,37681,0.000000,0.115773
34984,35471,0.671311,0.415220
21345,37681,0.000000,0.105913
34984,3795,0.000000,0.052779
31663,34984,1.000000,0.518544
3795,37681,0.000000,0.097701
32801,14466,0.674200,0.456905
21345,3796,0.000000,0.183912
37681,3795,0.000000,0.086345
31663,21345,0.000000,0.058854
11293,9186,0.000000,0.205804
1508,24379,0.000000,0.034568
37681,7550,0.671311,0.264646
9186,34984,0.674200,0.436415
31663,24379,0.671311,0.517867
34984,12282,0.674200,0.387883
32801,37681,0.674200,0.327771
26852,3796,0.000000,0.047020
35471,3795,0.000000,0.031745
31663,37681,1.000000,0.177698
24379,26852,1.000000,0.955644
1508,12282,0.000000,0.074164
3795,1508,0.662663,0.104177
7550,9186,0.671311,0.479035
34984,14466,1.000000,0.352660
31663,35471,0.671311,0.517867
26852,35471,1.000000,0.955644
31663,14466,1.000000,0.344858
35471,9186,0.671311,0.479035
35471,24379,1.000000,0.955644
32801,24379,0.671311,0.423868
26852,31663,0.671311,0.437927
12282,35471,0.671311,0.516855
7550,11293,0.000000,0.264477
1508,3796,0.000000,0.169895
37681,31663,1.000000,0.190913
35471,14466,0.671311,0.263261
34984,11293,0.000000,0.269412
21345,14466,0.000000,0.074613
1508,3795,0.662663,0.111778
3796,34984,0.000000,0.226242
31663,32801,0.674200,0.596650
35471,7550,1.000000,0.955644
24379,3796,0.000000,0.047020
12282,1508,0.000000,0.061540
21345,34984,0.000000,0.113767
24379,32801,0.671311,0.403872
26869,2070,1.000000,0.948441
35902,2070,1.000000,0.939803
2071,184,0.000000,0.350780
1651,4682,0.678380,0.503651
9172,1906,0.000000,0.164495
4682,37989,0.676345,0.297966
30804,35902,1.000000,0.922586
10622,17113,1.000000,0.785311
32031,29413,1.000000,0.732359
19021,35902,1.000000,0.937883
4750,26869,1.000000,0.960545
1651,26869,0.676345,0.762181
2231,1989,0.000000,0.030239
1989,38169,0.673466,0.754388
31193,1989,1.000000,0.925917
35424,1989,1.000000,0.944002
35902,35424,1.000000,0.943006
2071,19021,0.000000,0.061554
31910,1989,1.000000,0.740425
4682,32031,0.676345,0.234220
4682,38169,0.673466,0.289908
38169,2070,0.673466,0.747729
184,2070,0.000000,0.136664
2231,32031,0.000000,0.030631
1906,29413,0.000000,0.046848
32031,24278,1.000000,0.937455
17113,38169,0.673466,0.861224
26869,184,0.000000,0.044034
4750,4682,0.676345,0.462972
31910,4750,1.000000,0.812597
31193,2070,1.000000,0.939803
24278,9172,1.000000,0.923612
35424,37989,1.000000,0.932480
31910,26869,1.000000,0.817283
1906,38169,0.000000,0.037732
24278,1651,0.676345,0.697462
24278,29413,1.000000,0.845347
30804,19021,1.000000,0.946607
4682,2070,0.676345,0.298924
31910,38169,0.673466,0.678336
1989,31412,0.000000,0.324623
17113,2231,0.000000,0.076257
17113,30804,1.000000,0.960775
31910,2231,0.000000,0.066921
32031,19021,1.000000,0.949592
2071,2070,0.000000,0.062283
17113,1906,0.000000,0.051502
32031,35424,1.000000,0.941170
26869,31193,1.000000,0.928486
17113,19021,1.000000,0.946247
1906,1651,0.000000,0.131752
9172,4682,0.676345,0.274037
2071,37989,0.000000,0.061020
29413,10622,1.000000,0.779448
19021,1651,0.676345,0.664934
35902,2231,0.000000,0.097871
2231,4750,0.000000,0.051780
30804,35424,1.000000,0.882792
35424,9172,1.000000,0.942368
9172,32031,1.000000,0.953525
1989,2231,0.000000,0.035582
184,2231,1.000000,0.488048
2071,30804,0.000000,0.086036
8656,4682,0.678380,0.612238
17113,1651,0.676345,0.695985
1906,17113,0.000000,0.022060
24278,4750,1.000000,0.942651
37989,31910,1.000000,0.809510
29413,2231,0.000000,0.113894
30804,184,0.000000,0.045322
10622,31193,1.000000,0.735595
9172,24278,1.000000,0.937455
26869,31412,0.000000,0.109289
29413,31412,0.000000,0.139068
2070,1651,0.676345,0.652872
2070,9172,1.000000,0.941735
8656,26869,0.676345,0.764517
26869,1906,0.000000,0.055504
29413,17113,1.000000,0.898077
31910,2070,1.000000,0.799525
9172,4750,1.000000,0.921696
26869,8656,0.676345,0.729203
1906,9172,0.000000,0.094259
2070,184,0.000000,0.037044
38169,35424,0.673466,0.670750
184,26869,0.000000,0.147860
37989,1651,0.676345,0.669245
24278,37989,1.000000,0.931596
30804,29413,1.000000,0.906845
9172,2071,0.000000,0.069133
1906,31910,0.000000,0.040463
8656,19021,0.676345,0.697864
38169,24278,0.673466,0.753616
30804,26869,1.000000,0.961557
19021,37989,1.000000,0.956915
8656,4750,0.676345,0.758643
31193,35902,1.000000,0.936307
184,37989,0.000000,0.136416
31193,1906,0.000000,0.280650
29413,35902,1.000000,0.825455
29126,34002,0.693890,0.666768
12341,5201,0.692635,0.396436
17596,10019,0.692635,0.799403
10269,31000,1.000000,0.426628
4083,10269,0.692635,0.446204
10179,31000,0.692635,0.492681
10179,296,0.000000,0.055750
7706,23020,1.000000,0.659704
1341,29126,0.692635,0.681220
1073,5721,0.000000,0.677620
3470,15236,0.692635,0.810809
2540,34082,0.000000,0.440792
2018,17700,0.692635,0.695317
5721,4990,0.000000,0.004208
4990,12341,0.000000,0.004249
19052,1073,0.693890,0.672152
17596,1828,0.000000,0.691710
13183,19074,0.693890,0.623037
4083,2593,0.692635,0.405916
12558,23572,0.000000,0.392107
15236,3470,0.692635,0.818496
34002,12341,0.692635,0.450927
2540,29905,0.000000,0.418808
2593,296,0.000000,0.062487
19074,8579,0.692635,0.828835
2110,25566,0.000000,0.031821
1828,23572,0.000000,0.503397
23974,1827,0.000000,0.722161
10019,3429,1.000000,0.699555
19074,23423,0.693890,0.718404
10019,9542,0.693890,0.671767
12868,9983,0.692635,0.478193
23423,10179,0.692635,0.629735
295,10269,1.000000,0.555575
295,2018,0.693890,0.600142
13183,23974,0.000000,0.606750
1723,17596,0.692635,0.530717
20678,5701,0.692635,0.390412
10179,17549,0.692635,0.593156
3636,5701,0.692635,0.506796
3636,5201,0.693890,0.674540
2540,9983,0.000000,0.564637
29905,5721,0.000000,0.711845
1839,296,0.000000,0.048742
8579,4512,0.692635,0.736600
5201,17596,0.692635,0.728014
15236,22974,0.692635,0.757761
4512,12868,1.000000,0.591458
29126,15236,0.692635,0.674114
15236,17549,0.692635,0.757761
13183,12341,0.692635,0.482747
32468,3636,0.693890,0.619237
31000,2110,0.000000,0.043090
4512,26338,0.000000,0.734446
3663,1723,1.000000,0.702445
32468,17700,0.692635,0.693029
23776,35999,0.692635,0.634914
1827,10179,0.692635,0.602147
1828,35999,0.000000,0.683673
17549,5201,1.000000,0.685495
10389,14610,1.000000,0.752709
11956,23776,0.692635,0.574534
15236,14610,1.000000,0.815329
296,1341,0.000000,0.088582
2018,3429,0.693890,0.685818
39,23743,0.000000,0.042374
296,2593,0.000000,0.085579
23020,32468,0.692635,0.515146
17596,23743,0.692635,0.734319
5701,23423,0.692635,0.545944
9542,10389,0.692635,0.654561
34002,1828,0.000000,0.659694
5701,23776,1.000000,0.392866
20678,17549,1.000000,0.618867
1723,10389,0.692635,0.588476
29905,5701,0.692635,0.512186
2593,3663,0.693890,0.584507
25566,1827,0.694948,0.591348
26337,9983,0.000000,0.464019
1839,11956,0.692635,0.492746
5174,4990,0.000000,0.002649
25566,15664,0.692635,0.635690
5701,5721,0.000000,0.538837
25566,5174,0.692635,0.572034
29126,39,0.000000,0.028092
23743,3636,1.000000,0.661011
5174,23743,0.692635,0.744282
5721,295,0.000000,0.707614
1723,10269,0.693890,0.495691
13183,5174,0.692635,0.647652
12341,17596,1.000000,0.379721
296,23974,0.000000,0.083655
25566,1341,0.692635,0.653637
2540,12868,0.000000,0.440792
295,13183,1.000000,0.699611
8579,3663,0.692635,0.682585
11956,10019,0.693890,0.525109
10179,3429,0.692635,0.623702
17549,1827,0.693890,0.683995
14610,1073,0.692635,0.672356
1513,1044,0.573276,0.043207
26440,7511,0.573276,0.049682
1919,5151,1.000000,0.719427
7273,6932,1.000000,0.725087
121,2174,0.000000,0.001492
6932,3122,1.000000,0.682846
8369,25880,0.000000,0.092490
24029,6864,0.573276,0.410680
22180,6133,0.573276,0.242792
19489,443,0.000000,0.021183
6568,3864,1.000000,0.471025
8369,121,0.000000,0.006900
2174,3506,1.000000,0.229837
10062,6568,0.570997,0.485432
6864,4798,1.000000,0.857324
6718,3685,1.000000,0.708696
25880,22696,0.000000,0.063680
10391,1858,0.000000,0.137265
6266,6438,1.000000,0.654406
10052,3685,0.000000,0.366086
7511,3306,1.000000,0.746630
10062,8369,0.000000,0.026670
915,10062,0.570997,0.530029
2883,1919,1.000000,0.800285
5199,25209,0.570997,0.749508
1091,10052,0.000000,0.100999
4774,22696,0.000000,0.267473
19402,1858,0.573276,0.884896
19402,5151,0.573276,0.865222
8369,3620,0.000000,0.014044
26440,3864,0.573276,0.163896
3864,22180,0.573276,0.182004
5277,4649,0.000000,0.122770
443,25880,0.573276,0.397626
4804,1044,0.573276,0.119323
1242,1919,1.000000,0.950344
19402,6932,0.573276,0.435778
6438,6266,1.000000,0.599628
6718,22180,0.573276,0.146737
6998,10052,0.000000,0.264926
121,3506,0.000000,0.000625
1136,121,0.000000,0.156279
2174,10391,0.000000,0.043642
6266,30918,0.573276,0.434935
1091,25880,0.573276,0.397992
2174,19489,0.000000,0.016191
3685,443,1.000000,0.507211
26440,1919,0.573276,0.129422
3502,3506,1.000000,0.466729
22696,4774,0.000000,0.265979
2883,3685,1.000000,0.443561
8214,6764,0.573276,0.510603
37281,10052,0.000000,0.230216
1284,3506,1.000000,0.436724
6007,6266,1.000000,0.545183
6864,3502,1.000000,0.949808
6568,6266,1.000000,0.482385
6133,6266,1.000000,0.482442
915,10052,0.000000,0.301565
31707,10052,0.000000,0.184385
26440,5277,0.000000,0.062930
6438,7273,1.000000,0.925196
5151,6764,1.000000,0.378217
6718,7273,1.000000,0.840725
7273,3122,1.000000,0.916334
7511,695,1.000000,0.660962
3685,1858,1.000000,0.646985
3864,3620,0.000000,0.059212
1858,3306,1.000000,0.743195
5277,25209,0.000000,0.043628
30918,6272,0.573276,0.532584
5277,2174,0.000000,0.093716
1513,5199,1.000000,0.812219
121,6568,0.000000,0.001911
19402,6272,0.573276,0.753281
4774,4804,1.000000,0.952462
6764,1136,0.000000,0.074237
1091,5199,1.000000,0.398091
25880,1242,0.573276,0.482676
3016,4774,1.000000,0.389062
3685,3864,1.000000,0.614119
2883,7021,0.573276,0.571243
2206,1136,0.000000,0.093118
4804,22180,0.573276,0.120390
31707,5199,0.000000,0.057849
25209,1136,0.000000,0.074806
5277,2883,0.000000,0.509631
6718,2883,1.000000,0.586843
10391,6438,0.000000,0.088095
6007,3864,1.000000,0.579384
3122,10391,0.000000,0.075176
6177,1284,1.000000,0.666628
8369,6007,0.000000,0.042410
6177,3685,1.000000,0.509736
915,4649,1.000000,0.691561
26440,10391,0.000000,0.044510
1044,31707,0.000000,0.109561
6932,6864,1.000000,0.682846
10052,1919,0.000000,0.413475
1513,3016,1.000000,0.608528
39552,37833,0.000000,0.956401
23088,37833,0.000000,0.371900
10952,37833,0.000000,0.115720
10953,19721,0.000000,0.061822
14990,23618,0.000000,0.033809
19721,17331,0.000000,0.033966
24103,23618,0.000000,0.137034
11467,19721,0.000000,0.064508
31230,39552,1.000000,0.955610
11467,3614,0.000000,0.074504
39552,11467,0.000000,0.030285
24926,16301,0.000000,0.039062
31230,24926,0.000000,0.032095
12447,19868,0.000000,0.104615
10953,23618,0.000000,0.079328
25106,17331,0.000000,0.038575
19868,10953,0.000000,0.030660
22675,24926,0.000000,0.050087
21017,3614,0.000000,0.066477
23618,21017,0.000000,0.067662
19721,17332,0.000000,0.038750
39552,12447,0.000000,0.096015
23089,21017,0.000000,0.068688
24103,14991,0.000000,0.058429
10953,22675,0.000000,0.065884
34999,11467,0.000000,0.029036
10952,23618,0.000000,0.069043
17331,29796,0.000000,0.049613
21017,23088,0.000000,0.054778
23618,37833,0.000000,0.143059
23089,24926,0.000000,0.034612
14990,17332,0.000000,0.036094
19721,11467,0.000000,0.045704
12447,34999,0.000000,0.100634
34999,21017,0.000000,0.046271
14990,14991,0.000000,0.020972
25106,29796,0.000000,0.048820
3614,17331,0.000000,0.054028
19721,21017,0.000000,0.049771
19868,14990,0.000000,0.032665
31230,25106,0.000000,0.022217
21017,10953,0.000000,0.038699
29796,3614,0.000000,0.081948
3614,10953,0.000000,0.031780
13136,16301,0.000000,0.064797
23088,29796,0.000000,0.068587
29796,22675,0.000000,0.063183
39552,25106,0.000000,0.022217
14990,23088,0.000000,0.014447
17331,19868,0.000000,0.115990
14991,29796,0.000000,0.043093
19868,3614,0.000000,0.113694
24926,21017,0.000000,0.067209
29796,24103,0.000000,0.136027
25106,10953,0.000000,0.025432
29796,19721,0.000000,0.049486
19721,29796,0.000000,0.041685
14991,10953,0.000000,0.026710
19868,16301,0.000000,0.036466
10953,17332,0.000000,0.049145
23088,3614,0.000000,0.079379
17332,16301,0.000000,0.037089
12447,22675,0.000000,0.097750
16301,34999,0.000000,0.031055
19721,34999,0.000000,0.038195
31230,19868,0.000000,0.394928
37833,25106,0.000000,0.021361
17331,13136,0.000000,0.078903
21017,16301,0.000000,0.038596
23088,17332,0.000000,0.042465
17331,21017,0.000000,0.040466
14991,24103,0.000000,0.049967
12447,10952,0.000000,0.134890
39552,23089,0.000000,0.024056
17331,24103,0.000000,0.113263
21017,17331,0.000000,0.042980
37833,3614,0.000000,0.121897
23088,25106,0.000000,0.034638
17332,23088,0.000000,0.043796
10952,16301,0.000000,0.039220
12447,21017,0.000000,0.121268
14991,3614,0.000000,0.066986
12447,25106,0.000000,0.085365
17332,31230,0.000000,0.070132
29796,23089,0.000000,0.041128
23618,17331,0.000000,0.057344
34999,24103,0.000000,0.138859
17331,31230,0.000000,0.240604
14990,31230,0.000000,0.014652
11467,19868,0.000000,0.028244
10952,25106,0.000000,0.037465
31230,23088,0.000000,0.281485
23089,11467,0.000000,0.045400
16301,39552,0.000000,0.024951
25106,19721,0.000000,0.056557
24103,12447,0.000000,0.122203
34999,39552,0.000000,0.393603
17331,3614,0.000000,0.075242
19721,14991,0.000000,0.036884
37833,23618,0.000000,0.135122
7671,26610,0.000000,0.097586
26610,7670,0.000000,0.074732
8386,7671,0.000000,0.015520
33326,7671,0.000000,0.085609
7670,14256,0.000000,0.062419
26610,16080,0.000000,0.049818
26610,3546,0.000000,0.054018
7671,8386,0.000000,0.019347
7671,33326,0.000000,0.093111
14256,16080,0.000000,0.035709
3546,7671,0.000000,0.023864
3546,33326,0.652890,0.045545
26610,8386,0.000000,0.031567
7670,16080,0.000000,0.053699
14256,26610,0.000000,0.093154
7671,16080,0.000000,0.033874
26610,33326,0.000000,0.088722
8386,33326,0.000000,0.037663
3546,16080,0.000000,0.085037
33326,7670,0.000000,0.071176
7671,14256,0.000000,0.104170
33326,14256,0.000000,0.087598
3546,8386,0.000000,0.059400
16080,26610,0.000000,0.064439
7670,8386,0.000000,0.043234
26610,14256,0.000000,0.088582
8386,26610,0.000000,0.047051
3546,7670,0.000000,0.071863
33326,26610,0.000000,0.093707
14256,7671,0.000000,0.100491
16080,8386,1.000000,0.051652
16080,7671,0.000000,0.030532
8386,14256,0.000000,0.027220
7671,3546,0.000000,0.024818
7671,7670,0.000000,0.057087
7670,33326,0.000000,0.071531
14256,7670,0.000000,0.060452
16080,7670,0.000000,0.063216
3546,14256,0.000000,0.037821
33326,16080,0.000000,0.047322
26610,7671,0.000000,0.092729
14256,8386,0.000000,0.027521
8386,3546,0.000000,0.087739
8386,16080,1.000000,0.060486
33326,3546,0.652890,0.045564
7670,3546,0.000000,0.060949
33326,8386,0.000000,0.037448
7670,26610,0.000000,0.087648
16080,14256,0.000000,0.040902
16080,33326,0.000000,0.044942
7670,7671,0.000000,0.058835
14256,33326,0.000000,0.073896
14256,3546,0.000000,0.037589
8386,7670,0.000000,0.056875
3546,26610,0.000000,0.068258
16080,3546,0.000000,0.083805
5991,30008,0.000000,0.029985
16864,18518,0.000000,0.087957
873,25327,0.678680,0.003160
8686,18518,0.000000,0.089196
14005,8686,0.000000,0.072823
873,21954,0.000000,0.177204
39993,17727,0.000000,0.037664
12810,25327,1.000000,0.127445
14006,17728,0.000000,0.038250
873,17728,0.000000,0.055028
35633,8685,0.000000,0.100112
14005,35633,0.000000,0.413639
12810,3401,0.000000,0.169577
9494,5991,1.000000,0.128818
8686,25327,0.000000,0.000365
874,17430,0.000000,0.070751
874,9494,0.000000,0.306652
40499,14006,0.000000,0.176243
17727,17728,0.000000,0.037664
34347,5991,0.000000,0.036098
14005,21954,0.000000,0.188911
5991,21954,0.000000,0.062278
5991,35633,0.000000,0.031060
30008,17728,0.000000,0.040631
16864,34347,0.000000,0.092121
21954,12810,0.000000,0.042052
18518,12810,0.000000,0.069111
40499,12810,0.670878,0.044468
16864,8685,0.000000,0.128180
5991,8686,1.000000,0.087521
8686,39993,0.000000,0.025684
3401,25327,0.000000,0.010443
34347,14006,0.000000,0.176243
12810,40499,0.670878,0.026768
14005,17430,0.000000,0.101253
17727,39993,0.000000,0.024656
9494,16436,0.000000,0.044315
17728,873,0.000000,0.059832
34347,40499,1.000000,0.955610
874,35833,0.000000,0.042960
3401,8685,0.000000,0.203153
14006,5991,0.000000,0.032991
14005,14006,0.000000,0.111123
34347,14005,0.000000,0.332786
12810,874,0.000000,0.122547
16436,8686,0.000000,0.081800
16436,34347,0.670878,0.409114
30008,12810,0.000000,0.043839
16436,18518,0.000000,0.070012
35633,8686,0.000000,0.128870
17727,35633,0.000000,0.413432
8685,21954,0.000000,0.117916
17728,17430,0.000000,0.028992
35833,16864,0.000000,0.063799
40499,39993,0.670878,0.010726
17430,30008,0.000000,0.251333
874,35633,0.000000,0.042960
35833,17430,0.000000,0.172455
35633,12810,0.670878,0.044468
3401,18518,0.000000,0.132496
16436,873,0.675812,0.123788
17727,35833,0.000000,0.413432
17728,40499,0.000000,0.034096
3401,14005,0.000000,0.082700
12810,35633,0.670878,0.026768
25327,35633,0.670878,0.000507
39993,5991,0.000000,0.019885
17728,21954,0.000000,0.075768
40499,874,0.000000,0.052875
17430,12810,0.000000,0.059611
12810,14006,0.000000,0.039333
16436,8685,0.000000,0.084432
39993,35833,0.670878,0.017687
874,873,0.000000,0.109409
9494,873,0.000000,0.059527
25327,40499,0.670878,0.000507
12810,35833,0.670878,0.026768
17430,39993,0.000000,0.032502
8686,9494,1.000000,0.132419
21954,18518,0.000000,0.146556
874,8685,0.000000,0.232067
35833,21954,0.000000,0.151675
30008,8685,0.000000,0.096375
874,3401,0.000000,0.189951
5991,3401,0.000000,0.175403
40499,18518,0.000000,0.116562
39993,35633,0.670878,0.017687
34347,8686,0.000000,0.128870
17727,18518,0.000000,0.086968
16864,17728,0.000000,0.070773
39993,14005,0.000000,0.050934
17727,14006,0.000000,0.158675
5991,35833,0.000000,0.031060
40499,21954,0.000000,0.151675
17728,30008,0.000000,0.032919
30008,873,0.000000,0.164034
17728,5991,1.000000,0.103380
30008,18518,0.000000,0.113090
16864,874,0.000000,0.156232
21954,30008,0.000000,0.195250
14820,914,0.000000,0.001663
20333,5108,0.000000,0.027387
14268,19506,0.000000,0.019330
1784,13008,0.000000,0.066267
15867,20333,0.000000,0.052801
3794,1784,0.000000,0.007485
13970,170,0.000000,0.043667
30248,22607,0.000000,0.047164
7638,15867,0.000000,0.066765
13008,11037,0.000000,0.104991
33977,6411,0.000000,0.046878
524,7059,0.000000,0.076994
7411,19506,0.000000,0.016287
14268,13544,1.000000,0.007577
20333,608,0.000000,0.000029
4839,7059,0.000000,0.060249
8596,38149,0.000000,0.022408
8596,35768,0.000000,0.040705
5108,25394,0.000000,0.051678
35768,204,0.000000,0.033196
10742,19427,0.000000,0.074045
4205,17062,0.000000,0.032664
12331,19617,0.000000,0.074182
20333,1784,0.000000,0.022121
22607,16076,0.000000,0.068476
31625,12331,0.000000,0.070138
30248,300,0.000000,0.003918
16816,7059,0.000000,0.122276
20333,4839,0.575492,0.084090
6228,9190,0.000000,0.029896
15867,11037,0.000000,0.071547
16816,10742,0.000000,0.133193
8596,204,0.000000,0.110035
2586,25394,0.000000,0.073825
6411,8317,0.000000,0.074981
524,30248,0.000000,0.193066
6411,35768,0.000000,0.063578
48,9190,0.576423,0.056556
7411,9103,0.000000,0.064399
7059,6228,0.000000,0.064670
6227,14564,0.000000,0.064561
19617,6496,0.000000,0.038910
608,20333,0.000000,0.000062
1547,48,0.575492,0.077167
20490,8596,0.000000,0.051498
25394,16076,0.000000,0.190773
11018,38149,0.000000,0.030718
31625,6411,0.000000,0.045040
12355,19506,0.000000,0.012627
5108,12331,0.000000,0.012870
16926,608,0.000000,0.000002
14636,14041,0.000000,0.066576
170,14268,0.000000,0.010901
14564,7411,0.000000,0.030633
33977,1547,0.000000,0.091841
14636,1784,0.000000,0.024328
2586,13970,0.000000,0.044893
13970,15867,0.000000,0.066280
170,13970,0.000000,0.025241
15867,7611,0.574436,0.027355
1784,16816,0.000000,0.053873
8317,14268,0.000000,0.005305
6228,16076,0.000000,0.048639
6227,608,0.000000,0.000062
204,1547,0.000000,0.065333
14041,11038,0.000000,0.081424
3794,19506,0.000000,0.064443
2586,14268,0.000000,0.003472
15693,8317,0.000000,0.037727
38149,7411,0.000000,0.051467
11018,300,0.000000,0.018935
48,11037,0.000000,0.169577
16926,20333,0.000000,0.001405
25394,30248,0.000000,0.148976
15867,6228,0.000000,0.038668
10742,13008,0.000000,0.115570
3794,19427,0.000000,0.083235
300,13970,0.000000,0.070452
17062,20333,0.574436,0.038042
9103,1547,0.575492,0.039123
254,1784,0.000000,0.014930
8317,19617,0.000000,0.062814
8596,6496,0.000000,0.072243
20490,17062,0.000000,0.029056
19617,4839,0.000000,0.079269
16076,11038,0.000000,0.133319
11037,6411,0.000000,0.046811
12355,15867,0.000000,0.063304
38149,11038,0.000000,0.096823
33977,20490,0.000000,0.109668
7611,38149,0.000000,0.017128
14041,8298,0.000000,0.065502
16816,1784,0.000000,0.076755
16816,7638,0.574436,0.105795
300,8317,0.000000,0.015936
300,170,0.000000,0.005296
8298,35768,0.000000,0.088086
914,1547,0.000000,0.000618
19427,10742,0.000000,0.096397
16816,16076,0.000000,0.138704
23870,25114,0.679511,0.074798
35560,1767,0.000000,0.145672
10532,15896,0.000000,0.031183
2756,2204,0.000000,0.012719
22490,10532,0.000000,0.014534
34678,2204,0.000000,0.141143
22490,30916,0.000000,0.076412
29734,22155,0.000000,0.000029
17957,22490,0.000000,0.061299
3011,23405,0.000000,0.049080
3011,2756,0.000000,0.050895
11231,13028,0.656329,0.049382
5935,32266,0.000000,0.164564
13028,2755,0.000000,0.035351
1677,2205,0.000000,0.064312
23405,3011,0.000000,0.042553
34678,17144,0.000000,0.051940
2756,10532,0.000000,0.042454
2205,18877,0.000000,0.055950
18877,13028,0.000000,0.047891
17957,10532,0.656329,0.034437
22155,1677,0.000000,0.000196
23405,13028,0.000000,0.087524
13028,34678,0.000000,0.053458
15896,3011,0.000000,0.060423
2756,18877,0.000000,0.034889
32266,11231,0.000000,0.013148
2756,22155,0.000000,0.000007
832,22155,0.000000,0.000812
35560,9574,0.000000,0.141588
30916,3011,0.000000,0.058644
9574,23405,0.000000,0.068894
15896,27975,0.661757,0.057324
17957,27975,0.000000,0.061694
2755,4867,0.000000,0.038297
5935,2204,0.000000,0.350647
17957,2756,0.000000,0.047652
6450,22155,0.000000,0.000304
172,3011,0.000000,0.001064
9574,19920,0.000000,0.066178
19920,11231,0.663076,0.050721
35560,10532,0.000000,0.020031
13028,30916,0.000000,0.099135
4867,35560,0.000000,0.088579
29734,17144,0.667511,0.048665
25114,29734,0.000000,0.428065
30916,9574,0.000000,0.096626
23870,23405,0.000000,0.057043
9574,172,0.000000,0.001579
29734,2755,0.000000,0.039648
1767,9574,0.000000,0.098085
18877,17144,0.000000,0.043281
27975,1767,0.000000,0.115077
2204,32266,0.000000,0.289305
832,1767,0.000000,0.113434
29734,25114,0.000000,0.353723
22490,1767,0.000000,0.092759
23405,22490,0.000000,0.038296
13028,35560,0.000000,0.106715
30916,15896,0.000000,0.065997
29734,3011,0.000000,0.018730
4867,15896,0.000000,0.040674
1767,35560,0.000000,0.120492
13028,4867,0.000000,0.057046
13028,19920,0.656329,0.066560
15896,17144,0.000000,0.058901
10532,4867,0.000000,0.036664
25114,34678,0.000000,0.095447
25114,23405,0.000000,0.069601
9574,2756,0.000000,0.042890
1677,34678,0.000000,0.002797
17957,832,0.000000,0.088821
832,5935,0.000000,0.094840
27975,10609,0.000000,0.042434
23405,5935,0.000000,0.039322
10609,172,0.000000,0.002729
13028,1767,0.000000,0.127085
6450,10609,0.000000,0.073300
25114,22155,0.000000,0.000026
34678,5935,0.000000,0.069307
10609,2756,0.000000,0.049579
27975,2204,0.000000,0.096266
3011,832,0.000000,0.063931
2756,172,0.000000,0.013637
25114,17957,0.000000,0.114685
22490,2204,0.000000,0.200641
1767,23870,0.000000,0.065631
172,832,0.000000,0.002628
9574,17144,0.000000,0.066552
10609,17957,0.000000,0.048685
22155,172,0.000000,0.000052
10609,18877,0.000000,0.039765
22490,3011,0.000000,0.060402
17144,29734,0.667511,0.065843
5935,6450,0.000000,0.045565
10609,11231,0.000000,0.042923
32266,2755,0.000000,0.051721
29734,4867,0.000000,0.105476
22155,2204,0.000000,0.000009
17144,35560,0.000000,0.077703
14149,5672,0.000000,0.044724
5672,31525,0.000000,0.074118
34594,14149,0.000000,0.043190
21693,31524,0.000000,0.105646
11670,5672,0.000000,0.061466
21693,31525,0.000000,0.104278
34594,31524,0.000000,0.107626
15674,31524,0.000000,0.073450
34594,11670,0.000000,0.043866
15674,21693,1.000000,0.095095
11670,14149,0.000000,0.068138
21693,34594,0.000000,0.075244
15674,11670,0.654377,0.030377
31525,21693,0.000000,0.117769
31525,34594,0.000000,0.091806
31525,31524,0.000000,0.099558
15674,34594,0.000000,0.052189
5672,14149,0.000000,0.053476
5672,34594,0.000000,0.054201
14149,15674,0.000000,0.084370
31525,11670,0.000000,0.060289
11670,31524,0.000000,0.057069
11670,15674,0.654377,0.061200
11670,34594,0.000000,0.042298
21693,14149,0.000000,0.086243
5672,21693,0.000000,0.089228
34594,31525,0.000000,0.092762
14149,11670,0.000000,0.026502
31524,31525,0.000000,0.111062
31525,14149,0.000000,0.069934
14149,34594,0.000000,0.051744
31524,15674,0.000000,0.073674
14149,21693,0.000000,0.127892
31524,34594,0.000000,0.117585
21693,15674,1.000000,0.093276
15674,31525,0.000000,0.078294
34594,15674,0.000000,0.048427
11670,21693,0.654377,0.159049
11670,31525,0.000000,0.056468
34594,21693,0.000000,0.080960
5672,15674,0.000000,0.058816
5672,31524,0.000000,0.072405
5672,11670,0.000000,0.036407
34594,5672,0.000000,0.048399
31524,5672,0.000000,0.079197
31525,15674,0.000000,0.067108
14149,31524,0.000000,0.081680
31524,11670,0.000000,0.050487
31525,5672,0.000000,0.069604
15674,14149,0.000000,0.075302
15674,5672,0.000000,0.055933
31524,21693,0.000000,0.130634
31524,14149,0.000000,0.063838
14149,31525,0.000000,0.087083
21693,11670,0.654377,0.133645
21693,5672,0.000000,0.082251
11040,4663,0.000000,0.076137
4663,14924,0.000000,0.024600
10465,28977,0.000000,0.461377
28977,37179,0.000000,0.193382
7174,20643,0.000000,0.068709
20643,28977,0.000000,0.098661
7175,10465,0.000000,0.135533
14924,18446,0.000000,0.076060
28977,7174,0.000000,0.365097
13003,7175,0.000000,0.043066
14924,10465,0.000000,0.178530
11039,28977,0.000000,0.055461
37179,11040,0.000000,0.049886
11040,13003,0.000000,0.046849
19319,28977,0.000000,0.095411
18446,20643,0.000000,0.072585
20643,10465,0.000000,0.066931
19319,11039,0.000000,0.044345
4663,11039,0.000000,0.066755
7174,1270,0.000000,0.094377
19319,37179,0.000000,0.066877
11040,18446,0.000000,0.065554
37179,7174,0.000000,0.127243
1270,19319,0.000000,0.067399
20643,7175,0.000000,0.073450
10465,4663,0.000000,0.022413
14924,11040,0.656329,0.046540
11040,1270,0.659283,0.042649
13003,20643,0.000000,0.052109
7175,14924,0.000000,0.118205
11039,7174,0.000000,0.041230
37179,13003,0.000000,0.043798
14924,7174,0.000000,0.178196
11040,7174,0.000000,0.034407
18446,1270,0.000000,0.070236
20643,7174,0.000000,0.066808
20643,19319,0.000000,0.067874
18446,19319,0.000000,0.072471
37179,28977,0.000000,0.228296
13003,28977,0.000000,0.032366
20643,14924,0.656329,0.077819
7174,14924,0.000000,0.151101
13003,19319,1.000000,0.052166
18446,4663,0.000000,0.067455
4663,13003,1.000000,0.062181
7174,19319,0.000000,0.067931
13003,10465,0.000000,0.029359
1270,10465,0.000000,0.104377
4663,28977,0.000000,0.014186
7174,10465,0.000000,0.211478
14924,7175,0.000000,0.137767
14924,19319,0.000000,0.073567
20643,13003,0.000000,0.041071
37179,4663,0.000000,0.052298
20643,11039,0.000000,0.044108
1270,13003,0.000000,0.032914
13003,11039,0.000000,0.058985
7175,18446,0.000000,0.068237
4663,20643,0.000000,0.046473
4663,37179,0.000000,0.044572
11040,7175,0.000000,0.044589
13003,18446,0.000000,0.071572
7174,11039,0.000000,0.037733
10465,7175,0.000000,0.140341
19319,10465,0.000000,0.065949
7175,28977,0.000000,0.342134
7174,7175,0.000000,0.140246
37179,7175,0.000000,0.119367
10465,11040,0.000000,0.044101
19319,4663,1.000000,0.042271
10465,11039,0.000000,0.037798
11039,18446,0.000000,0.070876
18446,7175,0.000000,0.071999
7175,1270,0.000000,0.083176
7175,4663,0.000000,0.029574
10465,20643,0.000000,0.068772
7175,13003,0.000000,0.044312
7174,13003,0.000000,0.036736
4663,11040,0.000000,0.063636
11039,7175,0.000000,0.054637
19319,1270,0.000000,0.063189
7175,20643,0.000000,0.066917
11040,19319,0.000000,0.047122
1270,28977,0.000000,0.188178
19319,11040,0.000000,0.045974
7174,28977,0.000000,0.461481
11040,37179,0.000000,0.059389
11039,13003,0.000000,0.050716
7174,4663,0.000000,0.022392
11039,37179,0.000000,0.063927
1270,18446,0.000000,0.068218
10465,7174,0.000000,0.211186
37179,18446,0.000000,0.081942
10465,37179,0.000000,0.110893
20643,4663,0.000000,0.041999
20643,18446,0.000000,0.072426
1270,37179,0.000000,0.075167
18446,37179,0.000000,0.072081
13003,1270,0.000000,0.043410
19319,7174,0.000000,0.065823
3402,2899,0.000000,0.212594
7702,23781,1.000000,0.324398
840,6997,0.000000,0.183144
3807,7702,0.000000,0.192715
4785,16235,0.000000,0.375384
5142,3033,0.000000,0.063848
11800,15512,0.000000,0.203449
5930,5142,0.000000,0.180018
18529,9254,1.000000,0.299085
29476,16235,0.000000,0.200942
30082,2714,0.000000,0.201027
2930,16235,0.000000,0.261116
121,4170,0.000000,0.000959
13795,3402,0.000000,0.229840
188,1312,0.000000,0.130006
5930,23285,0.000000,0.285665
24823,29476,0.553448,0.164471
19493,2713,0.000000,0.060892
11252,11034,0.000000,0.291339
2930,2899,0.000000,0.213811
3033,1605,0.563994,0.268394
4041,1326,0.000000,0.077533
29476,188,0.553448,0.080024
1164,29476,0.000000,0.116592
1312,3560,1.000000,0.002366
3402,188,0.560765,0.156891
774,1137,0.000000,0.174118
1773,2713,0.000000,0.102627
4042,8336,0.000000,0.381161
1326,1773,0.000000,0.419745
36692,2899,0.000000,0.077465
11500,2713,0.000000,0.222178
11500,3807,0.000000,0.290613
11252,13795,0.000000,0.284161
1773,188,0.000000,0.215567
10944,2510,0.000000,0.407027
6997,3033,0.559925,0.238634
3277,5443,1.000000,0.445850
15899,23285,0.000000,0.310594
11252,22655,0.000000,0.155401
4785,1938,0.000000,0.106497
442,10944,0.000000,0.305886
1164,1773,0.000000,0.209245
8335,24823,0.000000,0.119317
2510,3188,0.000000,0.373772
188,442,0.000000,0.073239
19493,8335,0.000000,0.045765
7702,3560,1.000000,0.002476
11252,1605,0.000000,0.306039
121,5443,1.000000,0.000948
15899,36692,0.000000,0.270274
6804,4170,0.558985,0.411630
188,11034,0.556689,0.054099
9254,36692,0.000000,0.279116
6997,19493,0.000000,0.388079
11841,188,0.560765,0.160313
36692,11252,0.000000,0.296374
3188,23285,0.571335,0.181530
4785,2714,0.557920,0.276319
3247,5443,0.000000,0.149431
1312,13795,1.000000,0.336852
271,15899,0.556689,0.191931
3188,11034,0.000000,0.382092
1605,7645,0.555232,0.375355
1773,6804,0.000000,0.157096
1938,1918,1.000000,0.153527
4170,24823,0.557920,0.187165
15899,3188,0.000000,0.402217
2713,23781,0.000000,0.227218
19493,4785,0.000000,0.216462
36692,6804,0.000000,0.207833
18529,10944,0.000000,0.304712
1312,11252,0.000000,0.186419
23781,8335,0.000000,0.085539
3807,2714,0.559925,0.178403
3277,3560,1.000000,0.001953
29476,442,0.000000,0.276517
4170,12279,0.000000,0.301778
6517,3402,0.556689,0.279463
18529,1137,0.000000,0.000184
30082,17040,0.000000,0.082780
188,1605,0.560765,0.113737
12279,4041,0.000000,0.158097
11034,6517,1.000000,0.150672
1773,22655,0.000000,0.111544
11841,1312,0.000000,0.266953
7645,1326,0.000000,0.061274
9254,2713,0.000000,0.168677
3033,30082,0.000000,0.252558
1918,8336,1.000000,0.366043
774,1605,0.000000,0.002691
29476,7645,0.553448,0.421106
9254,5443,1.000000,0.464693
3033,9482,0.558985,0.230390
121,4785,0.000000,0.000611
30082,3188,0.000000,0.197864
9482,121,0.000000,0.007946
1773,9254,0.000000,0.157463
3560,121,1.000000,0.101454
6804,8335,0.000000,0.083864
14444,34817,1.000000,0.428737
16842,33343,0.000000,0.235101
11428,17969,0.000000,0.109906
35996,26277,0.000000,0.503695
37461,23,0.000000,0.220088
3317,37461,0.000000,0.031957
8848,25221,0.000000,0.093302
18363,23,0.000000,0.264094
10421,26550,0.000000,0.054105
22,10421,0.000000,0.048245
26550,29987,0.000000,0.059415
16842,37286,0.548528,0.213266
33343,17969,0.000000,0.199186
14444,17969,0.000000,0.097978
7088,16842,0.000000,0.184190
3317,11428,0.000000,0.042870
37530,37286,0.000000,0.276315
3317,33343,0.000000,0.108110
37530,14818,0.000000,0.027071
23,7088,0.000000,0.114509
26550,18363,0.000000,0.236906
14818,18442,0.000000,0.047196
26550,25221,0.000000,0.079246
37286,37530,0.000000,0.234097
12862,34817,0.000000,0.024366
3317,8848,0.000000,0.063320
35996,34817,0.000000,0.465033
29987,25221,0.000000,0.131880
26550,26277,0.000000,0.246877
16842,14817,0.548528,0.213266
33343,17321,0.000000,0.184582
14817,29987,0.000000,0.054460
37530,14444,0.000000,0.276315
11428,7088,0.000000,0.135473
14817,10421,0.548528,0.080904
34817,16538,0.000000,0.126104
16538,18363,0.000000,0.188612
17233,23,0.000000,0.252240
10421,14818,0.000000,0.054523
14818,23,0.000000,0.018071
8848,23,0.000000,0.226165
3317,14817,0.000000,0.033926
28457,23,0.000000,0.287126
14818,25221,0.000000,0.059414
17321,37461,0.000000,0.114618
3317,14818,0.000000,0.170233
18363,8848,0.679511,0.147035
17321,26277,0.552618,0.200778
22,37461,0.000000,0.012888
8848,18233,0.000000,0.092488
37461,26550,0.000000,0.175193
28457,37530,0.555309,0.177953
37530,16538,0.000000,0.123354
17321,22,0.000000,0.034057
23,12862,0.000000,0.021436
33343,26277,0.000000,0.386216
25221,8848,0.000000,0.085066
22,7088,0.000000,0.015708
34817,17233,0.000000,0.143773
12862,18233,0.000000,0.109770
18233,37461,0.000000,0.071740
34817,7088,0.000000,0.204837
26550,14818,0.000000,0.029772
11428,37530,0.000000,0.221399
28457,22,0.000000,0.026587
3317,16538,0.000000,0.058408
37286,28457,0.000000,0.171380
26277,28457,0.000000,0.289872
12862,10421,0.000000,0.076521
37286,12862,0.000000,0.027703
37530,17321,0.000000,0.089888
16538,37286,0.000000,0.128721
14444,8848,0.000000,0.125396
14817,33343,0.000000,0.107925
7088,35996,1.000000,0.405944
18442,34817,0.000000,0.156647
37461,29987,0.000000,0.049139
18363,16842,0.000000,0.276214
22,26550,0.000000,0.017664
28457,17233,0.000000,0.232600
26277,18442,0.000000,0.199006
14818,22,0.000000,0.094302
37286,14444,1.000000,0.428737
16538,26550,0.000000,0.093505
17321,18363,0.000000,0.175395
29987,10421,0.000000,0.084757
37461,12862,0.000000,0.025306
11428,29987,0.000000,0.068292
37530,17233,0.000000,0.197565
26277,14817,0.548528,0.185558
11428,16842,0.000000,0.239716
18363,28457,0.000000,0.302142
14817,37530,0.000000,0.234097
25221,14817,0.000000,0.039327
14444,16842,0.548528,0.162738
17233,35996,0.000000,0.202337
3317,18442,0.000000,0.053533
35996,12862,0.000000,0.044437
25221,23,0.000000,0.031087
28457,18363,0.000000,0.286467
18730,7008,0.000000,0.099970
18731,1853,0.000000,0.092388
29832,1853,0.000000,0.174900
29554,21226,0.682275,0.031453
1853,7625,0.687936,0.139655
9515,18358,1.000000,0.080086
4157,15827,0.000000,0.055038
29832,9515,0.000000,0.092084
9673,9515,0.685112,0.114257
5605,9673,0.000000,0.384254
7625,21226,0.682275,0.027743
5605,27620,0.000000,0.129653
37084,16005,0.000000,0.197870
12665,5605,0.000000,0.150569
13391,1319,0.683838,0.058534
1319,39727,0.682275,0.166518
5605,40452,0.000000,0.077340
29159,20539,0.683838,0.115160
9673,5605,0.000000,0.315612
20539,4157,0.000000,0.089501
7148,27620,0.683838,0.059954
7849,20539,0.685112,0.118243
40452,15259,0.677392,0.061220
29554,29159,0.683838,0.056662
33437,13391,0.000000,0.051066
11069,1590,0.686188,0.089505
18358,479,0.000000,0.041538
13893,28068,0.685112,0.125713
32275,16005,0.680253,0.190153
9476,5605,0.000000,0.168152
37084,15827,0.000000,0.166014
4156,1590,0.000000,0.032461
27620,15229,0.683838,0.066421
4156,3327,0.000000,0.051231
32275,15827,0.680253,0.203870
12665,20539,0.683838,0.137216
20539,20719,0.680253,0.156213
7999,29554,0.683838,0.128021
15827,19684,0.000000,0.000639
21226,40452,0.677392,0.343535
479,25165,0.000000,0.047337
27620,4156,0.000000,0.089831
20539,18731,0.000000,0.155760
18730,7999,0.000000,0.067544
15259,40452,0.677392,0.071267
37084,29832,0.000000,0.211769
28176,7148,0.685112,0.055381
12665,16005,0.682275,0.065562
4157,28176,0.000000,0.061370
7148,7008,0.685112,0.076396
16005,4157,0.000000,0.080897
22931,18730,0.000000,0.213295
7625,3327,0.689329,0.105669
33437,11069,0.000000,0.033440
31274,1590,0.680253,0.023965
3027,18358,0.685112,0.065057
20719,25165,0.680253,0.108639
28068,20539,1.000000,0.155903
7849,19683,0.000000,0.211592
7625,9515,0.685112,0.089757
479,20236,0.000000,0.077861
19684,4157,0.000000,0.002515
29554,9673,0.688668,0.424963
12665,15827,1.000000,0.074688
4157,15259,0.000000,0.059859
37084,1319,0.000000,0.125133
9673,1590,0.689329,0.199714
4157,20236,0.000000,0.025981
29159,1590,0.683838,0.030759
25165,19683,0.000000,0.197766
29554,18358,0.685112,0.079379
15827,25165,0.683838,0.096791
13165,3027,0.686188,0.043510
19684,27620,0.000000,0.002020
7149,15827,0.000000,0.018643
19684,4156,0.000000,0.001981
1590,13391,0.687936,0.116942
7999,29832,0.000000,0.105843
15259,33437,0.000000,0.058614
31274,9673,0.680253,0.098188
33437,3327,0.000000,0.021740
11069,18731,0.000000,0.077317
7008,31274,0.680253,0.136968
11069,9515,0.685112,0.074533
7149,20539,0.000000,0.023848
1590,479,0.000000,0.274346
18730,13165,0.000000,0.059574
7008,39727,0.682275,0.111496
31274,3027,0.680253,0.014336
9515,29554,0.685112,0.123511
19684,19683,0.000000,0.001217
28068,9476,0.685112,0.091921
13391,20539,0.685112,0.113720
18731,28068,0.000000,0.096269
22931,37084,0.000000,0.077017
11069,3027,0.686188,0.062256
32275,3027,0.680253,0.027088
29554,32275,0.680253,0.132420
4156,21226,0.000000,0.073616
19683,22931,0.000000,0.089312
27524,10564,0.673769,0.186627
7793,9067,0.000000,0.044319
7794,3134,0.000000,0.078839
26026,27524,0.675354,0.052324
26026,3134,0.000000,0.043476
3135,9067,0.000000,0.048184
4725,7794,0.000000,0.047447
27524,39265,0.673769,0.182444
11225,7794,0.000000,0.138936
26026,11225,0.673769,0.049599
7794,9067,0.000000,0.046088
10564,4725,0.000000,0.084136
9067,7794,0.000000,0.047497
39265,4725,0.000000,0.079975
4725,10564,0.000000,0.052014
7794,10564,0.000000,0.207569
9067,10564,0.000000,0.099740
9067,27524,0.000000,0.081893
10564,11225,1.000000,0.173154
11225,9067,0.000000,0.067580
11225,4725,0.000000,0.087086
10564,3134,0.000000,0.109391
4725,3134,0.000000,0.069966
9067,39265,0.000000,0.096024
26026,7793,0.000000,0.034217
7793,27524,0.000000,0.090649
7794,3135,0.000000,0.041204
3134,7793,0.000000,0.058987
9067,3135,0.000000,0.052090
11225,27524,0.673769,0.141909
39265,3134,0.000000,0.106307
9067,11225,0.000000,0.070578
26026,7794,0.000000,0.036128
9067,4725,0.000000,0.151282
3134,4725,0.000000,0.100470
4725,7793,0.000000,0.071303
26026,10564,0.673769,0.061351
7794,4725,0.000000,0.075928
27524,3135,0.000000,0.043276
26026,4725,0.000000,0.136589
3135,10564,0.000000,0.049410
4725,3135,0.000000,0.125998
7793,7794,0.000000,0.049922
27524,7793,0.000000,0.087263
11225,26026,0.673769,0.069017
11225,3135,0.000000,0.045756
3135,4725,0.000000,0.169378
11225,7793,0.000000,0.081478
26026,3135,0.000000,0.040243
4725,11225,0.000000,0.054478
10564,7793,0.000000,0.112901
7794,26026,0.000000,0.055155
11225,3134,0.000000,0.092397
39265,7793,0.000000,0.110310
10564,3135,0.000000,0.053045
26026,39265,0.673769,0.059937
11225,10564,1.000000,0.240626
27524,3134,0.000000,0.099939
39265,9067,0.000000,0.082940
7794,11225,0.000000,0.159624
9067,26026,0.000000,0.060132
3135,39265,0.000000,0.046669
7793,4725,0.000000,0.104093
39265,27524,0.673769,0.156829
3134,27524,0.000000,0.108885
4725,26026,0.000000,0.101139
3135,3134,0.000000,0.049585
9067,7793,0.000000,0.048495
7794,7793,0.000000,0.064470
4725,39265,0.000000,0.049183
39265,10564,1.000000,0.240586
26026,9067,0.000000,0.036686
7793,3134,0.000000,0.073295
7793,26026,0.000000,0.055302
3134,7794,0.000000,0.059225
3134,39265,0.000000,0.133093
10564,27524,0.673769,0.159813
7793,39265,0.000000,0.109678
3135,26026,0.000000,0.059903
4725,9067,0.000000,0.107966
7794,39265,0.000000,0.214793
7793,11225,0.000000,0.070193
27524,7794,0.000000,0.095989
27524,4725,0.000000,0.078231
3135,11225,0.000000,0.036751
39265,3135,0.000000,0.051702
10564,39265,1.000000,0.231806
27524,9067,0.000000,0.067267
10564,26026,0.673769,0.082959
39265,7794,0.000000,0.156242
11225,39265,1.000000,0.244362
10564,9067,0.000000,0.086694
10564,7794,0.000000,0.153693
3135,7794,0.000000,0.024962
7794,27524,0.000000,0.134442
9067,3134,0.000000,0.068303
3134,10564,0.000000,0.136918
27524,11225,0.673769,0.109509
4725,27524,0.000000,0.054970
7793,10564,0.000000,0.112998
9063,33217,0.000000,0.057006
8522,35338,0.000000,0.083105
2450,21315,0.000000,0.097550
25867,35338,0.000000,0.598629
6572,34639,0.000000,0.064042
1819,9253,0.000000,0.012933
18535,26033,0.000000,0.117643
26458,34639,1.000000,0.989346
680,30971,0.000000,0.068405
5514,11091,0.000000,0.076436
24217,25867,0.000000,0.062168
5514,33729,0.000000,0.029945
29599,21909,0.000000,0.118182
1323,24217,1.000000,0.629715
21909,35857,0.000000,0.051423
7210,2074,0.000000,0.014014
1323,26033,1.000000,0.534944
34639,6572,0.000000,0.054646
18313,10785,0.000000,0.040934
2074,34639,0.000000,0.045866
2449,2074,0.000000,0.069791
28791,38116,0.000000,0.121907
29599,22342,1.000000,0.977584
1223,9063,0.000000,0.598232
1819,31247,0.000000,0.034321
28791,34639,0.000000,0.118230
7715,31247,0.000000,0.055132
5540,9063,1.000000,0.991723
7210,33492,0.000000,0.193226
29599,11091,0.000000,0.817323
33729,1223,0.000000,0.865154
34639,7210,0.000000,0.046912
24269,27478,0.000000,0.057504
25861,29599,0.000000,0.994299
18313,9295,0.000000,0.042206
1323,18313,0.000000,0.049142
1917,24217,1.000000,0.032429
14568,21885,0.000000,0.124531
21315,7715,0.000000,0.146535
24269,680,0.000000,0.223834
28791,22342,0.000000,0.299920
14568,26033,1.000000,0.994661
26458,4653,0.000000,0.049943
34639,10785,1.000000,0.962489
33729,21885,0.000000,0.103100
28791,1917,0.000000,0.055332
11091,31673,0.000000,0.396315
5540,5514,0.000000,0.062522
25867,9295,0.000000,0.108672
9295,17406,1.000000,0.998334
31673,9063,1.000000,0.977947
33217,24808,0.000000,0.113949
11187,11091,0.000000,0.157083
7210,21909,0.000000,0.084600
9063,1449,1.000000,0.999463
2450,34192,0.000000,0.023495
1449,14568,1.000000,0.998457
24217,2074,0.000000,0.040062
28791,35338,0.000000,0.131877
1223,34639,0.000000,0.874958
28791,25861,0.000000,0.131648
34192,31673,0.000000,0.153890
5514,9063,0.000000,0.049669
6530,35857,0.000000,0.154708
274,38116,0.000000,0.040054
7715,33217,0.000000,0.097252
21885,26033,0.000000,0.097275
24217,35857,1.000000,0.962979
4652,26458,0.000000,0.183312
2618,4652,0.000000,0.035417
24217,21885,0.000000,0.087827
35338,129,0.000000,0.002291
7210,17480,0.000000,0.014936
7906,22342,1.000000,0.850380
18535,26458,0.000000,0.144986
21885,11187,0.674200,0.197436
5540,35338,0.000000,0.045929
34192,6530,0.000000,0.035204
7715,12214,0.000000,0.073221
25861,1917,0.000000,0.098281
7715,35338,0.000000,0.101777
6245,35857,0.000000,0.123239
21885,274,0.000000,0.086832
25861,35338,0.000000,0.050909
10785,6572,0.000000,0.076473
26458,8522,0.000000,0.271417
33492,35857,0.000000,0.095487
5514,1102,0.000000,0.018634
24808,25867,0.000000,0.073736
21909,1449,0.000000,0.057942
9253,39671,0.000000,0.146385
34192,9063,0.000000,0.081367
7906,2074,0.000000,0.051255
35857,39671,0.000000,0.074297
21909,1323,0.000000,0.072710
1449,1819,1.000000,0.152678
35857,8522,0.000000,0.220420
24217,12214,0.000000,0.835968
22342,21909,0.000000,0.085245
34639,274,1.000000,0.304576
7564,51,0.000000,0.000838
5062,14593,0.000000,0.552437
26321,37022,0.693318,0.308312
13223,21658,0.693318,0.492581
10690,8657,1.000000,0.807316
11330,7598,0.691335,0.715668
5062,19806,0.691335,0.762033
37022,9098,0.691335,0.798164
4605,13490,0.693318,0.427627
51,278,0.000000,0.828748
16946,37022,0.693318,0.831166
39425,17359,0.000000,0.170884
13223,33166,1.000000,0.514843
1179,3241,1.000000,0.889863
7598,3241,0.691335,0.681227
26294,10246,0.691335,0.632973
5062,27631,0.691335,0.560930
28994,22646,0.691335,0.679412
4702,4605,0.691335,0.381159
10246,11330,1.000000,0.943427
3241,6072,1.000000,0.909642
7586,2616,0.691335,0.634829
23402,9098,0.691335,0.401005
7299,28818,0.691335,0.663892
11160,22646,1.000000,0.954761
10153,1996,1.000000,0.929713
25706,13475,0.000000,0.258613
13223,37022,1.000000,0.517758
39425,25706,0.000000,0.862130
21658,28994,0.693318,0.687521
1259,23402,0.691335,0.409629
13223,26321,0.693318,0.224951
11330,5392,1.000000,0.931630
25126,7564,0.691335,0.521266
7564,7299,1.000000,0.952494
27631,8657,0.691335,0.502906
37022,1309,0.691335,0.797146
10153,23402,0.691335,0.311227
7564,13223,0.691335,0.569041
50,3773,1.000000,0.938190
10382,10690,0.691335,0.752088
7598,5062,0.691335,0.815433
7768,7299,0.691335,0.429886
17359,28594,0.000000,0.073920
28994,9000,0.000000,0.118259
7598,1179,0.691335,0.553499
17359,3773,0.000000,0.152405
16946,1309,0.691335,0.587834
19806,21892,0.693318,0.607977
11160,7586,1.000000,0.954357
8657,517,1.000000,0.936097
1309,28994,0.691335,0.632694
2616,10822,0.693318,0.526530
11330,6072,1.000000,0.944748
21658,6662,0.691335,0.473976
7564,907,0.691335,0.448898
278,1996,0.000000,0.099189
160,2616,0.693318,0.084619
1309,14593,0.000000,0.563229
10246,2616,0.691335,0.607345
26321,4702,0.691335,0.119159
5062,25126,0.691335,0.640924
1309,30927,0.691335,0.614259
160,10153,0.691335,0.035798
39425,4702,0.000000,0.793616
7586,21658,0.691335,0.415880
7299,11330,1.000000,0.955635
9098,7586,1.000000,0.928824
16862,6072,0.691335,0.638072
6662,5899,0.691335,0.467440
22646,7768,0.691335,0.487832
16862,7299,0.691335,0.646907
13223,10382,1.000000,0.516617
16862,25706,1.000000,0.844728
13223,7586,0.691335,0.534250
10246,27631,0.691335,0.378643
9098,26321,0.691335,0.242516
14593,25706,0.000000,0.628046
9066,7586,1.000000,0.943095
7598,26321,0.693318,0.398564
4702,10690,1.000000,0.953198
51,10382,0.000000,0.000830
28818,517,0.691335,0.769473
10690,2616,0.691335,0.738038
7299,5899,0.691335,0.464033
39425,7598,0.000000,0.854406
5392,278,0.000000,0.054547
28594,28818,0.693318,0.655538
14593,18149,0.000000,0.511710
26321,9066,0.691335,0.159906
7598,10246,0.691335,0.594297
28994,18321,1.000000,0.779598
6072,2616,0.691335,0.647941
11160,28818,0.691335,0.660880
21892,10690,0.691335,0.467558
14593,21892,0.000000,0.356673
28818,9098,0.691335,0.785927
2616,3241,0.691335,0.772763
10153,8657,1.000000,0.735728
10690,17359,0.000000,0.212164
23816,13145,0.000000,0.084073
13145,38036,0.000000,0.076724
38036,23817,0.000000,0.145885
7676,13145,0.000000,0.076976
38036,13145,0.000000,0.066094
7676,7675,0.000000,0.069720
38036,7675,0.000000,0.066358
13145,7675,0.656214,0.086401
23816,7675,0.000000,0.072444
23817,7676,0.000000,0.087777
23816,23817,0.000000,0.149973
38036,7676,0.000000,0.069629
9787,7675,0.000000,0.088842
7675,7676,0.000000,0.071143
13145,9787,0.000000,0.042048
7675,13145,0.656214,0.094895
23817,38036,0.000000,0.135991
23817,9787,0.000000,0.038382
13145,23816,0.000000,0.086093
9787,23816,0.000000,0.020997
23816,9787,0.000000,0.028594
38036,23816,0.642654,0.106861
7676,23816,0.000000,0.083932
23817,23816,0.000000,0.153963
23817,13145,0.000000,0.084896
9787,23817,0.000000,0.027582
38036,9787,0.000000,0.019590
9787,13145,0.000000,0.059143
7676,23817,0.000000,0.083476
9787,38036,0.000000,0.007436
7675,9787,0.000000,0.052190
23816,38036,0.642654,0.151401
13145,7676,0.000000,0.078232
7675,38036,0.000000,0.059786
9787,7676,0.000000,0.036339
7675,23816,0.000000,0.069646
13145,23817,0.000000,0.089063
7676,38036,0.000000,0.083152
7676,9787,0.000000,0.034075
23817,7675,0.000000,0.079591
7675,23817,0.000000,0.082339
23816,7676,0.000000,0.089409
11443,16689,0.000000,0.285372
16059,24468,0.551134,0.154430
16414,73,0.000000,0.011164
14737,35314,0.000000,0.010036
5167,31548,0.000000,0.009719
17348,18055,0.000000,0.417435
18055,3421,0.000000,0.426592
37011,16296,0.000000,0.000695
20787,14737,0.556677,0.013461
16414,18055,0.000000,0.100595
18764,28501,0.000000,0.092570
2595,13012,0.000000,0.013605
3984,13012,0.000000,0.007964
3884,24468,0.000000,0.036410
3421,17348,1.000000,0.405669
3421,31548,0.000000,0.265067
14737,4,0.000000,0.028902
12784,15459,0.000000,0.004675
35314,35397,0.000000,0.218138
24468,16295,0.000000,0.006769
31892,16059,0.000000,0.253206
5167,4938,0.551134,0.005713
73,14712,0.000000,0.002729
18055,8698,0.000000,0.236105
16295,22195,0.000000,0.002364
8698,16007,0.000000,0.014740
3884,37011,0.000000,0.074337
31548,18764,0.000000,0.119318
13012,11443,0.000000,0.039652
31548,28501,0.000000,0.261021
8698,4938,0.000000,0.205224
9359,18938,0.551134,0.078079
35314,3884,0.000000,0.037572
7379,16007,0.000000,0.039028
35314,24468,0.000000,0.260879
13012,31548,0.000000,0.009220
5167,5,0.000000,0.021642
4938,16007,0.000000,0.024154
7379,37011,1.000000,0.037999
15459,3421,0.551134,0.125615
31892,16007,0.000000,0.071672
15459,7379,0.553436,0.123342
14712,17348,0.551134,0.145028
31892,14712,1.000000,0.117952
14712,12784,0.000000,0.001588
8989,31892,1.000000,0.176353
16296,4567,0.000000,0.004780
24468,14712,0.000000,0.096686
18938,73,0.000000,0.025636
13012,14712,0.000000,0.051532
18938,3421,1.000000,0.090770
16059,15459,0.000000,0.215426
16007,3984,0.000000,0.053842
11443,4567,0.553436,0.089325
31892,35314,0.000000,0.313249
8989,18055,0.000000,0.268642
12784,20787,0.000000,0.007026
9359,13012,0.000000,0.021215
5,11443,0.000000,0.127683
13012,37011,0.000000,0.017622
14737,35397,0.551134,0.014842
13012,2634,0.000000,0.103191
31548,2595,0.000000,0.051915
28501,13012,0.000000,0.060140
14737,18764,0.553436,0.006173
12784,2595,0.000000,0.000747
28501,24468,1.000000,0.420924
5167,7379,0.553436,0.013456
18764,16296,0.000000,0.000409
73,22195,0.000000,0.000575
15459,5,0.000000,0.277742
16689,31548,0.000000,0.375416
31548,13012,0.000000,0.029504
24468,16059,0.551134,0.146404
3984,16414,0.556677,0.114983
20787,13012,0.000000,0.040814
28501,31548,0.000000,0.277231
16007,14737,0.000000,0.000683
8989,3984,0.553436,0.072838
73,35397,0.000000,0.000615
16007,14712,0.000000,0.059511
8698,3883,0.000000,0.145581
4567,24468,0.000000,0.277874
18055,22195,0.000000,0.856116
16414,5,0.000000,0.306580
16689,22195,0.000000,0.655216
28501,4938,0.000000,0.422724
2634,35314,0.000000,0.109488
18764,18938,0.551134,0.192117
8698,4,0.000000,0.009866
22195,16689,0.000000,0.560644
15459,13012,0.000000,0.027833
8698,2634,0.000000,0.060874
12784,11443,0.000000,0.001348
5,8698,0.000000,0.092063
3984,9359,0.553436,0.033783
13012,31892,0.000000,0.028361
16296,18764,0.000000,0.001038
8698,3884,0.000000,0.028612
3883,3884,0.000000,0.069982
6776,25793,0.000000,0.092420
29977,15080,0.000000,0.280161
27577,838,0.000000,0.090899
21979,23961,0.000000,0.072773
20682,31450,0.000000,0.121426
29508,23961,0.000000,0.034265
13785,36828,0.000000,0.010518
2324,29977,0.000000,0.154084
38038,24603,0.000000,0.086582
7186,13785,0.000000,0.047492
13073,7187,0.000000,0.154394
2191,21978,0.000000,0.039935
31450,12638,0.000000,0.099769
21978,32130,0.000000,0.082722
428,25775,0.000000,0.009212
24603,13073,0.000000,0.063747
31993,36828,0.000000,0.049772
2324,20682,0.000000,0.093142
7186,2324,0.000000,0.216666
2324,21979,0.000000,0.187277
21978,2191,0.000000,0.058483
6776,7187,0.000000,0.181699
21978,38038,0.000000,0.094875
428,29508,1.000000,0.058275
36828,31865,0.000000,0.068296
29977,21979,0.000000,0.102686
24603,21979,0.000000,0.177446
12638,838,0.000000,0.079551
36828,838,0.000000,0.007621
13073,36828,0.000000,0.006009
428,31450,0.000000,0.080646
6777,7187,0.000000,0.207357
32130,20682,0.000000,0.032808
6776,13785,0.000000,0.183493
2191,27577,0.000000,0.087792
24603,31993,0.000000,0.119592
21979,24675,0.000000,0.026418
6777,23961,0.000000,0.037808
428,7945,1.000000,0.143653
6777,21978,0.000000,0.120317
25775,23961,0.000000,0.089308
29508,20682,0.000000,0.095210
29977,12638,0.000000,0.615370
36828,6777,0.000000,0.016846
31993,7945,0.000000,0.054870
25775,25793,0.671311,0.163463
428,2324,0.000000,0.018399
7945,38038,0.000000,0.014460
2191,31450,0.000000,0.169543
428,36828,0.000000,0.001847
27577,31993,0.000000,0.222030
25775,27577,0.000000,0.317261
7187,13073,0.000000,0.136458
20682,38038,0.000000,0.008955
12638,24603,0.000000,0.126188
29977,838,0.000000,0.035651
13785,7187,0.000000,0.333936
29508,428,1.000000,0.069722
12638,13785,0.000000,0.089449
31993,7186,0.000000,0.119551
32130,6776,0.000000,0.039295
6776,21978,0.000000,0.095912
20682,12638,0.000000,0.033367
13785,7186,0.000000,0.042743
23961,36828,0.541865,0.341963
31993,23961,0.000000,0.089882
21978,24675,0.000000,0.014351
7186,13073,0.000000,0.033778
15080,13073,0.000000,0.044407
31865,32130,0.000000,0.104894
29977,27577,0.000000,0.217222
6776,2191,0.000000,0.148041
7186,428,0.000000,0.007761
31450,25775,0.000000,0.078390
7186,31993,0.000000,0.164801
31993,15080,0.000000,0.152247
36828,24603,0.000000,0.032963
7945,29508,1.000000,0.114111
12638,21979,0.000000,0.177449
29977,21978,0.000000,0.150825
2324,13073,0.000000,0.041952
21978,23961,0.000000,0.028604
21979,31450,0.000000,0.227161
24603,2324,0.000000,0.091005
38038,7186,0.000000,0.797037
25793,428,0.000000,0.027902
32130,24603,0.000000,0.053206
31993,6777,0.000000,0.218858
7186,7945,0.000000,0.011097
29977,2191,0.000000,0.016216
428,13073,0.000000,0.060815
25775,13785,0.000000,0.073417
31993,25775,0.671311,0.146571
31993,12638,1.000000,0.186977
21979,31865,0.000000,0.248461
13785,27577,0.000000,0.085124
7186,12638,0.000000,0.624262
21978,31450,0.000000,0.098963
7186,20682,0.000000,0.015128
23961,2191,0.000000,0.017671
26030,3016,0.570997,0.712834
4774,5277,0.000000,0.267417
3685,1136,0.000000,0.088862
31546,26030,1.000000,0.723136
1513,18939,0.570997,0.636296
5199,1136,0.000000,0.098923
24857,5151,0.570997,0.283701
3016,20517,0.000000,0.071578
36408,443,0.570997,0.425042
3502,3306,1.000000,0.870910
31546,1919,0.570997,0.673915
2714,30918,0.000000,0.296224
7021,6568,0.573276,0.277817
1858,30918,0.573276,0.410638
3620,4804,0.000000,0.092336
8214,2206,0.573276,0.523433
3306,443,1.000000,0.566099
14869,3506,0.570997,0.473937
2174,19402,0.573276,0.461795
121,26030,0.000000,0.001347
14869,8369,0.000000,0.035357
2883,22696,0.000000,0.473449
5151,4798,1.000000,0.687051
443,5277,0.000000,0.102172
24029,19489,0.000000,0.013285
6568,4804,1.000000,0.542275
6568,1284,1.000000,0.508504
2206,3122,1.000000,0.682378
3620,1242,0.000000,0.098348
3506,3834,0.570997,0.571749
1858,19489,0.000000,0.013536
1773,5277,1.000000,0.218395
37281,20517,0.000000,0.148009
2714,6568,0.000000,0.286664
26440,20517,0.000000,0.077030
25880,1284,0.573276,0.393496
14869,5277,0.000000,0.035357
2206,1858,1.000000,0.678936
2883,24857,0.570997,0.343065
1044,3502,0.573276,0.158080
1284,1242,1.000000,0.829531
1136,8214,0.000000,0.072245
1773,3834,0.000000,0.133363
25987,22696,0.000000,0.035497
1136,1242,0.000000,0.060038
25880,2883,0.573276,0.361237
30918,2206,0.573276,0.523433
20517,1919,0.000000,0.088177
19489,6568,0.000000,0.019844
25880,3502,0.573276,0.471187
26440,19402,0.575042,0.059108
24857,20517,0.000000,0.076943
24857,25987,1.000000,0.723136
25987,3620,0.000000,0.079206
7518,8369,0.000000,0.033068
1513,4798,1.000000,0.853346
31707,3016,0.000000,0.023073
8382,3122,0.570997,0.510130
1773,24857,0.000000,0.133363
1284,4798,1.000000,0.618075
3620,18939,0.000000,0.093059
1284,1919,1.000000,0.775582
4804,4774,1.000000,0.890729
24029,3620,0.000000,0.062035
14869,33619,1.000000,0.723136
1044,7021,1.000000,0.228782
3620,33619,0.000000,0.093059
25987,31546,1.000000,0.723136
1242,22696,0.000000,0.066183
2174,1858,1.000000,0.417049
25987,4774,0.570997,0.435067
33619,31707,0.000000,0.035357
20517,4798,0.000000,0.115448
7431,2883,0.570997,0.283701
121,30918,0.000000,0.001472
8577,1044,0.570997,0.187706
1858,4804,1.000000,0.948499
1136,915,0.000000,0.037537
14869,3834,1.000000,0.723136
5199,1044,0.573276,0.142207
18939,3864,0.570997,0.546726
4798,8214,0.573276,0.411455
1091,443,1.000000,0.192679
3864,1136,0.000000,0.074936
36408,30918,0.570997,0.504358
121,2713,0.000000,0.000143
695,2206,1.000000,0.674893
6568,7518,1.000000,0.501945
1284,4804,1.000000,0.821442
22696,31546,0.000000,0.024995
8577,22180,0.570997,0.185505
14869,4649,0.570997,0.607685
8369,31546,0.000000,0.024769
3502,10391,0.000000,0.041146
5444,20517,0.000000,0.221704
26030,24029,0.570997,0.495146
3834,8214,0.570997,0.504358
5151,3122,1.000000,0.941420
1919,7021,0.573276,0.487978
20517,3834,0.000000,0.046276
15265,24293,0.682863,0.565115
38523,8966,0.000000,0.167823
13835,1434,0.000000,0.111544
4283,22859,0.000000,0.929609
18831,19261,1.000000,0.671318
35366,8966,0.000000,0.157902
22859,30444,0.000000,0.876167
22859,8966,0.000000,0.180436
5029,3410,0.000000,0.005790
19246,24157,1.000000,0.267447
19246,14736,0.000000,0.172024
4830,30135,1.000000,0.560982
8966,30444,0.000000,0.240922
22858,18242,0.000000,0.047367
8966,5029,0.000000,0.247680
15265,5319,1.000000,0.594858
4830,5029,1.000000,0.636058
3410,8965,0.000000,0.023909
8966,13835,0.000000,0.246617
25212,4283,0.680014,0.933691
1434,4283,0.000000,0.191295
14736,2935,0.000000,0.113978
23395,38523,0.675114,0.257169
19261,1434,0.000000,0.103736
22858,25212,0.000000,0.827277
19474,8966,0.000000,0.077464
5319,19246,0.680014,0.856215
4830,18116,0.000000,0.122664
13835,38523,0.680014,0.926815
38523,30135,0.680014,0.840094
4830,18714,0.680014,0.229272
19474,24293,0.682863,0.446137
38523,18116,0.000000,0.085972
18714,14042,1.000000,0.285136
24293,22859,0.000000,0.883053
19261,24293,0.681584,0.741114
2935,14042,0.680014,0.714012
5029,30444,0.680014,0.877274
38523,19261,0.680014,0.839286
23395,35366,0.675114,0.154886
35366,14736,0.000000,0.171055
30135,2318,0.000000,0.044019
3410,8966,0.000000,0.359878
18242,24157,0.000000,0.540437
38523,14736,0.000000,0.109483
1434,18714,0.000000,0.421891
15265,4283,1.000000,0.598605
8965,2935,0.682863,0.483636
14042,30135,0.680014,0.851985
30135,25212,0.680014,0.754145
24157,3410,0.000000,0.095509
4812,1434,0.000000,0.113139
24157,18242,0.000000,0.459783
6947,24157,1.000000,0.268075
2318,18714,0.000000,0.167711
35366,30444,1.000000,0.810195
19246,2318,0.000000,0.044601
22859,4812,0.000000,0.691917
35009,2318,0.000000,0.048005
4283,4830,0.681584,0.721297
8966,38523,0.000000,0.247327
8965,18831,0.681584,0.479183
23395,19261,0.675114,0.126934
19246,8966,0.000000,0.158098
8965,18116,0.000000,0.158357
6947,30444,1.000000,0.810195
25212,5319,0.680014,0.928449
30444,4830,0.680014,0.636864
15265,25212,0.680014,0.601332
18714,15265,0.680014,0.168015
4283,38523,0.680014,0.922079
8965,8966,0.000000,0.169175
38523,4830,0.680014,0.718827
19474,38523,0.680014,0.431420
18831,18116,0.000000,0.081509
25212,5029,0.680014,0.947636
4812,18116,0.000000,0.139924
2935,6947,0.680014,0.668830
1434,4830,0.000000,0.201110
24157,2318,0.000000,0.119497
2318,18831,0.000000,0.072197
24293,35009,0.680014,0.735895
30135,22858,0.000000,0.725609
5319,4830,0.681584,0.711480
4283,8965,0.682863,0.579680
35009,8966,0.000000,0.168872
30444,25212,1.000000,0.808932
4283,18714,0.680014,0.296060
1434,5319,0.000000,0.187425
18714,4283,0.680014,0.261207
18831,1434,0.000000,0.140791
4283,14736,0.000000,0.110964
24293,2318,0.000000,0.044124
24293,8966,0.000000,0.157258
8965,1434,0.000000,0.120858
18714,25212,1.000000,0.301929
18242,22859,0.000000,0.392225
25212,19474,0.680014,0.523848
14042,3410,0.000000,0.005403
4283,8966,0.000000,0.165311
15329,26902,0.658650,0.101243
15329,147,0.661594,0.109395
26902,33090,0.000000,0.176194
18368,34441,0.000000,0.097713
14102,7649,0.000000,0.067478
15329,34441,0.000000,0.109401
3997,29203,0.000000,0.059628
29203,32641,0.000000,0.079648
2655,26902,0.658650,0.057665
11853,7649,0.000000,0.077997
26902,11853,0.000000,0.030103
9365,13494,0.000000,0.065044
7649,34441,0.000000,0.074019
34441,33090,0.000000,0.282871
26902,29203,0.000000,0.133959
32641,13494,0.000000,0.052401
9365,29203,0.000000,0.049020
3997,9365,0.000000,0.094323
15329,18368,1.000000,0.091096
26902,18368,0.658650,0.104277
7649,29203,0.000000,0.070315
29203,147,0.000000,0.107831
14102,32641,0.000000,0.088902
3997,34441,0.000000,0.034972
32641,147,0.000000,0.115702
9365,32641,0.000000,0.055492
33090,29203,0.000000,0.118042
11853,9365,0.000000,0.075029
15329,32641,0.000000,0.082208
18368,26902,0.658650,0.143130
33090,14102,0.000000,0.134340
9365,147,0.000000,0.105916
29203,11853,0.000000,0.045526
14102,2655,0.660272,0.068188
9365,18368,0.000000,0.057048
3997,2655,0.664526,0.149465
13494,26902,0.000000,0.072783
33090,9365,0.000000,0.034841
15329,14102,0.660272,0.082155
3997,13494,0.000000,0.071118
15329,11853,0.000000,0.044037
29203,14102,0.000000,0.138823
14102,3997,0.660272,0.035786
11853,13494,0.000000,0.045548
34441,14102,0.000000,0.124494
7649,32641,0.000000,0.057684
11853,29203,0.000000,0.055083
33090,34441,0.000000,0.298766
15329,13494,0.000000,0.052684
29203,13494,0.678066,0.055215
15329,3997,0.661594,0.067226
14102,33090,0.000000,0.165629
29203,33090,0.000000,0.122758
26902,3997,0.658650,0.039882
18368,29203,0.000000,0.104034
2655,14102,0.660272,0.056662
32641,14102,0.000000,0.103402
2655,34441,0.000000,0.045800
14102,18368,0.660272,0.091880
13494,15329,0.000000,0.059886
147,33090,0.000000,0.102459
15329,33090,0.000000,0.088445
11853,3997,0.000000,0.071182
26902,9365,0.000000,0.054863
29203,9365,0.000000,0.052159
2655,11853,0.000000,0.091669
7649,11853,0.000000,0.041527
11853,26902,0.000000,0.043722
18368,2655,0.661594,0.091985
2655,18368,0.661594,0.073921
2655,13494,0.000000,0.070085
147,13494,0.000000,0.059406
147,14102,0.660272,0.082925
13494,7649,0.000000,0.064315
33090,32641,0.536751,0.124729
32641,15329,0.000000,0.091291
3997,11853,0.000000,0.075243
7649,2655,0.000000,0.082913
18368,33090,0.000000,0.078978
33090,26902,0.000000,0.140937
13494,3997,0.000000,0.040273
147,18368,0.661594,0.083915
29203,3997,0.000000,0.048102
147,29203,0.000000,0.083574
34441,147,0.000000,0.144038
29203,2655,0.000000,0.085414
32641,18368,0.000000,0.086897
18368,3997,0.661594,0.053515
2655,3997,0.664526,0.110005
7649,13494,0.000000,0.047665
2655,15329,0.661594,0.105467
147,9365,0.000000,0.075974
18368,32641,0.000000,0.067257
32641,2655,0.000000,0.071102
3997,14102,0.660272,0.055399
9365,2655,0.000000,0.147857
34441,26902,0.000000,0.167816
2655,7649,0.000000,0.122410
13494,14102,0.000000,0.061767
147,7649,0.000000,0.097179
17717,34691,0.000000,0.001473
17645,17717,0.000000,0.000673
30350,6783,0.000000,0.070217
17644,33798,0.000000,0.025758
6783,5193,0.000000,0.347974
17644,17717,0.000000,0.008015
17645,34691,0.000000,0.382108
34691,17717,0.000000,0.000534
17644,3212,0.000000,0.022767
6782,6783,0.000000,0.444166
17644,6782,0.000000,0.001876
6783,34691,0.000000,0.599908
6782,34691,0.000000,0.360473
6783,6782,0.000000,0.499107
3212,33798,0.000000,0.093407
6782,3212,0.000000,0.008708
5193,6783,0.000000,0.238109
5193,17645,0.000000,0.576208
17645,33798,0.000000,0.203409
5193,6782,0.000000,0.117366
33798,17644,0.000000,0.002555
17717,6782,0.000000,0.000160
5193,17717,0.000000,0.000156
17644,5193,0.000000,0.047860
34691,3212,0.666754,0.026037
6783,33798,0.000000,0.118609
5193,3212,0.670417,0.106798
34691,33798,0.000000,0.102083
17717,17645,0.000000,0.001105
5193,17644,0.000000,0.008671
30350,17644,0.000000,0.001438
34691,6782,0.000000,0.426484
17717,5193,0.000000,0.001176
33798,17645,0.000000,0.159889
34691,6783,0.000000,0.527503
17717,17644,0.000000,0.003123
30350,3212,0.000000,0.061234
3212,30350,0.000000,0.081623
3212,17644,0.000000,0.000098
17717,33798,0.000000,0.000607
30350,17717,0.000000,0.000024
17645,6782,0.000000,0.166166
33798,6782,0.000000,0.047225
17645,5193,0.000000,0.738364
3212,5193,0.670417,0.126101
5193,33798,0.000000,0.354723
3212,6783,0.000000,0.026715
34691,30350,0.000000,0.081884
30350,33798,0.000000,0.124751
33798,3212,0.000000,0.083523
17645,6783,0.000000,0.324277
6782,17717,0.000000,0.000746
3212,17645,0.000000,0.032158
33798,34691,0.000000,0.077566
30350,17645,0.000000,0.107304
6782,17645,0.000000,0.199159
33798,30350,0.000000,0.125485
34691,17645,0.000000,0.379177
6783,30350,0.000000,0.067951
6783,17645,0.000000,0.356035
3212,34691,0.666754,0.027104
17717,30350,0.000000,0.001158
30350,34691,0.000000,0.064099
6782,33798,0.000000,0.060602
17644,34691,0.000000,0.021267
3212,6782,0.000000,0.005128
17645,30350,0.000000,0.152091
17644,30350,0.000000,0.027863
6783,17717,0.000000,0.000542
17717,6783,0.000000,0.000272
6783,17644,0.000000,0.009865
6783,3212,0.000000,0.024129
6782,5193,0.000000,0.161050
34691,5193,0.666754,0.335166
17645,3212,0.000000,0.068642
6782,17644,0.000000,0.011139
17644,17645,0.000000,0.030726
17717,3212,0.000000,0.001118
30350,5193,0.000000,0.177152
34691,17644,0.000000,0.009594
33798,17717,0.000000,0.000034
17645,17644,0.000000,0.026880
33798,5193,0.000000,0.259458
6782,30350,0.000000,0.034961
30350,6782,0.000000,0.035524
5193,30350,0.000000,0.262769
33798,6783,0.000000,0.092050
3212,17717,0.000000,0.000001
17644,6783,0.000000,0.005610
5193,34691,0.666754,0.207207
7564,5062,1.000000,0.950842
10517,5392,0.691335,0.234904
6662,5392,1.000000,0.937651
7598,7564,0.691335,0.648709
3773,10690,1.000000,0.955865
15833,7768,0.691335,0.594589
51,7598,0.000000,0.001462
9000,1996,0.000000,0.066866
10153,37022,0.691335,0.540537
21892,5392,0.691335,0.428562
25706,9066,0.691335,0.780511
160,16946,0.694851,0.095300
15833,517,1.000000,0.732155
16946,9098,0.691335,0.587888
1259,33166,0.691335,0.742428
7586,9066,1.000000,0.953911
7586,13223,0.691335,0.560004
7598,27631,0.693318,0.656507
10246,37022,0.691335,0.584909
10246,51,0.000000,0.000699
9066,26294,0.691335,0.699272
5062,7598,0.691335,0.715668
13490,3773,0.691335,0.540381
10517,1309,0.691335,0.313113
13490,517,0.691335,0.848457
6072,11330,1.000000,0.954606
1309,11696,1.000000,0.945845
22932,8657,0.691335,0.803174
28994,26294,1.000000,0.804146
10382,7768,0.693318,0.666901
4702,1259,1.000000,0.957710
160,10382,0.693318,0.081405
30927,6662,0.691335,0.579362
3241,23402,0.691335,0.400849
10517,3773,0.691335,0.254571
2616,1179,0.691335,0.595372
19806,25706,0.693318,0.710420
4702,907,0.691335,0.444843
10246,10382,0.691335,0.603103
13223,16862,0.693318,0.552915
6662,18321,0.691335,0.655601
1259,9098,1.000000,0.940135
28818,3773,0.691335,0.810630
28818,11330,0.691335,0.885059
1179,11696,1.000000,0.945227
33166,1259,0.691335,0.760783
7586,4605,0.691335,0.350737
292,33166,0.000000,0.077027
21892,1259,0.691335,0.497549
13475,4702,0.000000,0.121216
11330,2616,0.691335,0.763372
907,7586,0.691335,0.402314
10382,13475,0.000000,0.159985
19806,9066,0.691335,0.846922
5899,3241,0.691335,0.538261
22932,10153,0.691335,0.652901
1259,10822,0.691335,0.438486
160,7768,0.697155,0.169436
9098,11696,1.000000,0.945929
11696,6662,1.000000,0.948318
6662,7768,0.691335,0.465359
4702,10517,0.691335,0.399038
292,10690,0.000000,0.067031
2616,5899,0.693318,0.710054
7564,16862,0.691335,0.588067
1309,7564,1.000000,0.946301
11696,4605,0.691335,0.465732
517,39425,0.691335,0.631835
33166,16946,0.693318,0.775155
10153,13223,0.691335,0.537185
8657,7768,0.691335,0.617435
2616,30927,0.693318,0.821199
50,28818,0.691335,0.500203
21658,3241,0.691335,0.484529
1259,37022,0.691335,0.681948
3241,517,1.000000,0.743234
907,5062,0.691335,0.519762
19806,21892,0.693318,0.607977
9000,160,0.000000,0.046155
28818,907,0.693318,0.612616
15833,9098,1.000000,0.930352
25706,13223,0.693318,0.587345
9098,37022,0.691335,0.681575
30927,292,0.000000,0.080373
50,1259,1.000000,0.939765
292,30927,0.000000,0.112858
1309,11160,1.000000,0.938864
27631,37022,0.693318,0.664006
10246,28994,0.691335,0.609402
13475,5899,0.000000,0.202510
517,10822,0.691335,0.526751
160,1259,0.691335,0.072788
1259,19806,0.691335,0.717664
10517,6072,0.691335,0.243513
9000,7564,0.000000,0.045714
37022,1179,0.691335,0.664194
9098,13223,0.691335,0.470946
160,6662,0.691335,0.036150
25126,10690,0.691335,0.559951
30927,50,0.691335,0.428515
7411,48,1.000000,0.044275
254,5821,0.000000,0.047332
3982,24935,0.000000,0.039319
38149,22607,0.000000,0.069721
31591,16816,0.000000,0.164159
4839,29823,0.000000,0.120984
4839,16926,0.000000,0.005330
21656,13008,0.000000,0.047928
29823,24935,0.000000,0.067637
13008,19506,0.000000,0.053250
7611,9103,0.580454,0.085841
22345,5108,0.000000,0.027848
18234,7411,0.000000,0.044176
34208,5821,0.675812,0.059456
13008,7611,0.578694,0.096494
19384,48,0.000000,0.058759
9189,22607,0.000000,0.073458
9103,21656,0.000000,0.049391
15693,11018,0.576423,0.039233
20390,18234,0.000000,0.074559
254,5108,0.000000,0.027868
13544,7411,0.575492,0.031383
15693,524,0.574436,0.061893
1228,6411,0.000000,0.059026
33977,204,0.000000,0.024283
7059,20390,0.000000,0.043489
7411,19506,0.000000,0.016287
34208,19506,0.000000,0.156729
254,3794,0.000000,0.071514
6227,25394,0.000000,0.092733
21656,8298,0.000000,0.063449
19506,33040,0.000000,0.140212
524,15693,0.574436,0.054543
9642,22607,0.000000,0.073107
22607,13544,0.573216,0.024269
1784,2586,0.000000,0.053255
32033,29823,0.000000,0.130853
18234,23484,0.000000,0.090241
22607,25394,0.000000,0.076514
13970,1228,0.000000,0.064957
7611,14636,0.576423,0.036545
5821,16816,0.000000,0.145179
48,20390,0.000000,0.048035
19506,34208,0.000000,0.193161
22642,8298,0.000000,0.076921
12355,20333,0.000000,0.055106
8317,25394,0.000000,0.097717
4839,33040,0.000000,0.111044
12379,16816,0.000000,0.171768
19384,9189,0.000000,0.053982
9103,16926,0.000000,0.005686
6228,7611,0.000000,0.023754
3794,22607,0.000000,0.075859
20390,12331,0.000000,0.053275
8298,1228,0.000000,0.092016
14268,914,0.000000,0.000057
32033,12355,0.000000,0.029995
524,14268,0.574436,0.005445
48,22345,0.000000,0.146119
33977,22641,0.000000,0.086523
29823,14636,0.000000,0.070623
3981,24935,0.000000,0.050560
38149,12331,0.567719,0.279344
170,7411,0.000000,0.041454
9103,15693,0.576423,0.023061
32033,7059,0.000000,0.023560
13008,1784,0.000000,0.071781
7611,6227,0.000000,0.051389
24935,6411,0.000000,0.082463
12355,31591,0.000000,0.064535
9190,15693,1.000000,0.040492
1784,2237,0.000000,0.089994
18234,19506,0.000000,0.147816
9642,31591,0.000000,0.069417
25394,13544,0.000000,0.037782
254,12355,0.000000,0.034179
32033,5108,0.000000,0.018579
13970,3982,0.000000,0.063334
8317,32033,0.000000,0.057774
254,16816,0.000000,0.105924
5108,13544,0.575492,0.032432
7059,3794,0.000000,0.063329
15693,4839,0.575492,0.050962
7059,5821,0.000000,0.065087
32033,6227,0.000000,0.029124
8596,4839,0.000000,0.083434
19384,25394,0.000000,0.232979
8317,2586,0.000000,0.049355
29823,3981,0.000000,0.081552
22642,7059,0.000000,0.037765
13544,254,0.000000,0.045234
9642,16816,0.000000,0.120792
19384,3171,0.678680,0.033762
1784,6228,0.000000,0.037609
14636,914,0.000000,0.001120
13970,5108,0.581890,0.048286
22641,20333,0.000000,0.048290
22642,18234,0.000000,0.061485
11018,20390,0.000000,0.054990
914,3982,0.000000,0.003048
7060,7689,0.000000,0.068088
4125,11809,1.000000,0.086049
4125,7689,0.000000,0.027327
37512,8499,0.000000,0.063421
37735,5108,0.000000,0.030137
503,37512,0.000000,0.059235
5108,8499,0.000000,0.030015
37512,7138,0.000000,0.299343
7059,914,0.000000,0.003699
503,7256,0.000000,0.093551
4125,503,0.000000,0.110475
503,7689,0.000000,0.049062
7059,37735,0.000000,0.027342
11809,8047,0.000000,0.347003
8499,37735,0.000000,0.037299
7256,7689,0.000000,0.062604
8047,37512,0.000000,0.125130
8498,37735,0.000000,0.026294
37735,914,0.000000,0.000620
8499,5108,0.000000,0.033878
7689,8499,0.000000,0.056566
13970,3246,0.000000,0.048417
7689,914,0.000000,0.000957
8499,7060,0.655088,0.071362
5108,7689,0.000000,0.029795
7256,37512,0.000000,0.084390
7060,7256,0.656214,0.084922
8047,8498,0.000000,0.147952
4125,5108,0.000000,0.081029
7256,3246,0.000000,0.051484
7256,503,0.000000,0.077411
914,11809,1.000000,0.004987
503,3246,0.000000,0.063859
8499,7138,0.000000,0.034521
7138,7059,0.000000,0.024124
503,914,0.000000,0.005031
11809,8499,0.000000,0.034316
3246,37735,0.000000,0.029062
7689,7256,0.000000,0.088029
11809,8498,0.000000,0.048678
7059,7060,0.000000,0.046587
8047,8499,0.000000,0.137773
503,8498,0.000000,0.047798
8499,13970,0.000000,0.040977
7689,4125,0.000000,0.029718
7059,37512,0.000000,0.043297
5108,7060,0.000000,0.039686
7059,8499,0.000000,0.032622
37735,7256,0.000000,0.083329
914,7059,0.000000,0.001963
13970,5108,0.000000,0.048286
13970,37735,0.000000,0.039394
37735,3246,0.000000,0.042978
37512,5108,0.000000,0.040054
13970,11809,0.000000,0.060432
7059,8498,0.000000,0.040294
37735,7060,0.000000,0.054560
8498,8047,0.000000,0.151168
8498,4125,0.000000,0.046631
11809,4125,1.000000,0.082180
13970,914,0.000000,0.003059
3246,503,0.000000,0.096095
11809,37735,0.000000,0.015675
7060,914,0.000000,0.002574
7689,5108,0.000000,0.036273
37512,7059,0.000000,0.040586
13970,7060,0.000000,0.051532
7689,503,0.000000,0.058676
8498,7689,0.000000,0.046094
8498,7059,0.000000,0.040571
11809,37512,1.000000,0.039167
11809,5108,0.000000,0.063166
8498,13970,0.000000,0.051655
8047,13970,0.000000,0.189716
8047,7689,0.000000,0.121571
37512,3246,0.000000,0.049812
3246,5108,0.000000,0.060108
5108,7138,0.000000,0.021744
914,37735,0.000000,0.000094
914,13970,0.000000,0.007548
7689,37512,0.000000,0.137729
7138,13970,0.000000,0.023237
7060,503,0.000000,0.080089
7256,8047,0.000000,0.166263
8498,7138,0.000000,0.027281
914,7689,0.000000,0.000186
7138,8498,0.000000,0.020841
37735,13970,0.000000,0.032488
7689,37735,0.000000,0.071554
5108,7256,0.000000,0.068218
4125,13970,0.000000,0.092828
7256,914,0.000000,0.002475
914,8047,0.000000,0.004674
5108,8498,0.000000,0.029721
3246,914,0.000000,0.003332
11809,13970,0.000000,0.084271
7689,7060,0.000000,0.082856
13970,7256,0.000000,0.065928
11809,7060,0.000000,0.045238
8047,7060,0.000000,0.171956
1784,10742,0.000000,0.012892
9103,418,0.000000,0.045484
22607,23771,0.000000,0.051200
19478,6228,0.000000,0.072292
9942,3794,0.000000,0.087116
1784,7611,0.000000,0.109205
23771,7059,0.000000,0.055968
951,1592,0.000000,0.214038
13970,22607,0.573216,0.067090
1591,13544,0.000000,0.027702
25072,16926,0.000000,0.006149
33462,23771,0.000000,0.434028
16816,4839,0.575492,0.125554
7611,17170,0.000000,0.013172
33462,1228,0.000000,0.072153
204,1591,0.000000,0.026209
419,25444,0.660138,0.078981
8298,6227,0.000000,0.081611
6685,1210,0.000000,0.001388
9190,7469,0.000000,0.062761
6228,22345,0.000000,0.060475
1228,38149,0.000000,0.079662
300,7059,0.000000,0.052398
11018,12331,0.000000,0.017385
5108,254,0.000000,0.054470
8596,419,0.000000,0.104543
7469,25444,0.000000,0.051310
25072,33462,0.000000,0.177928
25444,14913,0.000000,0.144148
17170,13008,0.000000,0.053365
951,14913,0.000000,0.081232
20333,16816,1.000000,0.134211
6411,33977,0.000000,0.050709
10742,19478,0.000000,0.076507
17240,1210,0.000000,0.003379
13008,254,0.000000,0.080936
951,12331,0.000000,0.021971
9103,2586,0.000000,0.038005
300,1592,0.000000,0.069826
33462,25444,0.000000,0.186671
914,48,0.000000,0.000049
11018,7611,0.580454,0.035431
14913,9103,0.000000,0.038314
3794,20311,0.000000,0.102532
33977,20311,0.000000,0.135136
7469,7411,0.000000,0.065156
25072,22607,0.000000,0.063553
38149,16816,0.000000,0.076621
14913,8596,0.000000,0.072087
412,418,0.000000,0.043602
23771,5108,0.000000,0.025025
13970,1591,0.000000,0.029436
1784,1591,0.000000,0.003179
1547,38149,0.000000,0.095578
6685,25444,0.000000,0.092830
22607,10742,0.000000,0.044314
418,300,0.000000,0.002680
13544,9190,0.575492,0.036591
22345,3794,0.000000,0.110476
8596,4839,0.000000,0.083434
6227,17170,0.000000,0.038842
20333,13970,0.578694,0.040941
418,8596,0.000000,0.055080
412,17170,0.000000,0.025380
19478,1591,0.000000,0.022548
1210,6685,0.000000,0.002783
11018,25394,0.000000,0.054774
8596,2586,0.000000,0.121525
31037,7469,0.000000,0.097963
22607,8596,0.000000,0.046333
7469,418,0.000000,0.039236
3794,3053,0.000000,0.060828
20333,6227,0.000000,0.063366
5108,16926,0.000000,0.008602
23771,8298,0.000000,0.069947
13544,8596,0.000000,0.047951
8298,48,0.576423,0.061889
1784,28896,0.000000,0.006089
19478,1210,0.000000,0.001054
22607,6227,0.000000,0.051561
13544,13970,0.575492,0.033507
1228,300,0.000000,0.004947
5108,8596,0.000000,0.095762
48,20333,0.578007,0.080229
2586,1228,0.575492,0.062099
16816,12331,0.000000,0.024940
300,17240,0.000000,0.003837
13970,1784,0.000000,0.066912
25394,31037,0.000000,0.133879
16926,1592,0.000000,0.001927
13970,6411,0.578694,0.099407
8317,22345,0.000000,0.083070
6227,1547,0.000000,0.080071
28896,9942,0.000000,0.062648
7469,1592,0.000000,0.040611
12355,300,0.000000,0.014591
4839,12331,0.000000,0.080326
254,7411,0.000000,0.058819
20333,204,0.000000,0.034803
17170,7411,0.000000,0.045026
21868,38853,0.000000,0.055657
31282,26220,0.000000,0.147490
18064,7280,0.000000,0.048781
26220,441,0.000000,0.066946
15117,18798,0.000000,0.047709
15117,31282,0.000000,0.467210
25547,9104,0.000000,0.066356
441,18064,0.000000,0.072498
441,7281,0.000000,0.058615
7280,18798,0.000000,0.044158
129,7281,0.000000,0.003332
25547,7280,0.000000,0.340222
26118,397,0.000000,0.064058
7280,441,0.000000,0.054429
26118,26220,0.000000,0.105647
7280,21868,0.000000,0.152251
129,33982,0.000000,0.003685
38853,441,0.000000,0.032579
441,7280,0.000000,0.062644
7281,441,0.000000,0.043072
18798,441,0.000000,0.125342
7281,33982,0.000000,0.160114
397,18798,0.000000,0.097580
33982,21868,0.000000,0.144608
397,15117,0.000000,0.088354
38853,31282,0.000000,0.195775
18798,26118,0.000000,0.010326
15117,441,0.000000,0.054844
7281,21868,0.000000,0.128114
33982,7281,0.000000,0.199463
7280,18064,0.000000,0.035471
33982,9104,0.000000,0.085617
129,397,1.000000,0.025629
129,25547,0.000000,0.002016
18798,21868,0.000000,0.124278
129,18064,0.000000,0.049246
18064,33982,0.000000,0.048498
7281,129,0.000000,0.006477
397,26118,0.000000,0.052144
18798,7280,0.000000,0.044763
9104,25547,0.000000,0.085365
18798,38853,0.000000,0.016492
33982,129,0.000000,0.006581
25547,26118,0.000000,0.230846
9104,18798,0.000000,0.075622
25547,18064,0.000000,0.021690
26220,21868,0.000000,0.175815
33982,38853,0.000000,0.146505
26118,129,0.000000,0.002049
397,21868,1.000000,0.223990
441,15117,0.000000,0.044051
26220,38853,0.000000,0.110831
21868,33982,0.000000,0.110803
18064,21868,0.000000,0.223576
25547,397,0.000000,0.066300
9104,7281,0.000000,0.104061
397,9104,0.000000,0.115034
18798,397,0.000000,0.110108
7281,18064,0.000000,0.030026
26118,38853,0.000000,0.477195
21868,7280,0.000000,0.127036
38853,26220,0.000000,0.087579
7280,31282,0.000000,0.373020
26220,15117,0.000000,0.138174
38853,33982,0.000000,0.113301
26220,7280,0.000000,0.170098
26220,25547,0.000000,0.123083
33982,26220,0.000000,0.106425
397,441,1.000000,0.094696
33982,15117,0.000000,0.223377
9104,397,0.000000,0.107599
441,18798,0.000000,0.101580
31282,397,0.000000,0.125285
15117,129,0.000000,0.006478
38853,21868,0.000000,0.075179
25547,7281,0.000000,0.178202
21868,397,1.000000,0.258938
18798,9104,0.000000,0.105274
26118,18064,0.000000,0.013979
26118,7281,0.000000,0.186798
15117,21868,0.000000,0.141625
129,26118,0.000000,0.000555
31282,25547,0.000000,0.321036
26118,7280,0.000000,0.319128
397,7281,0.000000,0.102723
397,7280,0.000000,0.125758
38853,18798,0.000000,0.023031
441,33982,0.000000,0.056159
129,38853,0.000000,0.001088
21868,129,1.000000,0.063951
129,9104,0.000000,0.017408
18064,397,0.000000,0.114832
21868,15117,0.000000,0.117817
7281,15117,0.000000,0.202846
33982,7280,0.000000,0.258628
15117,26220,0.000000,0.117376
31282,441,0.000000,0.091351
26220,33982,0.000000,0.135342
15117,18064,0.000000,0.032306
38853,9104,0.000000,0.063417
5198,71,0.000000,0.374203
14285,6734,0.694049,0.727989
6673,24813,1.000000,0.735744
24813,30404,0.694049,0.689936
16036,24096,1.000000,0.673053
18770,23874,0.694049,0.690351
30404,4005,0.694049,0.624335
284,8249,0.000000,0.109464
965,10899,0.000000,0.212443
9940,6673,0.692069,0.699782
8246,1854,1.000000,0.688040
3840,5198,0.000000,0.000220
35472,23136,0.692069,0.680915
16414,965,0.000000,0.291171
3230,38972,0.692069,0.505220
24130,23874,0.692069,0.679033
1440,9396,0.694049,0.840094
18846,9940,1.000000,0.870872
19787,5190,0.694049,0.679294
14479,23874,0.694049,0.690351
24096,9396,0.694049,0.691127
6673,965,0.000000,0.240441
4005,9396,0.694049,0.690300
6673,8246,1.000000,0.734059
5494,2925,0.692069,0.714986
5198,2963,0.000000,0.000400
5281,2925,1.000000,0.811117
22689,18344,1.000000,0.735726
2659,24130,0.692069,0.654578
22689,2963,0.694049,0.743135
19499,35472,0.692069,0.531380
38972,5281,1.000000,0.689422
38972,30404,0.694049,0.689936
4005,6917,1.000000,0.681770
71,23136,0.695581,0.229104
14479,3840,1.000000,0.671382
14285,18770,0.694049,0.749387
8396,30729,0.692069,0.708974
965,9940,0.000000,0.213482
24813,23136,0.694049,0.691127
30404,35472,0.692069,0.688793
24813,2963,1.000000,0.672413
30604,23874,0.694049,0.690351
2963,18344,0.694049,0.653212
18846,5198,0.000000,0.000451
23874,24096,0.694049,0.743434
8249,4772,0.694049,0.851860
71,10471,0.694049,0.159631
2925,9940,0.692069,0.708974
15226,7666,0.694049,0.660088
16414,24096,0.000000,0.098615
8249,24813,1.000000,0.735744
38245,6734,1.000000,0.649390
8246,965,0.000000,0.162973
30404,9940,0.692069,0.688793
10899,5198,0.000000,0.000218
284,5494,0.000000,0.062448
4772,37996,0.692069,0.752793
5281,24130,0.692069,0.786437
21570,8057,0.692069,0.695673
2694,23136,0.694049,0.851860
16636,8249,1.000000,0.689422
5494,4005,0.692069,0.502214
5190,10899,0.694049,0.651598
5198,16636,0.000000,0.000400
15226,38245,0.694049,0.611132
3230,2694,0.692069,0.699782
2659,8246,1.000000,0.420448
19499,9562,1.000000,0.689264
38245,9794,0.694049,0.497662
8653,16636,1.000000,0.735744
16414,4772,0.000000,0.220351
23874,8653,0.694049,0.841898
4005,14479,1.000000,0.671868
4772,21570,0.692069,0.752793
5494,71,0.692069,0.118512
283,9794,0.694049,0.618645
38245,71,0.694049,0.111384
19787,9396,1.000000,0.643200
4343,21570,0.692069,0.531380
8246,14285,0.694049,0.691423
38972,24130,0.692069,0.531380
18846,8396,0.692069,0.714986
4005,6673,1.000000,0.688040
2694,15226,0.694049,0.735267
5494,24096,0.692069,0.505220
3840,1440,1.000000,0.706499
2962,8057,0.000000,0.617249
7666,4005,1.000000,0.715919
38245,6895,1.000000,0.708144
38245,6673,1.000000,0.688040
19499,16036,1.000000,0.673737
6929,1854,1.000000,0.851611
9396,38245,0.694049,0.741481
9940,9396,0.692069,0.680915
16036,2925,1.000000,0.686441
30729,18770,0.692069,0.505220
38245,19787,0.694049,0.652399
965,2659,0.000000,0.200887
24813,10471,1.000000,0.671382
4798,6764,1.000000,0.513238
6016,4649,0.570997,0.710187
34149,36122,1.000000,0.548686
4774,6764,1.000000,0.616894
31956,30918,0.570997,0.449191
22696,22174,0.000000,0.046009
1242,19489,0.000000,0.007678
2174,30918,0.573276,0.297851
30718,121,0.000000,0.006324
5199,2174,1.000000,0.464720
1242,26440,0.573276,0.082471
22180,2525,0.000000,0.354604
3016,2525,0.000000,0.217434
4649,3506,1.000000,0.383017
915,24029,0.573276,0.535549
3122,1513,1.000000,0.990843
3016,3620,0.000000,0.080338
24029,22174,0.570997,0.494003
443,3685,1.000000,0.457212
1136,3506,0.000000,0.032976
2883,31500,0.570997,0.430817
8214,121,0.000000,0.010783
22696,3408,0.000000,0.006596
10391,31956,0.000000,0.033464
1513,30718,0.570997,0.652145
22180,3122,0.573276,0.047873
2525,1136,0.000000,0.092729
22174,30918,0.570997,0.449191
3122,8369,0.000000,0.172910
4798,5277,0.000000,0.047992
36122,4798,0.570997,0.567128
26440,3306,0.573276,0.167354
16297,1919,1.000000,0.679438
1242,28192,1.000000,0.179544
34074,32809,0.570997,0.546047
2883,8214,0.573276,0.218494
7021,3864,0.573276,0.442697
22174,22754,1.000000,0.548686
3502,30441,0.570997,0.756017
34074,34149,1.000000,0.548686
31956,1091,0.570997,0.169193
6764,1284,1.000000,0.619078
24029,37281,0.000000,0.119759
3685,3506,1.000000,0.417877
4804,1091,1.000000,0.442943
3306,5199,1.000000,0.800229
2174,31956,0.570997,0.373529
2174,28192,1.000000,0.217421
22754,34074,1.000000,0.548686
31500,30718,1.000000,0.548686
4804,3864,1.000000,0.809159
19489,1242,0.000000,0.009757
2525,30718,0.000000,0.374701
1858,31707,0.000000,0.171937
443,28192,1.000000,0.364265
16297,3016,1.000000,0.547940
1513,1284,1.000000,0.742039
3306,36122,0.570997,0.569041
16297,695,1.000000,0.602913
2206,26440,0.573276,0.127577
24029,22696,0.000000,0.043957
2525,31956,0.000000,0.374701
25880,8369,0.000000,0.063435
22233,3506,0.570997,0.402604
22233,5277,0.000000,0.027554
3306,22233,0.570997,0.569041
28192,1513,1.000000,0.098962
5151,3685,1.000000,0.443561
121,3620,0.000000,0.031184
5151,6016,0.570997,0.430817
22233,3685,0.570997,0.554661
34149,19489,0.000000,0.007204
24029,2174,0.573276,0.351052
1919,8369,0.000000,0.051459
7021,3122,0.573276,0.411540
34074,22180,0.570997,0.218260
1136,4649,0.000000,0.048513
3506,4798,1.000000,0.433520
3122,22233,0.570997,0.658756
19489,34149,0.000000,0.011069
30924,22233,1.000000,0.548686
16297,19489,0.000000,0.007353
31707,443,0.000000,0.119217
10391,7021,0.000000,0.071267
31500,120,0.570997,0.651422
120,8369,0.000000,0.070168
6016,1284,0.570997,0.626497
7021,32809,0.573276,0.364646
26440,2206,0.573276,0.210102
19489,22174,0.000000,0.011069
2206,1513,1.000000,0.677389
7021,3502,0.573276,0.471187
1284,26440,0.573276,0.166968
4798,4774,1.000000,0.787888
1284,19402,0.573276,0.321682
3408,6016,0.000000,0.035446
4798,19489,0.000000,0.011753
3685,1513,1.000000,0.643575
6764,2206,1.000000,0.597000
120,2206,1.000000,0.712493
8742,4237,0.000000,0.044634
6582,14527,0.000000,0.015313
29882,22175,0.000000,0.006835
15540,34503,0.678380,0.000132
22175,34503,0.000000,0.000222
6582,7365,0.000000,0.032077
31381,3787,0.000000,0.011169
28121,3786,0.000000,0.080648
7803,3786,0.000000,0.065985
16896,14527,0.681236,0.024636
16896,32816,0.679953,0.037726
22175,3787,0.000000,0.000229
3786,14527,0.000000,0.019462
15540,3786,0.000000,0.000607
8592,15540,0.000000,0.000989
7803,17560,0.681236,0.083550
14527,7803,1.000000,0.069630
6582,8742,0.000000,0.064434
1897,31381,0.000000,0.001071
31381,1329,0.678380,0.023911
1329,33669,0.000000,0.024315
1329,6582,0.000000,0.060991
15540,14527,0.678380,0.011742
7188,3787,0.000000,0.034073
34503,32571,0.679953,0.084949
29882,4237,0.678380,0.251057
22175,31381,0.000000,0.053759
1329,31381,0.678380,0.004815
33669,1798,0.000000,0.012761
3787,31381,0.000000,0.004627
7365,13329,0.678380,0.145597
4237,7365,0.678380,0.179865
4237,34503,1.000000,0.085523
33669,6582,0.000000,0.010453
6582,15540,0.000000,0.000121
16896,33669,0.000000,0.021239
7803,7365,0.678380,0.107348
1798,28121,0.000000,0.085122
34503,1329,0.679953,0.102829
13329,31381,0.678380,0.049282
34503,7365,0.678380,0.062813
17560,3786,0.000000,0.024868
8742,1897,0.000000,0.033494
3786,22175,0.000000,0.000542
34503,15540,0.678380,0.000056
8592,3787,0.000000,0.026277
7365,3787,0.000000,0.023363
4237,32571,0.679953,0.095245
1329,29882,0.678380,0.071234
28121,7365,0.678380,0.090546
33669,32816,0.000000,0.071446
1798,6582,0.000000,0.076303
16896,1329,0.685480,0.034003
6582,3787,0.000000,0.047751
15540,28121,0.678380,0.000254
13329,3786,0.000000,0.064730
7188,15540,0.000000,0.000686
1329,1897,0.000000,0.020475
3787,32816,0.000000,0.046876
33669,17560,0.000000,0.024742
1897,1329,0.000000,0.021400
6582,34503,0.000000,0.073246
7803,3787,0.000000,0.033426
4237,28121,0.679953,0.101276
8742,1798,0.000000,0.077663
7803,33669,0.000000,0.068060
32816,7365,0.678380,0.185064
31381,14527,0.678380,0.133445
7188,1897,0.000000,0.008479
3787,29882,0.000000,0.026536
15540,1798,0.000000,0.000661
7803,29882,0.678380,0.101946
4237,7188,0.000000,0.135654
32571,13329,0.681236,0.110598
16896,29882,0.678380,0.048583
3787,13329,0.000000,0.057698
8592,6582,0.000000,0.037217
13329,16896,0.681236,0.066335
22175,29882,0.000000,0.007174
17560,7365,0.678380,0.054043
22175,6582,0.000000,0.000338
7188,17560,0.000000,0.051490
16896,15540,0.678380,0.000272
7365,32816,0.678380,0.145577
31381,16896,0.678380,0.027647
14527,32571,0.681236,0.051917
29882,3787,0.000000,0.018273
15540,33669,0.000000,0.030522
1897,3786,0.000000,0.026624
7803,8592,0.000000,0.082362
28121,14527,0.681236,0.055205
1329,8592,0.000000,0.083361
4237,33669,0.000000,0.159522
8592,32816,0.000000,0.079633
7188,8742,0.000000,0.051482
32816,16896,0.679953,0.044740
7803,6582,0.000000,0.044311
8592,29882,0.000000,0.072699
1897,7803,0.000000,0.010285
28121,1897,0.000000,0.012211
29971,27148,0.000000,0.112617
17142,27148,0.000000,0.116486
17142,17839,0.000000,0.064338
21055,9026,1.000000,0.071973
27148,9952,0.000000,0.090440
27148,11040,0.000000,0.100872
29971,11040,0.000000,0.052616
11040,21448,0.000000,0.049102
9952,21448,0.000000,0.046216
27148,16977,0.000000,0.021863
27148,21448,0.000000,0.094806
17142,21055,0.000000,0.091310
21055,11040,0.000000,0.058051
9026,29971,0.000000,0.082531
17141,16977,0.000000,0.041185
17141,17142,0.000000,0.076575
11040,17839,0.000000,0.034697
17141,17839,0.000000,0.052661
9952,21055,0.000000,0.048753
17839,29971,0.000000,0.071130
21055,17142,0.000000,0.076006
27148,29971,0.000000,0.105111
17141,11040,0.000000,0.055160
27148,17839,0.000000,0.042861
29971,21055,0.000000,0.090350
27148,17141,0.000000,0.127106
17839,16977,0.000000,0.087087
17142,17141,0.000000,0.076019
21055,17839,0.000000,0.058700
17141,9026,0.000000,0.080590
17141,21448,0.000000,0.059938
9952,17142,0.000000,0.062486
16977,21055,0.000000,0.063659
11040,17142,0.000000,0.065877
9026,16977,0.000000,0.045558
17141,29971,0.000000,0.076757
9952,17141,0.000000,0.060556
16977,9026,0.000000,0.048313
9026,9952,0.000000,0.044639
17141,9952,0.000000,0.047017
17839,11040,0.000000,0.031250
9026,17141,0.000000,0.076663
16977,27148,0.000000,0.038492
11040,21055,0.000000,0.056089
21448,9952,0.000000,0.037006
9026,27148,1.000000,0.086008
21448,17142,0.000000,0.059067
21448,17839,0.000000,0.043499
17839,27148,0.000000,0.054110
17142,9952,0.000000,0.043898
17142,9026,0.000000,0.088358
17839,21448,0.000000,0.042879
29971,9952,0.000000,0.042143
11040,29971,0.000000,0.065447
21448,29971,0.000000,0.058548
27148,21055,1.000000,0.085894
16977,17141,0.000000,0.044836
21055,16977,0.000000,0.021492
9952,29971,0.000000,0.061138
17142,11040,0.000000,0.054149
17142,16977,0.000000,0.048131
17839,9026,0.000000,0.063618
27148,9026,1.000000,0.071718
21055,9952,0.000000,0.043330
9026,17839,0.000000,0.060928
21448,11040,0.000000,0.044515
9952,17839,0.000000,0.031485
11040,9026,0.000000,0.059470
17141,27148,0.000000,0.121756
29971,9026,0.000000,0.089336
9952,27148,0.000000,0.117629
17839,17141,0.000000,0.050750
9952,9026,0.000000,0.055492
11040,9952,0.000000,0.044799
21055,17141,0.000000,0.079656
11040,16977,0.000000,0.021473
29971,21448,0.000000,0.061175
16977,17142,0.000000,0.056227
27148,17142,0.000000,0.112743
29971,17142,0.000000,0.085820
9952,11040,0.000000,0.049396
17839,17142,0.000000,0.066484
21448,17141,0.000000,0.056887
21448,16977,0.000000,0.034462
17141,21055,0.000000,0.088380
9026,17142,0.000000,0.082688
29971,17141,0.000000,0.076191
16977,29971,0.000000,0.059519
17142,21448,0.000000,0.062098
9952,16977,0.000000,0.020245
29971,16977,0.000000,0.050586
17142,29971,0.000000,0.086027
16977,11040,0.000000,0.022059
17839,21055,0.000000,0.055919
11040,27148,0.000000,0.115160
16977,17839,0.000000,0.087138
21055,27148,1.000000,0.080918
11040,17141,0.000000,0.063101
21448,21055,0.000000,0.070005
21055,21448,0.000000,0.070565
29808,25477,0.000000,0.709265
7651,13158,0.000000,0.560233
15809,2686,0.681535,0.776908
6043,36129,0.000000,0.321101
31028,33722,0.681535,0.630508
10817,7819,1.000000,0.713483
3640,13571,0.000000,0.160857
27745,13571,0.000000,0.059325
39302,6244,0.000000,0.304769
17255,7818,0.000000,0.584065
8947,19853,0.681535,0.729450
15809,9031,0.685453,0.230780
35346,7652,0.000000,0.252168
2687,36129,0.000000,0.223934
35346,6244,0.681535,0.743842
27001,4043,0.679511,0.599788
28228,28231,0.681535,0.756502
33722,2687,0.000000,0.152408
1594,7819,0.683100,0.678114
25477,37581,0.000000,0.453927
3640,1594,0.000000,0.159109
32709,2686,0.000000,0.101155
21830,36910,1.000000,0.675272
7819,1594,0.683100,0.544309
36910,21015,1.000000,0.674504
4043,37581,0.000000,0.219966
4043,19853,0.681535,0.639950
6244,7651,0.000000,0.671299
13571,7819,1.000000,0.691621
8080,7651,0.000000,0.483368
27745,29358,1.000000,0.072954
28466,13158,1.000000,0.749342
19853,13078,1.000000,0.673002
3239,2686,0.681535,0.432426
2687,9031,0.000000,0.093839
20808,36910,1.000000,0.672541
37581,37959,1.000000,0.945085
2518,33722,0.000000,0.192631
32709,7819,0.000000,0.088351
278,8947,0.000000,0.090089
6244,9031,0.683100,0.209561
12262,28466,0.681535,0.783666
13078,27745,0.000000,0.041306
35346,17255,0.681535,0.634354
28231,3239,0.684376,0.468199
32709,8947,0.000000,0.142598
35346,31028,0.681535,0.650570
31028,13158,0.681535,0.629651
6244,15809,0.683100,0.859012
1594,37959,0.000000,0.393880
31028,25477,0.000000,0.603127
20808,7651,0.000000,0.615269
8947,6043,0.684376,0.510839
25477,6244,0.000000,0.847487
35346,36910,1.000000,0.673683
24241,10817,0.683100,0.717938
37581,32709,0.000000,0.560821
2687,6244,0.000000,0.269892
3640,10246,1.000000,0.196174
21830,21015,1.000000,0.674504
20808,35346,1.000000,0.671860
2518,13078,0.000000,0.192597
6244,4043,0.683100,0.730044
7652,32709,0.000000,0.560821
29358,28228,0.000000,0.579092
10817,21830,0.681535,0.750805
2686,28228,1.000000,0.673002
10817,17255,0.683100,0.695555
29808,10817,0.679511,0.689017
20808,36129,0.000000,0.667098
10246,13078,0.000000,0.151310
20808,7818,0.000000,0.581600
1478,39302,0.000000,0.040789
19853,7818,0.000000,0.580900
3239,10817,0.683100,0.330447
8947,4702,0.000000,0.101707
10246,29358,1.000000,0.169835
19382,2687,0.000000,0.165509
4702,19853,0.000000,0.112799
27001,28466,0.679511,0.827733
13571,39302,0.000000,0.048478
7651,2518,0.000000,0.096865
29808,24241,0.679511,0.634961
28228,12262,0.681535,0.639143
28231,29808,0.679511,0.776456
4043,28466,0.681535,0.702307
28466,25477,0.000000,0.858980
32709,35346,0.000000,0.101155
13708,1478,0.000000,0.613792
29358,27001,0.000000,0.509772
31028,7652,0.000000,0.216226
10817,29358,0.000000,0.623757
27001,7819,0.679511,0.607815
36910,28466,1.000000,0.733698
3239,21015,0.681535,0.432426
24241,9031,0.686384,0.497600
15809,8947,0.684376,0.829442
7819,8080,1.000000,0.615388
15809,2687,0.000000,0.231473
27001,9031,0.679511,0.225700
16107,29703,1.000000,0.081435
22452,909,0.000000,0.083757
7612,474,0.554119,0.119601
4926,38008,0.554119,0.382625
26895,29703,0.557359,0.032632
22452,31932,0.000000,0.006031
30414,21003,0.554119,0.155924
32073,21003,1.000000,0.027815
32310,12964,1.000000,0.840118
4926,22586,0.000000,0.084956
33676,31874,1.000000,0.840118
475,20611,0.000000,0.007444
21003,475,0.000000,0.008938
2307,5184,0.000000,0.049716
9555,13559,1.000000,0.840118
8972,9783,0.000000,0.019198
24950,31932,0.000000,0.006031
11419,13109,0.554119,0.382625
31932,22586,0.682863,0.248290
7374,33676,0.000000,0.007851
11419,24940,1.000000,0.840118
29509,1933,0.000000,0.002762
17893,7612,0.554119,0.221180
1054,17893,0.000000,0.000229
32073,37792,0.554119,0.263218
27051,33676,1.000000,0.840118
15532,1933,0.000000,0.001756
31874,37336,0.000000,0.011129
22452,33676,1.000000,0.840118
18176,20839,0.554119,0.263218
15532,2307,0.000000,0.001438
29498,18176,0.554119,0.382625
34941,38246,0.000000,0.004310
31932,19338,0.000000,0.008643
1909,26895,0.554119,0.090289
22586,32520,0.000000,0.014186
37792,474,1.000000,0.840118
15532,33723,1.000000,0.580500
32520,22452,1.000000,0.840118
33676,6797,0.000000,0.016946
20465,2307,0.000000,0.001438
8415,1054,0.000000,0.002141
34941,2307,0.000000,0.001438
31874,17893,1.000000,0.840118
19338,20839,1.000000,0.840118
7612,26853,0.557359,0.362261
32073,27834,0.554119,0.263218
909,40219,0.682863,0.001827
1054,6797,0.000000,0.016450
6797,1909,0.000000,0.012015
31159,27834,1.000000,0.840118
33723,7612,0.557359,0.466473
1909,909,0.000000,0.083757
27834,32156,0.554119,0.382625
31874,15719,0.554119,0.382625
7374,7612,0.000000,0.003317
1054,33969,0.000000,0.000104
909,29509,0.000000,0.049173
2307,34941,0.000000,0.000342
7612,26895,0.559654,0.378504
19338,21003,0.554119,0.155924
27464,7612,0.554119,0.221180
2307,475,0.000000,0.007865
33723,475,0.000000,0.003095
8972,20839,0.000000,0.019198
20839,40219,0.000000,0.006031
40219,18176,0.000000,0.009504
31874,15532,0.554119,0.382625
37336,20839,0.000000,0.014692
474,37792,1.000000,0.840118
21401,31159,0.000000,0.003482
13559,29703,0.554119,0.322578
21401,30414,0.000000,0.003482
24950,1909,1.000000,0.840118
12964,15532,0.554119,0.382625
909,33723,0.000000,0.071029
5184,32156,0.000000,0.006181
4926,2307,0.000000,0.002436
7374,31159,0.000000,0.007851
30034,32156,0.554119,0.382625
24940,5184,0.000000,0.019234
40219,17893,0.000000,0.008643
8972,21401,0.685698,0.113626
11419,29509,1.000000,0.840118
24950,29509,1.000000,0.840118
27051,9783,1.000000,0.840118
37336,5184,0.685698,0.205924
15719,13559,0.554119,0.263218
20465,1054,0.000000,0.002141
21003,15532,1.000000,0.108260
13559,26853,0.554119,0.382625
32310,24940,1.000000,0.840118
7374,19338,0.000000,0.007851
24156,27051,0.554119,0.119601
4926,29703,0.554119,0.322578
21401,475,0.000000,0.004350
15719,21003,1.000000,0.027815
1933,37336,0.000000,0.008844
8415,29703,1.000000,0.081435
24940,21401,0.000000,0.018027
32533,10985,1.000000,0.275259
32533,29629,0.000000,0.097589
13624,10737,1.000000,0.142035
10985,18601,0.000000,0.003757
10737,10985,0.000000,0.098278
13624,18601,0.000000,0.022264
10985,29630,1.000000,0.096312
32243,32533,0.669923,0.214286
32533,13624,0.000000,0.180911
18601,32243,0.000000,0.047764
10985,37645,0.667861,0.211601
37645,10985,0.667861,0.451446
32533,23258,0.000000,0.101581
32243,10737,0.000000,0.108899
29629,37645,0.000000,0.136256
23258,10737,0.000000,0.078909
10985,13624,0.000000,0.125604
10985,32243,0.669923,0.085107
5406,32243,0.671518,0.121560
29630,37645,0.667861,0.185293
13624,32533,0.000000,0.145289
13624,29630,0.000000,0.151360
29629,13624,0.000000,0.121286
37645,18601,0.000000,0.001967
37645,35226,0.000000,0.044591
15078,23258,0.000000,0.075592
5406,29630,0.669923,0.126647
23258,15078,0.000000,0.077602
29630,10985,1.000000,0.245588
29629,10737,0.000000,0.077831
35226,10737,0.000000,0.070424
5406,37645,0.667861,0.161044
35226,23258,0.000000,0.084550
29629,5406,0.000000,0.126552
32243,10985,0.669923,0.193847
32533,10737,0.000000,0.093579
13624,23258,0.000000,0.155425
35226,18601,0.000000,0.052546
37645,10737,0.000000,0.100021
23258,29629,0.676936,0.066033
10985,15078,0.000000,0.097223
32243,35226,0.000000,0.078661
10737,29630,0.000000,0.125044
18601,13624,0.000000,0.065864
18601,10985,0.000000,0.008808
23258,10985,0.000000,0.032605
15078,35226,0.000000,0.101373
32533,37645,0.667861,0.141388
29629,23258,0.676936,0.043074
23258,29630,0.000000,0.084692
35226,5406,0.000000,0.102460
29629,29630,0.000000,0.128623
18601,29629,0.000000,0.046502
29629,32243,0.000000,0.118121
37645,15078,0.000000,0.120621
5406,32533,0.669923,0.251322
23258,32243,0.000000,0.093494
13624,35226,0.000000,0.122308
32243,23258,0.000000,0.079318
10737,5406,0.000000,0.093644
10737,35226,0.000000,0.092727
15078,32533,0.000000,0.145034
29630,29629,0.000000,0.123034
29630,32533,1.000000,0.251554
37645,32243,0.667861,0.131999
29630,5406,0.669923,0.180843
13624,32243,0.000000,0.163725
18601,37645,0.000000,0.015641
37645,29629,0.000000,0.110012
29630,10737,0.000000,0.113826
10985,10737,0.000000,0.070289
37645,32533,0.667861,0.189577
35226,32243,0.000000,0.097696
10737,37645,0.000000,0.057120
29630,32243,0.669923,0.210422
29629,35226,0.000000,0.041962
10985,29629,0.000000,0.053974
15078,37645,0.000000,0.087606
23258,35226,0.000000,0.036137
32533,29630,1.000000,0.147270
32243,15078,0.000000,0.108728
18601,5406,0.000000,0.004903
32243,29629,0.000000,0.110607
15078,10985,0.000000,0.127859
10737,18601,0.000000,0.041582
32533,18601,0.000000,0.021024
32533,15078,0.000000,0.119735
32243,37645,0.667861,0.164647
5406,10737,0.000000,0.097215
13624,37645,0.000000,0.059803
29629,18601,0.000000,0.026100
13624,29629,0.000000,0.139794
13624,10985,0.000000,0.119339
13624,5406,0.000000,0.109827
15078,29630,0.000000,0.112622
29630,15078,0.000000,0.108006
37645,5406,0.667861,0.294191
29629,32533,0.000000,0.108653
5406,13624,0.000000,0.131820
15078,13624,1.000000,0.122486
16926,14041,0.000000,0.000849
6411,20333,1.000000,0.076714
1228,23484,0.000000,0.083401
524,204,0.000000,0.065201
8317,6411,0.000000,0.056773
14820,10705,0.000000,0.062156
8298,6227,0.000000,0.081611
33977,25394,0.000000,0.221116
30743,16926,0.000000,0.003213
22345,1228,0.000000,0.090070
29753,1784,0.000000,0.026923
11018,6227,0.000000,0.052398
9103,914,0.000000,0.001071
20333,12355,0.000000,0.036907
15867,1036,0.000000,0.076819
1547,1036,0.000000,0.069538
3794,14636,0.000000,0.075060
170,30743,0.000000,0.065520
8596,14713,0.000000,0.145728
1547,13008,0.575492,0.094120
10742,6411,0.000000,0.048907
25394,19232,0.000000,0.088739
32079,20333,0.000000,0.048421
14041,22607,0.000000,0.044657
13008,7411,0.000000,0.103715
7059,48,0.000000,0.012793
19232,6411,0.000000,0.109180
4205,9103,0.000000,0.032846
22607,1036,0.000000,0.058241
7638,12331,0.000000,0.087769
7638,16926,0.000000,0.006431
22607,204,0.000000,0.043639
2586,12331,0.000000,0.024097
9190,14820,0.574436,0.045002
19232,14268,0.000000,0.001508
22345,14713,0.000000,0.029280
19232,32079,0.000000,0.061423
8596,1784,0.000000,0.110833
524,6227,0.000000,0.076762
5108,14636,0.576423,0.049366
16816,9103,0.578694,0.116796
22607,14268,0.573216,0.006070
15867,6227,0.000000,0.053278
7059,8596,0.000000,0.110899
3794,48,0.000000,0.077828
6411,254,0.000000,0.084003
19506,14636,0.000000,0.031710
6228,13544,0.000000,0.020321
14636,7611,0.576423,0.041402
8317,19232,0.000000,0.056393
15693,14636,1.000000,0.037702
12355,25394,0.000000,0.079433
19927,13970,0.000000,0.061578
914,5108,0.000000,0.007109
19232,6496,0.000000,0.076054
1547,5108,0.575492,0.028442
14564,16926,0.000000,0.003067
14268,17782,0.000000,0.001748
14820,25394,0.000000,0.141699
20333,29753,0.000000,0.079306
14820,19232,0.000000,0.074212
19506,9103,0.000000,0.062321
10705,1784,0.000000,0.005131
38149,10705,0.000000,0.090217
14713,4839,0.000000,0.078740
22345,11038,0.000000,0.121672
7411,254,0.000000,0.049007
38149,2586,0.000000,0.047253
7611,29753,0.000000,0.044106
6227,29753,0.000000,0.098087
23484,10705,0.000000,0.076545
6411,1228,0.000000,0.083444
170,3794,0.000000,0.078020
12331,4205,0.000000,0.052579
16926,30743,0.000000,0.002216
8596,9103,0.000000,0.145441
12355,6227,0.000000,0.064037
6496,24454,0.000000,0.036577
9190,1784,0.000000,0.022218
6227,4839,0.000000,0.080823
19232,13970,0.000000,0.063293
15867,48,0.574436,0.058079
524,17782,0.000000,0.231604
13008,4839,0.575492,0.108221
6411,204,0.000000,0.079303
8317,4839,0.000000,0.085209
15867,10742,0.000000,0.059210
4205,14041,0.576423,0.054270
14564,14041,0.000000,0.022743
14820,23484,0.574436,0.102405
12331,22345,0.000000,0.117755
7611,12331,0.000000,0.008961
16816,170,0.000000,0.087480
524,14268,0.574436,0.005445
8298,14564,0.000000,0.087336
1784,17782,0.000000,0.049683
33977,5108,0.000000,0.022290
13970,9190,0.576423,0.059515
8298,11018,0.576423,0.047148
1784,19232,0.000000,0.075483
29237,29494,0.671719,0.026567
1872,7047,0.000000,0.118312
19839,32338,0.675354,0.199171
2607,26716,0.674338,0.008280
10313,3654,0.000000,0.142939
877,6271,0.000000,0.075377
20700,21868,0.675700,0.125640
8439,29664,0.000000,0.090730
1641,18962,0.679312,0.074986
9522,8439,0.000000,0.126812
13973,7724,0.680540,0.002287
9647,7965,0.000000,0.037451
9522,2606,0.680540,0.160647
9647,32338,0.676647,0.105651
21868,27075,0.000000,0.115146
19793,20700,0.000000,0.372435
8431,7797,0.000000,0.088049
1872,1641,0.000000,0.153173
39904,1873,0.000000,0.033397
1872,29237,0.000000,0.005124
2624,11794,0.000000,0.085824
21868,35360,0.000000,0.000130
1378,19793,0.676936,0.003313
1378,21868,0.000000,0.068001
29202,39904,0.000000,0.036326
8439,11593,0.000000,0.001635
2624,7966,0.000000,0.087628
19369,8431,0.000000,0.113407
14027,23095,0.000000,0.055975
13973,33058,0.676936,0.080877
29494,2701,0.671719,0.112724
7724,29237,0.678968,0.029217
10313,9647,0.000000,0.224372
29237,7332,0.000000,0.039317
7332,19369,0.000000,0.099179
1873,2624,0.000000,0.191838
28927,26716,0.000000,0.221104
8431,19793,0.000000,0.235589
7797,1365,0.000000,0.034595
1378,25556,0.676936,0.003861
39904,2606,0.674059,0.508286
23095,1873,0.000000,0.179918
1378,7332,0.000000,0.052977
33058,9522,0.676936,0.080553
20021,35760,0.671719,0.225478
29494,20021,1.000000,0.348333
21868,10313,0.680596,0.255069
877,29237,0.000000,0.008081
877,35760,0.000000,0.015245
29202,35360,0.000000,0.000020
13973,10313,0.000000,0.180327
2701,10313,0.000000,0.108846
18962,1690,0.000000,0.044607
13973,20021,0.671719,0.181762
28927,1378,0.676936,0.002914
877,25556,0.000000,0.015245
20021,20700,0.000000,0.234176
35760,8431,0.000000,0.196951
27075,8431,0.000000,0.114869
23095,9647,0.000000,0.194211
7724,26716,0.000000,0.028746
198,1872,0.680816,0.099753
11846,877,0.000000,0.047302
20021,29494,1.000000,0.433697
4434,7797,0.652117,0.096205
1690,30526,0.000000,0.001544
16285,21868,0.000000,0.154657
38726,1873,0.000000,0.016704
7724,30526,0.000000,0.012300
7724,9647,0.680540,0.037648
35760,9522,0.676936,0.080553
7724,1641,0.000000,0.010289
18962,11794,0.000000,0.044787
10313,1872,0.000000,0.110912
8439,2701,0.000000,0.094606
198,8439,0.672290,0.127053
35360,29664,0.678968,0.000008
35760,8439,0.000000,0.072797
1872,1690,0.000000,0.122787
25556,29059,0.000000,0.137057
7724,11048,1.000000,0.007950
9522,27075,0.000000,0.071536
19839,33058,0.675354,0.206074
23095,33690,0.000000,0.078815
25556,29664,0.676936,0.042092
20700,8431,0.675700,0.253327
2701,8439,0.000000,0.084704
26716,28927,0.000000,0.196523
1378,29664,0.682097,0.047353
21655,34711,0.000000,0.031274
14027,1873,0.000000,0.022241
29202,20700,0.000000,0.051994
39904,26716,0.000000,0.214053
32338,11593,0.676647,0.004169
1690,198,0.000000,0.140963
20021,4434,0.000000,0.082442
2701,39904,0.674059,0.046874
1365,4434,0.000000,0.044029
30526,11593,0.000000,0.001283
7724,21868,0.000000,0.011930
26203,18504,0.000000,0.140001
18800,37185,0.000000,0.071799
5675,9515,0.660138,0.125809
21989,13729,0.000000,0.096785
9356,37185,0.000000,0.103008
17450,9356,0.000000,0.045304
18800,17450,0.660138,0.089124
11565,9515,0.000000,0.080449
21989,8406,0.000000,0.082434
21989,11565,0.000000,0.047520
8276,21989,0.000000,0.081826
26203,37185,0.000000,0.404224
9515,26015,0.000000,0.102526
13729,5675,0.000000,0.102396
26015,37185,0.000000,0.237434
21989,26015,0.000000,0.138595
9356,29689,0.000000,0.065455
8406,5675,0.000000,0.200404
13729,26203,0.000000,0.251295
8406,17450,0.000000,0.118843
12441,9356,0.000000,0.128492
13729,8406,0.000000,0.079648
26015,26203,0.671719,0.505249
18800,29689,0.000000,0.076815
8406,13729,0.000000,0.053515
13729,37185,0.655088,0.128206
8406,9356,0.000000,0.025740
26203,5675,0.000000,0.069613
17450,11565,0.000000,0.081794
5675,29689,0.000000,0.077130
26203,26015,0.671719,0.458854
18504,17450,0.000000,0.073496
12441,11565,0.000000,0.028539
13729,12441,0.000000,0.126887
11565,18800,0.000000,0.091808
26015,8406,0.000000,0.062149
11565,26015,0.000000,0.052769
29689,18800,0.000000,0.093643
17450,26203,0.000000,0.128327
17450,21989,0.000000,0.075108
29689,13729,0.000000,0.136356
5675,18800,0.660138,0.108046
12441,5675,0.000000,0.067333
11565,8406,0.000000,0.122736
29689,18504,0.000000,0.092179
26203,8406,0.000000,0.017050
11565,13729,0.000000,0.049081
11565,5675,0.000000,0.156398
9515,12441,0.000000,0.060263
37185,18504,0.000000,0.095937
11565,9356,0.000000,0.022064
9356,8406,0.000000,0.036508
12441,13729,0.000000,0.144151
37185,8276,0.000000,0.108820
21989,8276,0.000000,0.125127
29689,21989,0.000000,0.089177
37185,29689,0.000000,0.108003
18504,5675,0.000000,0.100499
21989,5675,0.000000,0.101597
13729,9356,0.000000,0.081894
9515,18504,0.000000,0.072296
13729,8276,0.000000,0.128954
9356,18504,1.000000,0.052796
8406,37185,0.000000,0.023680
8276,13729,0.000000,0.089585
29689,5675,0.000000,0.107792
5675,26203,0.000000,0.072637
8406,9515,0.000000,0.089663
9356,26015,0.000000,0.151893
37185,21989,0.000000,0.087456
18800,18504,0.000000,0.073989
18504,9356,1.000000,0.051265
37185,18800,0.000000,0.077903
13729,9515,0.000000,0.077886
21989,26203,0.000000,0.180720
9356,8276,0.000000,0.065940
8276,26015,0.000000,0.119204
18504,13729,0.000000,0.094546
18504,26203,0.000000,0.187468
5675,12441,0.000000,0.070296
9356,17450,0.000000,0.044418
8406,8276,0.000000,0.157168
21989,9515,0.000000,0.059984
9515,13729,0.000000,0.076769
12441,26015,0.000000,0.302090
17450,8276,0.661257,0.171500
26015,17450,0.000000,0.093508
26015,8276,0.000000,0.136156
17450,5675,0.661257,0.140178
21989,37185,0.000000,0.085917
5675,8276,0.663076,0.173555
9356,21989,0.000000,0.047709
18800,9515,1.000000,0.079012
9356,26203,0.000000,0.221121
8276,11565,0.000000,0.111455
17450,8406,0.000000,0.121782
18800,26203,0.000000,0.109344
37185,17450,0.000000,0.082760
21989,17450,0.000000,0.073655
26203,21989,0.000000,0.133706
25653,26723,0.675812,0.068817
495,27267,0.000000,0.041879
10189,30482,0.000000,0.048243
23566,10750,0.675812,0.117759
2732,26723,0.675812,0.084597
494,32651,0.000000,0.068886
26723,23566,0.675812,0.141182
10945,8078,0.000000,0.058068
8078,495,0.000000,0.130456
2732,32952,0.000000,0.150680
27267,10750,0.670878,0.344930
25653,10945,0.675812,0.091862
23566,495,0.000000,0.044166
494,23566,0.000000,0.050849
10945,10090,0.000000,0.052509
4025,8078,0.000000,0.071042
10090,27267,0.000000,0.016508
495,26723,0.000000,0.031786
26723,4025,0.675812,0.102959
10090,4025,0.000000,0.089440
30481,25653,0.000000,0.055106
30482,495,0.000000,0.021391
494,2732,0.000000,0.067846
495,4025,0.000000,0.068287
32952,10945,0.000000,0.275596
4025,10189,0.678680,0.103185
25653,10090,0.000000,0.105741
32952,4025,0.000000,0.133687
30481,2732,0.000000,0.077457
494,10189,0.000000,0.119941
494,27399,0.000000,0.147566
4025,32952,0.000000,0.190216
23566,10189,1.000000,0.088471
27267,10090,0.000000,0.024575
25653,23566,1.000000,0.079668
2732,30482,0.000000,0.047355
32952,495,0.000000,0.047748
10945,23566,0.675812,0.152503
494,10945,0.000000,0.037351
495,494,0.000000,0.095677
26723,27399,0.675812,0.097142
8078,30482,0.000000,0.023207
4025,10750,0.675812,0.103980
27267,10189,0.670878,0.105882
10945,32651,0.673769,0.300900
29962,495,0.000000,0.045652
25653,29962,0.675812,0.080332
10090,8078,1.000000,0.160058
32952,10189,0.000000,0.105533
25653,32651,0.673769,0.118657
26723,30481,0.000000,0.101203
27267,32651,0.670878,0.479080
30482,32651,0.000000,0.212356
10945,27399,0.675812,0.086337
27399,10189,0.678680,0.113035
30481,27267,0.000000,0.434146
495,32651,0.000000,0.066498
2732,27267,0.670878,0.117202
27267,494,0.000000,0.038636
10945,30481,0.000000,0.107863
495,30481,0.000000,0.022249
4025,10090,0.000000,0.073016
4025,32651,0.673769,0.190874
32651,30481,0.000000,0.159946
30481,27399,0.000000,0.084558
29962,10750,1.000000,0.177856
30482,23566,0.000000,0.079252
10090,23566,0.000000,0.041310
26723,25653,0.675812,0.069849
2732,4025,1.000000,0.089095
26723,29962,1.000000,0.216710
10945,27267,0.670878,0.442344
10189,29962,0.675812,0.092453
10090,495,0.000000,0.138892
32651,23566,0.673769,0.200818
10189,32952,0.000000,0.121182
30482,10189,0.000000,0.049019
10750,32952,0.000000,0.256063
29962,32651,0.673769,0.286073
27267,30481,0.000000,0.343127
32952,26723,0.000000,0.207617
10189,26723,0.675812,0.062676
25653,10750,0.675812,0.078300
30481,23566,0.000000,0.078360
32651,27399,0.673769,0.121902
30482,10750,0.000000,0.102809
10750,10189,0.675812,0.067958
30481,10750,0.000000,0.101475
8078,10945,0.000000,0.036807
10189,2732,0.678680,0.068115
23566,10090,0.000000,0.052969
10189,25653,1.000000,0.106347
495,29962,0.000000,0.045357
30481,26723,0.000000,0.079953
8078,27399,0.000000,0.129518
26723,32651,0.673769,0.268656
10750,10945,1.000000,0.144187
29962,27399,0.675812,0.095658
10750,32651,0.673769,0.255307
10945,32952,0.000000,0.301216
24505,10285,0.000000,0.269945
20362,6099,0.679312,0.377660
17376,6099,0.000000,0.219444
18797,17375,0.000000,0.234374
17376,28892,0.000000,0.200511
17376,26818,0.000000,0.182111
18797,27194,0.000000,0.049059
5473,9421,0.676936,0.384253
18797,29542,0.673310,0.126749
10284,6099,0.673310,0.130226
24505,10284,0.673310,0.246818
17375,29542,0.000000,0.152335
29542,24505,0.673310,0.140728
28892,21172,1.000000,0.385199
25890,27194,0.000000,0.185170
28892,20362,0.676936,0.384648
9421,6099,0.679312,0.377660
25890,21172,0.673310,0.139418
6099,5473,0.676936,0.363691
17376,10284,0.000000,0.254895
29542,6099,0.673310,0.130226
18797,9421,0.678225,0.074029
28892,24505,1.000000,0.387332
27194,20362,0.000000,0.104452
24505,29158,0.000000,0.319911
17376,5473,0.000000,0.201836
28892,26818,0.675354,0.364431
26818,10285,0.000000,0.276264
21172,20362,0.676936,0.385206
29542,26818,0.673310,0.150236
6099,10285,0.000000,0.261919
10285,17375,0.000000,0.206442
29542,10285,0.000000,0.291489
29158,17375,0.000000,0.270637
5473,10284,0.673310,0.247621
21172,10285,0.000000,0.269848
24505,27194,0.000000,0.155720
29542,17376,0.000000,0.180637
5473,29542,0.673310,0.247621
29158,25890,0.000000,0.349252
9421,27194,0.000000,0.155764
29158,10284,0.000000,0.349252
28892,5473,1.000000,0.388850
9421,5473,0.676936,0.358834
29542,29158,0.000000,0.234864
20362,27194,0.000000,0.155764
28892,18797,0.676936,0.084714
10284,28892,0.673310,0.140728
17376,10285,0.000000,0.217466
26818,27194,0.000000,0.154424
17375,21172,0.000000,0.058376
25890,5473,0.673310,0.141665
17375,24505,0.000000,0.058680
21172,29158,0.000000,0.318402
29158,9421,0.000000,0.347060
24505,26818,0.675354,0.364431
26818,10284,0.673310,0.270090
18797,10284,0.673310,0.126749
20362,25890,0.673310,0.224181
25890,17375,0.000000,0.173636
10285,26818,0.000000,0.331456
9421,25890,0.673310,0.224181
17375,26818,0.000000,0.063555
17376,18797,0.000000,0.103834
24505,21172,1.000000,0.385199
9421,17375,0.000000,0.165388
17376,27194,0.000000,0.131134
18797,29158,0.000000,0.073418
29158,5473,0.000000,0.332903
9421,17376,0.000000,0.230900
21172,29542,0.673310,0.245691
5473,18797,0.676936,0.084854
26818,5473,0.675354,0.394723
20362,21172,0.676936,0.354288
27194,26818,0.000000,0.135512
5473,21172,1.000000,0.384742
21172,27194,0.000000,0.155644
24505,18797,0.676936,0.084714
29542,5473,0.673310,0.141665
25890,6099,0.673310,0.130226
25890,28892,0.673310,0.140728
10285,29542,0.000000,0.348354
20362,10284,0.673310,0.224181
29158,6099,0.000000,0.343361
9421,29158,0.000000,0.323014
25890,9421,0.673310,0.128190
10284,10285,0.000000,0.291489
27194,10284,0.000000,0.209117
5473,28892,1.000000,0.386922
6099,29542,0.673310,0.226742
10285,21172,0.000000,0.328777
10284,17375,0.000000,0.173636
9421,18797,0.678225,0.082275
21172,5473,1.000000,0.389405
21172,18797,0.676936,0.084516
18797,20362,0.678225,0.074029
26818,6099,0.675354,0.383679
10284,5473,0.673310,0.141665
29542,9421,0.673310,0.128190
27194,24505,0.000000,0.119570
17251,30569,1.000000,0.747048
26497,13787,0.676936,0.322278
31181,5588,0.000000,0.859370
5587,17357,0.000000,0.709705
17251,35965,0.000000,0.779674
14790,17357,0.673310,0.662802
8753,26497,0.675354,0.435103
12169,17251,0.000000,0.749861
17357,14790,0.673310,0.623040
8753,39,0.000000,0.031103
35965,17252,0.000000,0.191166
19177,17251,0.000000,0.749861
17251,38291,0.000000,0.740395
19622,5588,0.000000,0.045427
12170,31181,0.000000,0.224907
35965,14790,0.000000,0.924523
5588,19177,0.000000,0.879008
22524,39,0.000000,0.021099
22524,12169,0.000000,0.648389
14790,17252,0.000000,0.205360
38291,35965,1.000000,0.941777
1399,14790,0.000000,0.201962
5588,12169,0.000000,0.879008
13787,17251,0.673310,0.659143
17252,8753,0.000000,0.226702
14790,35965,0.000000,0.916254
12170,13787,0.000000,0.269168
14790,8753,0.673310,0.738752
38291,14790,0.000000,0.921718
5588,17252,0.000000,0.183894
17251,17357,0.673310,0.613414
5587,1399,0.000000,0.508041
17357,12170,0.000000,0.177961
1399,31181,0.000000,0.441626
39,30569,0.000000,0.058784
19622,31181,0.000000,0.040919
22524,31181,0.000000,0.594079
8753,5198,0.000000,0.000216
5587,26497,0.000000,0.451817
5588,5198,0.000000,0.000220
35965,31181,0.000000,0.414505
35965,38291,1.000000,0.945150
5198,17252,0.000000,0.046825
14790,13787,0.673310,0.634941
17252,17357,0.000000,0.253285
22524,14790,0.673310,0.532548
39,22524,0.000000,0.028583
5587,31181,0.000000,0.732111
39,19177,0.000000,0.045413
8753,38291,0.000000,0.241025
5588,17357,0.000000,0.840651
35965,17357,0.000000,0.441762
39,13787,0.000000,0.042206
26497,5198,0.000000,0.001322
22524,35965,0.000000,0.522194
19622,5198,0.000000,0.001990
19622,17251,1.000000,0.519278
8753,19622,0.673310,0.064661
19177,5198,0.000000,0.000190
17252,31181,0.000000,0.240192
38291,17357,0.000000,0.304987
26497,5587,0.000000,0.370089
30569,12170,0.000000,0.962300
1399,5588,0.000000,0.438696
13787,17357,0.675354,0.857807
31181,14790,0.000000,0.508214
39,8753,0.000000,0.045409
5198,31181,0.000000,0.001062
26497,38291,0.000000,0.068207
8753,19177,0.000000,0.929320
22524,26497,0.675354,0.256304
5587,17251,0.000000,0.550557
12169,17357,0.000000,0.910573
19177,38291,0.000000,0.226563
17252,22524,0.000000,0.124298
39,5588,0.000000,0.043993
5587,5588,0.000000,0.743406
17357,13787,0.675354,0.863948
5588,12170,0.000000,0.143668
26497,17251,0.673310,0.167479
31181,1399,0.000000,0.575859
1399,30569,0.000000,0.080007
12170,19177,0.000000,0.355625
31181,12169,0.000000,0.852313
26497,19622,0.673310,0.104859
13787,26497,0.676936,0.412239
30569,5198,0.000000,0.000573
1399,35965,0.000000,0.138637
19622,30569,1.000000,0.684437
30569,14790,1.000000,0.925092
19622,5587,0.000000,0.075623
26497,12170,0.000000,0.068207
12169,5588,0.000000,0.901349
13787,5198,0.000000,0.000219
12169,12170,0.000000,0.226563
5587,5198,0.000000,0.000355
19177,8753,0.000000,0.930774
19177,17252,0.000000,0.176919
14790,12170,0.000000,0.931304
26497,35965,0.000000,0.097739
24974,32004,0.000000,0.264181
6897,24974,0.000000,0.121056
11093,24974,0.000000,0.140242
15132,24974,0.671098,0.499597
24974,11093,0.000000,0.087117
6897,15131,0.000000,0.021899
15131,24974,0.000000,0.300244
15131,11093,0.000000,0.017973
32004,24974,0.000000,0.320734
6897,11093,1.000000,0.215831
6897,15132,0.000000,0.078778
11093,15132,0.000000,0.081628
11093,32004,0.000000,0.048941
32004,11093,0.000000,0.020262
11093,15131,0.000000,0.018650
15131,15132,0.000000,0.360892
15131,6897,0.000000,0.027835
32004,15131,0.000000,0.506751
15132,15131,0.000000,0.345070
15132,6897,0.000000,0.080065
15132,32004,0.000000,0.438054
11093,6897,1.000000,0.203545
6897,32004,0.000000,0.092490
15132,11093,0.000000,0.060320
32004,15132,0.000000,0.614213
24974,15132,0.671098,0.561042
24974,6897,0.000000,0.123928
32004,6897,0.000000,0.062282
24974,15131,0.000000,0.239604
15131,32004,0.000000,0.409891
31642,33444,0.681727,0.774001
4123,13709,0.000000,0.139680
4174,17104,0.000000,0.013696
31642,32968,0.681727,0.774001
25804,25273,1.000000,0.956844
17752,38032,1.000000,0.152881
32968,24573,0.681727,0.444079
30357,14602,0.000000,0.085794
1740,17104,0.681727,0.416890
35626,38736,1.000000,0.956844
18915,12043,0.000000,0.166800
5167,11767,0.000000,0.012461
1488,21086,0.681727,0.412921
14601,13874,0.000000,0.128012
31642,9360,0.684568,0.439580
8079,31642,0.000000,0.023304
12435,31642,0.684568,0.562506
20695,34406,0.681727,0.183958
5947,14602,0.000000,0.044375
17104,4123,0.000000,0.000895
11767,16207,0.681727,0.486894
18,31642,0.000000,0.038633
18915,19738,0.000000,0.089018
18,18915,0.680816,0.055198
12043,32968,0.000000,0.199697
30357,1740,0.686575,0.235030
37680,20695,0.681727,0.088365
29403,25524,0.681727,0.505671
39110,17752,1.000000,0.378235
12043,18834,0.000000,0.211832
25804,13874,0.681727,0.227037
1488,30357,1.000000,0.145345
19738,25804,0.000000,0.126960
16909,39683,0.000000,0.041807
40407,30300,0.681727,0.463886
39369,4123,0.000000,0.000895
13709,38736,0.000000,0.049064
10538,1708,0.000000,0.016314
17104,4174,0.000000,0.015229
38032,13709,0.000000,0.057873
25524,30357,0.681727,0.261885
37680,1708,0.000000,0.001615
1740,37680,0.681727,0.416890
13709,16439,0.000000,0.051436
1708,8079,0.000000,0.046146
32968,608,0.000000,0.000005
608,38736,0.000000,0.000003
40532,6021,0.000000,0.054816
19738,12435,0.000000,0.053783
21086,30300,0.681727,0.463886
14601,35626,0.000000,0.098534
38032,40407,0.681727,0.380212
39369,38032,0.681727,0.372671
11767,6020,0.000000,0.128854
25524,36613,1.000000,0.956844
17752,18,0.000000,0.060105
1708,32714,0.000000,0.002210
13709,21086,0.000000,0.049064
24573,4174,0.000000,0.031003
40407,31642,0.681727,0.687752
40407,13899,0.681727,0.402166
39110,8079,0.000000,0.056868
37680,37600,0.000000,0.241819
25524,17166,0.681727,0.389727
20695,16909,0.000000,0.092026
17166,38736,0.681727,0.457380
608,13709,0.691745,0.001967
6020,14602,0.000000,0.064918
39683,34406,1.000000,0.956844
18,290,0.000000,0.039002
21086,1740,0.681727,0.354728
19738,5947,0.000000,0.077031
37680,6021,0.000000,0.054816
12435,24573,0.684568,0.244871
37600,39110,0.000000,0.217777
38032,1488,1.000000,0.103425
13709,8079,0.685671,0.079876
4174,1740,0.000000,0.042126
39369,29032,0.681727,0.337849
15347,31642,0.684568,0.450098
13709,15347,0.000000,0.058964
290,21086,0.000000,0.004947
40196,17104,1.000000,0.956844
21086,13874,0.681727,0.227037
17104,39369,1.000000,0.956844
1708,4174,1.000000,0.016911
21086,15347,0.681727,0.326354
11767,35626,1.000000,0.956844
6020,16909,0.000000,0.060718
25524,11767,1.000000,0.956844
16207,13874,0.684568,0.191161
17752,16439,0.000000,0.087364
38736,38032,0.681727,0.372671
6020,9911,0.000000,0.044375
14602,31080,0.000000,0.074906
40407,6020,0.000000,0.128854
40532,39369,1.000000,0.956844
25804,39110,0.681727,0.294154
18834,14601,0.000000,0.188160
25273,13709,0.000000,0.069454
24435,8003,0.686311,0.205644
35313,5246,0.679892,0.293388
15872,8941,0.000000,0.023198
40143,21504,0.679892,0.265229
8362,38850,0.684754,0.122407
36733,8941,0.000000,0.015900
21504,32656,0.684754,0.233890
28035,35313,1.000000,0.160412
8941,24865,0.000000,0.047623
40143,13483,0.679892,0.153848
4569,5246,0.000000,0.012875
21504,8941,0.000000,0.033925
35313,11682,0.682741,0.112647
38742,9518,0.682741,0.135331
6583,15872,0.682741,0.013242
21504,7108,0.684754,0.088099
8003,10449,0.684754,0.086999
26749,8003,0.682741,0.087726
22842,11682,1.000000,0.144142
4257,27419,0.679892,0.066808
6138,4569,0.000000,0.093292
38742,5246,0.679892,0.444967
4811,2021,0.000000,0.006740
28652,22842,0.684754,0.094458
2020,38437,0.679892,0.120379
32386,35313,0.682741,0.124440
5246,22842,0.679892,0.362331
1171,4257,0.679892,0.027246
29273,5246,0.679892,0.044819
14926,5246,1.000000,0.956735
34725,26008,0.687580,0.048138
24435,24865,1.000000,0.218572
37010,25503,0.679892,0.443530
37047,38850,0.679892,0.133735
13483,14926,0.679892,0.266504
6138,5246,0.679892,0.025747
6138,2020,0.688650,0.087837
32656,28035,0.682741,0.185010
37047,34725,0.679892,0.033223
24865,37047,0.679892,0.412920
5246,32386,0.679892,0.114404
11682,27385,1.000000,0.092509
2021,35313,0.000000,0.002549
28624,35313,0.679892,0.284208
2020,22842,0.684754,0.055918
35313,14926,0.679892,0.293388
34954,28652,0.679892,0.077191
33812,27419,0.682741,0.059473
8724,38850,0.686311,0.079486
4811,1126,0.684754,0.066619
8003,14926,0.679892,0.180127
8003,5544,0.000000,0.069185
34954,18023,0.679892,0.151022
4257,20474,0.679892,0.102487
25503,7576,0.679892,0.307605
11682,4413,0.684754,0.062035
38742,6138,0.682741,0.033565
6583,1126,0.689576,0.049612
5246,39253,0.679892,0.292889
13483,32656,0.684754,0.143451
7108,25503,0.679892,0.162272
28563,18023,0.684754,0.079415
28624,18023,0.679892,0.151022
28624,4413,0.679892,0.096873
39253,40143,0.679892,0.301864
34725,8362,0.684754,0.061211
37047,34954,1.000000,0.956735
39253,8003,0.682741,0.088047
9518,28563,0.684754,0.114226
11682,1171,0.684754,0.081513
9518,7108,0.687580,0.097298
2020,2021,0.000000,0.023479
5544,6583,0.000000,0.031067
38742,37010,1.000000,0.298971
21504,9518,0.684754,0.140081
28652,8941,0.000000,0.055605
24865,29273,1.000000,0.055244
9518,35313,0.682741,0.141829
5544,33812,0.000000,0.019801
14926,8003,0.679892,0.128691
15872,26749,1.000000,0.453390
40143,38437,1.000000,0.956735
24865,4569,0.000000,0.032697
8003,8362,0.684754,0.114863
18023,40143,0.679892,0.182960
14926,13483,0.679892,0.153848
24865,7576,0.684754,0.098798
32386,18023,0.684754,0.136597
25503,38742,0.679892,0.427663
7576,38850,0.684754,0.084087
26749,35313,1.000000,0.450630
29273,8724,0.686311,0.060936
4811,8724,0.684754,0.050831
29273,8362,0.684754,0.046856
4257,2020,0.679892,0.105283
33812,4569,0.000000,0.007364
32386,9518,0.684754,0.128513
7576,15872,0.682741,0.261601
29273,4811,0.684754,0.030118
32656,38850,1.000000,0.140197
8170,25470,0.000000,0.145604
33928,16419,0.000000,0.042340
16619,16609,0.000000,0.370083
16419,37994,0.000000,0.027318
16609,25469,0.000000,0.175674
16609,16619,0.000000,0.343281
25470,16609,0.000000,0.049184
32883,25470,0.000000,0.024936
33928,32883,0.540012,0.159269
37124,16419,0.000000,0.041954
37994,33928,0.000000,0.035105
16619,25470,0.000000,0.062078
37124,32883,0.000000,0.160906
33928,25470,0.000000,0.045490
2403,33928,0.540012,0.278652
37994,25469,0.000000,0.038859
33928,16609,0.000000,0.159573
32883,16619,0.000000,0.118633
8170,37124,0.000000,0.060937
16609,33928,0.000000,0.158143
25469,8170,0.000000,0.080439
28316,16619,0.000000,0.022491
2403,25469,0.000000,0.461110
25470,25469,0.000000,0.030410
16619,37124,0.000000,0.203025
2403,8170,0.000000,0.047691
8170,37994,0.000000,0.124739
37124,2403,0.000000,0.288339
25470,32883,0.000000,0.012588
25470,33928,0.000000,0.032479
33928,16619,0.000000,0.184023
25469,28316,0.000000,0.013228
32883,16419,0.000000,0.029511
8170,16609,0.000000,0.108012
37124,33928,0.000000,0.451560
37994,2403,0.000000,0.019062
25470,28316,0.000000,0.013477
37994,37124,0.000000,0.034376
32883,37124,0.000000,0.111117
16619,33928,0.000000,0.207260
33928,28316,0.000000,0.006131
32883,2403,0.542324,0.126005
37994,16609,0.000000,0.057536
25469,16609,0.000000,0.262087
2403,25470,0.000000,0.032973
28316,2403,0.000000,0.004197
8170,25469,0.000000,0.069089
28316,16609,0.000000,0.014536
25469,16619,0.000000,0.269989
25469,33928,0.000000,0.519464
16609,37994,0.000000,0.054186
2403,37124,0.000000,0.284450
33928,25469,0.000000,0.543281
37994,32883,0.000000,0.008551
37994,16619,0.000000,0.066332
16609,37124,0.000000,0.154855
32883,28316,0.000000,0.004047
16419,16619,0.000000,0.094528
16609,32883,0.000000,0.066327
8170,16619,0.000000,0.154083
16609,25470,0.000000,0.041303
32883,33928,0.540012,0.110738
16619,2403,0.000000,0.118757
28316,16419,1.000000,0.014114
25470,37994,0.000000,0.026400
8170,16419,1.000000,0.162446
37994,8170,0.000000,0.112239
8170,2403,0.000000,0.040985
2403,16609,0.000000,0.106841
33928,37994,0.000000,0.037148
2403,37994,0.000000,0.020517
16619,16419,0.000000,0.046860
25469,37994,0.000000,0.055513
8170,28316,1.000000,0.062787
25470,37124,0.000000,0.031871
37994,28316,0.000000,0.006371
37994,16419,0.000000,0.017563
37124,16619,0.000000,0.179894
25470,8170,0.000000,0.161286
37124,25469,0.000000,0.548023
16419,28316,1.000000,0.020561
37994,25470,0.000000,0.025596
28316,33928,0.000000,0.007651
28316,25469,0.000000,0.009395
16419,2403,0.000000,0.027798
2403,16619,0.000000,0.122360
32883,37994,0.000000,0.019728
37124,25470,0.000000,0.044925
32883,25469,0.000000,0.178184
25470,16619,0.000000,0.068404
16609,2403,0.000000,0.088975
28316,37994,0.000000,0.010256
37124,16609,0.000000,0.155495
8170,33928,0.000000,0.061991
25469,2403,0.000000,0.390069
16609,16419,0.000000,0.034251
16619,28316,0.000000,0.014495
25470,16419,0.000000,0.044253
16619,25469,0.000000,0.203456
37124,37994,0.000000,0.036206
17068,9738,0.000000,0.141340
26099,35421,1.000000,0.961973
9738,9697,0.668819,0.597621
14458,10906,0.000000,0.199084
30600,24731,0.000000,0.715217
35421,14458,0.000000,0.210395
10206,13653,0.000000,0.080319
13653,24731,0.000000,0.167564
23597,14459,1.000000,0.948170
17068,26099,0.000000,0.146163
9697,26099,1.000000,0.961973
33551,14459,1.000000,0.948170
30600,26099,0.000000,0.671079
1027,10906,0.000000,0.043007
24731,10207,0.000000,0.948293
33551,17068,1.000000,0.157897
17068,9697,0.000000,0.146163
17068,30600,0.000000,0.102179
9738,30601,0.670878,0.685388
9738,13653,0.000000,0.277943
30501,10906,0.000000,0.036387
13653,14458,0.000000,0.018540
30501,26099,1.000000,0.961973
14459,23597,1.000000,0.948170
17068,1027,1.000000,0.195987
35421,14459,0.000000,0.951827
10207,10906,0.000000,0.046299
26099,1027,0.000000,0.071004
24731,14458,0.000000,0.313574
17068,30501,0.000000,0.146163
24731,23597,1.000000,0.948170
30501,9738,0.668819,0.488906
24731,26099,0.000000,0.943900
1027,17068,1.000000,0.211942
10906,24731,0.000000,0.033618
10207,14458,0.000000,0.235912
10207,35421,0.000000,0.955419
33551,30600,0.000000,0.824131
23597,30601,0.000000,0.559724
30501,10206,0.000000,0.551705
14459,1027,1.000000,0.064170
10206,9738,0.000000,0.073666
9738,10206,0.000000,0.109188
33551,24731,1.000000,0.948170
23597,9738,0.000000,0.464256
14458,26099,0.000000,0.149120
10206,14459,0.000000,0.750467
30501,13653,0.000000,0.233737
10207,9697,0.000000,0.955419
1027,10207,0.000000,0.138693
10207,33551,0.000000,0.955134
24731,13653,0.000000,0.278910
23597,17068,1.000000,0.157897
30501,10207,0.000000,0.966039
30600,33551,0.000000,0.715217
35421,30601,0.668819,0.587529
13653,33551,0.000000,0.167564
10206,9697,0.000000,0.392455
33551,10906,0.000000,0.047752
23597,30501,0.000000,0.943900
1027,30600,0.000000,0.085279
30600,9738,0.000000,0.442403
23597,26099,0.000000,0.943900
17068,13653,0.000000,0.118401
30600,23597,0.000000,0.715217
26099,24731,0.000000,0.951827
30601,17068,0.000000,0.128234
26099,9738,0.668819,0.488906
30600,14458,0.000000,0.139859
9738,35421,0.668819,0.597621
24731,10906,0.000000,0.047752
10207,13653,0.000000,0.205702
14458,14459,0.000000,0.312631
1027,14459,1.000000,0.127846
10207,30601,0.000000,0.550698
14458,24731,0.000000,0.312631
10906,26099,0.000000,0.022386
35421,17068,0.000000,0.131525
30600,35421,0.000000,0.671079
10206,35421,0.000000,0.392455
10906,14458,0.000000,0.177021
1027,23597,1.000000,0.127846
14458,9738,0.000000,0.024524
1027,30501,0.000000,0.146957
14458,10207,0.000000,0.170868
30501,9697,1.000000,0.961973
30601,23597,0.000000,0.537617
33551,1027,1.000000,0.064170
30501,1027,0.000000,0.071004
23597,10207,0.000000,0.948293
9697,1027,0.000000,0.071004
1027,26099,0.000000,0.146957
35421,23597,0.000000,0.951827
9738,14458,0.000000,0.038071
10206,33551,0.000000,0.750467
33551,13653,0.000000,0.278910
24731,30601,0.000000,0.559724
26099,10206,0.000000,0.551705
10207,10206,0.000000,0.572138
24731,14459,1.000000,0.948170
4161,1244,1.000000,0.623128
39773,27997,0.000000,0.253374
39773,1244,0.000000,0.019552
27997,4161,0.000000,0.016337
39773,18307,0.000000,0.505815
18307,27997,0.000000,0.073061
18306,1244,0.000000,0.012564
18307,4161,0.000000,0.093558
1244,4161,1.000000,0.402880
4161,39773,0.000000,0.025719
39773,18306,0.000000,0.070094
27997,18306,0.000000,0.677851
4161,27997,0.000000,0.011501
1244,18307,0.000000,0.085484
18306,27997,0.000000,0.499870
1244,18306,0.000000,0.026153
18306,4161,0.000000,0.018922
18306,39773,0.000000,0.035332
4161,18307,0.000000,0.052568
1244,27997,0.000000,0.020998
39773,4161,0.000000,0.041271
27997,18307,0.000000,0.032451
27997,39773,0.000000,0.146264
18307,39773,0.000000,0.464515
4161,18306,0.000000,0.013888
18306,18307,0.000000,0.019115
27997,1244,0.000000,0.010666
1244,39773,0.000000,0.023272
18307,18306,0.000000,0.036511
18307,1244,0.000000,0.071069
7801,3639,0.686384,0.604776
24858,18692,0.686384,0.636691
29011,13141,0.686384,0.592904
16728,12266,0.687936,0.690445
10209,14470,1.000000,0.619604
2645,36174,0.687936,0.457093
36308,8287,0.686384,0.619829
1593,3410,0.000000,0.008304
34348,27103,0.686384,0.605708
825,34348,0.691192,0.670842
13141,12266,0.692731,0.547967
4896,5442,0.686384,0.443527
28923,3410,0.000000,0.014400
10083,18113,0.691192,0.588991
30798,29011,0.686384,0.838121
36308,14326,0.686384,0.610193
36308,10209,1.000000,0.621580
16728,19635,0.000000,0.052407
4896,26682,0.686384,0.509957
19865,7818,0.689201,0.568802
13141,11832,0.687936,0.589731
18444,23751,0.690269,0.570463
4529,825,0.689201,0.613875
23027,1593,0.686384,0.768290
19865,10209,0.686384,0.693461
24858,12266,0.690269,0.619057
14470,4482,0.686384,0.612962
2318,12266,0.000000,0.075351
23617,4896,0.687936,0.592825
34348,7362,0.691192,0.650315
21982,11832,0.687936,0.574916
20205,23027,0.686384,0.900908
18692,20205,0.686384,0.579080
12266,21982,0.692005,0.587051
7818,19635,0.000000,0.022470
2252,10209,1.000000,0.653946
7362,14326,0.691192,0.594780
26715,18113,0.686384,0.606683
20205,12433,0.686384,0.902838
24391,26682,1.000000,0.279476
33944,24858,0.686384,0.616634
16820,13141,0.692005,0.581038
32150,19865,0.686384,0.255045
825,19030,0.686384,0.732793
29011,18692,1.000000,0.697496
26715,2252,1.000000,0.620008
11167,4529,0.686384,0.633377
7276,16820,0.000000,0.490081
16728,1593,0.687936,0.708753
26682,30798,0.686384,0.240846
15005,16728,1.000000,0.837100
24391,13598,0.686384,0.621929
26682,15005,0.686384,0.252699
5442,28923,1.000000,0.846281
5442,24858,0.686384,0.767954
24858,19030,0.686384,0.654713
7818,11832,0.687936,0.553550
19030,16728,0.686384,0.803989
13598,24391,0.686384,0.473790
1593,36308,0.686384,0.638308
7818,36308,0.686384,0.533914
24391,18692,1.000000,0.708595
12433,18113,0.686384,0.655554
27103,30798,0.686384,0.430806
18444,19865,0.689201,0.414518
1593,18444,0.689201,0.598693
36308,30798,0.686384,0.543909
5442,21982,0.686384,0.640460
1593,7362,0.689201,0.621803
18692,13598,0.686384,0.610896
19865,30798,0.687936,0.824964
10083,11167,0.686384,0.738245
21982,9575,0.686384,0.553246
32150,14326,0.686384,0.287440
33944,15005,0.686384,0.559654
23617,5442,0.686384,0.702399
11832,4482,0.687936,0.594770
15005,15150,0.687936,0.414295
19635,3639,0.000000,0.054974
23027,11167,1.000000,0.905527
4529,7818,0.689201,0.609126
2733,2318,0.000000,0.049634
26715,1593,0.686384,0.627714
25255,3640,0.000000,0.086391
8287,18692,0.686384,0.608732
36174,24391,0.686384,0.852041
16728,3640,0.000000,0.087439
2318,3410,0.000000,0.168024
27103,33944,1.000000,0.501523
36308,19030,1.000000,0.636457
10083,13141,0.692731,0.588045
19030,2735,0.686384,0.739434
4888,7362,0.000000,0.684583
15150,16820,0.692005,0.264700
35844,18113,0.687936,0.608980
2252,30798,0.686384,0.767753
11167,19635,0.000000,0.150135
19865,19030,0.686384,0.818173
4482,23027,0.686384,0.604013
12266,2735,0.692731,0.575463
9893,8875,0.000000,0.037847
10013,9893,0.000000,0.095894
10013,26740,0.000000,0.102120
8583,10013,0.000000,0.036462
26739,10013,0.000000,0.067896
8583,9893,0.000000,0.030097
26740,9893,0.000000,0.101844
26740,4475,0.000000,0.026655
8875,8583,0.000000,0.047458
10013,8875,0.000000,0.068945
10013,4475,0.000000,0.044689
8875,9893,0.000000,0.075169
4475,26740,0.000000,0.016921
8875,26739,0.649134,0.042023
9893,26740,0.000000,0.090748
26739,26740,0.000000,0.092297
4475,8583,1.000000,0.096346
8875,10013,0.000000,0.120033
26739,8583,0.000000,0.013974
8583,26739,0.000000,0.009125
26740,8875,0.000000,0.029444
8583,4475,1.000000,0.132972
8875,4475,0.000000,0.059957
4475,10013,0.000000,0.035576
26740,10013,0.000000,0.076446
4475,26739,0.000000,0.012038
9893,26739,0.000000,0.045924
9893,10013,0.000000,0.070279
26739,4475,0.000000,0.019606
8583,8875,0.000000,0.031047
26740,8583,0.000000,0.017573
8875,26740,0.000000,0.044428
4475,9893,0.000000,0.030533
26739,8875,0.649134,0.048194
26739,9893,0.000000,0.066037
26740,26739,0.000000,0.061616
4475,8875,0.000000,0.049078
8583,26740,0.000000,0.015790
10013,8583,0.000000,0.033172
9893,4475,0.000000,0.039883
10013,26739,0.000000,0.072025
9893,8583,0.000000,0.027985
16488,9609,0.542967,0.057344
738,8811,0.000000,0.048423
25961,13690,0.000000,0.160428
21222,8383,0.000000,0.087176
2833,28135,0.000000,0.004526
35313,737,0.000000,0.039003
8811,9609,0.000000,0.050142
13690,8811,0.000000,0.066317
13690,28097,0.000000,0.029770
22005,35313,0.000000,0.021696
8384,25961,0.000000,0.133791
13689,8383,0.000000,0.128309
21222,738,0.000000,0.048396
19938,16488,0.000000,0.103561
22005,16488,0.000000,0.016475
19938,25961,0.673310,0.218101
2833,8811,1.000000,0.049077
39852,8384,0.000000,0.015651
28135,8384,0.000000,0.033477
32052,39852,0.666754,0.613662
19938,35313,0.000000,0.136890
8383,21222,0.000000,0.087794
22005,738,0.000000,0.064500
25961,19938,0.673310,0.202194
32052,16488,0.000000,0.215473
39852,2833,0.000000,0.007761
16488,19938,0.000000,0.113888
738,32052,0.000000,0.044832
13689,28097,0.000000,0.111051
8811,738,0.000000,0.050142
9609,39852,0.000000,0.043217
35313,9609,0.542967,0.055392
28135,21222,0.000000,0.124737
2833,35313,0.000000,0.005601
738,21222,0.000000,0.060438
737,16488,0.000000,0.026925
13690,21222,0.000000,0.048404
8811,21222,0.000000,0.028453
13689,25961,1.000000,0.218168
32052,13689,0.671719,0.257682
8811,737,0.000000,0.031531
737,2833,0.000000,0.015468
35313,39852,0.000000,0.298460
28135,13689,0.000000,0.094984
738,39852,0.000000,0.043217
16488,8384,0.000000,0.032659
2833,39852,0.000000,0.006433
28135,737,0.000000,0.040351
32052,28097,0.000000,0.233497
28097,8383,0.000000,0.066386
737,35313,0.000000,0.023534
28135,8811,0.000000,0.027383
8811,25961,0.000000,0.137568
13689,13690,0.000000,0.144335
16488,25961,0.000000,0.153572
32052,8383,0.000000,0.131229
13689,32052,0.671719,0.224302
13689,21222,0.000000,0.146607
13689,28135,0.000000,0.106866
21222,13689,0.000000,0.135867
8384,19938,0.000000,0.075747
738,737,0.000000,0.040630
738,22005,0.000000,0.053121
738,28135,0.542967,0.076240
16488,13690,0.000000,0.032203
28135,25961,0.000000,0.160352
8383,19938,0.000000,0.094167
32052,28135,0.000000,0.226254
8383,13689,0.000000,0.138701
13689,22005,0.000000,0.080050
2833,737,0.000000,0.012124
8383,16488,0.000000,0.066705
737,8384,0.000000,0.021581
25961,22005,0.000000,0.110573
28097,2833,0.000000,0.006916
737,9609,0.000000,0.022272
25961,738,0.000000,0.071028
8384,13689,0.000000,0.082414
28097,9609,0.000000,0.056749
39852,25961,0.666754,0.379308
8383,35313,0.000000,0.079270
8384,35313,0.000000,0.031318
22005,737,0.000000,0.029505
2833,9609,0.000000,0.026787
35313,8383,0.000000,0.076565
22005,32052,0.000000,0.043498
22005,9609,0.000000,0.064500
39852,22005,0.000000,0.022030
28135,8383,0.000000,0.064218
9609,737,0.000000,0.040630
8384,39852,0.000000,0.027418
28097,16488,0.000000,0.446988
2833,13689,0.000000,0.049820
28097,32052,0.000000,0.192498
737,39852,0.000000,0.009974
25961,35313,0.000000,0.269946
35313,738,0.542967,0.055392
35313,13690,0.000000,0.041005
9609,13690,0.000000,0.074692
13689,39852,0.666754,0.171137
23092,27887,0.666754,0.265835
39064,23092,1.000000,0.954810
39064,25798,0.000000,0.096677
39064,10933,0.000000,0.014862
39064,8203,0.666754,0.492691
19971,2572,0.000000,0.149855
23092,19971,0.666754,0.050701
10933,2571,0.000000,0.066604
2571,8203,0.669663,0.353737
27887,23092,0.666754,0.389778
8203,23092,0.666754,0.675378
25798,39064,0.000000,0.102421
27887,25798,0.000000,0.145352
19971,10933,0.000000,0.110178
10933,27887,0.000000,0.027002
23092,2571,0.666754,0.386769
25798,27887,0.000000,0.103850
10933,8203,0.000000,0.026316
10933,19971,0.000000,0.150628
2572,25798,0.000000,0.176141
2572,10933,0.000000,0.164837
23092,10933,0.000000,0.014862
19971,39064,0.666754,0.060703
10933,25798,1.000000,0.190451
23092,39064,1.000000,0.954810
10933,23092,0.000000,0.018603
10933,2572,0.000000,0.202116
25798,2571,0.000000,0.170615
8203,10933,0.000000,0.022800
27887,2571,1.000000,0.504754
2571,10933,0.000000,0.061371
2571,23092,0.666754,0.458729
2572,2571,0.000000,0.138367
19971,25798,0.000000,0.136435
19971,23092,0.666754,0.060703
2572,27887,0.000000,0.096875
19971,2571,0.671719,0.109158
27887,2572,0.000000,0.116263
25798,19971,0.000000,0.149001
25798,10933,1.000000,0.140225
2571,27887,1.000000,0.417423
39064,2571,0.666754,0.386769
8203,19971,0.669663,0.072344
39064,19971,0.666754,0.050701
25798,8203,0.000000,0.098617
39064,2572,0.000000,0.099388
8203,39064,0.666754,0.675378
2571,19971,0.671719,0.094543
27887,10933,0.000000,0.051283
10933,39064,0.000000,0.018603
8203,25798,0.000000,0.137456
2572,23092,0.000000,0.067704
23092,2572,0.000000,0.099388
2572,19971,0.000000,0.127407
19971,8203,0.669663,0.075434
27887,8203,0.669663,0.203742
8203,27887,0.669663,0.178943
2572,39064,0.000000,0.067704
27887,39064,0.666754,0.389778
23092,8203,0.666754,0.492691
23092,25798,0.000000,0.096677
39064,27887,0.666754,0.265835
19971,27887,0.671719,0.063653
2571,39064,0.666754,0.458729
25798,23092,0.000000,0.102421
2572,8203,0.000000,0.102779
25798,2572,0.000000,0.185699
8203,2571,0.669663,0.430415
2571,2572,0.000000,0.162374
27887,19971,0.671719,0.061480
8203,2572,0.000000,0.071034
2571,25798,0.000000,0.151518
10994,12564,0.674865,0.407838
29181,15461,0.000000,0.059675
38866,15461,0.672818,0.650960
2384,598,0.000000,0.004568
6431,598,0.000000,0.095031
6432,21480,0.000000,0.044306
32185,598,0.000000,0.566760
598,38866,0.000000,0.036571
6432,15245,0.000000,0.176368
32185,10994,0.000000,0.052126
2384,26463,0.000000,0.107154
21480,15461,0.672818,0.363780
15245,38866,0.000000,0.116288
6432,29181,0.000000,0.093379
15461,2384,0.000000,0.037608
26463,10994,0.669923,0.206023
34044,6431,0.000000,0.127311
10994,2384,0.000000,0.109218
38866,6431,0.669923,0.681810
26463,6432,0.000000,0.118944
10994,26463,0.669923,0.182854
6431,21480,0.669923,0.660897
26463,21480,0.669923,0.660897
10994,38866,0.672818,0.222620
34044,21480,0.000000,0.066201
34044,15461,0.000000,0.103931
29181,21480,0.000000,0.046776
12564,598,0.000000,0.163775
38866,26463,0.669923,0.681810
15245,21480,0.000000,0.139355
10994,32185,0.000000,0.107813
12564,6431,0.669923,0.465055
15461,10994,0.674865,0.117815
6431,38866,0.669923,0.490381
26463,12564,0.669923,0.421637
32185,21480,0.000000,0.124815
15245,10994,0.000000,0.394960
598,34044,0.000000,0.016858
29181,38866,0.000000,0.075520
15461,21480,0.672818,0.496827
29181,26463,0.000000,0.117269
15245,6432,0.000000,0.201123
6432,12564,0.000000,0.234359
10994,598,0.000000,0.047157
26463,34044,0.000000,0.133261
12564,10994,0.674865,0.427063
598,15245,0.000000,0.015447
29181,598,0.000000,0.004838
2384,34044,1.000000,0.130880
6431,15461,0.669923,0.421414
34044,12564,0.000000,0.280072
21480,29181,0.000000,0.054256
34044,2384,1.000000,0.091040
10994,15245,0.000000,0.256231
32185,38866,0.000000,0.091296
15461,6432,0.000000,0.050538
6432,598,0.000000,0.035472
15461,26463,0.669923,0.636714
15461,32185,0.000000,0.104905
26463,32185,0.000000,0.177268
34044,598,0.000000,0.020887
34044,32185,0.000000,0.039300
10994,15461,0.674865,0.189755
15461,598,0.000000,0.106864
26463,6431,1.000000,0.955533
6432,34044,0.000000,0.256214
26463,38866,0.669923,0.490381
29181,6432,0.000000,0.139594
34044,29181,1.000000,0.117401
6431,26463,1.000000,0.955533
38866,6432,0.000000,0.067679
29181,6431,0.000000,0.117269
6432,32185,0.000000,0.064574
2384,10994,0.000000,0.186348
6431,29181,0.000000,0.077331
34044,6432,0.000000,0.253145
38866,29181,0.000000,0.109684
21480,34044,0.000000,0.104630
598,15461,0.000000,0.036122
29181,10994,0.000000,0.166131
6431,32185,0.000000,0.177268
598,10994,0.000000,0.024896
34044,26463,0.000000,0.127311
6432,2384,0.000000,0.105165
21480,2384,0.000000,0.105092
34044,38866,0.000000,0.128696
15461,15245,0.000000,0.109714
2384,6431,0.000000,0.107154
15245,32185,0.000000,0.017376
21480,38866,1.000000,0.424112
6432,15461,0.000000,0.077201
15245,34044,1.000000,0.275531
12564,32185,0.000000,0.473935
21480,32185,0.000000,0.143921
32185,26463,0.000000,0.142061
10994,6431,0.669923,0.182854
2384,12564,0.000000,0.081395
26463,29181,0.000000,0.077331
6431,12564,0.669923,0.421637
38866,598,0.000000,0.093644
7153,12917,0.000000,0.038497
10163,12917,0.000000,0.039030
10163,7153,0.000000,0.060732
12457,12917,0.000000,0.036308
798,7154,0.000000,0.059355
7153,31964,0.000000,0.053364
12917,12456,0.000000,0.029212
7154,20209,0.000000,0.034252
12457,17150,0.000000,0.034616
3790,7154,0.000000,0.041494
5616,7153,0.000000,0.043187
17241,798,0.000000,0.027596
10163,31964,0.000000,0.053798
5616,7154,0.000000,0.060275
798,3791,0.000000,0.056519
19357,17150,0.000000,0.036429
10163,7154,0.000000,0.047846
31964,20209,0.000000,0.073331
19357,798,0.000000,0.061650
3791,798,0.000000,0.049958
5616,3790,0.000000,0.039573
12456,3791,0.000000,0.036244
10163,12456,0.000000,0.058248
19357,31964,0.000000,0.045951
17241,17150,0.000000,0.055342
31964,17150,0.000000,0.062134
7153,5616,0.000000,0.038646
12457,31964,0.000000,0.038242
3790,798,0.000000,0.029920
10163,798,0.000000,0.036598
17150,3790,0.000000,0.052462
3790,10163,0.000000,0.053500
12456,3790,0.000000,0.064098
7154,17241,0.000000,0.038831
20209,12917,0.000000,0.027355
7153,12456,0.000000,0.059022
19357,12917,0.000000,0.054882
12457,19357,0.000000,0.036269
3791,10163,0.000000,0.044890
20209,10163,0.000000,0.069873
17150,7153,0.000000,0.056279
20209,12456,0.674338,0.141394
12456,31964,0.000000,0.059398
12917,17241,0.000000,0.036508
3791,7153,0.000000,0.044018
12457,17241,0.000000,0.039345
12456,7153,0.000000,0.071282
7154,798,0.000000,0.041455
3791,19357,0.000000,0.045737
7153,20209,0.000000,0.059032
7154,12457,0.000000,0.036950
3791,17241,0.000000,0.040609
19357,5616,0.000000,0.066356
19357,3791,0.000000,0.047446
798,12456,0.000000,0.022517
3791,17150,0.000000,0.035975
7153,17241,0.000000,0.060233
3791,31964,0.000000,0.044905
3791,12457,0.000000,0.035043
12456,5616,0.000000,0.021391
19357,7153,0.000000,0.049116
17150,3791,0.000000,0.032412
17241,12456,0.000000,0.063685
12917,12457,0.000000,0.036539
17241,12917,0.000000,0.029762
3790,5616,0.000000,0.030637
12457,798,0.000000,0.035002
7153,12457,0.000000,0.045795
3790,3791,0.000000,0.033536
10163,5616,0.000000,0.039248
7153,10163,0.000000,0.061688
12457,20209,0.000000,0.035119
798,7153,0.000000,0.043803
3790,12456,0.000000,0.052885
17241,10163,0.000000,0.059590
12456,19357,0.000000,0.034434
20209,7153,0.000000,0.071284
5616,12456,0.000000,0.021837
5616,3791,0.000000,0.055307
12457,12456,0.000000,0.035113
12917,7153,0.000000,0.041261
20209,5616,0.000000,0.021397
7154,31964,0.000000,0.043931
7153,19357,0.000000,0.042482
17150,17241,0.000000,0.058562
31964,7154,0.000000,0.050314
7154,19357,0.000000,0.045240
5616,12917,1.000000,0.064414
31964,798,0.000000,0.048965
798,5616,0.000000,0.093469
12457,7154,0.000000,0.036400
10163,20209,0.000000,0.058258
7153,17150,0.000000,0.054507
7154,3790,0.000000,0.040065
12456,10163,0.000000,0.069871
5616,19357,0.000000,0.063916
17150,19357,0.000000,0.030230
31964,7153,0.000000,0.066271
20209,17241,0.000000,0.073510
5616,10163,0.000000,0.044436
2993,38080,0.000000,0.043932
13346,33748,0.000000,0.153243
13346,2993,1.000000,0.305918
13346,13345,0.000000,0.246080
38080,2993,0.000000,0.066808
33748,11686,0.000000,0.048848
11686,2993,1.000000,0.131787
38080,33748,0.000000,0.243383
13345,2993,0.000000,0.108318
11686,38080,0.000000,0.027501
13346,38080,0.000000,0.079090
2993,13346,1.000000,0.311625
11686,13345,0.000000,0.103053
11686,13346,1.000000,0.193759
2993,11686,1.000000,0.098858
13345,11686,0.000000,0.076514
33748,2993,0.000000,0.086142
13346,11686,1.000000,0.201114
33748,38080,0.000000,0.212978
38080,11686,0.000000,0.035336
33748,13345,0.000000,0.320744
13345,33748,0.000000,0.284166
11686,33748,0.000000,0.052397
33748,13346,0.000000,0.135898
2993,13345,0.000000,0.129039
13345,13346,0.000000,0.177856
38080,13346,0.000000,0.081605
2993,33748,0.000000,0.082075
13345,38080,0.000000,0.237595
38080,13345,0.000000,0.299640
