entity_i,entity_j,exact,predicted
50080,84838,0.000000,0.547048
118835,109996,0.000000,0.003224
85097,77902,0.000000,0.000010
31395,29792,0.000000,0.000007
6646,100126,0.000000,0.501747
187,47468,0.000000,0.002575
62083,27323,0.000000,0.000003
57814,62348,0.000000,0.001449
104958,34990,0.000000,0.515349
112904,109996,0.000000,0.000372
98666,113786,0.000000,0.000042
112904,81690,0.000000,0.000613
76238,20445,0.589599,0.527491
12707,53419,0.000000,0.547404
49636,71435,0.000000,0.507881
81926,84208,0.589599,0.496781
187,62083,1.000000,0.999987
117346,53419,0.000000,0.000064
27083,29792,0.000000,0.244334
49636,109832,0.000000,0.000033
10605,27323,0.000000,0.041274
35083,20445,0.589180,0.496604
23842,89598,0.000000,0.005897
98007,104958,0.589395,0.524441
27323,53107,0.000000,0.097409
27323,20445,0.000000,0.002707
34990,23842,0.000000,0.000422
113786,23842,0.000000,0.000145
10605,27083,0.661744,0.563840
77902,109832,0.000000,0.000043
57814,118835,0.000000,0.004789
113786,31395,0.000000,0.000000
81926,118835,0.000000,0.336083
110204,76238,0.591760,0.597953
10605,29340,0.000000,0.000634
34990,98762,0.000000,0.573227
118835,84838,0.000000,0.492744
53107,98666,0.000000,0.099580
31395,20445,0.000000,0.000006
84208,98007,0.000000,0.561496
101231,50080,0.000000,0.000570
84838,8233,0.000000,0.578050
62348,118835,0.000000,0.462968
98007,19635,0.591378,0.604990
72064,109996,0.000000,0.000091
93722,113786,0.000000,0.487341
72064,35083,0.000000,0.495798
81540,84838,0.000000,0.000157
77902,20445,1.000000,0.553302
49636,8233,0.000000,0.432111
81690,12707,0.000000,0.000548
12707,98762,0.589395,0.544267
81690,35083,0.000000,0.000145
8233,121938,0.590498,0.512690
100126,27323,0.000000,0.002318
35083,118835,0.000000,0.294915
60235,19635,0.000000,0.490357
77902,112904,0.000000,0.288227
71435,84838,0.589395,0.583443
84838,98762,0.000000,0.574803
31395,35083,0.000000,0.000005
50080,85097,0.000000,0.000000
84208,88399,0.000000,0.529237
113786,104958,0.000000,0.756048
53419,31395,0.000000,0.000000
35083,62083,0.000000,0.000178
113112,112904,0.000000,0.309697
53107,81690,0.000000,0.074821
86203,75288,0.000000,0.299980
112904,85097,0.000000,0.000001
52509,53419,0.000000,0.000121
112904,88399,0.000000,0.309572
118835,75288,0.000000,0.069627
6646,81690,0.000000,0.000175
71435,8290,0.000000,0.248863
62348,113786,0.000000,0.489493
75288,52509,0.000000,0.000009
81690,27083,0.000000,0.000330
49716,86203,0.000000,0.489088
8290,81690,0.000000,0.000220
29340,109832,1.000000,0.945325
31395,13370,0.000000,0.000003
84838,113112,0.589981,0.586312
6646,104958,0.000000,0.707460
85097,112904,0.000000,0.000077
113786,34990,0.000000,0.515019
109832,112904,0.000000,0.000666
88399,77953,0.000000,0.000067
6646,23842,0.000000,0.000152
76238,88399,0.590498,0.558885
121938,72064,0.000000,0.493822
47468,100126,0.000000,0.000000
77953,113112,0.000000,0.000203
97318,98666,0.000000,0.000017
110204,98762,0.589395,0.559442
101231,20445,0.000000,0.000249
50080,6646,0.000000,0.495170
98007,109996,0.000000,0.000369
50080,121938,0.590332,0.523838
81926,23842,0.000000,0.000186
38119,75121,0.657697,0.452904
71297,64441,0.000000,0.000045
74958,71297,0.658324,0.462495
36712,115283,0.000000,0.000185
111932,119748,0.000000,0.000070
94700,29627,0.658150,0.514698
79795,115283,0.000000,0.001147
3736,58589,0.000000,0.447606
1293,93842,0.000000,0.000366
38119,843,0.657697,0.455650
26020,78701,0.657149,0.485933
58586,107522,0.000000,0.448031
64441,102242,1.000000,0.934889
84758,1293,0.000000,0.000711
49602,29627,0.000000,0.477782
38119,85448,0.000000,0.152070
41540,84758,0.660364,0.549789
100429,78701,0.659623,0.503365
63991,107522,0.658281,0.441177
32055,106220,0.000000,0.000035
89610,4795,0.657779,0.543238
29627,63991,0.658150,0.502979
4795,21905,0.658545,0.487835
21905,107882,0.000000,0.000099
49602,94700,0.000000,0.476449
84758,36712,0.659455,0.521469
21905,20984,0.658545,0.471733
38119,64441,0.000000,0.000026
41233,69768,1.000000,0.906459
26020,71297,0.657149,0.470374
72632,41540,0.660364,0.517174
71297,89610,0.657779,0.474136
102541,69768,1.000000,0.677920
1293,102242,1.000000,0.834400
6200,93842,0.000000,0.498863
29627,84192,0.000000,0.001561
21905,84928,0.658545,0.516697
121483,102165,0.000000,0.458069
85983,91229,1.000000,0.806297
41540,1293,0.000000,0.000857
46969,73755,0.000000,0.000038
63991,85448,0.000000,0.266716
106220,114340,0.656403,0.521543
106220,73247,0.656403,0.526088
73247,85983,0.658324,0.552141
58586,71297,0.000000,0.449807
843,37754,0.000000,0.451710
85983,58586,0.000000,0.443476
100429,46746,0.658491,0.504715
85983,36712,0.658324,0.536695
111932,32055,1.000000,0.181788
58586,117459,0.000000,0.437633
1293,119748,0.000000,0.000141
37683,57468,0.660748,0.533485
46746,119748,0.658491,0.531064
1293,37683,0.000000,0.002251
64441,3269,1.000000,0.957025
20984,73755,0.000000,0.000132
102165,49602,0.000000,0.469485
43757,94700,0.000000,0.001139
63991,58589,0.658491,0.515348
78701,6200,0.656624,0.487643
107882,43757,1.000000,0.967467
6200,6062,0.000000,0.498863
107882,100429,0.000000,0.000503
69768,74958,0.000000,0.001346
58589,43757,0.000000,0.000551
55313,114424,0.658000,0.440366
89610,84192,0.000000,0.001156
46969,41233,0.000000,0.000282
102165,94700,0.658324,0.469930
26020,843,0.657149,0.525490
6200,119748,0.656624,0.554314
107882,71297,0.000000,0.000119
78701,85983,0.658324,0.540375
111932,100429,0.000000,0.000422
111932,49602,0.000000,0.000181
20984,36712,0.659455,0.494731
73247,38119,0.657697,0.434836
26020,102242,0.000000,0.000161
71297,37754,0.000000,0.441771
119748,71297,0.658324,0.525559
24759,1293,0.000000,0.000821
32055,43757,1.000000,0.979844
49602,107522,0.000000,0.463581
21905,79795,0.658545,0.447836
100429,93842,0.000000,0.484434
55313,32715,0.660457,0.527526
74958,114424,0.658000,0.440223
73247,46969,0.656915,0.473718
79795,26020,0.657149,0.468546
55313,6062,0.000000,0.475706
85448,111932,0.000000,0.001239
79795,46969,0.656915,0.460132
71297,69768,0.000000,0.000066
94700,114424,0.658000,0.451601
114340,36712,0.658281,0.468818
49602,36712,0.000000,0.480343
119748,107522,0.658281,0.508436
58589,4795,0.658491,0.550017
348,45552,0.000000,0.000006
16050,120644,0.000000,0.000000
75296,5393,0.000000,0.000183
348,7798,0.000000,0.000001
26053,30720,0.000000,0.000000
70231,38283,0.000000,0.000667
5393,48017,0.000000,0.003130
30720,26053,0.000000,0.000000
38283,69551,0.000000,0.001297
38967,58383,0.000000,0.047459
62754,104692,0.000000,0.002262
89422,62754,0.000000,0.000000
19626,62754,0.000000,0.000487
22177,16050,0.000000,0.000001
30720,4844,0.000000,0.000000
8079,104692,0.000000,0.010167
108291,32505,0.000000,0.000397
77508,7798,0.000000,0.000000
45917,103269,0.000000,0.000001
89422,348,0.000000,0.000000
28589,23080,0.000000,0.000000
4853,62754,0.000000,0.000000
1349,50369,0.000000,0.019782
73694,26954,0.000000,0.037108
21780,69246,0.000000,0.066665
29243,48017,0.000000,0.001323
107130,15234,0.000000,0.017557
1349,89422,0.000000,0.000649
15234,30276,0.000000,0.059463
25766,32505,0.000000,0.000806
18729,10682,0.577869,0.000039
69551,53198,0.000000,0.019404
78099,25183,0.000000,0.005355
53198,8234,0.000000,0.070087
28589,77508,0.000000,0.000000
23080,121315,0.000000,0.000866
8079,58528,0.000000,0.045664
38967,30276,0.000000,0.076825
38967,7798,0.000000,0.002929
54534,22177,0.000000,0.001110
45917,8079,0.000000,0.000015
104692,30720,0.000000,0.000000
108291,103269,0.000000,0.007527
26053,25766,0.000000,0.014821
25183,23230,0.000000,0.000000
48017,23080,0.000000,0.000000
50369,8079,0.000000,0.014455
107130,62754,0.000000,0.000000
53198,38283,0.000000,0.018231
26954,73694,0.000000,0.033821
7603,58383,0.000000,0.014151
108291,73694,0.000000,0.007954
10682,23080,0.000000,0.002203
1573,28589,0.000000,0.000002
1573,103269,0.000000,0.000944
10926,40353,0.000000,0.000000
50369,10682,0.000000,0.000797
119354,73694,0.000000,0.000479
10926,58383,0.000000,0.000000
26954,107130,0.000000,0.027346
38967,28589,0.000000,0.000529
1349,29243,0.000000,0.000011
120644,18729,0.000000,0.000049
26053,121315,0.000000,0.000039
119354,25183,0.000000,0.002153
30720,69246,0.000000,0.000000
70231,30276,0.000000,0.000078
67710,1349,0.000000,0.056899
104692,46480,0.000000,0.045194
29243,70231,0.000000,0.000204
40353,119354,0.000000,0.003821
25183,58528,0.000000,0.027120
22177,38283,0.000000,0.000596
21780,48017,0.000000,0.118231
19626,103569,0.000000,0.000000
103269,18729,0.000000,0.000001
26954,26053,0.000000,0.009977
30720,58528,0.000000,0.000000
23230,4844,0.000000,0.000000
119354,29243,0.000000,0.000017
120644,23230,0.000000,0.000000
30720,348,0.000000,0.000001
73694,8079,0.000000,0.001671
30720,57603,0.000000,0.000000
30720,77508,0.000000,0.000329
46480,54534,0.000000,0.000100
58383,103269,0.000000,0.001411
70231,46480,0.000000,0.000611
19626,18729,0.574177,0.000000
38283,21780,0.000000,0.004521
106380,19626,0.000000,0.000000
46480,1349,0.000000,0.001927
38967,19626,0.574177,0.006798
8234,26053,0.000000,0.020078
78099,16050,0.000000,0.000120
69551,18729,0.000000,0.000011
54534,7603,0.000000,0.000001
23230,119354,0.000000,0.000000
67710,64541,0.000000,0.007216
21780,58383,0.000000,0.006386
6195,20129,0.588717,0.580615
60502,70106,0.000000,0.000013
41417,13718,0.000000,0.001187
62858,70390,0.590812,0.533790
100602,67037,0.000000,0.000632
44147,61369,1.000000,0.977509
102840,70390,0.000000,0.000598
76819,20129,0.589981,0.550289
23708,60306,0.589794,0.499844
37372,96122,0.000000,0.000008
61626,53762,0.667553,0.575516
69307,56750,0.588955,0.460549
21388,115222,0.588955,0.397386
13718,49791,0.000000,0.514898
52028,44903,0.000000,0.181201
8737,37372,0.589794,0.510636
62858,62083,0.000000,0.000420
77829,2932,0.589599,0.494125
61369,6293,0.000000,0.000864
54302,18240,0.590498,0.551216
30913,41417,0.000000,0.000142
77829,61626,0.591104,0.566206
41417,61369,1.000000,0.999042
61369,41417,1.000000,0.996693
96122,26979,1.000000,0.518983
6444,6195,0.588717,0.582614
85028,60502,1.000000,0.561496
44545,76819,0.590498,0.527962
101507,44545,0.588200,0.530222
83584,13718,0.000000,0.498059
61369,30913,0.000000,0.000234
69307,18240,0.590160,0.541976
8199,76819,0.590160,0.516348
41417,1152,0.000000,0.000418
30762,16955,0.588466,0.451288
30913,6195,0.588717,0.579974
13718,101507,0.000000,0.523503
42275,44903,0.588717,0.536351
9588,115573,0.000000,0.000013
103291,76819,0.590332,0.562929
18240,52028,0.000000,0.131289
21388,5973,0.588955,0.400024
85028,16955,0.588466,0.466164
44545,61626,0.590498,0.554688
30762,60306,0.591104,0.538466
116002,5973,0.590160,0.560624
83584,54126,0.000000,0.495765
115573,62083,1.000000,1.000000
109852,115573,0.000000,0.000157
100602,30784,0.000000,0.000554
115573,6195,0.000000,0.000042
41417,83584,0.000000,0.000318
8199,6195,0.588717,0.533537
21068,37372,0.590332,0.565503
70390,26979,0.000000,0.005064
9588,76819,0.589180,0.485460
8199,67037,0.590160,0.510257
109852,44903,0.588717,0.532092
37372,5973,0.590160,0.522247
60306,2932,0.589599,0.494243
102840,115222,0.000000,0.000228
9588,52028,0.000000,0.181233
49791,108272,0.590658,0.461208
9588,20129,0.589180,0.530248
2932,103610,0.588717,0.483973
5973,6444,0.589599,0.548162
13718,77829,0.000000,0.535447
20129,42275,0.589794,0.555541
115573,108272,0.000000,0.000118
108282,60502,0.590332,0.565035
42275,108282,0.589794,0.491422
6444,103610,0.588717,0.524014
30762,101507,0.588200,0.514547
61369,6444,0.000000,0.000194
117654,44545,0.590498,0.553999
108282,54126,0.000000,0.472779
67037,42275,0.589794,0.500111
85028,8737,0.589794,0.505110
42275,60306,0.589794,0.500827
60306,52028,0.000000,0.164228
73179,44903,0.588717,0.534051
54126,44147,0.000000,0.000004
62858,2932,0.589599,0.497120
67037,44545,0.590498,0.522824
8199,116002,0.590160,0.551837
76819,53762,0.590658,0.530004
8737,115573,0.000000,0.000024
9588,117654,0.589180,0.487038
108282,5973,0.590160,0.512675
2932,76819,0.589599,0.498441
1457,62858,0.589180,0.486048
21068,53762,0.590498,0.563536
9588,40305,0.000000,0.000049
108282,44147,0.000000,0.000178
20129,16955,0.588466,0.495867
76819,103610,0.588717,0.473645
44147,115573,1.000000,0.994122
61369,61626,0.000000,0.001031
96122,85028,0.000000,0.000513
103610,8737,0.588717,0.483014
12710,101876,0.533663,0.000002
9838,112637,0.000000,0.000051
25990,38645,0.533663,0.001104
4564,82832,0.000000,0.000690
101876,38645,0.533663,0.000314
82832,112637,0.000000,0.000000
34629,9838,0.000000,0.000004
101876,112637,0.000000,0.000000
38645,25990,0.533663,0.000163
82832,88444,0.000000,0.000489
112137,49196,0.000000,0.000000
598,14498,0.000000,0.001025
101876,88444,0.533663,0.000129
49196,34629,0.000000,0.000000
14498,49196,0.000000,0.000000
34629,598,0.000000,0.000049
38645,112137,0.000000,0.000001
49196,14498,0.000000,0.000000
4564,101876,0.000000,0.000284
101876,34629,0.529091,0.000000
25990,598,0.000000,0.029321
112137,14498,0.000000,0.000000
43927,112637,0.000000,0.000000
49196,12710,0.000000,0.000000
82832,49196,0.000000,0.000000
598,9838,0.000000,0.003466
4564,14498,0.000000,0.005615
14498,112137,0.000000,0.000000
38645,112637,0.000000,0.000000
598,4564,0.554310,0.008122
112637,82832,0.000000,0.000005
88444,112137,0.000000,0.000006
49196,82832,0.000000,0.000000
88444,43927,0.529091,0.000001
34629,38645,0.529091,0.000005
43927,598,0.000000,0.000049
112137,4564,0.000000,0.000149
4564,25990,0.000000,0.012305
88444,12710,0.533663,0.000019
14498,34629,0.529091,0.000000
112637,34629,0.000000,0.000000
82832,101876,0.000000,0.000531
101876,82832,0.000000,0.000306
34629,49196,0.000000,0.000000
43927,38645,0.529091,0.000005
82832,43927,0.000000,0.000000
49196,112137,0.000000,0.000000
34629,4564,0.000000,0.000083
14498,112637,0.000000,0.000000
598,49196,0.000000,0.000000
34629,25990,0.529091,0.000002
88444,112637,0.000000,0.000000
49196,9838,0.000000,0.000002
101876,4564,0.000000,0.000095
12710,4564,0.000000,0.000100
43927,82832,0.000000,0.000001
25990,34629,0.529091,0.000009
34629,88444,0.529091,0.000003
38645,49196,0.000000,0.000000
9838,101876,0.000000,0.000089
82832,12710,0.000000,0.000002
38645,34629,0.529091,0.000005
12710,43927,0.529091,0.000056
12710,88444,0.533663,0.000023
49196,598,0.000000,0.000001
112637,4564,0.000000,0.000053
112637,43927,0.000000,0.000000
598,82832,0.000000,0.000078
82832,598,0.000000,0.000061
4564,34629,0.000000,0.000017
14498,101876,0.533663,0.044481
4564,112637,0.000000,0.000011
43927,25990,0.529091,0.000002
34629,82832,0.000000,0.000001
25990,88444,0.533663,0.023408
4564,38645,0.000000,0.002943
38645,43927,0.529091,0.000005
25990,4564,0.000000,0.011275
598,12710,0.000000,0.000022
43927,101876,0.529091,0.000000
9838,14498,0.000000,0.000921
112137,112637,0.000000,0.000000
112637,12710,0.000000,0.000000
12710,49196,0.000000,0.000000
112637,112137,0.000000,0.000000
112637,14498,0.000000,0.000002
38645,82832,0.000000,0.002748
9838,43927,0.000000,0.000001
88444,34629,0.529091,0.000001
38645,12710,0.533663,0.000320
101876,49196,0.000000,0.000000
88444,82832,0.000000,0.000737
12710,14498,0.533663,0.000001
112137,88444,0.000000,0.000017
14498,88444,0.533663,0.001697
34629,112637,0.000000,0.000000
25990,101876,0.533663,0.000061
49196,38645,0.000000,0.000000
34629,14498,0.529091,0.000000
14498,25990,0.533663,0.001059
87118,53092,0.531340,0.447102
83908,7550,0.000000,0.000108
120978,1447,1.000000,0.061734
53092,44583,0.539523,0.496334
55274,53092,0.000000,0.000022
85887,1447,1.000000,0.114766
58300,83908,0.000000,0.000103
53092,58326,0.000000,0.000220
91665,58326,1.000000,0.999262
85887,53092,0.000000,0.000731
55274,62083,1.000000,0.757377
120978,58326,1.000000,0.305454
65260,120978,1.000000,0.001251
55274,7550,1.000000,0.686875
83908,3210,0.000000,0.000078
120978,3210,1.000000,0.550401
62083,55274,1.000000,0.583588
58326,62083,1.000000,0.718446
91665,120978,1.000000,0.016884
85887,120978,1.000000,0.328971
120978,65260,1.000000,0.006091
44583,1447,0.000000,0.000204
85887,87118,0.000000,0.000648
58326,85887,1.000000,0.310729
85887,3210,1.000000,0.241980
87118,3210,0.000000,0.000220
62083,91665,1.000000,0.209630
65260,3210,1.000000,0.977225
83908,44583,0.000000,0.572987
87118,91665,0.000000,0.000127
120978,53092,0.000000,0.000004
7550,65260,1.000000,0.195862
65260,53092,0.000000,0.000960
3210,58300,1.000000,0.484172
65260,58326,1.000000,0.995146
58300,55274,1.000000,0.007449
87118,55274,0.000000,0.000030
65260,55274,1.000000,0.997718
85887,65260,1.000000,0.122977
91665,3210,1.000000,0.999963
55274,87118,0.000000,0.000020
55274,91665,1.000000,0.999979
58326,87118,0.000000,0.000197
55274,1447,1.000000,0.999856
87118,62083,0.000000,0.000365
91665,55274,1.000000,0.999905
62083,3210,1.000000,0.902077
7550,85887,1.000000,0.065233
44583,58326,0.000000,0.000214
44583,85887,0.000000,0.000125
83908,1447,0.000000,0.000010
120978,83908,0.000000,0.000001
91665,58300,1.000000,0.202680
58300,58326,1.000000,0.063061
1447,3210,1.000000,0.999922
87118,120978,0.000000,0.000000
53092,58300,0.000000,0.000009
55274,120978,1.000000,0.062187
65260,58300,1.000000,0.055380
85887,58300,1.000000,0.062960
83908,58300,0.000000,0.000001
83908,85887,0.000000,0.000010
7550,3210,1.000000,0.596189
58300,1447,1.000000,0.014961
44583,3210,0.000000,0.000278
85887,58326,1.000000,0.128618
53092,1447,0.000000,0.000243
62083,53092,0.000000,0.000149
91665,85887,1.000000,0.252753
58300,87118,0.000000,0.000266
91665,87118,0.000000,0.000082
44583,53092,0.539523,0.484688
65260,91665,1.000000,0.997976
1447,87118,0.000000,0.000094
1447,58326,1.000000,0.999126
62083,85887,1.000000,0.118778
91665,7550,1.000000,0.408405
7550,83908,0.000000,0.000371
53092,87118,0.531340,0.455459
3210,83908,0.000000,0.000007
120978,44583,0.000000,0.000005
91665,1447,1.000000,0.999645
58326,3210,1.000000,0.999913
1447,65260,1.000000,0.997326
7550,1447,1.000000,0.686171
87118,1447,0.000000,0.000185
58300,44583,0.000000,0.000325
62083,58300,1.000000,0.948158
87118,7550,0.000000,0.000334
1447,83908,0.000000,0.000009
120978,58300,1.000000,0.406976
85887,7550,1.000000,0.071560
58300,53092,0.000000,0.000280
120978,91665,1.000000,0.091155
58300,7550,1.000000,0.010920
58300,3210,1.000000,0.083707
7550,62083,1.000000,0.370000
58300,65260,1.000000,0.008300
65260,44583,0.000000,0.000934
7550,120978,1.000000,0.031385
42933,122460,0.000000,0.359118
96125,54216,0.000000,0.000662
9027,17215,0.579992,0.506983
42933,89987,0.000000,0.000000
24114,53017,0.000000,0.000057
84910,76452,0.000000,0.475305
8022,16348,0.000000,0.004065
89987,8022,0.000000,0.000112
64242,77651,0.581915,0.332839
9027,89019,0.579992,0.063019
75208,120978,0.000000,0.000000
40112,17393,0.000000,0.459439
56231,8022,0.000000,0.000000
16348,17393,0.000000,0.000843
53017,24975,0.000000,0.001400
65292,40112,0.000000,0.000008
86410,56231,0.000000,0.000000
100424,17215,0.000000,0.189626
82856,52807,0.000000,0.000043
82856,30720,0.000000,0.000001
42373,86410,0.000000,0.143874
110195,8022,0.000000,0.000626
89019,60139,0.579570,0.319778
75208,56231,0.000000,0.000000
94763,80731,0.000000,0.001328
56926,77508,0.000000,0.000003
42373,67918,0.000000,0.000037
122460,66439,0.000000,0.000148
97489,42373,0.000000,0.364449
72671,55466,0.000000,0.428671
17215,17857,0.000000,0.000115
54416,24975,0.000000,0.001528
73617,10185,0.000000,0.000028
55367,66439,0.000000,0.000493
40112,22008,0.000000,0.468147
30720,117779,0.000000,0.000244
24114,77508,0.000000,0.000000
54416,60139,0.000000,0.321305
56926,100424,0.000000,0.024024
55332,89987,0.000000,0.000000
122460,53017,0.581058,0.369603
89987,73617,0.000000,0.000000
117779,120978,0.000000,0.000000
54416,31197,0.000000,0.366182
21986,89987,0.000000,0.000062
110195,62083,0.000000,0.334900
42373,10185,0.000000,0.000021
65292,72671,0.000000,0.000022
65292,89019,0.000000,0.000003
60139,42373,0.000000,0.563547
21986,76452,0.000000,0.000937
55466,16348,0.000000,0.000698
54216,53017,0.579104,0.055566
42933,49442,0.000000,0.103001
49442,67918,0.000000,0.000020
52807,119198,0.000000,0.000279
40112,104615,0.000000,0.509160
22008,89019,0.000000,0.016213
76452,62083,0.000000,0.002246
89019,56926,0.000000,0.007837
118597,16348,0.000000,0.001348
55466,84910,0.580730,0.609774
30720,119198,0.000000,0.000000
8022,104615,0.000000,0.142249
122460,121582,0.000000,0.080357
98132,96125,0.538491,0.597741
110195,96125,0.000000,0.000050
8022,76452,0.000000,0.035088
22008,66439,0.000000,0.002599
119198,77651,0.579992,0.425629
75208,96125,0.000000,0.173734
86410,30720,0.000000,0.000000
82856,98132,0.000000,0.000101
66439,24114,0.000000,0.464317
55332,17393,0.000000,0.314519
82856,58151,0.000000,0.228371
110195,16348,0.000000,0.000064
77651,31890,0.580730,0.310940
10185,104615,0.000000,0.000795
120978,22008,0.000000,0.008836
89019,120978,0.000000,0.004337
42373,89987,0.000000,0.000000
53017,56926,0.000000,0.333791
60139,40112,0.000000,0.537353
67918,77651,0.000000,0.000553
77508,86410,0.000000,0.000000
10185,58151,0.000000,0.000023
96125,65292,0.000000,0.047099
72671,62943,0.000000,0.000000
55332,42373,0.000000,0.289304
110195,30720,0.000000,0.000012
120978,64242,0.000000,0.015188
21986,98132,0.000000,0.494149
118597,72811,0.580376,0.552063
21986,49442,0.000000,0.000000
54416,120978,0.000000,0.006721
104615,89019,0.000000,0.005671
52807,60139,0.000000,0.000028
80731,77651,0.000000,0.433113
76452,97489,1.000000,0.373685
55610,35179,0.000000,0.000000
62083,14991,0.000000,0.001844
113663,99976,0.000000,0.399170
86346,65133,0.000000,0.018417
110922,5658,0.000000,0.012393
93469,65779,0.000000,0.029256
44450,99976,0.000000,0.608925
116904,21038,0.000000,0.192226
65133,86936,0.000000,0.000000
120203,114343,0.000000,0.000894
94975,48906,0.000000,0.001936
13306,77508,0.000000,0.000000
102960,93469,0.000000,0.002404
55610,19558,0.000000,0.000001
14991,30567,0.594481,0.628610
44450,29467,0.000000,0.027042
48906,53204,0.000000,0.000000
113457,3541,0.000000,0.007806
73972,114343,0.000000,0.049640
44450,110922,0.595089,0.592890
3541,44450,0.000000,0.000026
46315,90621,0.000000,0.000000
98829,113663,0.000000,0.007587
64919,23871,0.000000,0.027990
113457,67186,0.000000,0.004010
65133,24889,0.000000,0.065046
21038,24889,0.000000,0.000780
120203,80448,0.000000,0.000494
99976,70212,0.000000,0.007471
90621,13306,0.000000,0.000000
73972,116904,0.000000,0.203862
53906,110922,0.000000,0.002107
113457,59399,0.000000,0.000000
53906,90514,0.000000,0.000009
17558,116904,0.530097,0.136138
117481,47667,0.000000,0.001762
116904,21656,0.000000,0.000001
94975,21656,0.000000,0.001840
47667,100762,0.000000,0.067714
62083,115221,0.000000,0.000648
65779,11573,0.000000,0.017105
81999,65133,0.000000,0.000006
64919,65133,0.000000,0.000001
122489,44298,0.000000,0.007779
59399,94975,0.000000,0.000009
48906,16132,0.000000,0.000034
115221,110922,0.595470,0.563692
113457,99976,0.000000,0.017634
67186,44298,0.000000,0.005752
117481,5658,0.000000,0.015729
24889,59399,0.000000,0.000000
65779,35066,0.000000,0.000358
81999,64919,0.000000,0.000041
100762,80448,0.000000,0.000051
21656,64919,0.000000,0.000001
70212,16132,0.531340,0.006050
93632,122489,0.000000,0.000005
113663,46315,0.000000,0.000000
113457,35179,0.000000,0.062372
16132,99976,0.000000,0.002069
62083,100762,1.000000,0.008253
86936,81999,0.000000,0.000042
113663,1108,0.000000,0.000000
59399,1108,0.000000,0.000010
100762,99976,0.000000,0.000393
44298,11573,0.000000,0.000001
24889,53204,0.000000,0.025614
99976,90621,0.000000,0.000000
11573,35179,0.000000,0.000033
5658,67186,0.000000,0.001434
44298,1108,0.000000,0.000327
33360,59399,0.000000,0.000002
23871,90621,0.000000,0.000000
90621,114343,0.000000,0.000000
115221,94975,0.000000,0.000000
67688,53906,0.000000,0.000351
53906,113663,0.000000,0.013422
93469,73972,0.000000,0.123622
99976,17558,0.530097,0.067243
115221,13306,0.000000,0.572944
90621,110922,0.000000,0.000000
17558,93632,0.000000,0.034794
105332,114343,0.000000,0.000134
113457,33360,0.000000,0.076437
114343,93469,0.000000,0.102641
75643,77508,0.000000,0.000000
44298,73972,0.000000,0.131464
21038,11573,0.000000,0.000116
14991,33360,0.000000,0.019785
113457,30567,0.000000,0.024166
35066,59399,0.000000,0.000004
65133,16132,0.000000,0.001920
116953,93632,0.000000,0.461460
116953,65779,0.000000,0.018779
46315,93632,0.000000,0.000000
80448,21656,0.000000,0.000001
47667,116904,0.000000,0.219473
21038,62083,0.000000,0.000304
44298,16132,0.000000,0.018198
113457,55610,0.000000,0.000000
30163,37964,0.590960,0.570553
32022,17763,0.590960,0.535805
75781,94386,0.668806,0.810306
83371,118454,0.592111,0.552818
97942,100024,0.590960,0.580274
34128,14462,0.589180,0.471146
48613,62083,0.000000,0.000162
48613,20769,0.000000,0.498570
88042,32402,0.000000,0.000189
13196,42459,0.591880,0.573234
104557,37551,0.000000,0.000074
84711,100024,0.590960,0.561572
111956,62083,0.000000,0.000646
12202,8917,0.000000,0.000031
118454,64328,0.000000,0.000051
103921,64328,0.000000,0.000007
14462,104436,0.589180,0.515911
82586,84711,0.591378,0.578115
64328,15089,0.000000,0.000010
29247,103175,0.591997,0.593771
64328,117504,0.000000,0.000070
64328,44445,0.000000,0.000417
100732,20769,0.590812,0.562090
23630,62083,0.000000,0.000785
104557,23630,0.000000,0.000073
122306,120087,0.591509,0.598490
83371,23630,0.591880,0.572963
111368,95826,0.000000,0.001878
82586,34669,0.668965,0.583531
75702,3688,0.000000,0.496412
100732,103921,0.000000,0.168900
88890,69261,0.000000,0.003821
94400,94386,0.000000,0.479114
13196,118454,0.591880,0.547460
16967,103921,0.000000,0.115145
100024,98011,0.590960,0.568600
88042,16967,0.591997,0.594444
30163,20876,0.590960,0.569132
502,117504,0.590332,0.588964
16967,69261,0.591997,0.584962
78170,117504,0.000000,0.000015
84515,3688,0.000000,0.001521
17736,12202,0.591997,0.575494
106277,37551,0.590658,0.565831
111368,3688,0.000000,0.000616
94386,78170,0.000000,0.000016
34669,37964,0.591378,0.542645
98011,23630,0.591880,0.571380
82586,58613,0.000000,0.000011
12202,17736,0.591997,0.585670
84711,48613,0.000000,0.473151
100732,34669,0.590812,0.530930
104383,84711,0.591378,0.527863
34128,16967,0.591997,0.594162
15077,117504,0.590332,0.592364
64328,23630,0.000000,0.000387
120087,104436,0.590960,0.594445
29183,15089,0.588200,0.454922
97942,104557,0.000000,0.000286
111368,32022,0.000000,0.001848
83371,32022,0.591378,0.542017
69261,62083,0.000000,0.000740
26220,117504,0.590332,0.552092
111368,106277,0.000000,0.000710
78170,30163,0.000000,0.000031
59372,75781,0.590498,0.522570
37551,29183,0.591243,0.566768
75781,44445,0.591378,0.542408
502,12202,0.591509,0.600878
23630,32402,0.000000,0.000130
59372,117504,0.590332,0.554869
20876,59372,0.590498,0.504186
32022,84711,0.668505,0.770914
84711,95826,1.000000,0.710568
29247,8917,0.000000,0.000064
13196,15089,0.588200,0.439524
34669,502,0.591509,0.569090
3688,17736,0.000000,0.490276
83371,95826,0.591378,0.541693
106277,100732,0.590658,0.567061
69261,97942,0.592111,0.571623
29183,48613,0.000000,0.494137
20876,100732,0.590812,0.516093
15077,104557,0.000000,0.000004
34669,94386,0.591378,0.542604
58613,94386,0.000000,0.000126
104436,12202,0.590960,0.595165
32022,97942,0.591378,0.551898
15077,103175,0.590658,0.592453
100024,84711,0.590960,0.570586
3688,78170,0.000000,0.000003
62083,30163,0.000000,0.000191
37964,118454,0.591378,0.543236
117504,75781,0.590332,0.560645
78170,100024,0.000000,0.000031
42782,88890,0.000000,0.001098
88890,100024,0.000000,0.001082
42782,120087,0.591243,0.567019
48613,117504,0.000000,0.512269
15089,117504,0.588200,0.466849
45735,28476,0.000000,0.000083
106797,37616,0.589395,0.519133
77051,83792,0.000000,0.514110
116123,71323,0.587612,0.518951
117678,113697,0.587916,0.458851
110461,69212,0.000000,0.553276
71323,84980,0.000000,0.001618
55730,4352,0.543803,0.451852
113697,20913,0.589180,0.492774
64700,106797,0.590160,0.590885
117678,102636,0.000000,0.423852
83792,82811,0.588466,0.504392
116123,69212,0.000000,0.518168
64700,81597,0.000000,0.449220
28476,52777,0.000000,0.004247
54444,69212,0.000000,0.531906
59957,64053,0.000000,0.001171
28476,103101,0.000000,0.000121
18171,6578,0.000000,0.453521
70354,62732,0.000000,0.000001
20913,13259,0.000000,0.472638
18331,45735,0.588200,0.574370
37291,20913,0.000000,0.463040
32379,116123,0.586132,0.470543
105807,80395,0.589395,0.545220
35349,13259,0.000000,0.441496
6325,52777,0.588955,0.479528
32379,62083,0.000000,0.000062
100630,7014,0.000000,0.477865
20354,55730,0.000000,0.486933
113697,83081,0.000000,0.000141
68121,70498,0.590812,0.535692
68121,16655,0.589180,0.483393
55730,70498,0.000000,0.415950
75448,84980,0.000000,0.000325
62083,62732,0.000000,0.000024
103101,62732,0.000000,0.434747
105949,64700,0.000000,0.000227
105949,116123,0.000000,0.000023
66555,71323,0.586934,0.504717
59957,68121,0.589599,0.493983
80395,100630,0.000000,0.535297
28476,106797,0.000000,0.003317
69212,83792,0.000000,0.548010
37616,35349,0.586934,0.440578
18171,16655,0.000000,0.454485
69230,18331,0.589180,0.594308
37291,62732,0.000000,0.435071
35349,14467,0.000000,0.444853
64053,106797,0.000000,0.003014
114555,66555,0.586934,0.566481
18171,62504,0.000000,0.101438
113697,54444,0.588200,0.523530
84980,18171,0.000000,0.000087
102636,14467,0.545511,0.473562
62504,6578,0.000000,0.148897
82811,75448,1.000000,0.704329
116123,5472,0.587612,0.527322
113697,16655,0.589180,0.492719
84382,70498,0.000000,0.000782
45735,102636,0.000000,0.529228
14467,3478,0.545511,0.491912
64053,105807,0.000000,0.000731
69230,16655,1.000000,0.549184
62083,102636,0.000000,0.000256
84980,32379,0.000000,0.000068
75448,102636,0.000000,0.452283
84980,3478,0.000000,0.000484
69230,28476,0.000000,0.000213
14467,89113,0.000000,0.526195
119152,14467,0.000000,0.461586
54444,17548,0.588200,0.531127
113697,105807,0.589395,0.498160
110461,80960,0.587916,0.473410
18331,62732,0.586132,0.427971
113697,116123,0.587612,0.510906
16655,3478,0.000000,0.497960
18331,84382,0.000000,0.000060
6578,12241,0.587916,0.464850
119152,20913,0.587612,0.461885
105807,64700,0.589395,0.537248
77051,52777,0.000000,0.468446
68121,117678,0.587916,0.436158
77051,30361,0.000000,0.475418
59957,20354,0.588200,0.525385
54444,62083,0.000000,0.000122
66555,35349,1.000000,0.496667
83792,77051,0.000000,0.520751
114555,52777,0.588200,0.556944
80395,16655,0.589180,0.544114
84382,64053,1.000000,0.714836
106797,69212,0.000000,0.572708
110461,3478,0.000000,0.549616
81597,52777,0.000000,0.406296
64053,75448,0.000000,0.000454
105949,13259,0.000000,0.000060
13259,64700,0.000000,0.469771
83792,81597,0.000000,0.459067
12662,64053,0.000000,0.000286
80960,71323,0.587916,0.462254
119699,30172,0.589794,0.549147
114322,91410,0.587286,0.555431
111674,96228,0.588955,0.585431
13545,30172,0.588466,0.577496
70594,72082,0.000000,0.000361
101714,120710,0.590812,0.566614
7142,17456,0.590498,0.528968
94895,94161,0.000000,0.000036
21345,40164,0.588200,0.524382
24367,30172,0.000000,0.000007
94024,79544,0.589180,0.548113
17456,72082,0.590332,0.524287
31885,42074,0.587916,0.523524
38220,96228,0.588200,0.581219
58228,79544,0.589395,0.545776
38220,70306,0.000000,0.000009
26868,45999,0.589794,0.592161
73793,114980,0.000000,0.000009
78670,70594,0.000000,0.000019
58228,30172,1.000000,0.861598
114143,38220,0.588200,0.569127
72082,7142,0.590332,0.522123
79893,31060,0.000000,0.000055
111674,121667,0.000000,0.306688
40164,114322,0.588200,0.574151
30172,94024,0.589180,0.589431
24367,112402,0.000000,0.000046
91410,61297,0.587286,0.559918
45999,38220,0.588200,0.560385
24367,38220,0.000000,0.000001
47867,26868,0.589794,0.549412
31060,7142,0.588955,0.479551
17456,15027,0.587916,0.517225
21345,49173,0.590160,0.552920
73793,45999,0.588200,0.565852
12127,7333,0.589794,0.547031
96228,114143,0.588955,0.587537
21345,27257,0.587916,0.518751
7142,62083,0.000000,0.000376
94161,121667,0.000000,0.234373
101714,100982,0.587612,0.436517
31140,112402,0.588466,0.537309
70594,75625,0.000000,0.000188
25755,49173,0.590658,0.558631
74292,92595,0.000000,0.000008
75625,37808,0.590332,0.565612
49173,27257,0.587916,0.553075
114322,37441,0.589180,0.590844
79893,101714,0.000000,0.000329
21345,120710,0.590160,0.507503
31140,121667,0.000000,0.226318
116483,121667,0.000000,0.276387
116483,15301,0.589794,0.547044
30172,15301,0.589794,0.591940
47867,34096,0.000000,0.000377
70594,100982,0.000000,0.000019
31885,116483,0.587916,0.523520
114143,121667,0.000000,0.306777
58228,6276,0.000000,0.102403
61297,96228,0.588955,0.593018
59075,26868,0.589395,0.591414
15301,94024,0.589180,0.585602
34096,30633,0.000000,0.000159
72082,49173,0.590332,0.556589
112402,47867,0.590332,0.522760
34096,40164,0.000000,0.000073
79544,116483,0.589395,0.499832
19150,70594,0.000000,0.000257
79893,70594,1.000000,0.992276
94024,25755,0.589180,0.547178
101714,25755,1.000000,0.569853
101714,111674,0.589794,0.588345
31140,30172,0.588466,0.577496
31140,73793,0.588200,0.586273
94161,114322,0.589180,0.538581
6276,61542,0.000000,0.115744
37293,40164,0.662089,0.816911
25755,12127,0.589794,0.502560
94895,1779,0.000000,0.000025
37441,59075,0.589180,0.594419
11698,92595,0.587286,0.574826
37293,31140,0.588200,0.586520
31060,38220,0.588200,0.526027
94895,38220,0.000000,0.000006
101714,11698,0.587286,0.541735
92595,94161,0.587916,0.528977
94895,47867,0.000000,0.000131
49173,6276,0.000000,0.090730
79893,96228,0.000000,0.000043
11698,15301,0.587286,0.548931
30172,62083,0.000000,0.000272
7333,30633,0.587916,0.457795
74292,58228,0.000000,0.000054
37441,79544,0.589180,0.548097
47867,37441,0.589180,0.540767
79893,1779,0.000000,0.000084
45999,31060,0.588955,0.514818
101714,12127,0.589794,0.547311
100982,30172,0.587612,0.450735
111674,110679,0.000000,0.000003
97923,24618,0.000000,0.023760
39009,117779,0.000000,0.002125
92489,97923,0.000000,0.000018
96441,45554,1.000000,0.968624
6123,119355,0.000000,0.000000
47021,23125,1.000000,0.001009
115067,23125,0.000000,0.000040
117779,65927,0.000000,0.000000
62943,77508,0.000000,0.000000
87046,12428,1.000000,0.968624
4983,65927,0.000000,0.013203
110306,87046,0.556586,0.466595
31340,97219,1.000000,0.277677
110306,97923,0.556586,0.466595
31340,11478,0.000000,0.000087
48575,87046,1.000000,0.968624
117779,57500,0.000000,0.000000
6123,87046,0.000000,0.000000
54720,24618,0.000000,0.000000
105351,54720,0.000000,0.000004
48575,110306,0.556586,0.411466
96318,65927,0.000000,0.000000
81141,97219,0.000000,0.000012
111207,62943,0.000000,0.000000
117779,55878,0.000000,0.000000
110306,78436,0.000000,0.000000
57243,8501,0.000000,0.026919
77066,4983,0.000000,0.028006
36226,110306,0.000000,0.046388
54720,89466,1.000000,0.002427
4983,55878,0.000000,0.000051
829,87046,0.000000,0.001475
33611,36226,0.000000,0.040052
77508,81141,0.000000,0.000000
12428,31340,0.000000,0.000000
102509,11478,0.000000,0.000448
105436,102509,0.000000,0.000014
56926,57500,0.000000,0.000257
85493,62943,0.000000,0.000000
9370,56926,0.000000,0.003352
102509,56926,0.000000,0.010907
96441,24618,0.000000,0.023760
54720,45554,0.000000,0.000002
92489,47021,1.000000,0.018568
55878,102509,0.000000,0.001400
11478,81141,0.000000,0.015708
6123,55878,0.000000,0.000003
6123,59578,0.000000,0.000013
89466,6123,0.000000,0.000003
78436,77066,0.000000,0.000023
48575,117779,0.000000,0.000000
78436,47021,1.000000,0.115526
9370,4983,0.000000,0.001681
6123,9370,0.000000,0.000003
102509,39009,0.000000,0.000001
78436,119355,0.000000,0.000023
57500,92489,1.000000,0.006538
97923,105351,0.000000,0.070484
31340,54720,1.000000,0.122281
59578,115067,0.000000,0.003586
45554,11478,1.000000,0.968624
8501,48575,0.000000,0.011753
24618,110306,0.000000,0.024401
4983,62943,0.000000,0.000000
24618,57243,0.000000,0.009995
23125,111207,0.000000,0.001032
23125,96441,0.000000,0.000001
4983,97923,0.000000,0.039430
6123,42473,0.000000,0.001127
102509,33611,0.000000,0.000448
4983,9370,0.000000,0.001137
96318,57243,0.000000,0.000000
117779,42473,0.000000,0.000199
31340,85493,1.000000,0.508179
57243,39009,0.000000,0.000000
45554,102509,0.000000,0.000019
115067,89466,0.000000,0.060093
102509,105436,0.000000,0.000266
81141,78436,0.000000,0.000041
8501,96318,0.000000,0.000000
57243,102509,0.000000,0.000019
81141,97923,0.000000,0.021853
62943,105351,0.000000,0.000000
36226,85493,0.000000,0.000001
9370,110306,0.000000,0.001821
92489,11478,0.000000,0.000018
78436,24618,0.000000,0.000005
92489,105351,0.000000,0.000069
57243,31340,0.000000,0.000000
48575,6123,0.000000,0.000000
85493,87046,0.000000,0.000416
57243,107231,0.000000,0.000000
97923,33611,1.000000,0.968624
48575,119355,1.000000,0.968624
87046,65927,0.000000,0.044221
24618,97923,0.000000,0.009995
81141,11478,0.000000,0.021853
110306,81141,0.000000,0.046960
45554,829,0.000000,0.000295
8501,92489,0.000000,0.000000
81138,33827,0.000000,0.000597
5206,81138,0.000000,0.186311
120908,68039,0.000000,0.464852
32049,2797,0.000000,0.000036
43785,10374,0.000000,0.132995
32704,31288,1.000000,0.526698
104527,52588,1.000000,0.923873
46649,31288,0.585374,0.529522
48377,101369,0.000000,0.000087
5527,104968,0.000000,0.533618
117871,84356,0.000000,0.000000
104527,22022,0.000000,0.000352
46649,26698,0.585374,0.492458
38154,34840,0.000000,0.534042
117871,2797,0.000000,0.000138
52588,115551,0.000000,0.000012
22022,15371,0.000000,0.488674
69562,73067,0.000000,0.487442
106537,104527,0.000000,0.000074
120908,34840,0.585374,0.521999
15371,36840,0.000000,0.299098
109997,115213,0.000000,0.491615
2797,69562,1.000000,0.467835
5527,33827,0.000000,0.000147
84356,107271,0.000000,0.000000
32049,68039,0.000000,0.165595
34840,31288,0.585374,0.588469
112815,43589,0.000000,0.190755
2797,120908,0.000000,0.000073
65304,34981,0.000000,0.538864
81138,62083,0.000000,0.001492
5206,38499,0.589599,0.410494
61700,13219,0.000000,0.537460
9170,34981,0.000000,0.541145
10390,43785,0.000000,0.460225
108709,62801,0.000000,0.000172
36840,4487,0.000000,0.250258
62801,46649,0.585374,0.555564
43785,56599,0.000000,0.282282
62801,5206,0.000000,0.495645
51541,11124,0.000000,0.000001
107271,31288,0.585374,0.531851
104968,32704,0.000000,0.530818
110821,51541,0.000000,0.499768
56599,62083,0.000000,0.002312
120908,43785,0.000000,0.728355
31288,110278,0.588466,0.540008
26698,13219,0.000000,0.502215
69562,1342,0.000000,0.010670
11124,115213,0.000000,0.000056
61700,65304,0.000000,0.535478
1342,82361,0.000000,0.002754
82361,66803,0.000000,0.000425
82361,115551,0.000000,0.000025
5206,32049,0.000000,0.166251
108709,5527,0.000000,0.000204
106537,101369,0.000000,0.000007
117871,71286,0.000000,0.504364
62801,13219,0.000000,0.552595
65304,51541,0.000000,0.476569
34840,62083,0.000000,0.000161
110278,71286,0.000000,0.495996
61700,43785,0.000000,0.536211
84356,104527,1.000000,0.000007
12231,46649,0.585374,0.528509
112815,51541,0.000000,0.125325
115551,110278,0.000000,0.500450
56599,117871,0.000000,0.404539
43785,104968,0.000000,0.521739
1342,62801,0.000000,0.165741
112815,31135,0.000000,0.123524
109997,101369,0.000000,0.000001
108709,110821,0.000000,0.000180
10374,51541,0.000000,0.113466
84356,106537,0.000000,0.000000
18960,43589,0.588200,0.470673
73067,11124,0.585374,0.974180
46649,51541,0.000000,0.490715
82361,36840,0.000000,0.000464
48377,51541,0.000000,0.131855
34840,36840,0.000000,0.290142
46649,43785,0.000000,0.468188
5818,82361,0.000000,0.000353
120908,12231,0.588466,0.457483
62083,31288,0.000000,0.000055
38499,71286,0.000000,0.497493
26698,34840,0.588717,0.536943
73067,115551,0.000000,0.000008
32704,120908,0.657163,0.674153
11124,59494,0.000000,0.000763
46649,62083,0.000000,0.000379
71286,106774,0.000000,0.494680
34981,9170,0.000000,0.548149
4487,68039,0.585374,0.591705
1342,59494,0.000000,0.548434
108709,11124,0.571888,0.372000
66803,109997,0.000000,0.491582
68039,43785,0.000000,0.467736
22022,33827,0.000000,0.000469
13219,113340,0.000000,0.490315
96536,111002,0.000000,0.036832
94305,110195,0.000000,0.000600
107636,59286,0.000000,0.000288
94305,96536,0.000000,0.003285
38032,121366,0.000000,0.000000
2678,91668,0.000000,0.000000
77508,121366,0.000000,0.000000
77508,42514,0.000000,0.000000
87313,38698,0.000000,0.362681
38032,12034,0.556021,0.166976
38032,56958,0.000000,0.086065
17006,40364,0.000000,0.001044
76452,113055,0.000000,0.001153
17068,117779,0.000000,0.000000
82321,85097,0.000000,0.077018
48568,17006,0.000000,0.001088
17006,9049,0.000000,0.000187
84799,17006,0.000000,0.000000
94305,101007,0.000000,0.000002
79682,90464,0.000000,0.000007
3165,30034,0.557528,0.224288
39259,14345,0.000000,0.000000
87313,117779,0.000000,0.000000
30865,84799,0.000000,0.010276
84799,48568,0.000000,0.000000
62943,65201,0.000000,0.000000
55567,56784,0.556021,0.231319
65201,116201,0.000000,0.399017
111002,2678,0.000000,0.000034
77508,17006,0.000000,0.000000
2678,87228,0.000000,0.005908
665,65201,0.000000,0.000375
38032,43421,1.000000,0.388142
108328,86993,0.000000,0.000000
17006,29564,0.000000,0.137932
116201,9049,0.000000,0.587544
39259,114467,0.556021,0.345108
29238,48568,0.000000,0.006946
96536,56958,0.000000,0.001475
107636,96536,0.588303,0.239871
91668,51147,0.000000,0.000410
87313,121366,0.000000,0.000000
77508,665,0.000000,0.000000
60098,94305,0.000000,0.000001
3165,39259,0.557310,0.227669
85955,114467,0.556021,0.390974
56231,29238,0.000000,0.000000
17006,86993,0.000000,0.000335
107636,101717,0.000000,0.132478
84799,87228,0.000000,0.000092
107636,113055,0.000000,0.001161
114467,111002,0.000000,0.000000
79682,70263,0.000000,0.000000
665,110195,0.000000,0.001860
91668,39259,0.000000,0.000002
59242,85955,0.000000,0.003814
30865,85097,0.000000,0.000000
48568,40364,0.000000,0.000124
38032,85097,0.000000,0.000000
94305,87228,0.000000,0.000019
101007,85955,1.000000,0.611167
87313,17006,0.000000,0.000140
55567,38433,0.000000,0.000236
121366,17068,0.000000,0.038073
55567,113055,0.000000,0.000017
113055,38698,0.000000,0.000008
116201,60098,0.000000,0.000001
51147,82321,0.000000,0.004478
9049,38032,0.000000,0.042165
55567,85097,0.000000,0.000000
121366,30865,0.000000,0.000000
94305,38032,0.000000,0.000002
76452,82321,0.000000,0.001517
51147,56784,0.000000,0.000545
38698,56784,0.556310,0.155271
56958,39259,0.000000,0.091965
29564,38698,0.000000,0.000324
12034,59242,0.000000,0.000467
110195,29238,0.000000,0.002210
42514,59286,0.000000,0.000038
29238,28103,0.000000,0.000000
77508,111002,0.000000,0.000001
26991,86993,0.000000,0.000000
82321,65201,0.000000,0.000006
17006,14345,0.000000,0.000034
116201,6289,0.555712,0.611299
42514,12034,0.000000,0.002275
87313,17068,0.000000,0.000000
665,59286,0.000000,0.000279
29238,40364,0.000000,0.001220
113055,42514,0.000000,0.003493
38698,118697,0.556582,0.288946
51147,114467,0.000000,0.000568
56958,94305,0.000000,0.000001
77508,38433,0.000000,0.000000
59286,86993,0.000000,0.000002
101007,18,0.556021,0.573792
77508,85955,0.000000,0.000000
113055,39259,0.000000,0.000022
38433,87313,0.000000,0.000005
107771,121396,0.000000,0.000005
98513,69473,0.590812,0.558601
92674,31889,0.590160,0.518253
29247,17914,0.000000,0.000109
44445,17736,0.591636,0.545668
92674,122361,0.590160,0.513826
40495,107771,0.590960,0.560937
96749,292,0.589794,0.542594
10925,20876,0.589794,0.483528
98513,74589,0.589981,0.574539
29247,20876,0.592539,0.589692
113858,34451,0.589180,0.547199
40495,4843,0.590498,0.520810
120630,42459,0.590160,0.536060
67251,26657,0.589180,0.580344
111838,17914,1.000000,0.970662
37511,121396,0.000000,0.000010
83072,51235,0.589180,0.538319
17914,115449,0.000000,0.000059
4369,113053,0.000000,0.004030
81415,34579,0.000000,0.718532
21913,121243,0.589599,0.487644
102981,292,0.589395,0.530155
292,83072,0.590658,0.565024
21913,52257,0.591880,0.564711
31889,42459,0.590658,0.550331
91218,42459,0.589981,0.530846
67251,121243,0.589180,0.547376
26657,75757,0.590160,0.552314
48148,113053,0.590160,0.508095
29247,44445,0.591636,0.579160
8693,102981,0.666398,0.757905
98513,44445,0.591636,0.578243
9625,46139,0.000000,0.000052
75757,121243,0.589599,0.500851
34451,56121,0.591104,0.538365
96749,21913,0.589794,0.494903
120630,74589,0.589981,0.550170
52257,68390,0.591378,0.584384
74589,111838,0.000000,0.000538
9625,36735,0.000000,0.000004
68390,72576,0.590498,0.562077
62083,48148,0.000000,0.000119
68390,115449,0.590498,0.590916
122361,104557,0.000000,0.000018
75757,26657,0.590160,0.543797
122361,34579,0.590812,0.534406
52257,20769,0.590960,0.579677
74589,26657,0.589981,0.591598
67251,117582,0.589180,0.583395
93468,20876,0.589981,0.553933
102249,31889,0.000000,0.000271
292,69473,0.590658,0.567666
10925,17736,0.589794,0.490795
10480,8693,0.000000,0.000006
121396,26657,0.000000,0.000039
74589,89343,0.000000,0.000036
62083,111838,1.000000,0.850134
17736,44445,0.591636,0.544728
75757,83072,0.590160,0.507962
102981,9379,0.000000,0.000003
36735,9625,0.000000,0.000005
4843,47454,0.000000,0.004423
20769,88329,0.590960,0.569480
51235,67251,1.000000,0.845661
91218,118438,0.589981,0.504724
113858,47454,0.000000,0.000470
98513,91218,0.589981,0.533176
17914,74589,0.000000,0.000031
122361,91218,0.589981,0.505852
102249,4369,1.000000,0.974110
9379,118438,0.000000,0.000080
98513,83072,0.591636,0.578343
111206,10480,0.000000,0.000002
9379,292,0.000000,0.000032
121243,48148,0.589599,0.501314
113858,74589,0.589180,0.589623
72576,20876,0.590498,0.508947
104557,121243,0.000000,0.000013
34579,83823,0.000000,0.000038
67251,121396,0.000000,0.000001
113858,111206,0.589180,0.583442
111206,9379,0.000000,0.000007
102981,67251,0.589180,0.543528
62083,40495,0.000000,0.000244
111206,36735,0.000000,0.000009
46139,34451,0.000000,0.000235
42459,9625,0.590332,0.587455
121396,92172,0.000000,0.000039
72576,102249,0.000000,0.000384
121243,102981,0.589395,0.501344
96749,74589,0.589794,0.549330
52257,111206,0.590960,0.579707
10480,9625,0.000000,0.000008
48148,4369,0.000000,0.001010
83823,42459,0.000000,0.000154
67251,107771,0.589180,0.583406
9379,34451,0.000000,0.000082
17914,92172,0.000000,0.000195
88329,26657,0.591378,0.567261
120617,50830,0.663355,0.513833
5772,79046,0.663174,0.543812
14525,98272,0.663527,0.499891
88497,70956,0.663174,0.544087
13508,13005,0.663355,0.555626
96206,50830,0.663355,0.502103
98272,12325,0.664431,0.560855
67586,99263,0.663355,0.552240
30833,20813,0.663527,0.518254
54777,62429,0.663692,0.518052
12127,88497,0.663174,0.505795
30833,67337,0.663527,0.496396
52912,98272,0.663527,0.558327
81391,96206,0.663851,0.522270
42434,62429,0.664151,0.534549
13508,12325,0.663355,0.591728
98272,34342,0.664293,0.558301
107036,93364,0.664293,0.529991
18419,84628,1.000000,0.773718
93364,96206,0.664293,0.537364
42357,120617,0.663527,0.516576
70455,1088,0.663527,0.518294
42434,111162,0.664004,0.557128
3142,42357,0.663174,0.227166
42434,73077,1.000000,0.559637
7287,13005,0.663174,0.217048
13508,34342,0.663355,0.592063
54777,67337,0.663692,0.504119
67586,42357,0.663692,0.563291
52796,12127,0.663355,0.508374
37452,40176,1.000000,0.551929
93364,70956,0.663527,0.550209
70455,93308,1.000000,0.752084
62429,52104,0.663692,0.517382
3142,7287,1.000000,0.855648
50830,93364,0.663355,0.503243
84628,75381,0.663174,0.506669
77372,19360,0.664816,0.575992
13005,17962,0.664151,0.530714
98272,14525,0.663527,0.500098
3142,77372,0.663174,0.221297
12127,95863,0.663355,0.503192
32944,13508,1.000000,0.550378
117236,40545,0.663355,0.510509
10630,99263,1.000000,0.748083
52796,5600,0.663527,0.550249
96206,52104,0.663692,0.516179
18419,77765,0.663355,0.512709
70455,62429,0.663692,0.517267
84628,40545,0.663527,0.517478
88497,40545,0.663174,0.500789
120617,5600,1.000000,0.551211
52796,116438,1.000000,0.706003
17962,62429,0.664293,0.534776
30833,107036,0.663527,0.503241
19360,73077,0.664151,0.555933
96206,34342,0.664293,0.560583
96206,1088,0.663527,0.510035
40176,120617,1.000000,0.557630
93364,42434,0.664151,0.560248
54777,72233,1.000000,0.795205
40176,70455,0.663527,0.558785
50830,5600,0.663355,0.549407
54777,12127,0.663355,0.509721
34342,93364,1.000000,0.570284
17962,75381,0.663174,0.494239
52104,107036,0.663692,0.509518
84628,33046,0.663174,0.503902
13508,108914,1.000000,0.855701
70455,98272,0.663692,0.508489
52104,18419,0.663527,0.518384
5772,36575,0.000000,0.000259
40176,34342,0.663527,0.592485
10630,73077,0.663355,0.543038
5600,12325,0.663527,0.592385
32944,107036,0.663355,0.495596
120617,36575,0.000000,0.000049
10630,13508,1.000000,0.550407
7287,54777,0.663174,0.227258
17962,77765,0.663355,0.498472
52912,54777,0.663527,0.559141
116438,17962,0.663851,0.519510
12325,17962,0.664431,0.571967
67337,37452,0.663527,0.494728
116438,111162,0.663851,0.557540
37452,77765,0.663355,0.512891
84628,52796,0.663527,0.517481
47461,67337,0.663355,0.489425
40176,12127,0.663355,0.554874
54777,81391,0.663692,0.522585
37452,13005,0.663527,0.512343
19360,12127,0.663355,0.492749
62429,83927,0.664004,0.526026
111162,13508,0.663355,0.589834
37452,5600,1.000000,0.551896
52104,108914,0.663355,0.549981
47461,70956,0.663355,0.549759
120617,88497,0.663174,0.503782
52912,111162,0.663527,0.592631
18419,99263,0.663355,0.512792
38341,88015,0.000000,0.004793
56569,123073,0.000000,0.002510
2650,109567,0.000000,0.002532
75633,120248,0.000000,0.000005
25552,89080,0.573710,0.000000
94795,33579,0.000000,0.000493
59874,107184,0.000000,0.000766
95322,52595,0.000000,0.069190
97070,8275,0.000000,0.000066
28920,38341,0.000000,0.000069
118581,103461,0.000000,0.000124
25515,106380,0.000000,0.000000
15287,2650,0.000000,0.010705
29932,94982,0.000000,0.000023
103569,109567,0.000000,0.000000
22177,25552,0.000000,0.000000
103569,80881,0.000000,0.000000
29932,61732,0.000000,0.000019
13577,28920,0.000000,0.000000
13937,38341,0.000000,0.000006
13937,88903,0.000000,0.000000
65882,8781,0.000000,0.000000
123073,61732,0.000000,0.036375
88903,89080,0.000000,0.000000
28062,23961,0.000000,0.019364
13577,97070,0.000000,0.000002
75384,13113,0.000000,0.002103
61732,120248,0.000000,0.000764
88015,64140,0.000000,0.022670
118581,13937,0.000000,0.000020
25515,4455,0.000000,0.000019
64140,56569,0.000000,0.000178
33459,118581,0.000000,0.000252
23961,107184,0.000000,0.000032
56569,65882,0.000000,0.000019
13113,103569,0.000000,0.000000
100223,103461,0.000000,0.001198
33459,120742,0.000000,0.046633
94982,13937,0.000000,0.002785
13113,94982,0.000000,0.002998
80881,15287,0.000000,0.000260
88903,63162,0.000000,0.000000
17337,120742,0.000000,0.000029
28305,4455,0.000000,0.000012
88015,56154,0.000000,0.000050
72468,95322,0.000000,0.003123
17337,103461,0.575976,0.000264
103461,100223,0.000000,0.004701
25552,38341,0.573710,0.000005
28305,33579,0.000000,0.004357
35284,71948,0.000000,0.000001
56569,88015,0.000000,0.000004
22177,94982,0.000000,0.002210
14950,10344,0.000000,0.003083
118581,64140,0.000000,0.009331
94795,97070,0.000000,0.001538
35284,17337,0.000000,0.000017
118996,61732,0.000000,0.003701
33579,120392,0.000000,0.393935
103569,61732,0.000000,0.000000
38341,8275,0.570106,0.000000
89080,63162,0.000000,0.002043
63515,90068,0.000000,0.000000
13577,9948,0.000000,0.003591
13577,13113,0.000000,0.000057
52595,72468,0.000000,0.000332
9948,8275,0.000000,0.000023
4455,71948,0.000000,0.000028
109567,123073,0.000000,0.006027
113322,56154,0.000000,0.000002
100223,118581,0.000000,0.011006
75384,118996,0.000000,0.000001
52595,113322,0.000000,0.000001
33459,80881,0.000000,0.000022
75384,52595,0.000000,0.206325
97070,75384,0.000000,0.050945
8275,71948,0.000000,0.000004
56569,59874,0.000000,0.000436
90068,123073,0.000000,0.007219
95322,23961,0.000000,0.000123
109567,118581,0.000000,0.000000
10344,52595,0.000000,0.000000
56569,52595,0.000000,0.000005
63515,123073,0.528987,0.000000
13577,35284,0.000000,0.000000
80881,95518,0.000000,0.000089
103461,75384,0.000000,0.030684
8275,8781,0.570106,0.000000
107184,94982,0.000000,0.029797
14950,88903,0.000000,0.000000
17337,22177,0.000000,0.000000
120248,23961,0.000000,0.000044
56569,2650,0.000000,0.000048
103461,8781,0.575976,0.000000
38341,118581,0.000000,0.000001
28062,95322,0.000000,0.000254
118581,23961,0.000000,0.012180
56154,94982,0.000000,0.290715
38341,75633,0.000000,0.000000
80881,103296,0.000000,0.000004
16711,100574,0.589981,0.513078
192,23444,0.589794,0.510216
91265,114465,0.589981,0.558369
99068,84112,0.589981,0.502606
88435,58887,0.000000,0.000501
80824,19830,0.000000,0.000013
118706,105990,0.590332,0.520730
37832,71563,0.589981,0.557159
63194,100574,0.000000,0.000102
114465,87052,0.000000,0.000392
99068,16711,0.590658,0.526100
16711,6218,0.590332,0.524161
30543,21304,0.000000,0.002803
57585,2947,0.588200,0.462686
30543,62083,0.000000,0.000382
80853,114465,0.589981,0.514821
3132,58887,1.000000,0.552254
87102,84112,0.589981,0.549051
115163,104057,0.590812,0.539360
97029,122566,0.000000,0.000008
115523,116301,0.000000,0.378708
308,84112,0.589981,0.556703
87975,104057,0.591636,0.560097
3132,9141,0.589981,0.512714
115523,37832,0.589981,0.549825
116301,71563,0.000000,0.363609
87102,99068,0.591243,0.573974
95359,84112,0.000000,0.469839
114465,63194,0.000000,0.000078
16711,3425,0.590658,0.558665
88270,89683,0.589981,0.502407
95359,116301,0.000000,0.263070
95359,96164,0.000000,0.279372
117641,68407,0.590160,0.510546
192,89683,0.589981,0.514180
55127,35684,0.590160,0.508575
3425,70701,0.589981,0.547477
2947,115163,0.590658,0.567134
100574,25972,0.589981,0.549550
68407,100433,0.589981,0.550538
91265,87102,0.589981,0.591858
110608,89683,0.000000,0.000409
308,92512,0.589981,0.590654
112663,70701,0.589981,0.555152
72997,2947,0.590498,0.559819
23444,192,0.589794,0.510205
97029,55496,0.590160,0.515126
99068,3132,0.589981,0.502418
100574,87052,0.000000,0.000247
100570,19830,0.000000,0.000022
68407,16711,0.590160,0.515313
112663,25972,0.590498,0.593582
115163,117641,0.590812,0.534212
62083,69829,0.000000,0.000119
116301,65402,0.000000,0.362891
80853,105990,0.589981,0.516564
95359,97029,0.000000,0.455166
95359,100570,0.000000,0.464163
122566,72997,0.000000,0.000177
88435,115163,0.000000,0.002268
52332,116301,0.000000,0.372979
308,100433,0.589981,0.590678
69829,23444,0.589794,0.512401
91265,30543,0.589981,0.557237
25972,23444,0.589794,0.550754
71563,104057,0.591104,0.547269
308,3060,0.588955,0.516935
70701,192,0.589981,0.516545
117641,6218,0.590332,0.519341
30543,116301,0.000000,0.386142
115523,99068,0.591243,0.541837
118706,99068,0.590812,0.530219
19830,3132,0.000000,0.000805
71563,3425,0.591104,0.566240
25972,80824,0.589981,0.590659
104057,118706,0.590812,0.550716
28599,117641,0.590498,0.525661
37832,104057,0.589981,0.569420
62083,2947,0.000000,0.000163
80824,21304,0.000000,0.000401
16711,88435,0.000000,0.000330
57585,115523,0.588200,0.447066
30543,96164,0.000000,0.343673
2947,9141,1.000000,0.568316
69829,3132,0.589981,0.517990
104057,87975,0.591636,0.570154
28091,114465,0.590498,0.525741
28599,35362,0.000000,0.003852
116301,52332,0.000000,0.337473
308,6218,0.590332,0.565658
100570,3425,0.590498,0.593408
80853,70701,1.000000,0.785054
100574,63194,0.000000,0.000047
68407,88435,0.000000,0.000217
80824,16711,0.589981,0.557918
118706,30543,0.590658,0.533427
112663,87052,0.000000,0.000249
23444,100433,0.589794,0.549816
100433,83435,0.589981,0.558118
37832,96164,0.000000,0.331257
15445,108367,0.000000,0.151598
70809,15543,0.000000,0.000302
31121,119974,0.000000,0.000005
37306,35283,0.586934,0.477607
110430,32864,0.586551,0.549765
50449,14938,0.588466,0.577432
61953,70809,0.588200,0.574143
106786,110430,0.586551,0.552025
22854,10999,1.000000,0.605499
22854,14938,0.587916,0.464900
106786,60532,0.589180,0.548208
68815,119974,0.000000,0.000019
42976,102030,0.589981,0.558149
59080,10999,0.587916,0.485479
79836,37298,0.000000,0.000242
70809,120607,0.589599,0.553134
10999,114749,0.587916,0.467702
66872,101731,0.658541,0.798738
60150,15543,0.000000,0.000424
3768,55843,0.000000,0.000242
60532,3768,0.588717,0.468452
120607,55843,0.000000,0.003179
120607,121279,0.586934,0.481906
120607,80126,0.589794,0.547499
95974,29469,0.588200,0.527186
80126,102030,0.589794,0.555803
110430,112210,0.586551,0.504563
15543,3645,0.000000,0.000035
2125,15543,0.000000,0.000107
28161,14938,0.588717,0.582721
31121,51989,0.587286,0.475477
120607,59080,0.589180,0.539714
29469,11142,0.588200,0.531244
89317,31121,0.587286,0.448711
80126,50449,0.588466,0.574457
18853,121279,0.586934,0.494018
70809,101731,0.587916,0.565825
15445,1547,0.587612,0.524060
114884,33051,0.588955,0.490844
2125,121279,0.586934,0.563764
37298,89317,0.000000,0.000099
18853,95974,0.588955,0.489856
35699,15543,1.000000,0.971928
65512,73230,0.587612,0.515561
121279,2125,0.586934,0.563677
1547,15543,0.000000,0.000062
86469,3645,0.586934,0.568615
68815,32085,0.588717,0.588137
3768,32864,0.588717,0.525230
37298,70009,1.000000,0.969307
35283,112723,0.000000,0.153491
66872,89317,0.587916,0.565238
70809,112210,0.587916,0.473779
79836,68815,0.589180,0.583960
60532,14335,0.587916,0.508641
50945,70809,0.587612,0.560755
1547,22854,1.000000,0.702741
80126,3645,0.587612,0.557432
15445,37298,0.000000,0.000018
108367,110430,0.000000,0.121406
114749,33051,0.588955,0.490842
3768,108367,0.000000,0.175898
114749,26310,0.588717,0.538075
101731,3645,0.587612,0.580045
59080,29469,0.588200,0.577479
108367,86469,0.000000,0.126218
121855,121279,0.586934,0.568796
22854,62083,0.000000,0.000091
37306,106786,0.586934,0.443235
106786,65512,0.588955,0.543740
101944,66872,0.587612,0.580039
37306,84784,0.586934,0.443882
115133,68815,0.588955,0.594336
84784,114749,0.588955,0.490887
3768,60532,0.588717,0.471014
55843,62083,1.000000,0.917533
66872,60150,0.587916,0.562792
60150,106786,0.589180,0.587784
1547,15445,0.587612,0.516618
3645,65512,0.587612,0.524336
65512,14938,0.588955,0.526759
29469,101944,0.587612,0.576847
121855,15445,0.587612,0.580020
55843,15543,1.000000,0.976143
95974,60532,0.588955,0.476038
3645,62083,0.000000,0.000090
114749,59080,0.589180,0.545364
66872,62083,0.000000,0.000103
53309,26310,0.587286,0.566509
115133,55843,0.000000,0.000214
15543,14938,0.000000,0.000276
61953,101944,0.587612,0.576847
2580,42976,0.660457,0.860094
15445,70009,0.000000,0.000010
33051,59080,0.588955,0.536842
102030,115133,0.588955,0.537732
112723,31121,0.000000,0.119326
50449,29469,0.588200,0.586274
32864,33051,0.588955,0.543475
14938,3645,0.587612,0.557354
22755,37475,0.000000,0.001084
71700,43673,0.000000,0.000010
75112,71700,0.000000,0.342056
36845,100979,0.589395,0.497910
118391,104913,0.589395,0.538241
85310,122981,0.588466,0.469938
64917,75112,0.588466,0.325555
86528,22755,0.589180,0.468691
96918,36845,0.589395,0.497967
52154,27710,0.588466,0.502071
2829,62083,0.000000,0.000181
44732,63838,0.589395,0.485579
12375,109670,0.000000,0.000167
72497,82745,0.589599,0.469891
21112,84972,0.588955,0.399910
96783,62083,0.000000,0.000283
39141,42276,0.588717,0.533793
39141,27034,0.000000,0.000213
96918,22755,0.589180,0.489180
11095,36845,0.587612,0.519600
10778,100979,0.589180,0.496242
72497,12756,0.590160,0.472320
69892,44732,0.589180,0.494970
62083,12375,1.000000,0.999957
80092,42276,0.588717,0.536190
122796,17568,0.000000,0.445042
67530,58631,0.000000,0.000001
27710,64399,0.587916,0.353689
53026,72497,0.589395,0.464634
36845,11095,0.587612,0.510646
69806,44732,0.665860,0.766071
95567,75464,0.589395,0.487189
27034,95097,0.000000,0.000235
2829,36845,0.589180,0.490382
17568,43673,0.000000,0.000003
37475,12756,0.000000,0.002016
122796,64399,0.587916,0.308926
42863,21112,0.588955,0.490422
24250,85310,0.588200,0.388916
39141,63838,0.590498,0.524391
37475,80092,0.000000,0.001198
109670,43673,0.000000,0.000007
6198,53026,0.000000,0.000616
27710,71700,0.000000,0.435749
72497,37475,0.000000,0.000689
104913,90547,0.589180,0.494315
117896,72497,0.590332,0.460249
95567,69892,0.589180,0.492865
104913,11095,0.587612,0.510022
95097,85310,1.000000,0.386010
61064,64917,0.587916,0.473413
104913,122796,0.589395,0.500570
64917,104913,0.588466,0.405000
53026,68684,0.665860,0.714635
37475,40748,0.000000,0.003316
96783,64399,0.587916,0.307632
43673,39141,0.000000,0.000563
80092,37475,0.000000,0.000936
67530,100979,0.589395,0.540757
117896,46142,0.590160,0.520316
96844,42863,0.000000,0.000211
122796,84972,0.588955,0.388398
17547,88954,0.588955,0.467193
96783,107193,0.589395,0.495893
109670,42863,0.588466,0.476547
69892,6198,0.000000,0.000125
64399,96918,0.587916,0.374984
85310,72497,0.588466,0.430286
100979,69806,0.665860,0.653006
95567,104913,0.589395,0.499782
67530,62083,0.000000,0.000323
122796,6198,0.000000,0.000222
37475,62083,1.000000,0.102160
21112,96844,0.000000,0.000010
100979,46142,0.589395,0.498959
96783,52587,0.589395,0.542026
40748,75464,0.589395,0.466645
22755,84972,0.588955,0.344335
40748,90547,0.589180,0.485188
54360,117896,0.588200,0.467434
80092,109670,0.588466,0.477323
21112,62083,0.000000,0.000201
85310,11095,0.587612,0.486244
37475,43673,1.000000,0.602204
44732,122981,0.588955,0.539638
40748,88954,0.590658,0.523518
96783,80092,1.000000,0.497572
12375,24250,0.000000,0.000124
118391,58631,0.000000,0.000001
52154,122981,0.588955,0.585574
37475,82745,0.000000,0.001393
95567,84972,0.588955,0.389390
24250,63838,0.588200,0.445014
104913,44732,0.665860,0.726727
40748,69892,0.589180,0.485188
27034,46142,0.000000,0.001314
118391,12756,0.590160,0.562552
22755,21112,0.589180,0.495475
37475,63838,0.000000,0.005239
69806,17568,0.000000,0.453520
58028,61848,0.587612,0.438221
96415,108225,0.589599,0.505632
3615,78108,0.589794,0.511956
22125,96415,0.589180,0.497496
92298,109923,0.590812,0.535416
19142,40062,0.588466,0.460555
45804,40062,0.588466,0.459482
8605,77341,0.589180,0.504813
78333,98677,0.587916,0.446288
15171,117617,0.588955,0.489617
117617,41760,0.589180,0.480873
96415,18360,0.589599,0.494476
96415,22125,0.589180,0.496728
18360,85447,0.589395,0.488146
57874,22125,0.587916,0.469074
6218,78510,0.589981,0.515139
19142,59288,0.588466,0.479603
12212,90008,0.000000,0.001057
99659,18360,0.588200,0.531135
117617,91450,0.589180,0.497025
78333,40062,0.587916,0.432759
81426,40062,0.000000,0.001538
64173,6218,0.000000,0.000545
90008,95011,0.588200,0.460418
15171,98677,0.588955,0.481400
45804,37233,0.588466,0.477964
5185,102513,0.588955,0.477566
45153,117617,0.589180,0.543477
2420,100862,0.000000,0.000017
78108,108225,0.589981,0.518521
110414,75427,0.000000,0.000012
91450,102513,0.588955,0.490083
45804,90008,0.588466,0.471135
90008,98677,0.590498,0.530664
6983,62092,1.000000,0.714801
90008,2420,0.590160,0.520942
81426,96415,0.000000,0.000282
5185,109923,0.590960,0.538212
98677,12212,0.000000,0.000050
81426,88513,0.000000,0.000039
6983,42057,0.000000,0.000903
96415,6983,1.000000,0.709246
36202,78510,0.000000,0.001054
85447,63608,0.589395,0.479975
63608,45153,0.589599,0.542317
2420,96935,0.589599,0.502966
88589,54798,0.589180,0.482550
6218,81426,0.000000,0.000075
78108,91897,0.000000,0.000198
45804,85447,0.588466,0.479697
12212,5185,0.000000,0.001485
96415,75427,0.000000,0.000022
95011,58028,0.588200,0.461632
70917,100862,0.000000,0.000002
77341,41760,0.589395,0.485792
37233,41760,0.589599,0.492042
117593,62092,0.000000,0.000344
88589,62992,0.589180,0.485193
62083,68743,1.000000,0.996333
70917,64825,0.000000,0.000012
3615,63608,0.589794,0.492116
110414,18360,0.588955,0.477151
7578,109923,0.587916,0.432212
57874,68743,0.000000,0.000020
75427,109923,0.000000,0.002352
117593,59288,0.000000,0.000264
57874,54798,0.587916,0.438213
18360,98402,0.589395,0.489094
75427,100862,1.000000,0.955889
3615,19142,0.588466,0.476146
22125,117617,1.000000,0.779341
42057,92298,0.000000,0.002815
70917,42057,0.000000,0.000244
12212,98402,0.000000,0.000466
100862,54082,1.000000,0.975240
90008,117617,0.589180,0.488909
6218,75427,0.000000,0.000046
59288,26273,0.589180,0.532412
42057,102513,0.000000,0.000463
58028,85447,0.589395,0.493442
54082,77341,0.000000,0.000483
90008,70917,0.588955,0.537763
64825,99659,0.000000,0.000070
81426,26273,0.000000,0.000205
70917,3615,0.588955,0.545642
92298,45153,0.589599,0.546358
62092,109923,0.589599,0.493334
62092,42057,0.000000,0.000867
22125,78510,0.589180,0.494973
8605,53120,0.000000,0.119213
41760,54082,0.000000,0.000436
3615,78333,0.587916,0.464700
22125,108225,0.589180,0.494850
78108,96415,0.589599,0.503627
35592,45153,0.000000,0.483963
41760,40062,0.591243,0.540638
15171,70917,1.000000,0.538671
63608,41760,0.591509,0.543759
96935,36202,0.000000,0.000057
35592,64173,0.000000,0.000027
23901,24476,0.588955,0.570505
75335,89522,0.590812,0.528191
52257,76578,0.591243,0.582216
116258,48616,0.590498,0.521586
40959,43968,0.000000,0.000460
40959,43684,0.000000,0.000811
121901,1751,0.000000,0.007608
86446,87319,0.591509,0.544063
76426,87095,0.000000,0.001257
49932,83924,0.000000,0.497417
29251,87095,0.591104,0.572981
87319,44445,0.591636,0.544733
65552,89232,0.588466,0.568682
86446,114215,0.589599,0.542947
104826,65552,0.588200,0.467142
40959,87095,0.591243,0.540110
64044,99429,0.589794,0.499645
40268,44445,0.591636,0.580224
28891,76426,0.000000,0.000269
55972,63836,0.588955,0.483158
55972,106872,0.588955,0.423396
42954,52257,0.590960,0.464038
71086,55972,0.588955,0.470250
121901,68343,0.000000,0.000012
121901,86446,0.591378,0.567745
28891,87095,0.591243,0.577160
55972,102799,0.588955,0.480683
37964,24476,0.591378,0.566312
41206,75335,0.590812,0.529514
21725,87095,0.591243,0.540021
105577,27112,0.590332,0.561591
1751,88078,0.000000,0.000700
86446,41206,0.669206,0.685508
44445,68343,0.000000,0.000016
89522,65865,0.591378,0.542418
68343,43968,1.000000,0.998864
61939,87095,0.591243,0.540129
86593,65552,0.000000,0.000042
102799,121901,0.591378,0.578540
94915,29251,1.000000,0.564870
21725,28891,0.591636,0.570365
99429,29251,0.590960,0.563086
76426,65865,0.000000,0.001417
52257,21725,0.591760,0.571419
21940,87319,0.592539,0.558921
285,75335,0.590812,0.529095
21940,43968,0.000000,0.001012
21725,285,0.591636,0.596465
44445,1751,0.000000,0.009859
64219,118922,0.590658,0.594671
285,21725,0.591636,0.596852
61939,102799,0.591760,0.571835
106872,105577,0.590332,0.561552
50568,87095,0.591243,0.537134
43968,43684,1.000000,0.386737
43684,87848,0.000000,0.000543
99429,83924,0.590960,0.535704
21725,76426,0.000000,0.000772
76578,86514,0.000000,0.000002
17822,64219,0.590658,0.588175
64044,27112,0.589794,0.501083
29251,86446,0.591104,0.571468
76426,71086,0.000000,0.002039
97382,99429,0.000000,0.000327
43684,94915,0.000000,0.000509
86593,99429,0.000000,0.001069
106872,29251,0.590658,0.558734
40268,58076,0.588955,0.479209
21940,16456,0.000000,0.004987
41206,121901,0.591378,0.621893
28891,121901,0.591378,0.578782
58076,62083,0.000000,0.000159
41206,10480,0.000000,0.000007
55972,87095,0.588955,0.474711
41206,97382,0.000000,0.000018
114215,116258,0.589599,0.551531
23901,83924,0.588955,0.545101
114425,105577,0.000000,0.000040
65552,68343,0.000000,0.000000
89522,116258,0.591509,0.543300
114215,81730,0.589599,0.590926
27112,88078,0.589599,0.497199
29251,65552,0.588466,0.559492
99429,106872,0.590658,0.502715
99429,1751,0.000000,0.005229
94915,89522,0.591104,0.539626
61939,88078,0.589599,0.489490
64044,37964,0.589794,0.495859
29251,26673,0.591104,0.573606
40667,10480,0.000000,0.000007
87848,76426,0.000000,0.000428
55972,81730,0.588955,0.501715
121901,10480,0.000000,0.000006
48616,26673,0.590498,0.522433
40268,121901,0.591378,0.575997
58076,44445,0.588955,0.473993
10480,40667,0.000000,0.000064
94915,97382,0.000000,0.000012
116258,81730,0.590812,0.557345
21725,94915,0.591104,0.539126
102870,17519,0.588200,0.577661
17554,95615,0.000000,0.177805
58542,76902,0.587916,0.457823
112211,96583,0.646916,0.657818
85902,110942,0.586551,0.437258
75684,46553,0.589395,0.498742
110062,57533,1.000000,0.990318
59179,76293,0.588717,0.482321
33599,87430,0.000000,0.000275
97114,17519,0.587916,0.504927
114913,102038,0.000000,0.000019
68635,102870,0.586551,0.436370
93113,4818,0.000000,0.000144
114913,59179,0.000000,0.000075
24899,13491,0.588717,0.483161
97193,57046,0.000000,0.004606
102038,95615,0.587286,0.447778
5264,95615,0.587916,0.435623
76293,33599,0.000000,0.000095
114156,118126,0.000000,0.000726
35538,24499,0.587286,0.495438
96196,17554,0.000000,0.224465
120764,17554,0.000000,0.167836
120764,36023,0.587286,0.454688
52210,102870,0.587916,0.478845
97700,109642,0.589180,0.549197
45035,119750,0.589794,0.512369
112211,53354,0.588200,0.472530
80864,100279,0.588200,0.562272
75684,95615,0.587916,0.466825
83204,45035,0.589794,0.503018
24499,110062,0.000000,0.004762
711,24499,0.588955,0.470919
36375,17554,0.000000,0.177956
118126,52210,0.587916,0.467368
33599,17554,0.000000,0.006600
14639,36023,0.588466,0.584182
119750,36176,0.588717,0.535576
24899,95615,0.587916,0.465896
68635,102038,0.586551,0.436597
59179,102870,0.588955,0.536955
17519,59179,0.588200,0.536684
80859,5264,0.589794,0.499984
4818,76293,0.000000,0.000233
3794,36176,0.588717,0.533571
67207,39289,1.000000,0.652728
10816,102038,0.587286,0.485319
13491,57046,0.000000,0.000594
52210,119750,0.587916,0.462922
47158,39843,0.587916,0.427817
5264,102038,0.587286,0.414845
96583,102870,0.588200,0.493560
24899,711,1.000000,0.760789
24899,4818,0.000000,0.000245
36176,33599,0.000000,0.000033
97193,4818,0.000000,0.001640
10816,100279,1.000000,0.829974
14639,119750,0.588466,0.537576
39289,17519,0.587916,0.505290
59179,19454,0.587916,0.521807
46553,114156,0.000000,0.002808
46553,118126,0.589180,0.492319
4818,100279,0.000000,0.000145
100279,33599,0.000000,0.000021
118126,4818,0.000000,0.000307
62083,46553,0.000000,0.000117
46553,39843,0.587916,0.458114
80859,711,0.588955,0.487893
100279,19454,0.587916,0.583557
24899,5264,0.588955,0.476145
46553,4818,0.000000,0.000920
114913,52210,0.000000,0.000026
118126,48790,0.587612,0.462128
33599,80859,0.000000,0.000615
112211,17519,0.646916,0.520966
114913,47158,0.000000,0.001515
14639,114913,0.000000,0.000019
120764,100279,0.587286,0.480663
68635,17840,0.586551,0.404076
59179,46553,0.588955,0.486837
24899,45035,0.588955,0.489414
112211,33599,0.000000,0.000059
13491,76902,0.588717,0.480708
57533,114156,1.000000,0.960607
33599,46553,0.000000,0.000894
53354,76902,0.588955,0.484701
112211,24499,0.588200,0.432788
53354,33599,0.000000,0.000124
35538,118126,0.587286,0.516914
45035,53354,0.588955,0.486523
31095,118126,0.589180,0.516859
97700,14639,0.588466,0.582901
36176,24899,0.588717,0.545278
4818,52210,0.000000,0.000107
114156,17840,0.000000,0.002226
52210,110062,0.000000,0.000103
36023,119750,0.589180,0.548338
45035,31095,0.589794,0.536443
17519,50600,0.588200,0.533305
36176,97193,0.588717,0.541553
120429,39740,0.000000,0.000364
41531,37068,0.000000,0.000123
99250,17370,0.000000,0.000167
77385,95607,0.000000,0.328362
74531,20505,0.000000,0.000169
69988,41531,0.000000,0.000035
54553,49795,0.000000,0.474224
33212,15117,0.587612,0.457454
32454,21990,0.000000,0.462295
96485,115602,0.555165,0.425431
15117,95607,0.000000,0.343676
69988,87593,0.000000,0.450720
39698,74531,0.000000,0.000012
44585,59994,0.587612,0.467285
31595,43067,0.588717,0.537788
54553,76875,0.000000,0.480153
38985,24632,1.000000,0.919172
32454,44585,0.587916,0.472940
39698,15117,0.588200,0.498560
37068,41531,0.000000,0.000009
44585,87593,0.000000,0.455171
49386,54553,0.587916,0.467179
15415,119857,0.000000,0.509730
20542,43067,0.588466,0.521907
20505,95607,0.000000,0.338333
33212,119857,0.000000,0.442226
43067,76875,0.000000,0.542451
44585,49386,0.587916,0.479807
58996,32454,0.587916,0.465717
120429,43067,0.588717,0.533350
88522,15117,0.000000,0.000128
114101,42642,0.588955,0.491189
102312,20505,0.587916,0.467061
41531,95621,0.000000,0.917287
64241,114101,0.588955,0.489805
21990,122848,0.000000,0.440615
76875,120095,0.000000,0.500170
113220,31595,0.589395,0.494876
44775,64241,0.000000,0.253216
49795,85805,0.000000,0.476948
99489,106554,0.000000,0.548965
59994,120095,0.000000,0.499764
77385,120095,0.000000,0.497580
99250,15117,0.000000,0.000126
43067,76285,0.588200,0.520436
63394,71791,0.588466,0.477847
106554,114101,0.000000,0.487825
74295,64241,0.589599,0.546026
74531,49795,0.000000,0.000140
85805,88661,0.589599,0.499903
85805,95621,0.000000,0.000094
99489,35990,0.589180,0.548792
14607,38985,0.000000,0.000329
45142,44585,0.000000,0.000963
58996,38985,0.000000,0.000078
88522,76285,0.000000,0.000125
20505,76285,0.588200,0.470234
88661,59994,0.587612,0.435722
37068,35990,0.587916,0.468187
88522,71791,0.000000,0.000718
85805,521,0.000000,0.000030
122848,20542,0.587286,0.451470
102312,104170,0.587916,0.468199
99883,20542,0.588200,0.469194
15415,17370,0.588466,0.475130
113220,102312,0.587916,0.450253
76875,15117,0.000000,0.470188
37068,24632,0.000000,0.000153
20505,64241,0.588717,0.484528
87593,95607,0.000000,0.327646
87593,102312,0.000000,0.448015
24632,95621,1.000000,0.927582
42642,33212,0.587612,0.462002
15415,69988,0.589395,0.501420
99250,87593,0.000000,0.000073
31595,44585,0.660931,0.546239
49386,21990,0.000000,0.462859
76285,15415,0.588200,0.471510
74295,96637,0.588717,0.503405
20505,102312,0.587916,0.464614
88522,45142,1.000000,0.345230
43518,102312,0.587916,0.507426
69988,120095,0.000000,0.495209
88661,113220,0.590498,0.531645
114101,59994,0.587612,0.460248
20542,24632,0.000000,0.000260
39740,76875,0.000000,0.002012
39740,96637,0.000000,0.000183
96485,20505,0.000000,0.434745
58996,115602,0.000000,0.465173
41531,58996,0.000000,0.000390
71791,88661,0.589794,0.505099
20542,63394,0.660071,0.698341
54553,102312,0.587916,0.464629
113220,1642,0.000000,0.409396
71791,37068,0.587916,0.464364
64241,44775,0.000000,0.253128
39740,24632,1.000000,0.898781
521,41531,0.000000,0.924758
32454,64241,0.587916,0.466187
98246,90897,0.000000,0.000005
99952,53832,0.588466,0.480735
48148,99952,0.000000,0.471482
58794,62948,0.000000,0.000008
37119,121913,0.591104,0.554054
100176,36216,0.000000,0.000008
11102,63840,0.000000,0.435266
121913,100343,0.000000,0.000122
67446,84444,0.590332,0.515769
110423,62948,1.000000,0.997132
98282,84444,0.590160,0.521184
84444,74589,0.589981,0.552010
78170,10977,0.000000,0.000056
58794,108543,0.590160,0.518628
99952,24323,0.000000,0.000001
122306,285,0.591636,0.580681
99952,78170,0.000000,0.000001
37119,47048,0.000000,0.436452
88329,285,0.591636,0.544697
100176,62948,0.000000,0.000007
57324,100343,0.000000,0.000005
99952,122505,0.588200,0.526656
118438,37041,0.591104,0.535626
118542,99952,0.588466,0.479703
10413,37119,0.590498,0.524659
36216,88329,0.000000,0.000161
90030,37964,0.591104,0.539039
10925,37210,0.589794,0.502101
121913,37964,0.591378,0.570227
37041,78170,0.000000,0.000068
18254,17494,0.588717,0.533861
37551,121913,0.591243,0.557144
53832,118542,0.590332,0.593708
100176,38351,0.590498,0.523790
108543,99952,0.588466,0.471205
9995,26405,0.000000,0.561919
78435,38351,0.000000,0.000042
67446,56325,0.000000,0.000175
10925,100176,0.589794,0.506407
114224,18254,0.589794,0.510036
38351,42459,0.591104,0.562220
35901,78170,0.000000,0.000009
57324,90030,0.590332,0.561452
29247,98437,0.591760,0.581521
122306,10977,0.591104,0.574273
17494,71048,0.588717,0.541894
53832,10413,0.590332,0.563014
110423,63840,0.000000,0.000037
10977,35901,0.590812,0.534637
48148,26405,0.556902,0.515498
118438,122306,0.591104,0.564483
122505,37041,0.588200,0.523632
23510,78435,0.000000,0.000003
37119,10413,0.590498,0.524604
28465,98246,0.590160,0.510178
37551,61508,0.000000,0.000030
42459,108543,0.590160,0.545713
23510,61508,0.000000,0.000005
100176,98437,0.590498,0.519700
42459,17494,0.588717,0.555609
90030,114224,0.589794,0.501181
44202,61508,0.000000,0.000004
78435,84444,0.000000,0.000016
37210,78435,0.000000,0.000012
47048,78435,0.000000,0.000001
99952,285,0.588466,0.452870
4765,61508,0.000000,0.000012
285,100343,0.000000,0.000044
61508,90897,1.000000,0.997428
4765,18057,0.000000,0.500725
24323,122306,0.000000,0.000118
42459,37964,0.591378,0.577326
118438,47048,0.000000,0.436462
1413,48148,0.000000,0.561337
4765,38351,0.590332,0.518518
67446,502,0.591509,0.568876
26405,78170,0.000000,0.000009
58794,68390,0.590658,0.557542
24323,9995,0.000000,0.000018
84444,35901,0.590332,0.523424
38351,62948,0.000000,0.000014
114224,99952,0.588466,0.474643
78170,47048,0.000000,0.000002
53832,98437,0.590332,0.561303
9995,37041,0.590332,0.561806
103175,502,0.591509,0.599521
56325,18057,0.000000,0.000417
18254,108543,0.590160,0.521881
4765,62948,0.000000,0.000006
98282,285,0.590160,0.510146
285,57324,0.590332,0.550769
63840,67446,0.590498,0.521330
24323,99952,0.000000,0.000004
37964,10413,0.590498,0.522479
58794,18254,0.590332,0.523350
122306,121396,0.000000,0.000012
122306,118438,0.591104,0.574748
26405,122306,0.000000,0.557571
37551,11102,0.000000,0.423515
88329,56325,0.000000,0.000171
7744,20484,0.000000,0.147626
39009,112542,0.000000,0.000034
119937,1786,0.000000,0.146190
70231,69910,0.000000,0.000064
49377,88875,0.000000,0.012716
101581,85643,0.000000,0.033397
40520,76010,0.000000,0.030765
87327,89872,0.000000,0.006753
77709,7744,0.000000,0.000529
88953,50897,0.000000,0.148177
16634,25209,0.000000,0.300884
47447,90746,0.000000,0.050911
16634,50897,0.000000,0.283264
88875,87511,0.000000,0.025930
109107,58528,0.000000,0.000381
21537,77709,0.000000,0.000692
77508,48836,0.000000,0.000000
21999,14526,0.000000,0.007956
50897,49377,0.000000,0.024772
21999,45404,0.000000,0.020088
21537,30683,0.574333,0.040587
68277,92490,0.000000,0.034960
88875,77508,0.000000,0.000001
65927,1786,0.000000,0.023736
47291,101581,0.000000,0.027760
77508,109107,0.000000,0.000000
87327,48836,0.000000,0.028485
21999,18138,0.000000,0.009699
1786,20761,0.570787,0.064788
65927,77508,0.000000,0.000000
8834,39009,0.000000,0.000002
65927,58528,0.000000,0.064015
70397,18138,0.000000,0.055977
88875,54552,0.000000,0.000005
58528,71987,0.000000,0.000943
26287,101581,0.000000,0.037009
81495,85880,0.000000,0.015108
1786,56297,0.000000,0.000008
54552,76010,0.000000,0.000481
47447,18138,0.000000,0.087882
20761,45404,0.000000,0.060473
87511,21537,0.000000,0.054104
115440,68277,0.000000,0.003702
45404,77508,0.000000,0.000000
85880,76010,0.000000,0.004462
48836,27342,0.000000,0.000482
47291,87511,0.000000,0.006835
8834,27342,0.000000,0.000564
23427,85880,0.000000,0.242743
76010,25209,0.000000,0.015264
1786,81495,0.572750,0.059012
96156,88521,0.000000,0.000009
119504,45404,0.000000,0.106589
56297,50897,0.000000,0.000001
114736,85643,0.000000,0.038873
46007,76010,0.000000,0.088551
47447,25209,0.000000,0.114503
122234,1786,0.000000,0.197027
85880,56297,0.000000,0.000011
27342,112542,0.000000,0.000683
39009,122234,0.000000,0.000000
79769,71987,0.000000,0.125518
106380,89872,0.000000,0.000000
49377,26287,0.000000,0.007250
90746,88521,0.000000,0.124283
13276,69910,0.000000,0.111872
39009,81495,0.000000,0.000048
32056,120644,0.000000,0.000046
114736,50897,0.000000,0.212409
76010,50897,0.000000,0.017617
92490,1786,0.000000,0.072702
23427,119504,0.000000,0.003352
14526,50897,0.000000,0.043994
77508,88953,0.000000,0.000000
54552,120644,0.000000,0.000000
27342,88953,0.000000,0.000462
14526,119937,0.000000,0.046265
76010,77709,0.000000,0.000487
16634,68277,0.000000,0.069494
77508,21537,0.000000,0.000000
88953,114736,0.000000,0.142377
54552,68277,0.000000,0.001140
69910,45404,0.000000,0.019196
27342,101581,0.000000,0.000401
39009,119504,0.000000,0.000018
96156,122234,0.000000,0.000012
89872,115440,0.000000,0.000234
106380,71987,0.000000,0.000000
47291,88521,0.000000,0.016397
81495,48836,0.000000,0.022577
119937,39009,0.000000,0.000000
23427,79769,0.000000,0.030765
45404,26287,0.000000,0.006337
76010,85643,0.572750,0.042777
77709,30683,0.000000,0.000111
20484,85643,0.000000,0.054803
20761,13276,0.000000,0.012917
23427,47447,0.000000,0.107429
77709,56297,0.000000,0.004792
47447,39009,0.000000,0.000000
99804,71870,0.000000,0.037086
109189,96758,0.000000,0.000001
43102,24747,0.000000,0.002821
99779,18581,0.000000,0.000002
35932,99779,0.553791,0.036419
96758,10926,0.000000,0.000044
36146,50647,0.000000,0.177837
24747,12286,0.540875,0.077552
91086,29874,0.000000,0.052863
9629,70391,0.000000,0.000734
104020,6055,0.000000,0.181683
99779,3356,0.000000,0.000761
6055,31805,0.555609,0.096122
104020,64626,0.000000,0.108916
109189,36146,0.000000,0.016546
86458,73819,0.000000,0.007332
8818,46557,0.000000,0.002313
29874,6055,0.554482,0.445412
36146,46557,0.540875,0.032208
50647,10926,0.000000,0.000000
12286,8818,0.000000,0.002690
100636,71870,0.000000,0.028987
53184,86458,0.550680,0.476707
50081,3356,0.000000,0.364720
64878,6055,0.552973,0.091939
54117,29874,0.000000,0.590358
48953,92911,0.000000,0.015407
54117,106532,0.000000,0.572553
22948,12286,0.541406,0.022516
30846,9629,0.000000,0.000089
18238,116414,0.000000,0.000761
101212,120978,0.000000,0.000000
3356,8379,0.000000,0.003528
53184,48953,0.000000,0.141392
9924,18581,0.000000,0.000002
3356,65529,0.000000,0.006977
35932,51344,0.000000,0.229831
100037,104020,0.000000,0.008722
116414,49761,0.000000,0.000027
53184,22948,0.000000,0.240902
35932,72881,0.553791,0.434533
43102,49761,0.000000,0.016468
18581,104020,0.000000,0.001291
22948,29874,0.000000,0.235041
53184,64878,0.550680,0.494249
35932,71870,0.553791,0.173420
30846,53184,0.000000,0.000125
91086,99601,0.540875,0.051100
100636,36146,0.540875,0.154839
100414,12286,0.000000,0.593470
31805,29874,0.554482,0.103643
99804,92911,0.000000,0.126774
91063,54117,0.000000,0.098828
53184,31805,0.550680,0.066040
104020,17255,0.000000,0.138539
48953,51344,0.000000,0.013588
72881,99804,0.000000,0.035090
87326,50081,0.000000,0.000352
52019,92911,0.553791,0.033503
86458,98976,0.000000,0.006639
98976,87326,0.000000,0.000000
8379,53184,0.000000,0.190363
116414,100636,0.000000,0.002431
55670,106532,0.000000,0.000161
99779,72881,0.555081,0.055639
96758,28240,0.000000,0.000001
8818,73819,0.000000,0.000021
43102,99804,0.000000,0.025406
3356,57831,0.000000,0.001252
99601,17255,0.000000,0.092906
53184,36225,0.000000,0.286874
9629,99601,0.000000,0.033156
120978,31805,0.000000,0.000016
9924,18238,0.000000,0.052112
29874,100037,0.000000,0.000741
31805,9924,0.000000,0.011427
101212,73819,0.000000,0.009899
38484,65529,0.000000,0.085873
3356,100636,0.000000,0.000935
48953,99779,0.000000,0.019212
98976,24747,0.000000,0.076436
72881,100414,0.000000,0.376566
8379,99779,0.000000,0.016454
22948,99804,1.000000,0.038896
91086,9924,0.000000,0.012312
110084,48953,1.000000,0.003606
96758,18238,0.000000,0.000521
55670,88125,1.000000,0.998667
36225,6055,0.000000,0.083023
116414,120978,1.000000,0.000027
100037,99804,0.000000,0.006517
70391,22948,0.540274,0.000150
120978,28240,0.000000,0.000000
96758,87326,0.000000,0.000395
18581,38484,0.000000,0.000537
36225,10926,0.000000,0.000000
29874,50647,0.000000,0.543868
54117,8379,0.000000,0.186645
100037,12286,0.000000,0.004300
109189,70391,0.000000,0.000837
49489,3611,0.000000,0.562634
121497,15664,0.000000,0.404816
69392,20574,1.000000,0.695294
116470,15664,0.000000,0.402398
90462,93909,1.000000,0.297730
113663,86971,0.000000,0.004085
57202,113663,0.000000,0.000188
8093,48899,1.000000,0.668386
8093,62083,1.000000,0.371049
53678,55615,0.000000,0.000256
25312,832,0.000000,0.004259
48111,80847,0.000000,0.000433
91343,6096,0.000000,0.000432
15741,97052,0.000000,0.010115
20574,93909,1.000000,0.184642
93909,8093,1.000000,0.122081
27803,97052,1.000000,0.104479
48111,7415,1.000000,0.663886
71513,15664,0.000000,0.635087
114629,88948,0.000000,0.362551
97052,27791,1.000000,0.214529
3611,120978,0.000000,0.000000
93909,65930,1.000000,0.201357
121632,27803,1.000000,0.149455
69392,48899,1.000000,0.518194
79871,57202,1.000000,0.999539
39527,7415,1.000000,0.223827
60897,27791,1.000000,0.574363
53678,82030,1.000000,0.832015
121497,27639,1.000000,0.376475
71513,6096,1.000000,0.572896
80847,77601,0.000000,0.000000
51494,54079,1.000000,0.491052
87622,7415,1.000000,0.827695
121497,57202,1.000000,0.191068
27791,60489,1.000000,0.349495
64529,88948,1.000000,0.052367
116470,97052,1.000000,0.212202
93909,48111,1.000000,0.081606
49489,51494,0.000000,0.000009
49489,71513,0.000000,0.000150
27791,116470,1.000000,0.435787
48111,40434,1.000000,0.718948
64529,80847,0.000000,0.000024
93909,121657,1.000000,0.107475
120978,40434,1.000000,0.988754
48899,93909,1.000000,0.206378
15233,121497,1.000000,0.567041
29413,15741,0.000000,0.002654
121497,39527,1.000000,0.044643
54079,50847,1.000000,0.118013
49489,57162,0.000000,0.000379
113663,101725,0.000000,0.005173
27803,52654,1.000000,0.194489
120978,49489,0.000000,0.000005
54079,7415,1.000000,0.424440
64529,15664,0.000000,0.149044
121632,54079,1.000000,0.473605
82309,54079,1.000000,0.276914
93909,121632,1.000000,0.527124
50847,54079,1.000000,0.090495
3611,48899,0.000000,0.000443
120978,90462,1.000000,0.086217
82309,60897,1.000000,0.575311
60060,3611,0.000000,0.000464
65930,27803,1.000000,0.134802
86971,6096,1.000000,0.502667
88948,121497,1.000000,0.576259
91343,92396,0.000000,0.000084
54079,121632,1.000000,0.538470
48111,49966,1.000000,0.576252
54079,121497,1.000000,0.283092
7415,30897,1.000000,0.415697
60897,15233,1.000000,0.145500
27803,39527,1.000000,0.040086
6096,114045,1.000000,0.224733
15741,55615,0.000000,0.327357
48111,50847,1.000000,0.358347
20574,60897,1.000000,0.706462
69392,49489,0.000000,0.000108
46221,116470,1.000000,0.494464
25312,40434,0.000000,0.000010
121632,57202,1.000000,0.216660
15741,3611,0.000000,0.298154
55615,30897,0.000000,0.000016
62083,20574,1.000000,0.910842
48899,49489,0.000000,0.000089
121657,79871,1.000000,0.787588
90462,97052,1.000000,0.120861
49966,54079,1.000000,0.537311
71513,25312,0.000000,0.000421
114045,87622,1.000000,0.160457
3611,50847,0.000000,0.000193
3611,8093,0.000000,0.000280
46221,49489,0.000000,0.000941
113663,120978,0.000000,0.000000
79871,6096,1.000000,0.680802
91343,121632,0.000000,0.001682
113663,51494,0.000000,0.000101
97052,86971,1.000000,0.237888
97908,80416,1.000000,0.790832
70970,34233,0.000000,0.001097
57675,25143,0.586934,0.358132
122111,97908,0.590160,0.559554
34233,122828,1.000000,0.257399
62083,16147,0.000000,0.000254
21332,37813,0.587612,0.484031
39226,2232,0.590498,0.525435
46901,107701,0.591104,0.598233
115077,69437,0.000000,0.000895
63608,122111,0.590160,0.549593
48724,20289,0.000000,0.154104
113794,53306,0.590498,0.512581
39226,45861,0.588466,0.458224
73099,110018,0.590160,0.559943
25744,120765,0.587286,0.428695
17192,94224,0.589794,0.510492
122828,100530,0.000000,0.000693
10995,98664,0.589599,0.552233
2232,98664,0.590498,0.526523
25744,48724,0.587286,0.452154
7333,2232,0.590160,0.560825
87609,98664,0.588466,0.462988
110018,10995,0.589599,0.563182
36335,66110,0.590960,0.538003
15828,39226,0.589981,0.557131
69437,61395,0.000000,0.000069
34233,122111,0.000000,0.000655
98664,53306,0.590658,0.531346
34233,92552,0.000000,0.004900
69437,17192,0.589794,0.544962
63874,122111,0.000000,0.001097
39226,43198,0.590498,0.555464
107701,36335,1.000000,0.844608
114174,17192,0.589794,0.512669
45232,110018,0.590332,0.502097
76511,92552,0.000000,0.139577
114174,80416,0.590160,0.516850
45232,46901,0.591104,0.538920
63608,107839,0.000000,0.175071
69437,42594,0.589981,0.588003
87816,308,0.000000,0.000624
46901,20289,0.000000,0.143442
120765,17192,0.589794,0.554001
115077,62083,1.000000,0.999870
107701,100530,0.590160,0.513982
99358,90575,0.590160,0.516413
90575,82794,0.587612,0.507294
122828,98664,0.000000,0.002104
63874,70970,0.000000,0.002831
43198,45861,0.588466,0.484249
107701,82794,0.587612,0.499399
62715,59668,0.589395,0.550878
8867,97908,0.000000,0.416632
2232,61395,0.000000,0.000165
57151,25143,0.000000,0.436529
45861,90575,0.588466,0.474430
63874,308,0.000000,0.001390
76511,94224,1.000000,0.816428
122111,120765,1.000000,0.837501
114174,25744,0.587286,0.434250
113794,18389,0.590498,0.514844
62083,113794,0.000000,0.004037
308,98664,0.590498,0.563717
59864,46901,0.591104,0.539282
37813,308,0.587612,0.435387
82794,18389,0.587612,0.501481
36335,53306,0.590658,0.530443
42682,7333,0.590160,0.551834
87609,308,0.588466,0.479153
16147,8867,0.000000,0.405720
25744,87816,0.000000,0.000004
82794,70970,0.587612,0.547100
45168,18389,0.590498,0.520136
76511,21332,0.588717,0.533968
16147,90575,0.590160,0.507036
73099,114174,1.000000,0.560602
42594,17192,0.589794,0.555798
58028,37813,0.587612,0.438492
87609,90575,0.588466,0.474301
36335,122828,0.000000,0.002118
25744,42594,0.587286,0.433561
66110,115077,0.000000,0.000222
21332,100530,0.588717,0.542162
114174,63608,0.590160,0.505548
7333,92552,0.000000,0.135196
57675,87816,0.000000,0.000406
107839,15732,0.000000,0.199026
17192,7333,0.589794,0.548203
113794,82794,0.587612,0.533644
76511,70970,0.590332,0.549073
45232,43198,0.590498,0.554082
110018,76511,1.000000,0.505141
107839,32278,0.000000,0.204072
25143,107701,0.586934,0.389871
122111,59668,0.589981,0.558382
110018,7333,0.590160,0.565101
34233,45168,0.000000,0.001714
110018,42594,0.589981,0.564265
62083,87816,1.000000,0.999979
115861,77993,0.000000,0.000462
52961,83915,0.000000,0.000033
59099,55138,1.000000,0.869602
70009,32916,1.000000,0.948692
62083,111399,1.000000,0.999966
68199,16245,1.000000,0.992845
104459,118410,0.000000,0.000299
61395,90475,1.000000,0.996156
113386,68199,1.000000,0.953328
116097,40461,1.000000,0.991362
111399,106575,1.000000,0.996166
16219,43595,1.000000,0.994064
115861,2142,1.000000,0.998619
70009,116097,1.000000,0.993228
83915,50937,0.000000,0.000005
59099,18443,1.000000,0.964435
16245,22296,1.000000,0.996940
52961,56617,0.000000,0.003804
20983,62083,0.000000,0.000249
113386,62083,1.000000,0.667237
1394,16219,0.000000,0.000177
77993,118550,0.000000,0.000417
32499,29476,1.000000,0.991241
81286,40461,1.000000,0.949037
122377,62083,1.000000,0.978287
110005,77993,0.588717,0.480345
110225,16039,1.000000,0.963007
22296,13798,1.000000,0.999581
13798,55138,1.000000,0.990659
90475,81286,1.000000,0.993622
12244,13798,1.000000,0.999802
52961,50937,1.000000,0.992557
52961,8917,1.000000,0.999224
43595,50937,1.000000,0.995802
25254,30564,0.000000,0.000004
106575,43595,1.000000,0.989646
61395,22296,1.000000,0.961937
20983,118410,0.000000,0.000048
114350,70009,1.000000,0.998426
116557,104459,0.000000,0.001139
115861,69559,1.000000,0.997031
13798,77993,0.000000,0.000156
118410,65858,1.000000,0.989137
105697,100587,1.000000,0.994065
61395,70009,1.000000,0.990112
110225,31506,1.000000,0.998976
52961,59099,1.000000,0.981195
111463,31506,1.000000,0.982807
110225,90218,1.000000,0.999859
31449,2142,1.000000,0.984239
81286,25244,1.000000,0.987542
68199,69559,1.000000,0.985628
90218,24757,1.000000,0.998901
8888,77993,0.000000,0.001374
32499,52961,1.000000,0.988341
25254,118410,0.000000,0.000007
16039,16219,1.000000,0.960839
25244,111463,1.000000,0.995177
118550,110225,1.000000,0.997118
63417,116557,0.000000,0.000051
74544,106575,1.000000,0.993045
114350,13798,1.000000,0.999745
111399,122377,1.000000,0.997174
63417,12244,0.000000,0.000070
20983,16219,0.000000,0.000184
18443,81286,1.000000,0.982071
81286,62083,1.000000,0.998484
8888,16245,1.000000,0.998808
90218,25254,0.000000,0.000030
81286,25254,0.000000,0.000024
41910,70009,1.000000,0.987914
8888,30564,1.000000,0.999215
81286,100587,1.000000,0.993456
83915,13798,0.000000,0.000001
20983,110225,0.000000,0.000117
16219,105697,1.000000,0.999631
13798,59099,1.000000,0.991494
63417,118550,0.000000,0.000036
100587,96317,1.000000,0.985777
111463,2142,1.000000,0.994783
25254,122377,0.000000,0.000033
68199,62083,1.000000,0.962370
111399,113806,1.000000,0.991317
111463,31449,1.000000,0.985452
116557,12244,1.000000,0.998467
96317,106575,1.000000,0.938196
11706,43595,1.000000,0.994468
113806,111399,1.000000,0.988967
16219,40461,1.000000,0.998884
8917,25244,1.000000,0.998815
41910,13798,1.000000,0.976748
116557,50937,1.000000,0.995727
56617,11706,0.000000,0.002400
24757,113806,1.000000,0.993122
25244,118550,1.000000,0.993822
90475,74544,1.000000,0.993383
2142,59099,1.000000,0.993826
43447,43595,1.000000,0.995798
8917,115861,1.000000,0.999231
114350,62083,1.000000,0.996861
109089,22177,0.000000,0.003901
105452,438,0.000000,0.000080
115659,53366,0.000000,0.000000
72454,114415,0.000000,0.114790
31249,72454,0.000000,0.000004
23928,51789,0.000000,0.000688
33947,108988,0.000000,0.036120
108988,35991,0.000000,0.012038
43749,31491,0.000000,0.111375
70503,81261,0.000000,0.000008
105452,108988,0.000000,0.007580
91149,106564,0.000000,0.000003
31491,94758,0.000000,0.030611
81261,84929,0.000000,0.000028
106564,88063,0.000000,0.000040
108433,75925,0.000000,0.000744
106564,61034,0.000000,0.200180
114415,72454,0.000000,0.120313
88063,19141,0.000000,0.002065
11367,39584,0.000000,0.004174
95572,84929,0.000000,0.000778
51789,8715,0.000000,0.000165
60491,65168,0.000000,0.031847
55771,33947,0.000000,0.138873
112411,84929,0.000000,0.009760
81261,61034,0.000000,0.000700
53366,59851,0.000000,0.000001
115659,43749,0.000000,0.000756
85930,106564,0.000000,0.000000
84929,8715,0.000000,0.411683
95391,55771,0.000000,0.001223
84929,75925,0.000000,0.000002
61034,78064,0.000000,0.000030
82858,39584,0.000000,0.423226
51789,85930,0.000000,0.000004
89687,108988,0.000000,0.014545
115659,72454,0.000000,0.000000
33534,62083,0.000000,0.000028
85930,83657,0.000000,0.000005
108433,89687,0.000000,0.013210
53366,88063,0.000000,0.000079
108988,56738,0.000000,0.005003
55771,40997,0.000000,0.021963
23928,65168,0.000000,0.000317
85930,40997,0.000000,0.109919
56738,62292,0.000000,0.004104
62292,108433,0.000000,0.000024
53366,89687,0.000000,0.000071
82858,40997,0.543965,0.435213
88063,108988,0.000000,0.000035
65168,95391,0.000000,0.000001
11367,95572,0.000000,0.002548
62747,31491,0.000000,0.044077
51789,81261,0.000000,0.000045
55059,31249,0.000000,0.000002
43749,22177,0.000000,0.000000
75925,84929,0.000000,0.000001
22177,43749,0.000000,0.000000
94758,65168,0.000000,0.003929
29416,109089,0.000000,0.000002
23880,39584,0.000000,0.000350
82858,43749,0.000000,0.014743
22177,21,0.000000,0.000001
81261,39584,0.000000,0.000028
55059,108433,0.000000,0.000000
31211,95391,0.000000,0.000000
35991,62083,0.000000,0.000391
116685,531,0.000000,0.000000
60491,531,0.000000,0.000005
72454,108433,0.000000,0.000005
112411,32372,0.000000,0.000000
40997,95391,0.000000,0.000002
23880,62292,0.000000,0.000001
19141,31491,0.000000,0.000033
70503,29416,0.000000,0.035098
108988,59851,0.000000,0.000220
83657,108988,0.000000,0.000091
94758,531,0.000000,0.000000
33947,32062,0.000000,0.000663
115659,106564,0.000000,0.000000
39584,59851,0.000000,0.043047
35991,82858,0.000000,0.014853
89687,21,0.000000,0.124772
35991,8715,0.000000,0.002758
55771,115659,0.000000,0.000133
438,62083,0.000000,0.001978
531,23928,0.000000,0.000003
78064,70503,0.000000,0.004846
31491,39584,0.000000,0.437530
14191,73989,0.000000,0.000158
82858,75925,0.000000,0.000003
105452,33947,0.000000,0.000432
29416,55771,0.000000,0.009372
8715,23880,0.000000,0.000432
105452,62292,0.000000,0.000060
29416,531,0.000000,0.000002
88063,81261,0.000000,0.001815
85930,84929,0.000000,0.029521
21,85930,0.000000,0.081264
55771,59088,0.000000,0.009931
37236,58565,0.000000,0.002890
94975,18614,0.000000,0.000440
8022,21038,0.594280,0.601997
34128,48906,0.000000,0.000000
109632,110922,0.594070,0.596563
5658,20876,0.000000,0.139906
55676,97942,0.593998,0.548418
44450,53204,0.595089,0.602156
37236,67688,0.000000,0.000485
58443,30567,0.000000,0.000002
104057,57155,0.000000,0.007045
110922,52463,0.579028,0.592686
122489,104057,0.000000,0.016434
5658,86936,0.000000,0.000004
102960,66249,0.000000,0.076038
95306,117481,0.000000,0.009546
55610,72206,0.593924,0.458836
65779,95306,0.593773,0.316894
38759,35179,0.000000,0.000730
20278,48906,0.000000,0.000000
48906,90514,0.000000,0.005837
66249,117481,0.542553,0.469627
41481,65133,0.000000,0.057087
65779,55610,0.597638,0.730337
110922,104057,0.593849,0.584791
48906,97942,0.000000,0.000000
122489,37236,0.000000,0.011313
90131,62083,0.000000,0.000000
34128,117481,0.000000,0.000114
19493,48906,0.000000,0.000000
8022,90514,0.000000,0.000014
1108,86936,0.000000,0.000221
58565,58443,0.000000,0.007989
47667,13306,0.594546,0.496768
38759,65133,0.000000,0.001590
41481,58565,0.000000,0.000441
19558,67602,0.000000,0.000147
90131,20278,0.000000,0.000001
115221,70636,0.000000,0.000000
14991,94975,0.000000,0.000000
99072,55676,0.000000,0.000012
58565,13306,0.000000,0.001574
70636,22835,0.000000,0.008324
70636,34128,0.000000,0.000002
44450,19493,0.593773,0.553344
66249,122489,0.000000,0.000081
37236,72206,0.593924,0.614442
115221,22835,0.000000,0.000008
67688,3541,0.000000,0.036584
21038,95306,0.593773,0.370000
58443,66249,0.000000,0.027815
90131,49837,0.000000,0.000000
48906,41481,0.000000,0.000059
55610,35179,0.000000,0.000000
35066,47667,0.000000,0.000008
29467,52463,0.000000,0.248733
67602,34128,0.000000,0.000000
30567,21656,0.000000,0.000000
35066,52463,0.000000,0.000005
66249,95306,0.000000,0.074583
122489,72424,0.000000,0.174122
53204,115221,0.595364,0.588499
30567,29467,0.000000,0.029325
44450,113663,0.595089,0.589577
21038,115221,0.595573,0.541038
30567,117481,0.000000,0.000015
19558,38759,0.000000,0.028695
35179,21038,0.000000,0.000029
87091,53065,0.594211,0.644313
72424,65133,0.000000,0.047081
3541,97942,0.000000,0.000377
34128,122489,0.000000,0.007313
35179,18614,0.000000,0.013433
113663,74674,0.594280,0.635278
37236,30567,0.594348,0.562877
8022,52463,0.579028,0.671115
72206,14991,0.593924,0.626743
21656,104057,0.000000,0.000000
99072,5658,0.000000,0.000013
86936,1108,0.000000,0.000028
57155,41481,0.000000,0.005674
22835,44450,0.000000,0.000080
104057,90131,0.000000,0.000015
52257,18614,1.000000,0.625000
97942,67186,0.000000,0.000707
34128,95306,0.593773,0.545118
55676,35066,0.000000,0.000012
67688,19558,0.000000,0.033773
30567,115221,0.594481,0.575631
109632,115221,0.594070,0.547282
87091,14991,0.594211,0.604552
95306,72424,0.593773,0.319350
117481,55676,0.000000,0.033936
122489,67186,0.000000,0.000159
58443,3541,0.000000,0.000884
55676,58443,0.000000,0.000190
53204,44450,0.595089,0.583383
22835,14991,0.000000,0.000018
55676,109632,0.594070,0.452794
53065,35179,0.000000,0.000000
71534,79883,0.589794,0.550228
84172,79883,0.589794,0.533958
17417,106702,0.000000,0.000052
52257,71192,0.591760,0.571629
33521,10870,0.591378,0.542938
118530,38791,0.000000,0.000205
58430,80417,0.590658,0.719369
106820,61821,0.000000,0.000138
71534,44426,0.590332,0.593029
71260,95975,0.589794,0.539110
50596,61760,0.589794,0.503405
89341,37511,0.590498,0.524233
100554,71477,0.000000,0.000023
32263,884,0.588200,0.448493
68773,118200,0.589395,0.499889
89341,118200,0.589794,0.507450
884,82982,0.588200,0.467682
106750,42979,0.589599,0.519289
10870,32263,0.591104,0.537859
108813,80417,0.586551,0.495647
66667,71260,0.000000,0.000126
72673,80417,0.665520,0.568066
52257,101761,0.000000,0.000658
106702,83371,0.000000,0.005140
89286,89341,0.590160,0.519415
100554,118530,0.589794,0.504577
33521,84670,0.587612,0.495938
108813,32263,0.586551,0.488673
68773,71086,0.589395,0.483202
83072,89286,0.590160,0.509560
118200,71534,0.589794,0.544206
24421,106820,0.000000,0.001108
13803,17417,0.664725,0.435411
79883,33521,0.589794,0.496750
59184,38497,0.000000,0.000009
61760,71260,0.590658,0.555957
79883,40959,0.589794,0.493161
3573,118530,0.590498,0.564109
42979,32263,0.591104,0.574505
52257,61760,0.590658,0.545047
62083,884,0.000000,0.000043
17417,108813,0.586551,0.485769
7420,32263,0.589981,0.507643
40959,48543,0.000000,0.002752
83072,50596,0.589794,0.494890
71192,32263,0.591104,0.537949
80417,108813,0.586551,0.485527
17417,44426,0.589794,0.485013
116015,103377,0.591104,0.539007
71086,32263,0.591104,0.537858
62083,79883,0.000000,0.000097
95975,38791,0.000000,0.000103
37511,58430,0.591104,0.627830
99888,97375,0.589794,0.496547
13803,95975,0.664161,0.780576
61760,71086,0.590658,0.525818
35656,44426,0.588717,0.494962
74904,71260,0.589395,0.515648
83371,44426,0.590332,0.550953
106750,52257,0.589599,0.482326
28390,40308,0.591104,0.575321
40959,37511,0.591104,0.536739
61302,24421,0.589180,0.548007
24421,89341,0.590498,0.522987
118530,40959,0.590498,0.521174
100554,71086,0.589794,0.493762
72673,3573,0.590658,0.594392
83072,28390,0.591243,0.565138
79883,59184,0.589794,0.502059
35656,103377,0.588717,0.457016
61760,106702,0.000000,0.000381
103007,89341,0.589180,0.546821
51952,99888,0.000000,0.000021
115619,80417,0.665520,0.568066
61302,50596,0.589180,0.547495
33521,50596,0.589794,0.496341
33521,38791,0.000000,0.000472
103377,40308,0.591104,0.536577
62083,40308,0.000000,0.000194
58430,51952,0.000000,0.020370
61760,37511,0.590658,0.529674
103377,61302,0.589180,0.536619
84670,38497,0.000000,0.000000
71260,71192,0.591509,0.578595
32263,24421,0.591104,0.566987
50596,71192,0.589794,0.494193
62083,80417,0.000000,0.000154
71534,7420,0.589981,0.556471
17417,71477,0.000000,0.000005
79883,44426,0.589794,0.545445
38497,116015,0.000000,0.000156
59184,89286,0.590160,0.516527
71192,115619,0.590658,0.555271
24421,95975,0.589794,0.497877
84172,50596,0.589794,0.533704
40959,106702,0.000000,0.001341
61302,38791,0.000000,0.000025
13803,68048,0.589794,0.531786
95975,72673,0.589794,0.542190
61821,44426,0.589599,0.591052
53806,32434,0.590960,0.539673
53806,42960,0.000000,0.000245
32434,34389,0.588466,0.462804
104638,112584,0.000000,0.544132
103195,80867,0.000000,0.515583
42154,41522,0.588955,0.483653
100035,54668,0.000000,0.000406
92705,18680,0.000000,0.000353
1019,74551,0.000000,0.001236
23954,11606,0.590960,0.536483
121777,72217,0.590160,0.514002
91288,74551,0.000000,0.003771
57040,103195,0.000000,0.525774
82175,16694,0.000000,0.000049
84814,102507,0.000000,0.000008
87494,82175,0.000000,0.000607
41835,80840,0.000000,0.000277
41835,104059,0.000000,0.000282
72217,122732,0.000000,0.538972
87494,17273,0.000000,0.000198
103195,57040,0.000000,0.525673
69074,121555,0.590332,0.507584
34389,18680,0.000000,0.000105
105440,72217,0.589981,0.505720
153,104638,0.000000,0.536324
116806,120983,0.588717,0.478188
114868,118209,0.588717,0.477198
59165,54668,0.000000,0.000199
18680,59165,0.000000,0.002918
34389,62404,0.588466,0.469149
92705,91288,0.589794,0.503820
76839,29429,0.588200,0.467231
121555,62083,0.000000,0.001139
120325,76923,0.591104,0.522754
118209,105440,0.588717,0.480263
62404,102392,0.589599,0.495741
121777,91288,0.590160,0.517014
120325,54668,0.000000,0.000360
11606,102507,0.000000,0.000083
104638,76839,0.588200,0.512043
60521,59341,1.000000,0.675249
18680,117941,1.000000,0.883719
114868,91288,0.590332,0.522767
41522,104059,0.000000,0.475553
84814,74551,0.000000,0.000315
62404,104059,0.000000,0.471763
62404,41835,0.000000,0.000955
42960,56565,0.000000,0.001067
100035,41835,0.000000,0.001415
112584,23954,0.000000,0.522561
106964,11606,0.590812,0.551415
117941,18180,0.000000,0.000141
17273,116806,0.588717,0.482144
23954,87494,0.000000,0.000230
118209,80840,1.000000,0.689324
18180,56565,0.555219,0.457391
49222,102507,1.000000,0.972684
102507,80867,0.000000,0.000601
82175,62083,0.000000,0.000273
84814,118209,0.000000,0.475630
18180,76839,0.000000,0.461847
122732,18680,0.000000,0.002142
122732,72217,0.000000,0.538461
82175,57040,0.589981,0.506057
116806,34389,0.588466,0.475214
1019,72217,0.589794,0.499269
104638,121555,0.588955,0.518151
42154,7722,0.000000,0.482202
34389,117941,0.000000,0.000048
121555,42960,0.000000,0.000368
42154,100529,0.588955,0.476164
120325,4189,1.000000,0.739403
1019,104059,0.000000,0.481017
62404,54668,0.000000,0.000274
103421,62404,1.000000,0.757834
67499,62404,0.590812,0.534670
120983,91288,0.590332,0.523351
100035,103195,0.557852,0.523800
117941,49222,1.000000,0.910793
100529,33416,0.590658,0.531587
112584,100035,0.557852,0.523558
54668,104638,0.000000,0.000323
87494,76923,0.000000,0.003740
18180,17273,0.000000,0.467219
42154,34389,0.588466,0.477034
104059,102507,0.000000,0.000010
67499,118209,0.588717,0.470914
11606,92705,0.589794,0.502425
62083,76923,0.000000,0.000600
54668,118209,0.000000,0.000342
103421,96439,0.590332,0.521700
1019,121777,0.589794,0.510478
122732,114868,0.000000,0.516085
34389,103195,0.000000,0.471515
7588,80840,0.588717,0.482176
57040,18680,0.000000,0.001003
122732,33416,0.000000,0.526344
49222,120325,0.000000,0.001115
7588,69074,0.588955,0.474455
33416,106964,0.590658,0.533984
79304,120373,1.000000,0.980770
103516,30197,0.000000,0.002727
122433,67668,0.589395,0.545977
54612,55376,0.588717,0.542469
61387,33485,0.000000,0.545109
18480,92946,0.000000,0.001272
121356,116079,0.588955,0.556244
8545,75163,0.679774,0.846031
11264,35520,0.000000,0.004059
80376,118056,0.000000,0.000088
13833,39117,0.587916,0.522709
105591,1303,0.000000,0.004152
78497,98243,0.589180,0.558742
80376,77916,0.000000,0.000151
39582,92946,0.000000,0.011968
112200,59141,0.588200,0.240805
102550,75163,0.588717,0.546811
18480,102550,0.000000,0.001017
121356,67668,0.588955,0.583546
62083,49807,0.000000,0.000053
62083,75163,0.000000,0.000079
21074,53519,0.000000,0.000015
111974,59141,0.588955,0.576808
41308,21923,0.589981,0.572129
77916,117904,0.590332,0.560291
62083,8545,0.000000,0.000079
80376,49807,0.000000,0.000066
41975,78497,0.589180,0.578595
111974,54612,0.588717,0.553079
62083,112200,0.000000,0.002825
79388,30197,0.000000,0.001266
117102,54612,0.000000,0.000645
117102,39117,0.000000,0.000646
41308,67668,0.589395,0.562892
76328,117102,0.000000,0.000139
77916,58558,0.000000,0.001907
8545,80376,0.000000,0.000050
79388,35520,0.000000,0.001416
57685,41975,0.000000,0.000128
18480,79388,1.000000,0.923902
62083,207,0.000000,0.000109
102550,21074,0.588717,0.537292
120373,11264,1.000000,0.795286
41975,4443,0.589395,0.559544
41308,92946,0.588200,0.548690
103516,79388,1.000000,0.878049
62083,38057,1.000000,0.007383
103516,57685,1.000000,0.933623
2913,53519,0.000000,0.000118
112200,13833,0.587916,0.120176
11264,62083,1.000000,0.246266
8545,67668,0.679774,0.582542
98243,2913,0.590658,0.575540
60265,120871,0.587916,0.531202
122433,11264,0.000000,0.002977
76328,4443,0.587612,0.519952
111974,53519,0.000000,0.000025
60265,2606,0.679774,0.489698
207,59141,0.588955,0.565231
9615,92946,0.588200,0.580565
2913,30197,0.589794,0.555605
54499,79304,0.000000,0.000027
53519,111974,0.000000,0.000018
54499,76328,0.587612,0.518519
55376,77916,0.589180,0.564439
18216,62083,0.000000,0.000282
21074,1303,0.588717,0.584896
8491,9615,0.589180,0.557216
31161,8545,0.000000,0.001213
114942,78497,0.000000,0.396707
21074,4443,0.588955,0.548865
78497,62083,0.000000,0.000507
61387,2913,0.588955,0.526221
67668,117102,0.000000,0.000814
1303,62031,0.588717,0.541544
53492,1303,0.587612,0.573408
30197,62031,0.589794,0.579778
11264,62031,0.000000,0.009243
18216,21923,0.589981,0.571752
53519,54499,0.000000,0.000013
75163,120373,0.000000,0.000292
76328,116079,0.587612,0.494926
38057,80376,1.000000,0.621458
112200,62031,0.588200,0.278645
8491,54499,0.588955,0.550651
79388,21923,0.000000,0.001291
57685,106371,0.000000,0.001239
57685,114942,0.000000,0.000974
58558,80376,1.000000,0.683286
121356,8545,0.588955,0.548661
58558,35520,0.000000,0.004174
105591,4443,0.000000,0.006085
4443,122433,0.589395,0.550852
54499,102550,0.588717,0.538931
9615,106371,0.000000,0.093353
77141,116079,0.000000,0.001914
111974,4443,0.589395,0.559689
54499,76353,0.000000,0.000338
79304,117102,1.000000,0.948335
106371,92946,0.000000,0.384739
40592,70434,0.000000,0.000011
17627,88664,0.588717,0.535009
107485,9655,0.587916,0.466463
19129,85277,0.000000,0.000041
116899,60668,0.589180,0.546917
121885,23557,0.000000,0.000079
41081,17627,0.588200,0.485924
77318,62083,0.000000,0.000160
120662,50916,0.589981,0.548882
54713,5280,1.000000,0.993192
91831,54713,0.000000,0.000006
69683,81934,0.589180,0.548169
40592,12176,0.589599,0.554692
21682,116899,0.589180,0.543315
5958,120746,0.588466,0.470496
50916,40592,0.589599,0.590765
81386,5563,0.589180,0.543261
116899,19129,0.000000,0.000007
120662,30098,0.590332,0.515751
110341,81386,0.664841,0.508848
41081,77318,0.588200,0.495185
69683,89367,0.589180,0.594536
50916,116899,0.589180,0.587890
54713,64871,0.000000,0.000083
36276,64871,0.588955,0.486050
85277,81386,0.588466,0.477092
98883,4756,0.000000,0.004892
48368,4756,0.588466,0.484848
60668,100192,0.589599,0.503051
50916,120746,0.588466,0.495593
77318,109017,1.000000,0.769560
8440,85277,0.000000,0.000010
120746,85277,0.663617,0.697814
81386,61518,0.589794,0.546493
98664,64871,0.588955,0.476692
91831,109017,0.587286,0.453147
116899,48368,0.588466,0.522160
51927,61518,0.590332,0.590437
10335,41871,0.589981,0.586305
70434,40951,0.000000,0.001884
91831,8440,0.000000,0.000003
60668,98664,0.590332,0.518048
116899,117858,0.589180,0.548239
82748,60668,0.590332,0.564904
66776,10600,0.000000,0.000068
60668,85277,0.588466,0.471289
5563,111979,0.000000,0.000023
64871,9655,0.588955,0.490639
102861,23465,0.000000,0.000032
121885,117772,0.000000,0.000010
69683,115422,0.588200,0.577452
101897,65946,0.589180,0.486568
98664,21682,0.589395,0.487582
42696,5563,0.588717,0.504810
5958,88664,0.588717,0.502805
111979,121885,0.000000,0.000205
19129,30098,0.000000,0.000369
88664,40592,0.588717,0.584868
107485,85277,0.587916,0.465067
10600,116899,0.000000,0.000039
23557,10335,0.000000,0.000589
107485,62083,0.000000,0.000092
42696,63402,0.588717,0.496411
40592,98883,0.000000,0.000816
111979,117772,1.000000,0.897726
61518,85277,0.588466,0.487594
81934,98664,0.590160,0.515076
8440,42696,0.000000,0.000370
60668,38038,0.590332,0.516747
117772,21682,0.000000,0.000769
8440,10335,0.000000,0.000160
116899,8440,0.000000,0.000007
64871,121885,0.588955,0.536084
41081,30098,0.588200,0.482904
120746,51927,0.588466,0.467695
19129,66776,0.000000,0.000721
81934,117858,0.590160,0.516312
107485,41871,0.587916,0.459025
88664,66776,0.588717,0.542427
109017,11984,0.588955,0.479051
12176,17627,0.589794,0.512520
62083,121885,0.000000,0.000079
38038,10335,0.591243,0.567711
116899,4756,0.588955,0.515355
40951,81504,0.000000,0.373594
62083,23557,1.000000,0.952753
8440,23557,1.000000,0.992645
5958,12176,0.589794,0.507174
51927,41871,0.589981,0.587903
63402,62083,0.000000,0.000384
52023,89367,0.589395,0.541564
100192,91831,0.587286,0.447499
10335,42696,0.588717,0.476491
40592,30098,0.589599,0.552762
81934,120662,0.590160,0.510690
120662,62083,0.000000,0.000582
4756,5958,0.588955,0.519137
60668,120746,0.588466,0.470617
98664,61518,0.590332,0.552949
40592,8440,0.000000,0.000011
19909,74933,0.551987,0.525226
89257,59415,0.000000,0.195196
67701,74933,0.000000,0.000818
882,114697,0.551627,0.510105
64764,81286,0.000000,0.000105
92308,68619,0.588717,0.482594
84307,81286,0.000000,0.000017
19598,102667,0.000000,0.000202
15088,69875,0.588717,0.471045
108330,84307,0.548873,0.450506
58809,84307,0.000000,0.125016
114697,106176,0.000000,0.480241
34961,105596,0.000000,0.000002
4705,89408,0.000000,0.140144
81286,58809,0.000000,0.005191
19598,102576,0.587916,0.472720
88301,105596,1.000000,0.777770
12375,84307,0.000000,0.000067
81749,65620,0.000000,0.144628
109623,84307,0.000000,0.000029
19909,92308,0.000000,0.500763
106176,102667,0.000000,0.000169
69875,26867,0.000000,0.135478
71234,105596,1.000000,0.829947
109623,64764,0.000000,0.000214
72144,28642,0.587612,0.554365
81819,92308,0.000000,0.751604
19598,71234,0.000000,0.000042
106575,6219,0.000000,0.000093
122899,108330,0.550079,0.453054
83803,117012,0.550578,0.481359
69875,57207,0.000000,0.000303
47632,72144,0.000000,0.000008
26867,117952,0.000000,0.151724
118778,28016,0.000000,0.512146
26539,117952,0.000000,0.477071
106575,89408,0.000000,0.000588
57207,82726,0.000000,0.000872
65620,117012,0.000000,0.151831
92308,47632,0.000000,0.000097
19909,106176,0.000000,0.484566
118778,26539,0.587286,0.514058
81461,108686,0.000000,0.544648
12375,81749,0.000000,0.000701
117012,102576,0.000000,0.465580
6219,114697,0.000000,0.547854
65620,1856,0.000000,0.152424
19909,81286,0.000000,0.000208
113417,26867,0.000000,0.152019
81749,82726,0.589981,0.517364
102576,115864,0.587916,0.464734
64764,89257,0.000000,0.193057
109623,28016,0.000000,0.000259
83803,19909,0.551987,0.525295
102667,67701,1.000000,0.980463
12375,19909,0.000000,0.001012
65620,64952,0.000000,0.142308
92308,110280,0.000000,0.504373
12375,69875,0.000000,0.002206
4705,81286,0.000000,0.000215
83803,67701,0.000000,0.000205
85367,110280,0.551627,0.509244
107198,69875,0.000000,0.247508
7002,103397,0.589180,0.491242
82161,81819,0.000000,0.507365
111158,105596,0.000000,0.000007
6219,57567,0.000000,0.547678
19598,34961,0.588200,0.571899
28642,12375,0.000000,0.000016
12375,57207,1.000000,0.974624
68619,26867,0.000000,0.148023
1856,105596,0.000000,0.000015
117012,114697,0.550578,0.479527
81286,28642,0.000000,0.000280
64764,105596,0.000000,0.000015
107198,57207,0.000000,0.000310
7002,102630,0.587286,0.437185
106176,110280,0.000000,0.489423
6219,82726,0.589180,0.547738
68619,64952,0.588717,0.477661
4705,89257,0.548873,0.561789
64952,82726,0.590160,0.521504
103397,19909,0.000000,0.489530
28642,34961,0.588200,0.564185
67701,88301,1.000000,0.939600
12375,65620,0.000000,0.000810
19909,19598,0.000000,0.546906
81819,88301,0.000000,0.000033
103397,106575,0.000000,0.000061
81819,109623,0.000000,0.000092
102667,71234,1.000000,0.979418
122899,83803,0.552156,0.521861
62083,19909,0.000000,0.000130
118778,69875,0.587286,0.505023
82161,72144,0.587612,0.509910
88301,111158,0.000000,0.000243
84307,102576,0.000000,0.447657
72144,6219,0.587612,0.565659
882,19598,0.000000,0.548250
106575,88301,1.000000,0.970711
109196,14637,0.000000,0.002427
43365,27733,0.000000,0.000000
74015,112639,0.000000,0.000227
74015,59309,0.000000,0.000003
93529,122832,0.000000,0.000650
25544,43365,0.000000,0.000000
43365,7390,0.000000,0.000004
82895,25544,0.576563,0.259132
38105,53135,0.000000,0.009075
49281,59309,0.000000,0.000000
122832,100515,0.000000,0.000473
38355,90783,0.000000,0.001503
59309,109196,0.000000,0.020845
88903,59309,0.000000,0.000000
54428,9580,0.554578,0.070726
57369,59464,0.000000,0.625053
47624,38303,0.554578,0.150726
43365,75386,0.000000,0.000000
100515,44310,0.000000,0.000000
22052,115151,0.000000,0.031378
4527,70284,0.000000,0.011028
22052,55188,0.000000,0.000000
81855,70284,0.000000,0.007760
100515,55188,0.000000,0.000000
38303,75386,0.000000,0.030940
90783,109196,0.000000,0.000001
109196,115151,0.000000,0.025358
1971,21541,0.000000,0.032117
72655,43365,0.000000,0.000000
107600,53135,0.000000,0.005520
1971,74345,0.000000,0.142807
76137,74015,0.000000,0.000001
40996,3332,0.000000,0.021745
49281,3016,0.000000,0.000000
45217,30443,0.000000,0.405704
72277,21541,0.000000,0.000000
72655,74015,0.000000,0.000309
95601,49281,0.000000,0.000000
14637,43322,0.000000,0.001657
95601,87326,0.000000,0.000000
47624,6958,0.000000,0.000000
90783,111632,0.000000,0.000175
42638,72655,0.000000,0.000003
9580,54428,0.554578,0.077467
43365,45217,0.000000,0.000004
40996,81855,0.000000,0.027045
38105,45217,0.000000,0.007605
27733,45217,0.000000,0.000330
87326,3332,0.000000,0.000026
113322,47624,0.000000,0.000000
82895,43365,0.000000,0.000000
59309,95601,0.554578,0.352148
7390,38105,0.000000,0.012195
74345,39275,0.000000,0.097428
38105,60298,0.000000,0.000000
87326,54428,0.000000,0.000000
1971,113322,0.000000,0.000002
54428,7390,1.000000,0.821210
5747,43261,1.000000,0.821210
3016,89753,1.000000,0.821210
9580,44310,0.000000,0.000182
74015,113322,0.000000,0.000058
38105,93529,0.000000,0.040264
60298,14637,0.000000,0.000004
25310,107600,0.000000,0.000032
100515,54428,0.000000,0.003128
43322,5747,0.000000,0.098665
75386,111632,0.000000,0.021803
6958,9650,0.000000,0.000000
25544,75386,0.000000,0.006829
88903,47624,0.000000,0.000000
89753,57369,0.000000,0.001920
25544,3332,0.000000,0.027156
57369,122832,0.000000,0.002933
25310,43322,0.000000,0.000048
30443,53135,0.554578,0.092826
38355,54428,1.000000,0.821210
122832,25310,0.000000,0.000624
82895,112639,0.000000,0.000183
56569,115151,0.000000,0.000030
93529,107649,0.000000,0.000154
7390,55188,0.000000,0.000000
81855,59309,0.555867,0.387269
7390,115151,0.000000,0.007274
75386,107600,0.000000,0.005314
75386,45217,0.000000,0.009444
25310,74015,0.000000,0.004253
6958,49281,0.000000,0.000014
49281,88903,0.000000,0.000000
59309,14637,0.000000,0.006262
4527,47624,1.000000,0.821210
30443,25310,0.000000,0.000000
81855,25310,0.000000,0.000014
76137,43365,0.000000,0.000004
40996,72655,0.000000,0.000403
22052,6958,0.000000,0.000000
3016,109196,0.000000,0.022320
45217,100515,0.000000,0.006499
70284,88903,0.000000,0.000000
43261,74015,0.000000,0.000000
104790,60976,0.000000,0.201583
108006,29664,0.589981,0.505516
62083,2299,0.000000,0.000512
33370,63816,0.000000,0.000103
98397,112614,0.590960,0.536727
112718,76049,1.000000,0.409102
48491,63975,0.000000,0.717529
26484,62589,0.588466,0.480523
60004,81279,0.000000,0.000053
51245,57038,0.589395,0.437996
57038,53458,0.589794,0.416470
121912,95544,0.000000,0.212785
25936,74993,0.000000,0.000006
49109,2299,0.000000,0.293376
65202,34147,0.587916,0.461455
60004,97405,0.588955,0.535768
49505,76049,0.588466,0.471691
62589,26610,0.589395,0.485888
11601,81279,0.000000,0.000028
108006,49109,0.589981,0.517747
61536,111806,0.587916,0.450932
107516,104790,0.590960,0.573584
53458,116785,0.587916,0.440911
31466,26610,0.587916,0.427058
6646,112614,0.589395,0.484334
74993,2299,0.000000,0.001673
31466,60976,0.000000,0.226642
60976,71696,0.000000,0.198676
111806,97405,0.587916,0.478327
40062,54420,0.000000,0.000044
91340,55939,0.590658,0.095399
26484,26610,0.588466,0.458120
60976,63975,0.000000,0.232838
11601,111806,0.587916,0.461926
111806,49505,0.587916,0.458522
98939,71696,0.000000,0.408783
60004,111806,0.587916,0.466361
103813,31466,0.587916,0.462183
62083,60353,0.000000,0.000233
62083,6646,0.000000,0.000079
71696,26484,0.000000,0.437363
29664,108006,0.589981,0.506502
122437,95544,0.000000,0.275718
48491,29664,0.588955,0.475560
121912,55955,0.000000,0.000121
112718,54420,0.000000,0.000001
55955,78752,0.000000,0.000032
51097,111806,0.000000,0.463516
116785,103813,0.587916,0.464976
86012,116785,0.587916,0.514885
112614,86012,0.588200,0.516183
49505,64490,0.590160,0.520198
47375,54420,0.000000,0.000030
51097,98939,0.000000,0.471744
24239,53458,0.588955,0.477349
26484,14130,0.588466,0.477398
51097,26484,0.000000,0.705976
112614,81279,0.000000,0.000592
14130,63975,0.000000,0.487836
112614,108006,0.589981,0.503498
6646,97405,0.589180,0.543594
49505,17869,0.000000,0.457873
121912,51245,0.000000,0.491412
53458,98939,0.590498,0.526462
97405,47375,0.589180,0.547497
11601,103813,0.588200,0.468142
91340,119584,0.588200,0.523221
55939,112718,0.588466,0.020600
71696,49109,0.000000,0.408244
63816,14130,0.000000,0.000419
40544,26610,0.589599,0.491616
76049,120562,0.588200,0.427936
112614,98397,0.590960,0.535876
60004,62083,0.000000,0.000161
49505,29664,0.590160,0.513285
98397,76049,0.588466,0.462588
98397,74993,0.000000,0.000015
51097,26610,0.000000,0.457407
86012,81279,0.000000,0.000007
60976,61536,0.000000,0.197088
40544,31466,0.587916,0.464520
71696,111806,0.000000,0.438509
76049,81279,0.000000,0.000034
63816,103813,0.000000,0.000130
95544,78752,0.000000,0.137077
116785,40544,0.587916,0.466598
19785,48491,0.588955,0.488870
55955,122437,0.000000,0.000982
2299,49109,0.000000,0.292306
65202,60004,0.588200,0.472796
32187,26610,0.587916,0.522330
103813,60353,0.588466,0.455165
120562,59025,0.000000,0.390590
98939,34147,0.587916,0.450239
29664,62589,0.589395,0.487019
62083,111806,0.000000,0.000036
11601,47375,0.588200,0.453760
95544,121912,0.000000,0.213256
64490,53458,0.590498,0.528142
6646,14130,0.589395,0.500230
29462,34926,0.000000,0.000124
113646,103569,0.000000,0.000000
12016,69503,0.000000,0.000033
74588,103288,0.000000,0.036095
92210,48292,0.559217,0.528430
102477,62943,0.000000,0.000000
92210,12349,0.559054,0.523343
14203,48292,0.558527,0.511004
94346,36577,0.000000,0.487764
5917,88209,0.587884,0.595163
14203,88209,0.000000,0.000008
70083,55161,0.000000,0.021440
11420,92210,0.558710,0.511114
114297,113646,0.000000,0.000027
78786,68930,0.000000,0.022869
68637,65885,0.000000,0.390270
20117,22280,0.000000,0.000009
43772,107856,0.000000,0.000197
78786,101820,0.000000,0.476814
92270,69503,0.000000,0.000000
42645,74588,0.000000,0.173025
2732,14203,0.000000,0.000031
65813,101820,0.000000,0.000416
101820,62943,0.000000,0.000000
11784,69503,0.000000,0.000030
104380,12349,0.558710,0.518689
78786,19416,0.000000,0.005401
17827,68020,0.000000,0.014440
70083,68020,0.000000,0.007637
11420,113646,0.000000,0.004963
121293,94346,0.000000,0.000005
8753,2732,0.000000,0.003914
2732,23962,0.000000,0.000000
68020,53228,0.000000,0.000005
62943,70568,0.000000,0.000000
85112,86682,0.000000,0.024853
103569,12349,0.000000,0.000000
101820,86682,0.000000,0.449159
42645,22280,0.000000,0.451523
22280,29462,0.000000,0.000055
34926,68088,0.000000,0.483725
12016,101820,0.000000,0.485379
62943,48292,0.000000,0.000000
88209,94346,0.000000,0.000009
39779,62943,0.000000,0.000000
112078,80132,0.000000,0.012642
12349,15145,0.000000,0.000131
5917,92270,0.000000,0.000000
12016,100000,0.000000,0.019398
36577,102477,0.000000,0.000000
2732,55161,0.000000,0.000003
78786,65813,0.000000,0.000599
107856,8753,0.000000,0.002210
85112,43772,0.000000,0.008911
53228,88209,0.000000,0.600683
2732,85112,0.000000,0.000077
5917,102477,0.000000,0.189680
100000,15145,0.000000,0.000010
23962,17764,0.000000,0.142034
114297,43772,1.000000,0.037585
107856,29462,0.000000,0.000026
100000,25182,0.000000,0.020116
88209,20117,0.000000,0.000000
121293,36577,0.000000,0.000045
68020,14203,0.000000,0.013382
104380,92270,0.000000,0.031428
29462,12016,0.000000,0.000202
74588,12349,0.559054,0.519458
103288,103569,0.000000,0.000000
11420,42645,0.000000,0.534791
74588,70083,0.558710,0.507434
48292,103288,0.000000,0.077253
30881,19404,0.000000,0.000718
43772,29462,0.540398,0.000296
2732,48292,0.000000,0.000050
12016,121293,0.000000,0.000040
5917,94346,0.000000,0.000005
20117,70568,0.000000,0.000000
92210,112078,0.559054,0.522991
12016,104380,0.558710,0.520390
102477,70568,0.575513,0.441534
102477,68020,0.000000,0.000000
74588,12016,0.558886,0.514434
8753,103288,0.000000,0.365801
80132,114297,0.541220,0.270488
15145,85112,0.000000,0.000042
8753,5917,0.000000,0.000914
25182,80132,0.000000,0.012223
2732,103569,0.000000,0.000000
56179,19416,0.000000,0.001865
8753,14203,0.000000,0.026193
8753,48292,0.000000,0.018044
114297,13452,0.540827,0.038764
80132,78786,0.000000,0.016509
70083,103288,0.000000,0.093431
121293,23962,0.000000,0.000000
17827,53228,0.000000,0.000006
121293,69503,0.000000,0.248133
53228,48292,0.000000,0.000003
65813,112060,0.000000,0.000000
62083,14146,0.000000,0.000456
58292,27726,0.000000,0.007312
81734,68578,0.000000,0.000001
28103,67455,0.000000,0.000000
85023,23182,0.000000,0.345461
30034,38698,0.533096,0.143865
43421,68578,0.000000,0.170026
38032,98128,0.000000,0.067702
45539,46792,0.000000,0.000000
96940,81895,0.541473,0.088374
98128,3165,0.000000,0.040111
70339,32366,0.000000,0.325814
58292,69016,0.542560,0.131950
68578,93052,0.000000,0.000148
67455,62943,0.000000,0.000000
85023,75758,0.000000,0.006027
75758,32366,0.000000,0.024067
118049,38032,0.000000,0.006477
3282,48262,0.000000,0.016197
30034,92115,0.000000,0.144344
46792,67455,0.000000,0.000000
69016,89351,0.000000,0.343657
2678,38032,0.000000,0.001874
69016,30077,0.542560,0.003784
98128,38032,0.000000,0.028540
92115,4497,0.000000,0.007392
85955,70339,0.000000,0.010840
14185,119016,0.000000,0.215588
87313,48262,0.000000,0.140224
56958,46792,0.000000,0.000001
63599,19357,0.000000,0.001777
70339,23182,0.000000,0.052094
54197,85955,0.000000,0.117992
14632,54197,0.000000,0.000166
3165,40364,0.000000,0.136784
14185,69016,0.000000,0.269411
23182,70339,0.000000,0.013184
43455,118049,0.000000,0.004047
34523,86399,0.000000,0.008617
59635,38505,0.000000,0.001196
14185,14255,0.000000,0.211604
63599,34523,0.000000,0.371079
75758,30034,0.000000,0.002558
14632,58292,0.000000,0.100105
2678,85955,0.000000,0.044694
89637,86399,0.000000,0.010851
45539,56958,0.000000,0.054900
70339,59635,0.541044,0.052752
19357,30077,0.541865,0.079320
75758,34523,0.000000,0.000091
70339,14632,0.000000,0.078510
38698,89637,0.000000,0.270333
118049,2678,0.000000,0.002097
62943,27954,0.000000,0.000000
38505,14146,0.000000,0.028662
38032,89637,0.000000,0.315526
38032,3282,0.000000,0.163826
84380,2678,0.000000,0.011753
62943,93052,0.000000,0.000000
30077,56231,0.000000,0.000000
119016,45539,0.000000,0.005656
2678,89637,0.000000,0.087773
14185,2678,0.000000,0.043310
56958,34523,0.000000,0.071920
32366,3165,0.000000,0.097932
30077,14632,0.000000,0.047465
30077,46792,0.000000,0.000001
30077,63599,0.000000,0.002810
84380,70339,0.000000,0.003257
81734,92115,0.000000,0.000033
58292,30034,0.000000,0.025642
40364,38505,0.000000,0.000287
92115,81895,0.000000,0.053847
89351,32432,0.000000,0.002836
14185,54197,0.000000,0.471547
3165,56231,0.000000,0.000000
75758,8458,0.000000,0.000216
8458,59635,0.000000,0.137155
81734,14632,0.000000,0.000049
59635,89637,0.000000,0.216879
75758,81734,0.000000,0.017995
87313,10677,0.000000,0.001816
86399,119016,0.000000,0.319260
93052,2678,0.000000,0.002869
96940,14255,0.000000,0.038897
62083,23182,0.000000,0.000049
30034,19357,0.000000,0.016917
62083,87313,0.000000,0.000206
2678,5147,0.000000,0.000000
98128,111443,0.000000,0.000937
87313,2678,0.000000,0.059707
23182,92115,0.000000,0.085667
70339,87313,0.000000,0.026204
118049,43421,0.000000,0.000150
34523,23182,0.000000,0.096513
70339,111443,0.000000,0.007476
115297,86399,0.000000,0.008217
84799,14185,0.000000,0.000347
62943,70339,0.000000,0.000000
5147,10677,0.000000,0.000000
90470,113798,0.000000,0.012519
107229,50409,0.572027,0.629074
94769,25602,1.000000,0.011976
44269,52364,0.573305,0.705027
49995,53174,0.000000,0.009989
90470,53174,1.000000,0.820601
37040,53174,0.000000,0.000000
55007,37040,0.000000,0.000000
37001,100101,0.000000,0.007794
44269,40842,0.572027,0.654053
50409,104007,0.000000,0.061699
33102,114586,0.000000,0.007396
8109,108187,0.000000,0.010029
92154,53783,0.000000,0.005377
53174,79648,0.000000,0.006319
79648,111364,0.573660,0.675073
58812,117343,0.000000,0.039404
94769,104007,0.000000,0.217728
50409,933,0.000000,0.095685
24354,33102,0.000000,0.018964
64734,5054,0.000000,0.012227
933,100101,0.552950,0.312158
100101,61738,0.000000,0.121358
52364,61224,0.572495,0.439511
50824,108187,0.000000,0.010029
21555,79648,0.574295,0.417370
103416,21555,0.000000,0.012120
6364,100101,0.000000,0.030571
37001,121775,0.574295,0.626960
102815,58602,0.000000,0.025769
21555,107345,0.574295,0.455159
61345,40842,0.572027,0.639703
12333,26609,0.000000,0.033079
25602,21555,0.573989,0.227760
114586,37001,0.574295,0.109074
53783,99740,0.000000,0.034173
50409,8109,0.000000,0.049579
86743,6069,0.572027,0.572592
113798,933,0.000000,0.018391
50409,91942,0.000000,0.049579
100101,14857,0.552950,0.168037
111364,49995,0.572918,0.695292
91942,6069,0.000000,0.009925
49995,12333,0.000000,0.006024
94038,50409,0.572027,0.568913
40842,111364,0.572027,0.526170
15573,54200,0.571503,0.361181
55007,21555,0.572918,0.569643
40842,24354,0.572027,0.079877
121775,50824,0.000000,0.004537
58602,61738,0.572495,0.048825
25602,100101,0.000000,0.040272
91942,25602,0.000000,0.016650
24354,99740,0.000000,0.040253
21555,99054,0.572027,0.514451
90470,117343,0.000000,0.019051
6364,14857,0.000000,0.095991
100101,67103,0.552950,0.087115
94038,40443,0.000000,0.009061
108729,52364,0.000000,0.010178
61345,107345,0.572495,0.460447
102815,53783,0.552950,0.180930
53174,117343,0.000000,0.019051
91942,933,0.552950,0.388918
12333,79648,0.000000,0.019114
99740,54200,0.000000,0.062225
26609,94769,1.000000,0.069711
49995,6364,0.572027,0.624932
114586,42317,0.572027,0.034466
107345,92154,0.573660,0.341287
99054,25602,0.572027,0.147760
90470,24354,0.000000,0.003720
37040,87377,0.000000,0.000000
33102,99054,0.000000,0.038797
111364,21555,0.573660,0.613390
44269,8669,0.000000,0.039454
58602,94038,0.573305,0.530149
61224,108187,0.572495,0.287949
108187,54200,0.572495,0.559162
91942,61738,0.000000,0.121358
44269,111364,0.573305,0.688997
111364,107229,0.572495,0.552899
37040,58812,0.000000,0.000000
58642,14857,0.000000,0.052629
86743,101163,0.572027,0.635021
26609,90470,0.000000,0.011607
52364,108729,0.000000,0.010630
67103,99054,0.000000,0.032941
107229,21555,0.572495,0.544304
79648,86743,0.572027,0.406492
58812,21555,0.000000,0.022117
8109,58812,0.000000,0.138224
114586,37040,0.000000,0.000062
58602,64734,0.000000,0.038040
933,58642,0.000000,0.073372
107229,14857,0.000000,0.052629
94769,53783,0.000000,0.285051
75442,121775,0.573660,0.556197
44269,79648,0.573305,0.569802
108187,15573,0.571503,0.222081
56330,18650,0.000000,0.033344
81210,93343,0.000000,0.087859
115457,82421,0.000000,0.052438
26629,118581,0.000000,0.012517
42719,524,0.000000,0.012013
53125,51401,0.000000,0.146236
118581,28366,0.000000,0.000427
86969,23335,0.000000,0.002456
47362,86969,0.000000,0.006414
111059,22954,0.000000,0.037904
121672,109496,0.000000,0.020318
121672,16918,0.000000,0.186118
118581,82419,0.000000,0.000503
118581,121373,0.000000,0.000318
79887,16622,0.000000,0.016084
9858,82421,0.000000,0.025309
64121,6405,0.000000,0.006465
82421,9858,0.000000,0.012077
121672,109282,0.000000,0.049817
74934,6405,0.000000,0.007374
110331,61526,0.000000,0.008022
120546,16622,0.000000,0.006872
53125,36473,0.000000,0.026479
109496,28366,0.000000,0.027831
40969,23680,0.000000,0.000965
51401,16918,0.000000,0.170853
109282,61526,0.000000,0.005413
42719,88839,0.000000,0.008915
51401,43078,0.000000,0.039889
65406,23680,0.000000,0.007967
22009,115457,0.000000,0.103154
65175,114557,0.000000,0.018983
110331,118581,0.000000,0.000001
43078,119549,0.000000,0.050421
74934,27394,0.000000,0.008331
22954,16622,0.000000,0.012805
86969,110331,0.000000,0.005607
61526,9858,0.000000,0.007858
61526,103365,0.000000,0.004725
79887,47362,0.000000,0.010378
82421,88839,0.000000,0.101462
79887,99294,0.000000,0.015505
9858,45112,0.000000,0.001643
17930,119549,0.000000,0.049419
65406,524,0.000000,0.008389
81210,109496,0.000000,0.005315
82421,45788,0.000000,0.155639
45112,93343,0.000000,0.003317
27394,17930,0.000000,0.017362
26179,111059,0.000000,0.043878
56159,109282,0.000000,0.032926
22954,68449,0.000000,0.010302
72891,118581,0.000000,0.000153
35312,115051,0.000000,0.081999
9858,118581,0.000000,0.000001
49232,93343,0.000000,0.047045
49232,16918,0.000000,0.060640
109282,80113,0.000000,0.046135
45112,17930,0.000000,0.003777
40969,121373,0.000000,0.001409
18650,49232,0.000000,0.048760
119549,79887,0.000000,0.010007
61526,43078,0.000000,0.004794
111059,53125,0.000000,0.102885
35312,109496,0.000000,0.014203
49232,121487,0.000000,0.030495
22009,109282,0.000000,0.158620
115051,49232,0.000000,0.075176
35312,6405,0.000000,0.022686
109282,16918,0.000000,0.078230
109282,42719,0.000000,0.009678
93343,110331,0.000000,0.005112
49232,23680,0.000000,0.046873
23680,22009,0.000000,0.082560
51401,23680,0.000000,0.071067
51401,72891,0.000000,0.108912
68449,26179,0.000000,0.009820
27394,23335,0.000000,0.001857
23680,36473,0.000000,0.017278
109282,27394,0.000000,0.078982
110647,74934,0.000000,0.012120
121672,45112,0.000000,0.001924
36473,112585,0.000000,0.025264
110647,17930,0.000000,0.034760
88839,61526,0.000000,0.003177
23335,88839,0.000000,0.002827
82421,40969,0.000000,0.000246
79887,53125,0.000000,0.015473
49232,65175,0.000000,0.016091
61526,109282,0.000000,0.011578
95543,65406,0.000000,0.011716
74934,79887,0.000000,0.020131
47362,109496,0.000000,0.017469
22954,51401,0.000000,0.026957
65406,109282,0.000000,0.017378
16918,6405,0.000000,0.047338
79887,6405,0.000000,0.006118
82421,103365,0.000000,0.136736
86969,118581,0.000000,0.000001
22009,118581,0.000000,0.000057
57319,115035,0.000000,0.317562
32503,58410,0.000000,0.000303
119810,54447,0.000000,0.000278
23770,90761,0.000000,0.617890
104987,41222,0.000000,0.095991
108010,22468,0.000000,0.045735
55956,76452,0.000000,0.018764
41612,96253,0.000000,0.448829
97071,89926,0.000000,0.016679
9828,23879,0.000000,0.484911
54211,86995,0.000000,0.422763
46792,76452,0.000000,0.000000
31066,95958,0.000000,0.000051
74680,67767,0.000000,0.000009
89926,102317,0.000000,0.009729
111808,96253,0.000000,0.002223
18780,109221,0.000000,0.003885
56231,84489,0.000000,0.000000
120606,23879,0.000000,0.351639
51147,44935,0.000000,0.019032
44935,119778,0.000000,0.056540
40238,23879,0.000000,0.020007
2236,23770,0.000000,0.031378
121357,23770,0.555241,0.003527
91810,74680,0.000000,0.004242
23879,96253,0.000000,0.147993
31066,97489,0.000000,0.000000
82877,54211,0.000000,0.087121
54211,55087,0.000000,0.547335
32503,62943,0.000000,0.000000
70330,56231,0.000000,0.000000
46792,74451,0.000000,0.000000
51147,29449,0.000000,0.000267
104987,70330,0.000000,0.000001
44008,97489,0.000000,0.000321
5692,115035,0.000000,0.000002
9828,67767,0.000000,0.000022
18780,55956,0.000000,0.009643
74680,97071,0.000000,0.001052
69509,91810,0.000000,0.000579
97071,54447,0.000000,0.004673
41612,54211,0.576051,0.169216
86995,68926,0.000000,0.323978
31066,55956,0.000000,0.000000
84146,97071,0.000000,0.015166
81537,68926,0.000000,0.000350
51147,89926,0.000000,0.268232
5692,23770,0.000000,0.260575
108010,101167,0.000000,0.000019
91810,31066,0.000000,0.000000
95958,104987,0.000000,0.163855
97071,58410,0.000000,0.001409
57319,81537,0.000000,0.000457
81537,86995,0.000000,0.000087
44935,41222,0.000000,0.047254
23770,101167,0.000000,0.063607
22468,44935,0.000000,0.362799
74451,18780,0.000000,0.000508
108010,115035,0.000000,0.232451
29449,82877,0.000000,0.000025
120606,69509,0.575585,0.093684
74680,22468,0.000000,0.002532
54211,41612,0.576051,0.124542
95958,97071,0.000000,0.633848
104987,23879,0.575414,0.336525
74451,84146,0.582593,0.596190
76452,95958,0.000000,0.016484
46792,84489,0.000000,0.000000
119810,102317,0.000000,0.000024
80079,32503,0.000000,0.477703
40238,57319,0.000000,0.000151
86995,111808,0.000000,0.020668
89926,84489,0.000000,0.430686
55087,121357,0.000000,0.055148
119810,82877,0.000000,0.009362
55956,102317,0.000000,0.007675
40238,102317,0.583776,0.389059
74680,54447,0.000000,0.000071
74680,72701,0.000000,0.000209
119810,41612,0.000000,0.002246
44008,106276,0.000000,0.002863
119810,97071,0.000000,0.000487
56940,95958,0.000000,0.690949
80079,70330,0.000000,0.000001
119810,120606,0.000000,0.001368
58410,115035,0.000000,0.003908
46792,70330,0.000000,0.000008
121357,41612,0.000000,0.170016
69509,97489,0.000000,0.000180
54211,22468,0.574253,0.102732
31066,62943,0.000000,0.000000
104987,80079,0.000000,0.339191
16457,29449,0.000000,0.000000
62943,97489,0.000000,0.000000
109221,40238,0.000000,0.000649
86995,69509,0.000000,0.032867
97071,119778,0.000000,0.000061
55956,74451,0.000000,0.180722
76452,108010,0.000000,0.064505
96253,54447,0.000000,0.000281
66449,56754,1.000000,0.818276
98069,86310,1.000000,0.764087
99320,58105,0.000000,0.139381
58105,85413,0.000000,0.213838
122269,100508,0.000000,0.019681
15476,19666,0.000000,0.019176
73025,48541,0.000000,0.010492
34127,4253,0.000000,0.029406
68149,4253,0.000000,0.029406
18032,19666,1.000000,0.818276
6187,15021,0.550368,0.818276
53084,15476,0.000000,0.012969
35178,102964,0.000000,0.025571
19553,14850,0.562629,0.471770
6575,17139,0.000000,0.013512
94904,15476,0.000000,0.067152
19666,28687,0.000000,0.011502
58937,94904,0.000000,0.073194
35488,48541,0.000000,0.133502
79916,20172,0.000000,0.437055
99531,48541,0.000000,0.133502
85413,110880,0.000000,0.299121
17139,113423,0.550531,0.103227
4253,66449,0.000000,0.015558
19369,110880,0.000000,0.069522
110880,113423,0.000000,0.094224
3649,96269,0.000000,0.003672
58937,15476,0.567529,0.552151
34127,6187,0.550368,0.471770
94904,56754,0.000000,0.022662
50560,79916,0.549019,0.345543
73025,11214,0.000000,0.006870
71750,19369,0.000000,0.059582
85413,34127,0.551659,0.336271
57535,58937,0.000000,0.024727
50560,71750,0.554310,0.462787
57535,15476,0.000000,0.038896
79081,4738,0.000000,0.057731
78682,3649,0.000000,0.026180
28687,15476,0.000000,0.019796
85413,78682,0.000000,0.134206
35488,15476,0.000000,0.017116
3649,41345,0.000000,0.156317
110702,18032,0.000000,0.004463
58937,31538,0.000000,0.016247
17139,7830,0.550531,0.764087
56754,28687,0.000000,0.011502
5522,18032,0.551659,0.818276
71750,17139,0.000000,0.234238
35178,79081,0.000000,0.087503
15021,19369,0.000000,0.047371
66449,114123,0.000000,0.007224
17139,56754,0.550531,0.471770
79916,110880,0.549019,0.312634
28687,21841,0.000000,0.000029
3649,34127,0.551659,0.480172
19666,116133,0.554170,0.459829
19553,79916,0.000000,0.469804
19553,73025,0.000000,0.025729
66449,15476,0.000000,0.018431
19553,7830,0.551659,0.764087
79081,85413,0.000000,0.051826
86310,85413,0.551659,0.340591
114123,53084,0.000000,0.007835
4253,122269,0.000000,0.017912
78682,85516,0.565722,0.549729
53084,85516,0.000000,0.012826
116988,73088,0.000000,0.010361
79916,78682,0.000000,0.084520
106267,94904,0.519598,0.193301
6575,53908,0.000000,0.008868
110880,110702,0.000000,0.007668
6187,3649,0.550368,0.818276
73088,116133,0.000000,0.093226
91103,41345,0.553951,0.462787
14850,35178,0.551659,0.480172
98069,34127,1.000000,0.764087
106267,122269,0.000000,0.023711
86310,116988,0.000000,0.028308
71750,41345,0.553951,0.462787
58937,5522,0.000000,0.010395
21841,96269,0.000000,0.000227
50560,106267,0.000000,0.016352
94904,28687,0.000000,0.009545
79081,99320,0.565722,0.028622
61544,91103,0.000000,0.065970
2588,28687,0.000000,0.018065
66449,14850,1.000000,0.818276
114123,6575,0.000000,0.016367
99531,78682,0.000000,0.031966
114123,20172,0.000000,0.008470
78682,48541,0.000000,0.026180
48541,78682,0.000000,0.039715
73088,85413,0.000000,0.269884
15457,74883,0.000000,0.032949
19369,19666,0.000000,0.063392
3649,53908,1.000000,0.818276
17139,110702,0.000000,0.007063
110702,99531,0.000000,0.005504
35178,113423,0.555460,0.103227
51708,45930,0.000000,0.008145
90457,78659,0.000000,0.000319
118759,16176,0.000000,0.012116
90457,30578,0.000000,0.000414
103536,78659,0.000000,0.000098
106846,119393,0.000000,0.028807
72153,57225,0.000000,0.270486
45930,106380,0.000000,0.000000
35614,118930,0.000000,0.254539
13986,14040,0.000000,0.095314
108550,30578,0.000000,0.000178
65603,90921,0.000000,0.023594
35614,64931,0.000000,0.135824
90457,65603,0.000000,0.000227
103536,15015,0.000000,0.048208
57225,20424,0.000000,0.004263
65603,92970,0.000000,0.017755
15015,45930,0.552132,0.016598
106846,103726,0.000000,0.014027
65603,103726,0.000000,0.021175
30578,118759,0.000000,0.003631
11083,90457,0.000000,0.000001
51708,14040,0.000000,0.005275
72153,90921,0.000000,0.182586
103726,82404,0.000000,0.001954
43593,16176,0.000000,0.020529
90311,90457,0.000000,0.000004
92970,78659,0.000000,0.000093
119402,90921,0.000000,0.024636
9024,119402,0.000000,0.138701
119402,100861,0.000000,0.181863
60143,30578,0.000000,0.000556
5164,35614,0.000000,0.063699
13986,93788,0.000000,0.102680
78659,16176,0.000000,0.000195
78659,45930,0.000000,0.000228
91645,30578,0.000000,0.000721
100861,35614,0.000000,0.063699
5164,46022,0.000000,0.000892
16432,90311,0.000000,0.041053
51708,15015,0.000000,0.002848
5164,103726,0.000000,0.014027
93788,60143,0.000000,0.038246
13986,9024,0.000000,0.102680
119393,45930,0.000000,0.088025
11083,88925,0.000000,0.042907
53500,62084,0.000000,0.000955
90457,57723,0.000000,0.000055
33339,92970,0.000000,0.412812
15015,16432,0.000000,0.011273
118930,82404,0.000000,0.010046
106380,16176,0.000000,0.000000
64931,88925,0.000000,0.020408
90457,15015,0.000000,0.000035
14040,103726,0.000000,0.011674
9024,33339,0.000000,0.048694
75042,56931,0.000000,0.370407
119393,51708,0.000000,0.004579
33274,92970,0.000000,0.324292
33339,62084,0.000000,0.002835
108550,82404,0.000000,0.100284
93788,106380,0.000000,0.000000
103536,13986,0.000000,0.243578
93788,92970,0.000000,0.069662
78659,56931,0.000000,0.000962
9024,65603,0.000000,0.053095
11083,51708,0.000000,0.000518
92970,105136,0.000000,0.228260
13986,92970,0.000000,0.178476
67531,5164,0.000000,0.006706
106846,91645,0.000000,0.044754
67531,16176,0.000000,0.002292
6447,72153,0.000000,0.333739
15015,11083,0.000000,0.016194
16432,64931,0.000000,0.815981
90311,119393,0.000000,0.136635
15015,53500,0.000000,0.011273
72153,64931,0.000000,0.034538
35614,118759,0.000000,0.135824
118759,5164,0.000000,0.815981
43593,35614,0.000000,0.059331
62084,16432,0.000000,0.007963
5164,108550,0.000000,0.804749
118759,100861,0.000000,0.815981
90311,56988,0.000000,0.094774
45930,82404,0.000000,0.053252
103726,33274,0.000000,0.026528
106380,67531,0.000000,0.000000
105136,5164,0.000000,0.054109
103726,78659,0.000000,0.000756
62084,33274,0.000000,0.040392
18066,6447,0.000000,0.298067
45930,90921,0.000000,0.087039
49485,75214,0.000000,0.037701
67531,11083,0.000000,0.005079
56931,100861,0.000000,0.102616
103726,90311,0.000000,0.014945
119402,20424,0.000000,0.006833
108550,106380,0.000000,0.000000
72153,91645,0.000000,0.101640
40536,116506,1.000000,0.950297
120477,82734,1.000000,0.235999
4411,2928,0.000000,0.278601
79871,40434,1.000000,0.999836
80876,120477,0.000000,0.000035
26083,92981,0.000000,0.253546
96625,38897,1.000000,0.357471
39805,48899,1.000000,0.993766
6426,38440,0.000000,0.585502
41000,40434,1.000000,0.977841
111292,48899,1.000000,0.292128
86971,45142,1.000000,0.190504
92981,77261,0.000000,0.003613
2928,40434,0.000000,0.000096
12477,45142,1.000000,0.272456
1676,92981,0.000000,0.593659
86971,2928,0.000000,0.001057
28147,113797,1.000000,0.122130
1676,120477,0.000000,0.000047
48899,92396,1.000000,0.999378
80876,32774,0.000000,0.514511
45142,96625,1.000000,0.208006
92981,62831,0.000000,0.000002
77261,79960,1.000000,0.408084
82734,20711,1.000000,0.289652
39805,80876,0.000000,0.000004
58199,12477,1.000000,0.544389
73344,7924,0.000000,0.000048
114262,77261,0.000000,0.000708
65,109345,0.000000,0.001136
14577,62831,1.000000,0.008586
67115,92981,0.000000,0.000001
92981,116506,0.000000,0.000004
39805,79960,1.000000,0.953895
38440,65,0.000000,0.127765
28147,49442,1.000000,0.501773
113797,77261,1.000000,0.002111
32774,38440,0.000000,0.409509
105802,49442,1.000000,0.002337
103810,4411,1.000000,0.083491
45142,2928,0.000000,0.003964
101846,45142,0.000000,0.000217
94451,79960,1.000000,0.532317
114262,41000,0.000000,0.003177
30654,96625,1.000000,0.997193
80876,103810,0.000000,0.000015
116506,65,0.000000,0.000771
49442,94451,1.000000,0.428514
38440,79960,0.000000,0.000457
86971,4411,1.000000,0.363373
4411,109345,1.000000,0.296822
6426,5450,0.000000,0.000012
111292,5450,1.000000,0.195028
4411,86479,1.000000,0.373326
28147,101846,0.000000,0.000602
40434,1676,0.000000,0.000000
116506,101846,0.000000,0.001169
26083,101846,0.000000,0.648023
94451,2928,0.000000,0.003939
14577,38897,1.000000,0.007771
5450,79960,1.000000,0.804292
40434,96625,1.000000,0.992279
92981,41000,0.000000,0.000001
67115,4411,1.000000,0.525299
39805,79871,1.000000,0.998083
111292,82734,1.000000,0.271391
48899,103810,1.000000,0.195325
38897,116506,1.000000,0.173123
77261,48899,1.000000,0.048721
1676,105802,0.000000,0.004172
45142,7924,1.000000,0.090401
109345,30654,1.000000,0.998639
101846,67115,0.000000,0.000736
120477,79871,1.000000,0.070991
7924,62083,1.000000,0.909240
5450,7924,1.000000,0.967032
96625,94451,1.000000,0.996620
65930,38897,1.000000,0.199523
58199,92396,1.000000,0.304085
32774,30654,0.000000,0.000281
62083,38440,0.000000,0.000029
116506,20711,1.000000,0.392543
103810,82734,1.000000,0.185251
92396,30654,1.000000,0.998717
20711,65,0.000000,0.003884
101846,30654,0.000000,0.000862
116506,38440,0.000000,0.000039
45142,4411,1.000000,0.036144
82734,86479,1.000000,0.982935
79163,48899,0.000000,0.000106
120477,38897,1.000000,0.144301
12477,82734,1.000000,0.172153
77261,114262,0.000000,0.000387
79960,113797,1.000000,0.565129
94451,26083,0.000000,0.000529
38440,58199,0.000000,0.000002
40434,30654,1.000000,0.998675
114262,26083,0.000000,0.562445
45142,109345,1.000000,0.193168
103810,1676,0.000000,0.000031
67115,75875,0.000000,0.000024
21070,107418,0.546592,0.614145
53644,74165,0.547066,0.635685
36993,99107,0.546592,0.487386
53746,22051,0.547066,0.567828
36993,97654,0.546592,0.581083
104221,24509,1.000000,0.651852
58094,95264,0.546592,0.600059
92396,110436,1.000000,0.997125
75875,67731,0.546062,0.560323
65930,10290,0.000000,0.000172
82998,118271,0.546592,0.655277
123178,85081,0.547495,0.626429
86908,118271,0.546592,0.642530
104221,86971,0.000000,0.000016
1625,79871,0.000000,0.000009
97654,76486,1.000000,0.560524
118271,36993,1.000000,0.653250
57617,87688,0.547495,0.623066
24509,60239,0.546592,0.601816
26083,54546,0.547066,0.587958
64856,42403,0.546592,0.232228
85081,56096,0.547495,0.591674
61135,18107,0.547066,0.635628
49816,58094,0.546592,0.629472
76486,3952,0.547495,0.611223
104221,79871,0.000000,0.000004
73107,75875,0.547495,0.541535
73107,22993,0.547495,0.487582
3952,67115,0.000000,0.000555
123178,86908,0.547886,0.621799
116570,15497,0.547495,0.576705
88904,97654,0.547495,0.611867
123178,87688,0.547495,0.657533
60239,21070,0.546592,0.291680
82998,86908,0.547066,0.572110
53746,110436,0.000000,0.000111
75875,33856,0.547886,0.578771
86908,82998,0.547066,0.567833
24509,86908,0.547066,0.649777
15497,97654,1.000000,0.579743
110436,67115,1.000000,0.977815
54546,17696,0.547066,0.596307
56096,86908,0.547886,0.600219
96853,36993,1.000000,0.527780
53746,123178,0.547066,0.632467
88904,21070,0.547886,0.637209
67115,24509,0.000000,0.000090
107418,66795,0.546592,0.613529
62083,63555,0.000000,0.000183
60239,57617,0.546592,0.149389
99107,49816,0.547886,0.331051
3592,75875,0.547886,0.634198
61135,86908,0.547886,0.599876
123178,21070,0.548579,0.593783
86971,75875,0.000000,0.000016
33856,64856,0.547886,0.589795
15497,86908,0.547495,0.580139
123178,65930,0.000000,0.000446
118271,74165,0.546592,0.590776
123178,63555,0.547495,0.604552
56096,75875,0.548246,0.513118
24509,107418,0.546592,0.588257
87688,110436,0.000000,0.000644
110521,66795,0.548246,0.580756
17696,49816,0.547886,0.601675
118271,110521,0.546592,0.556856
22051,104221,0.547066,0.573568
61135,76486,0.547495,0.585762
67731,96853,0.546062,0.494070
88904,24509,0.547066,0.573187
79871,24509,0.000000,0.000018
58094,53644,0.546592,0.631460
99107,76486,0.547495,0.439783
104221,36993,0.546592,0.544868
113665,22993,1.000000,0.497518
76486,53746,0.547066,0.560476
86908,17696,1.000000,0.615078
54546,21070,0.547066,0.601043
60239,18107,0.546592,0.503759
54546,67731,0.546062,0.604365
58094,84787,0.546592,0.580853
70454,33856,0.546592,0.615129
49816,27236,0.000000,0.002761
86908,26083,0.547886,0.635949
67731,118271,0.546062,0.642354
70454,67731,0.546062,0.643449
53746,42403,0.546592,0.564906
95264,85081,0.547495,0.600073
24509,116570,0.547066,0.650404
10290,116570,0.547886,0.604793
10290,17696,0.547886,0.543310
113663,67731,0.546062,0.192904
76486,18107,0.547066,0.652623
87688,66795,0.547495,0.604978
3952,67731,0.546062,0.537817
22993,110521,0.548579,0.434883
97654,82998,0.547066,0.567495
66795,118271,0.546592,0.609428
116570,79871,0.000000,0.000012
27255,74871,0.589599,0.545506
95142,96071,0.589180,0.540882
17557,87401,0.590332,0.522849
27255,109617,0.590332,0.553916
36446,39215,0.000000,0.229345
90329,7756,0.589981,0.592785
63970,33590,0.000000,0.326283
109617,27876,0.588955,0.578690
84607,69273,0.589981,0.557679
46779,46140,0.000000,0.000569
54777,74578,1.000000,0.750126
69273,7756,0.589981,0.549767
95854,96279,0.000000,0.000556
77212,109895,0.589599,0.496477
25739,47654,0.589794,0.546035
30878,35866,0.590812,0.597106
50963,59246,0.000000,0.000949
17557,30878,0.590332,0.555411
20672,43683,0.000000,0.000013
76551,84607,0.589981,0.550933
73664,69273,0.589794,0.500587
20672,75882,0.588200,0.459729
77212,46177,0.589599,0.505358
87401,66903,0.589981,0.512964
47654,932,0.589599,0.597081
108519,62083,0.000000,0.000411
75882,27255,0.590658,0.534121
59246,43683,1.000000,0.987137
62083,96071,0.000000,0.000079
932,88641,0.000000,0.000475
79919,21212,0.586551,0.543093
46177,79919,0.586551,0.489833
101202,27876,0.588955,0.537385
62083,50963,0.000000,0.000118
63970,20160,0.589599,0.589164
101202,87401,0.590658,0.530309
39215,95854,0.000000,0.174120
75882,88606,0.589794,0.506788
108519,74871,0.589599,0.546412
53828,20672,0.588200,0.469784
108519,96071,0.589180,0.540543
96071,102515,0.589180,0.591584
33590,84607,0.000000,0.290984
50963,96279,0.000000,0.000182
21212,39215,0.000000,0.222930
96071,20160,0.589180,0.591571
95142,24967,0.589981,0.551032
106825,7756,0.589981,0.590634
26144,122876,0.589794,0.509775
101202,25739,0.590960,0.537011
109617,57265,0.589599,0.546526
109895,96071,0.589180,0.540455
26144,77212,0.589599,0.500928
54777,79919,0.586551,0.491131
93085,74871,0.587612,0.560791
50963,88606,0.589794,0.512817
70528,59409,0.589794,0.496682
62083,75882,0.000000,0.000152
25739,31475,0.587612,0.487371
62083,26144,0.000000,0.000127
95142,33590,0.000000,0.342881
30878,109617,0.590332,0.591861
35866,46140,0.000000,0.000337
35866,27255,0.590812,0.571929
24791,96279,0.000000,0.000285
35866,47654,0.589794,0.587681
26144,33590,0.000000,0.345415
25739,79919,0.586551,0.463968
46140,57164,0.000000,0.000593
73664,109617,0.589794,0.546586
39215,66903,0.000000,0.214214
79919,102515,0.586551,0.543017
46177,74578,0.589981,0.516931
84607,46140,0.000000,0.000116
17557,74871,0.589599,0.546355
74578,96279,0.000000,0.000183
30878,54777,0.590160,0.559593
79919,54777,0.586551,0.500496
96279,20270,0.000000,0.001299
106825,57164,0.590498,0.593973
24967,59409,0.589981,0.557490
24967,20270,0.589981,0.591986
20672,31475,0.587612,0.517202
90329,102515,0.589599,0.589869
65657,30878,0.589794,0.541778
62083,17557,0.000000,0.000131
90329,20270,0.590160,0.592846
70528,96071,0.589180,0.543256
96279,66903,0.000000,0.000384
77212,46140,0.000000,0.000107
25739,21212,0.589599,0.543673
96071,121135,0.589180,0.548769
57164,57265,0.589599,0.537773
109895,27255,1.000000,0.739913
47654,88606,1.000000,0.556597
77212,106825,0.589599,0.539166
90329,21212,0.589599,0.589828
122876,96071,0.589180,0.543212
25739,54777,0.590160,0.509154
79919,75882,0.586551,0.496354
9155,51809,0.000000,0.000001
18197,81922,0.000000,0.000202
94499,25310,0.000000,0.000000
110273,35392,0.577527,0.410554
33645,103671,0.577105,0.484874
82509,110273,0.000000,0.000017
103671,109131,0.577105,0.280040
105971,67862,0.000000,0.000175
81922,109377,0.000000,0.000596
120693,81922,0.577527,0.579961
82509,39099,0.000000,0.000029
120978,25310,0.000000,0.000670
41740,91081,0.000000,0.000000
74924,113040,0.000000,0.000007
17939,80751,0.000000,0.000171
81922,99521,0.000000,0.000015
91081,49829,0.000000,0.000043
94499,44383,0.000000,0.001730
50847,39099,0.577105,0.199369
49829,120046,0.000000,0.000048
96512,41740,0.577527,0.626108
75102,20574,0.000000,0.052932
120978,58479,0.000000,0.000003
51809,80278,0.000000,0.000000
119517,32200,0.000000,0.000321
72655,64529,0.000000,0.000167
36342,117410,0.000000,0.000000
94739,70341,0.577527,0.425215
119517,99521,0.000000,0.027043
113040,40219,0.000000,0.000000
17939,49339,0.000000,0.000085
80751,8910,0.576116,0.519442
57635,62083,0.000000,0.023947
80278,91302,0.000000,0.000000
119436,25310,0.000000,0.000079
40219,49339,0.000000,0.000003
91302,74924,0.000000,0.000000
49339,72655,0.000000,0.000072
99521,40219,0.000000,0.000000
9431,121190,0.577105,0.054992
117779,91081,0.000000,0.015359
9431,117779,0.000000,0.000000
109377,23075,0.000000,0.000631
91081,103131,0.000000,0.000000
109131,120693,0.579706,0.231531
39099,9431,1.000000,0.007053
3555,33645,0.577912,0.461482
49829,22666,0.000000,0.000039
91081,57635,0.000000,0.000000
41160,72655,0.000000,0.000000
94739,41160,0.000000,0.000080
39099,120693,0.577105,0.512216
96512,20574,0.000000,0.137284
39099,117779,0.000000,0.000000
64529,117779,0.000000,0.000000
9431,70341,0.577105,0.540345
17939,99521,0.000000,0.000000
57635,91302,0.577527,0.564257
3555,9431,0.577105,0.132722
99521,80751,0.000000,0.000034
119436,58479,0.000000,0.000204
67862,82509,0.000000,0.049985
81922,20574,0.000000,0.066279
75102,18197,0.000000,0.002533
8910,80278,0.000000,0.000000
121190,23075,0.578900,0.496445
62083,6709,0.000000,0.004914
32200,67862,0.000000,0.000002
105971,29523,0.575524,0.085930
25310,103131,0.000000,0.000160
123118,39009,0.000000,0.000001
110273,121190,0.577527,0.420075
105971,120693,0.575524,0.047929
50847,49829,0.000000,0.000820
80278,36342,0.000000,0.000165
51809,120693,0.000000,0.000000
22666,99521,0.000000,0.021660
119517,20574,0.000000,0.000002
67862,64701,0.000000,0.000002
120978,91081,0.000000,0.000114
8910,109131,0.576638,0.119635
74924,62083,1.000000,0.001373
119436,29523,0.576638,0.373544
99521,20574,0.000000,0.000000
72655,99521,0.000000,0.000000
35392,120693,0.579706,0.231188
80751,41160,0.000000,0.002344
75102,113040,0.577527,0.404127
121190,117779,0.000000,0.000000
64701,96512,0.000000,0.000668
103671,91081,0.000000,0.000000
70341,117779,0.000000,0.000000
109377,25310,0.000000,0.000000
91081,117779,0.000000,0.057798
81922,103131,0.576116,0.626459
64701,103131,0.000000,0.000296
35392,39009,0.000000,0.000002
49829,119517,0.000000,0.000000
64529,119517,0.000000,0.000031
120693,39099,0.577105,0.480083
83432,108026,0.000000,0.462795
14997,95292,0.589599,0.500616
116760,62083,0.000000,0.000300
96851,2174,0.586551,0.460121
14412,60690,0.000000,0.224321
45183,73755,0.000000,0.000027
9790,38535,0.000000,0.000145
113666,60690,0.000000,0.000024
42348,83432,0.588200,0.524522
65247,2174,0.586551,0.377997
9390,38535,0.000000,0.483423
70344,14997,0.587916,0.525372
52403,73755,0.000000,0.000091
13361,14997,0.589599,0.533229
15413,80279,0.000000,0.000493
20254,2601,0.000000,0.000031
48065,84599,0.000000,0.000011
83947,116760,0.000000,0.000892
40615,33678,0.588466,0.471382
65247,80776,0.591104,0.538877
80279,38535,0.000000,0.495125
102164,65247,0.000000,0.002051
9790,108026,0.000000,0.000884
79902,108026,0.000000,0.499208
2174,62168,0.000000,0.399927
79902,96851,0.588466,0.529856
68169,112883,0.000000,0.500501
20254,15413,1.000000,0.957079
65247,48776,0.000000,0.492592
20254,9237,0.000000,0.000082
53250,9790,0.000000,0.000002
14412,65247,0.000000,0.226380
95292,64893,0.586934,0.418505
21370,60767,0.587612,0.133051
13361,48065,0.000000,0.456158
102723,8706,1.000000,0.779223
9237,15413,0.000000,0.000062
73755,60690,0.000000,0.000040
14412,33678,0.000000,0.257955
9390,45183,0.588955,0.529840
84599,15413,1.000000,0.952056
99696,2174,0.586551,0.440036
84599,83432,0.000000,0.000055
60767,83947,0.000000,0.000091
33678,111336,0.000000,0.493399
33678,110580,0.589395,0.543843
38568,43297,0.000000,0.166480
60109,42348,0.588466,0.528607
781,83947,0.000000,0.000457
117825,121788,0.000000,0.526081
64893,79902,0.586934,0.434391
2601,96851,0.000000,0.588293
9237,116760,0.000000,0.487641
14412,83947,0.000000,0.000153
48776,9237,0.000000,0.490533
43297,62168,0.000000,0.501170
42348,44658,0.588466,0.535301
8706,15413,0.000000,0.000165
102164,112883,0.000000,0.000062
83947,70344,0.000000,0.000082
2601,9390,0.000000,0.545910
33678,43297,0.589599,0.501046
99696,117825,0.589180,0.546047
43297,48065,0.000000,0.471899
60109,68114,0.589981,0.517668
15413,9390,0.000000,0.000189
111336,92916,0.000000,0.162361
9237,110580,0.000000,0.533570
80279,110580,0.589395,0.583345
20254,48065,0.000000,0.000036
96851,84599,0.000000,0.000003
112883,95292,0.588955,0.544990
62083,9390,0.000000,0.000061
102164,9790,1.000000,0.967313
121788,96851,0.000000,0.567261
46977,116760,0.590160,0.513032
73755,83432,0.000000,0.000083
117825,8706,0.589180,0.494293
116760,83432,0.588200,0.467099
80776,95292,0.590498,0.525961
48776,96851,0.000000,0.531505
62083,38568,0.000000,0.000341
53250,80776,0.000000,0.489247
43297,2174,0.586551,0.427011
73755,84599,0.000000,0.962907
62083,102723,0.000000,0.000106
117825,38535,0.000000,0.484828
113666,63334,0.000000,0.000456
43297,9390,0.588955,0.490399
70344,77144,0.000000,0.527878
48065,14412,0.000000,0.268883
53250,68114,0.000000,0.499285
110580,71011,0.000000,0.000230
14997,21370,0.589599,0.486011
113666,108026,0.000000,0.000602
80776,62083,0.000000,0.000474
48776,108026,0.000000,0.501044
43297,44658,0.589599,0.493280
13361,116760,0.590160,0.552430
117825,2174,0.586551,0.433554
355,111211,0.000000,0.000326
60028,66369,0.000000,0.000651
12608,56231,0.000000,0.000000
60676,59832,0.571406,0.102504
64087,81119,0.000000,0.535925
18173,7433,0.000000,0.003423
28403,84704,0.000000,0.009987
99928,28403,0.000000,0.010892
84717,28403,0.000000,0.128530
84704,51890,0.000000,0.103543
53083,9711,0.000000,0.001089
28403,51890,0.000000,0.012282
3996,110556,0.000000,0.260742
47240,17675,0.000000,0.073782
119243,96888,0.560197,0.319164
57969,259,0.000000,0.020423
103188,119243,0.000000,0.027281
62406,10226,0.000000,0.042260
38359,7433,0.000000,0.040399
60028,96888,0.000000,0.009960
10226,17675,0.000000,0.012417
10226,99256,0.000000,0.016085
61609,38359,0.000000,0.000000
17675,110556,0.000000,0.057346
56231,3996,0.000000,0.000000
53083,107814,0.000000,0.206634
61609,45671,0.000000,0.000000
9711,62406,0.000000,0.001256
121761,101710,0.000000,0.098126
38359,47240,0.000000,0.118860
3361,81119,0.000000,0.006486
45671,3361,0.000000,0.000020
85895,81119,0.571406,0.476690
81119,47240,0.000000,0.041641
107814,47240,0.000000,0.029122
3361,38359,0.000000,0.000283
10226,81119,0.000000,0.045020
107814,18173,0.000000,0.000390
96888,84704,0.000000,0.081231
62406,78352,0.000000,0.007616
38359,111211,0.000000,0.009874
94352,61609,0.000000,0.000000
3361,111211,0.000000,0.000045
93933,28403,0.000000,0.007472
81828,99256,0.000000,0.185049
61640,45671,0.000000,0.001234
73235,70030,0.000000,0.026019
61640,61609,0.000000,0.000000
35185,62406,0.000000,0.000173
62406,81828,0.000000,0.048907
60028,72473,0.000000,0.000097
99928,355,0.000000,0.001611
12608,73225,0.000000,0.348056
29380,94352,0.000000,0.006835
29380,47240,0.000000,0.088234
73235,45671,0.000000,0.039551
47240,119243,0.000000,0.036523
96888,83359,0.000000,0.252231
81119,101710,0.000000,0.053711
110556,57969,0.000000,0.104268
3361,47240,0.000000,0.002090
115876,62406,0.000000,0.013749
99256,9711,0.000000,0.002149
117688,17675,0.000000,0.050111
103188,10226,0.000000,0.003760
81119,35185,0.000000,0.000127
3996,17675,0.000000,0.025556
18495,102354,0.000000,0.000000
47240,111211,0.000000,0.052616
94352,82501,0.000000,0.005277
84704,96888,0.000000,0.089080
107814,12608,0.000000,0.052288
60676,61609,0.000000,0.000001
45671,72847,0.000000,0.000021
18173,47240,0.000000,0.000890
101710,18495,0.000000,0.002680
57969,103188,0.000000,0.417199
51890,105658,0.000000,0.001599
72473,60028,0.000000,0.000095
61609,18495,0.000000,0.000000
53083,81828,0.000000,0.396605
84704,62406,0.000000,0.008346
355,107814,0.000000,0.098512
81828,104107,0.000000,0.004890
29380,9711,0.000000,0.001417
73316,66369,0.000000,0.002886
60028,119243,0.000000,0.000080
17675,82501,0.000000,0.000322
99256,355,0.000000,0.001806
104107,61609,0.000000,0.000000
82360,96888,0.000000,0.191882
3996,96888,0.000000,0.223546
61609,35185,0.000000,0.000000
35185,51890,0.000000,0.001603
7433,81828,0.000000,0.186322
102354,3361,0.000000,0.000001
3996,81828,0.000000,0.190928
18173,81119,0.000000,0.001117
45671,73235,0.000000,0.044394
73316,61609,0.000000,0.000000
100126,50159,0.586934,0.435806
27955,40392,0.000000,0.000004
11265,98029,0.000000,0.409613
49826,110217,0.586934,0.381873
27955,98675,1.000000,0.408964
74313,112790,0.000000,0.448139
71438,3662,1.000000,0.435567
62589,9368,0.000000,0.000713
64572,39598,0.586934,0.444842
62589,71438,0.587286,0.501774
11913,95732,0.000000,0.000103
45721,74993,1.000000,0.925693
113196,77197,0.587916,0.463458
45721,49826,0.000000,0.000045
39598,40544,0.586934,0.433364
54021,76049,0.547825,0.471807
110217,4975,0.586934,0.402404
33907,25573,0.000000,0.479122
77197,110217,0.586934,0.432447
98675,41603,0.000000,0.474504
44641,33907,0.587612,0.495919
6256,57779,0.000000,0.000014
57037,112790,0.587612,0.421101
31236,71438,0.000000,0.119882
9368,54021,0.000000,0.002246
18936,50159,0.586934,0.443133
71569,102290,0.664478,0.590637
25573,5424,0.000000,0.438047
17749,77197,0.000000,0.001126
111653,119166,0.588200,0.296870
40392,45229,0.000000,0.000015
79608,44641,0.588200,0.443851
119468,119166,0.588200,0.427390
76049,72623,0.000000,0.475135
54021,115487,0.000000,0.501892
62589,45229,0.586934,0.493881
50159,102290,0.000000,0.216217
11265,102290,0.000000,0.254862
5424,79608,0.587916,0.462260
27955,45229,0.586934,0.478384
57779,121046,0.000000,0.000040
100126,74313,0.000000,0.447480
41603,115487,0.000000,0.503509
6256,31236,0.000000,0.074505
111653,98029,0.588955,0.457410
4091,71438,0.587286,0.546231
58229,4091,0.588717,0.496820
25573,17749,0.000000,0.000019
98675,4975,0.588466,0.448719
25573,39261,0.000000,0.000028
57037,1189,0.589395,0.432404
119468,57779,0.000000,0.000023
5424,27955,0.587916,0.379819
74993,5412,0.000000,0.000173
57779,115487,0.000000,0.000466
45229,98397,0.000000,0.498481
100126,115487,1.000000,0.637362
95732,57037,0.000000,0.417600
57037,62083,0.000000,0.000092
100126,3662,0.587286,0.271509
2602,33907,0.587612,0.523856
13495,70889,0.587612,0.419219
18936,28802,0.587612,0.332873
70750,95732,0.000000,0.524721
98397,35775,0.000000,0.249734
27955,33907,0.587612,0.483848
5424,121046,0.586551,0.438224
49826,76678,0.587286,0.383023
11913,64572,0.000000,0.000181
39261,31236,0.000000,0.001218
54021,76678,0.000000,0.433606
58229,113196,0.587916,0.464100
28802,27955,0.587612,0.210504
98675,98397,0.000000,0.464460
11265,76678,0.000000,0.447361
33907,76678,0.587286,0.500322
71569,62083,0.000000,0.001215
11913,1189,0.000000,0.000319
119468,39261,0.000000,0.000037
11265,58229,0.000000,0.466744
50159,1189,0.586934,0.433771
98397,64572,0.000000,0.478058
28802,31236,0.000000,0.134435
45229,57779,0.000000,0.000004
62083,80824,0.000000,0.000115
5412,4091,0.000000,0.496959
68253,44641,0.589180,0.479843
74993,77197,0.000000,0.000395
80824,62589,0.589395,0.543155
74993,64572,0.000000,0.000205
77197,1189,0.589599,0.507204
98029,111653,0.588955,0.465205
98675,40392,0.000000,0.000007
40544,68253,0.589180,0.495117
18936,45229,0.586934,0.496620
119468,68253,1.000000,0.424789
100126,35775,0.588200,0.355249
2602,110217,0.586934,0.339599
17749,4975,0.000000,0.000263
95732,121046,0.000000,0.437603
28052,41384,0.000000,0.000063
55844,111313,0.000000,0.013784
27600,17801,0.589794,0.498864
17801,5316,0.589395,0.499993
68453,57245,0.000000,0.000117
60366,11541,0.592330,0.531522
7361,63401,0.590812,0.572056
7201,79807,0.590498,0.557776
4059,33671,0.000000,0.000080
37631,57841,0.000000,0.003068
16807,89459,0.000000,0.197407
25154,59546,0.000000,0.000011
67519,11731,0.000000,0.000019
113918,5316,0.589395,0.483740
25154,54737,0.000000,0.000178
58247,119848,0.590332,0.547980
5819,21975,0.591760,0.572692
8952,25154,0.000000,0.000061
41384,37631,1.000000,0.896061
121853,120506,0.000000,0.000939
11731,5316,0.000000,0.000012
113918,8952,0.000000,0.495574
120506,30823,0.000000,0.014514
77934,57841,0.665761,0.558249
11541,53246,0.589395,0.502201
119848,8952,0.000000,0.539681
7361,49287,0.591243,0.601330
98642,105164,0.591104,0.514168
27600,21975,0.591104,0.560494
89459,63401,0.590160,0.558798
55844,5819,0.000000,0.002607
53246,30823,0.000000,0.000574
79807,58247,0.590332,0.526227
62083,11541,0.000000,0.000774
8952,19688,0.000000,0.000127
89459,67519,0.590160,0.559033
529,37631,0.000000,0.000091
89459,102240,0.666400,0.560071
110363,100139,0.587612,0.431302
120506,103902,0.000000,0.314357
25384,100139,0.000000,0.409287
67519,112187,0.591243,0.536454
68453,120506,0.591378,0.576178
121853,33671,1.000000,0.997698
77934,19688,0.000000,0.000080
63401,7361,0.590812,0.562005
58247,529,0.589981,0.514299
121853,119848,0.000000,0.000201
79351,37631,1.000000,0.993481
102240,36783,0.590160,0.520227
63133,79351,0.000000,0.000021
63447,96473,0.000000,0.000124
37631,67519,0.000000,0.000837
21975,11541,0.592222,0.545647
63133,7361,1.000000,0.565176
55844,68453,0.000000,0.000838
41384,17801,0.000000,0.000386
121853,54737,0.000000,0.000130
49287,33671,0.000000,0.000011
105768,27600,0.000000,0.000172
49287,30823,0.000000,0.004779
58247,4059,0.590332,0.514948
102240,105164,0.590160,0.509541
5819,36783,0.590332,0.513863
4059,4004,0.000000,0.121174
62083,5316,0.000000,0.000078
11541,63401,0.590812,0.508015
5316,105768,0.000000,0.000001
103902,113918,0.000000,0.302258
119848,11541,0.591509,0.543472
63133,58247,0.590332,0.519693
85140,54737,0.590160,0.518285
105164,85140,0.590658,0.515159
77934,5316,0.000000,0.342384
19688,105164,0.000000,0.003096
7201,105768,0.000000,0.000007
100139,68453,0.590498,0.593435
85140,89459,0.590160,0.552410
8952,68453,0.000000,0.534658
37594,36783,0.589794,0.554857
79807,78420,0.590498,0.521807
105164,33671,0.000000,0.000049
121853,63401,0.000000,0.000263
100139,63447,0.590332,0.565752
30823,25154,1.000000,0.876284
37594,529,0.589794,0.555486
62083,112187,0.000000,0.000467
100139,11541,0.590498,0.536650
77934,8952,0.000000,0.338360
59546,4004,0.000000,0.125275
4059,121853,0.000000,0.000185
98642,57245,0.000000,0.000668
121550,49287,0.590812,0.562233
63447,105164,0.590332,0.513870
33671,71973,0.000000,0.000082
7201,33671,0.000000,0.000019
77934,37594,0.000000,0.293740
103902,37631,0.000000,0.000414
21975,54737,0.590160,0.544106
72100,57245,0.000000,0.000415
105228,2045,0.000000,0.012624
2045,51446,0.000000,0.020161
51446,2045,0.000000,0.036442
95042,105228,0.000000,0.119005
105228,95042,0.000000,0.109056
80977,95042,0.000000,0.011250
36752,51446,0.000000,0.000755
2045,36752,0.000000,0.000000
80977,36752,0.000000,0.000000
2045,105228,0.000000,0.007708
95042,51446,0.000000,0.037650
51446,80977,0.000000,0.036442
36752,80977,0.000000,0.000014
2045,80977,1.000000,0.969828
95042,2045,0.000000,0.012998
36752,2045,0.000000,0.000014
36752,105228,0.000000,0.000803
95042,36752,0.000000,0.001235
36752,95042,0.000000,0.000447
105228,51446,0.000000,0.046291
105228,80977,0.000000,0.012624
51446,95042,0.000000,0.040595
51446,36752,0.000000,0.001321
51446,105228,0.000000,0.073814
2045,95042,0.000000,0.011250
95042,80977,0.000000,0.012998
80977,2045,1.000000,0.969828
80977,51446,0.000000,0.020161
80977,105228,0.000000,0.007708
105228,36752,0.000000,0.002325
34404,107178,0.000000,0.003642
53235,46945,0.000000,0.244856
92717,62754,0.000000,0.000000
46945,62754,0.000000,0.002031
105668,108769,0.000000,0.044688
39009,57448,0.000000,0.000000
82343,119087,0.000000,0.000170
119655,114536,0.000000,0.007651
60256,21605,0.000000,0.000101
45510,119655,0.000000,0.004234
12054,91723,0.000000,0.174850
15109,122450,0.000000,0.000258
10288,62754,0.000000,0.006238
82962,70745,0.000000,0.000001
115440,110637,0.000000,0.003747
119655,120939,0.000000,0.000509
34160,87717,0.000000,0.026161
105668,62192,0.000000,0.000453
33113,105721,0.000000,0.107522
120945,39009,0.000000,0.000000
115440,105668,0.000000,0.000031
115568,82343,0.000000,0.000307
60256,27005,0.000000,0.000072
91723,28700,0.000000,0.000521
63018,78185,0.000000,0.056326
119087,122450,0.000000,0.000441
61034,82343,0.000000,0.000861
3480,27005,0.000000,0.000163
91769,100520,0.000000,0.000011
69269,3044,0.000000,0.000251
60256,112825,0.000000,0.004947
12054,115568,0.000000,0.011825
62083,107178,0.000000,0.000000
91723,39283,0.000000,0.002315
27005,22834,0.000000,0.000000
119655,69269,0.000000,0.002191
62192,119087,0.000000,0.008408
62192,115568,0.000000,0.000231
65917,79313,0.000000,0.006667
69269,110637,0.000000,0.003764
122450,91769,0.000000,0.005367
87717,45510,0.000000,0.000978
34404,15109,0.000000,0.000003
81747,99210,0.559605,0.063367
87717,107469,0.000000,0.061301
28700,79313,0.000000,0.001357
109748,62699,0.000000,0.001389
76,115568,0.000000,0.010760
60256,120939,0.000000,0.000002
107469,115440,0.000000,0.000286
61034,10559,0.000000,0.000861
10559,107469,0.000000,0.002463
65917,119655,0.000000,0.000820
57448,81747,1.000000,0.630770
1628,46945,0.000000,0.062025
119087,78185,0.000000,0.000887
60256,91723,0.000000,0.005525
61034,34160,0.000000,0.002318
62754,78185,0.000000,0.001236
99210,34160,0.000000,0.086327
39009,39283,0.000000,0.000035
62083,61034,0.000000,0.016943
110637,115440,0.000000,0.008207
62083,105721,0.000000,0.000033
27005,10288,0.000000,0.000927
69269,75247,0.000000,0.003764
91769,105668,0.000000,0.001039
15109,106110,0.000000,0.007518
39009,62699,0.000000,0.000000
61034,122450,0.000000,0.000452
22834,10559,0.000000,0.000009
82343,92717,1.000000,0.630770
107469,34404,0.000000,0.004291
34404,81747,0.000000,0.188136
92717,90457,0.000000,0.000000
97499,63018,0.000000,0.190033
97499,120939,0.000000,0.000000
107178,46945,0.000000,0.001782
28700,100520,0.000000,0.046599
110637,82343,1.000000,0.630770
108769,106110,0.000000,0.003826
91769,15109,0.000000,0.004997
34160,106110,0.000000,0.020674
120945,99210,0.000000,0.034306
97499,62083,1.000000,0.998479
75247,114536,0.000000,0.000348
120945,34160,0.000000,0.053380
48606,115440,0.000000,0.000001
70745,62192,0.000000,0.000470
107469,108769,0.000000,0.076868
69269,120945,0.000000,0.000006
62699,75247,0.000000,0.001385
62754,70745,0.000000,0.004807
76,62754,0.000000,0.012291
39283,28700,0.000000,0.000376
110637,91769,1.000000,0.630770
39009,65917,0.000000,0.000000
21605,120939,0.000000,0.000000
120939,114536,0.000000,0.000006
100520,15109,0.000000,0.000295
16456,76188,0.000000,0.000024
104187,75584,1.000000,0.000000
36575,13387,1.000000,0.958876
111787,13028,0.000000,0.000456
19339,76188,0.000000,0.519318
75584,74815,0.000000,0.000000
33063,16456,0.000000,0.141236
95812,58140,0.000000,0.038763
7623,36164,0.000000,0.000167
105939,77486,0.000000,0.000104
36164,34632,0.000000,0.000232
48530,113464,0.000000,0.568433
89764,116902,0.000000,0.000110
13359,104893,0.000000,0.000072
76188,7623,0.000000,0.000011
10204,58140,0.000000,0.018542
95812,111015,0.000000,0.000000
37469,111614,0.000000,0.000119
39728,108081,0.000000,0.000041
113464,39728,0.000000,0.000331
36575,88673,1.000000,0.967084
68875,38613,1.000000,0.953794
74815,103431,0.000000,0.000019
34632,7623,1.000000,0.976816
68672,112238,0.000000,0.000051
19339,112238,0.000000,0.000000
78586,33063,0.000000,0.209467
112238,104893,0.000000,0.000161
103431,43732,1.000000,0.980803
61114,89764,0.000000,0.000212
60946,3472,1.000000,0.963359
69768,104187,1.000000,0.958675
60946,58140,0.000000,0.015914
48134,79004,0.000000,0.004593
104893,62083,1.000000,0.705685
103431,105939,0.000000,0.000047
104187,89764,0.000000,0.000190
66287,12651,0.000000,0.849653
6550,88673,0.000000,0.012571
117267,68672,0.000000,0.022666
39728,38613,0.000000,0.000028
3472,43732,1.000000,0.962482
58533,13359,0.000000,0.000020
78586,13359,0.000000,0.000015
89309,89764,0.000000,0.447809
3472,35201,1.000000,0.960911
89764,111015,0.000000,0.472947
95834,12651,1.000000,0.972471
36575,104187,1.000000,0.978061
76188,6550,0.000000,0.002309
15018,15413,0.000000,0.000180
58533,6550,0.000000,0.018635
7623,105939,0.000000,0.000042
111015,19339,0.000000,0.510913
75584,48530,1.000000,0.000000
66287,104187,0.000000,0.870040
75584,37469,1.000000,0.000000
111787,104187,1.000000,0.962613
80133,15018,0.000000,0.083495
105939,111015,0.000000,0.531833
39728,12651,0.000000,0.000113
35201,15018,0.000000,0.002240
58140,104893,0.000000,0.000906
89764,103431,0.000000,0.000081
69768,21164,0.000000,0.000147
43732,13387,1.000000,0.936974
10204,63009,0.000000,0.000703
88673,95812,0.000000,0.000139
103431,63009,0.000000,0.001325
117267,61114,0.000000,0.012996
80834,82610,0.000000,0.001319
103431,108081,1.000000,0.967110
37469,13359,0.000000,0.000034
77486,36575,1.000000,0.993216
95834,89309,0.000000,0.000043
48134,111614,0.000000,0.000007
13028,43732,0.000000,0.000125
89764,15018,0.000000,0.000000
34632,52505,1.000000,0.943291
85044,36575,1.000000,0.957938
61114,103431,1.000000,0.963826
80133,111015,0.000000,0.000643
104893,75584,1.000000,0.000000
63009,74815,0.000000,0.443205
80834,15413,0.000000,0.000470
21164,38613,0.000000,0.000074
43732,15018,0.000000,0.002781
74815,68672,0.000000,0.000024
37469,89309,0.000000,0.000039
39728,68672,0.000000,0.000012
75584,68875,1.000000,0.000000
78586,68672,1.000000,0.975334
103431,89309,0.000000,0.000063
58140,111787,0.000000,0.003411
74815,38613,0.000000,0.000046
58533,116902,1.000000,0.958118
52505,39728,0.000000,0.000135
60946,21164,0.000000,0.000032
85044,7623,1.000000,0.925790
95834,80133,1.000000,0.175652
88884,31056,0.000000,0.000017
61390,55831,0.587286,0.515069
105220,97687,0.588200,0.468507
36873,15897,0.587286,0.447380
57363,60456,0.000000,0.436075
41767,57806,0.588466,0.476248
50506,37066,0.588200,0.465452
6323,59288,0.589180,0.496731
42424,681,0.589180,0.497652
6636,37066,0.588200,0.471900
29501,68100,0.589180,0.547637
1695,42424,0.589180,0.496942
57363,36873,0.587286,0.448039
36873,9207,0.587286,0.450913
6323,29501,0.589180,0.545247
78489,50506,0.589794,0.541818
61403,1695,0.588717,0.485047
66637,28791,0.588200,0.498294
28791,3860,0.588200,0.500521
112634,60456,0.000000,0.433299
66637,6636,0.588955,0.539413
12407,29713,0.588955,0.477213
58009,57363,0.000000,0.000115
62083,90008,0.000000,0.000139
2420,88535,0.588200,0.465169
54865,28791,0.588200,0.472628
104925,15897,0.587916,0.439636
15897,37066,0.587916,0.461858
122839,61390,0.000000,0.000032
42424,112634,1.000000,0.770369
71936,90008,0.589180,0.489777
30468,37066,0.587916,0.530646
9207,66637,0.588466,0.506863
4216,80654,0.587612,0.445319
28791,57806,0.588200,0.471342
681,122839,0.000000,0.000057
29501,78489,0.589180,0.547210
71936,67410,0.587286,0.453879
70917,57806,0.588717,0.537644
681,42424,0.589180,0.496920
61390,122839,0.000000,0.000002
28791,71936,0.588200,0.474043
88884,1695,0.587916,0.466277
1695,28791,0.588200,0.471489
106336,96998,0.588200,0.513438
1695,15897,0.587916,0.464833
3860,120612,0.588717,0.536982
88535,64825,0.000000,0.000026
101234,105220,0.588466,0.479273
122839,31056,1.000000,0.939678
57806,6636,0.588717,0.483532
106336,14868,0.000000,0.000261
101234,68100,0.589180,0.493313
71936,41359,0.588200,0.472748
97687,106336,0.588200,0.500510
60456,55831,0.000000,0.427811
58718,62083,0.000000,0.000085
31056,90008,0.000000,0.001793
104984,2420,0.000000,0.000770
105123,106336,0.588955,0.538325
41767,82324,0.588200,0.468254
101234,29713,0.588955,0.489805
114813,14868,0.000000,0.000262
30886,60456,0.000000,0.437593
2420,3860,0.588955,0.538390
62083,96998,0.000000,0.000042
82324,114813,0.588200,0.500754
54865,6323,0.589180,0.497317
29713,88535,0.588200,0.470152
36873,104925,0.587286,0.411083
61403,104925,0.588717,0.473525
9207,12407,0.588466,0.462366
15897,50506,0.587916,0.444994
113224,59288,0.589180,0.488878
113224,15897,0.587916,0.449042
104984,1695,0.000000,0.000436
59288,90008,0.589180,0.489668
113224,3860,0.588955,0.537464
63075,60456,0.000000,0.433253
681,57806,0.588717,0.483945
57806,50506,0.588717,0.491038
50506,68100,0.590160,0.560913
105123,29713,0.588955,0.486938
63075,122839,0.000000,0.000038
65282,63075,0.000000,0.142267
105123,681,0.589599,0.506392
82324,58009,0.000000,0.000031
37066,104984,0.000000,0.000017
57363,65282,0.000000,0.101350
54865,96998,0.588200,0.473288
78489,55831,0.589395,0.501019
36873,41359,0.587286,0.448495
50506,36873,0.587286,0.423765
29713,42424,0.588955,0.490238
3860,78489,0.588955,0.544150
90008,105220,0.588466,0.470149
90008,15897,0.587916,0.448763
61403,12407,0.588717,0.472523
12407,37066,0.588200,0.449689
6323,29713,0.588955,0.490660
52493,90042,0.000000,0.005897
811,50302,0.000000,0.146439
11288,115004,0.000000,0.039445
2439,11288,0.000000,0.060504
25611,52493,0.000000,0.027832
114715,24234,0.569362,0.005503
98305,14572,0.000000,0.055822
68326,45605,0.000000,0.021593
17704,85239,0.552132,0.165360
35943,74343,0.000000,0.005039
80620,56216,0.000000,0.461807
90042,98794,0.549019,0.303444
87742,12887,0.554952,0.234357
35943,17704,0.000000,0.007368
90042,103090,0.000000,0.021184
25611,116963,0.551131,0.483337
11288,114715,0.000000,0.013154
45605,90042,0.000000,0.265129
45605,115575,0.000000,0.020450
35943,50302,0.000000,0.002986
3536,48627,0.552132,0.764277
119795,116963,0.551131,0.234357
87742,98305,0.000000,0.462787
14572,26396,0.000000,0.092191
66671,14572,0.000000,0.066691
16973,103493,0.000000,0.001144
82873,11288,0.000000,0.003432
85239,28560,0.000000,0.096849
98305,57425,0.000000,0.181583
55163,115004,0.567269,0.024320
35943,37496,0.000000,0.005015
109555,3536,0.554513,0.234357
103090,43177,0.000000,0.043322
40468,103493,0.000000,0.013107
103493,3723,0.000000,0.004208
52493,115575,0.571165,0.689929
74343,43177,0.000000,0.369624
27174,119795,0.000000,0.462787
811,71839,0.000000,0.017626
56216,120564,0.000000,0.003214
27174,11288,0.000000,0.462787
3536,40468,0.552132,0.586035
43177,28560,0.000000,0.127801
35943,16973,0.000000,0.000212
62623,27980,0.000000,0.027354
114715,52493,0.569886,0.588472
11105,11288,0.549839,0.155583
80620,7292,0.000000,0.009022
103493,811,0.000000,0.013763
25611,87364,0.000000,0.052968
25611,50302,0.000000,0.447622
115004,11105,0.000000,0.117504
50302,12887,0.000000,0.234357
82873,109555,0.000000,0.003432
37496,80620,0.000000,0.020227
62623,24234,0.000000,0.004608
22949,43177,0.549019,0.331674
85239,71839,0.000000,0.038392
17704,90042,0.000000,0.265129
11288,27980,0.000000,0.063934
22949,52493,0.000000,0.008301
14572,28560,0.000000,0.249646
63779,90042,0.000000,0.123293
52493,114715,0.569886,0.638001
62623,82873,0.000000,0.127479
7292,22249,0.000000,0.234357
27980,94498,0.000000,0.119870
11105,116963,0.549839,0.477607
11105,17704,0.549839,0.477607
26483,104623,0.000000,0.098124
40468,3723,0.551659,0.315894
94498,7292,0.000000,0.011877
62623,90042,0.000000,0.008859
24234,50302,0.000000,0.059348
66671,50531,0.570354,0.390395
98305,28560,0.000000,0.041907
25611,104623,0.000000,0.032653
11105,25611,0.549839,0.393010
18924,55163,0.000000,0.193272
58236,2439,0.000000,0.031562
37496,90042,0.000000,0.294782
52493,27980,0.000000,0.053866
90042,57425,0.000000,0.181583
50302,56198,0.000000,0.014377
24234,56216,0.000000,0.002932
12228,27174,0.000000,0.000000
3536,35943,0.000000,0.016262
120564,66671,0.000000,0.031979
74343,48627,0.549839,0.477607
57425,52493,0.000000,0.013993
45605,70410,0.000000,0.265129
50531,80620,0.572157,0.531006
18924,56216,0.000000,0.038034
56198,18924,0.000000,0.152958
50531,50302,0.000000,0.002400
16973,35943,0.000000,0.004406
71839,62623,0.000000,0.114912
11288,115575,0.000000,0.007515
58236,3723,0.549839,0.397164
28560,3740,0.000000,0.099161
26790,98860,0.000000,0.000377
26790,67712,0.000000,0.257207
85367,14243,0.000000,0.220443
56786,81918,0.588717,0.484779
113417,76525,0.588955,0.489544
26867,52214,0.659277,0.559306
34961,56786,0.588200,0.534049
81819,28267,0.588717,0.536762
69521,110280,0.586551,0.412169
111158,12599,0.000000,0.139816
120805,52469,0.587286,0.382465
117952,26867,0.000000,0.141572
117012,56617,0.588955,0.469691
122899,882,0.589981,0.503753
64764,7002,0.589599,0.505242
117952,106157,0.588200,0.468596
110077,97189,0.000000,0.000066
113417,118812,0.000000,0.000136
110077,12599,0.000000,0.000507
26203,882,0.589180,0.494932
52214,40187,0.660449,0.573601
52469,110077,0.000000,0.000078
56617,28267,0.588717,0.529290
106157,85367,0.588200,0.453303
19598,26203,0.589180,0.543594
64764,111158,0.588717,0.483428
14243,26867,0.659277,0.546520
115864,106157,0.588200,0.468696
56617,115864,0.588466,0.447638
97189,69521,0.653776,0.679285
117012,28024,0.000000,0.000030
52214,56739,0.000000,0.222016
38936,34961,0.587916,0.505427
57567,38936,0.587916,0.444301
85367,89408,0.589981,0.509621
7002,111158,0.588717,0.479470
81918,40187,0.000000,0.180306
52469,74933,0.588717,0.362900
117952,79392,0.588466,0.475564
56617,110280,0.589981,0.500299
28016,85367,0.589794,0.501470
98074,120805,0.586551,0.437099
120805,69521,0.586551,0.437599
67072,1897,0.587916,0.467155
882,6219,0.589180,0.541601
56786,89408,0.589395,0.500731
53828,85367,0.589794,0.503101
44179,62128,1.000000,0.996727
64764,113417,0.588955,0.489812
48251,117952,0.588466,0.475282
7002,19598,0.589599,0.548431
56739,98860,0.000000,0.000386
117184,7002,0.586934,0.423606
28016,35005,0.000000,0.000190
15624,117184,0.586934,0.421457
44179,89978,0.000000,0.000197
113417,122899,0.588955,0.474517
117184,110077,0.000000,0.000137
106322,81286,0.000000,0.000004
28267,40187,0.000000,0.206687
117184,113417,0.586934,0.445785
62083,113417,0.000000,0.000062
56786,6219,0.589180,0.545025
19909,19598,0.589599,0.546906
6219,67072,0.589180,0.549110
1897,35005,0.000000,0.000027
103397,106157,0.588200,0.473174
117952,117012,0.588466,0.477991
15624,108686,0.590160,0.522063
67072,98074,0.586551,0.431545
47453,53828,0.000000,0.000177
1897,67712,0.587916,0.462111
35005,52469,0.000000,0.000014
109623,81286,1.000000,0.981464
117184,89408,0.586934,0.423850
118812,74933,0.000000,0.000707
110077,89978,0.000000,0.001722
106322,98074,0.000000,0.003891
74933,882,0.589981,0.514524
64764,103397,0.589180,0.494825
76525,53828,0.589180,0.494045
89408,53828,0.589794,0.514707
14243,111158,0.000000,0.188476
120805,106157,0.587286,0.449515
48251,52469,1.000000,0.402543
81918,62083,0.000000,0.000144
110077,69521,0.000000,0.000065
26790,97189,0.000000,0.214507
35005,56786,0.000000,0.000155
117184,34961,0.586934,0.471605
35005,75806,0.000000,0.000109
19909,15624,1.000000,0.731668
26203,76525,0.656228,0.662598
115864,28016,0.588466,0.477346
76525,98860,0.000000,0.000320
1897,882,0.587916,0.462687
115864,113417,0.588466,0.478785
6219,26203,0.656228,0.548643
81819,122899,0.589599,0.490675
106157,67712,0.588200,0.470307
66059,85004,0.663357,0.501198
30698,41501,0.659829,0.567330
41501,72103,0.659829,0.148349
111842,66059,0.663357,0.477666
55937,61653,0.000000,0.000011
30698,111842,0.663111,0.273355
54917,28579,0.659794,0.568830
21201,101414,0.661943,0.119536
80343,73038,0.663807,0.486655
61653,55937,0.000000,0.000099
55937,40561,0.664015,0.582143
46596,46977,0.663357,0.463739
111842,97661,0.663588,0.176568
79649,41958,0.000000,0.000473
61653,120525,1.000000,0.967535
21370,11108,0.662849,0.183991
21201,119419,0.663357,0.171488
49113,11370,0.000000,0.000582
21201,46977,0.663357,0.463522
66059,14997,0.663357,0.478586
66059,46977,0.663357,0.463266
50822,21201,0.663357,0.454771
85004,72103,0.663807,0.588070
72103,80363,0.663807,0.583834
2558,30698,0.663111,0.264048
49113,38570,0.000000,0.000369
102164,50822,0.000000,0.002017
95292,46977,0.662499,0.526114
46977,62168,0.665229,0.525815
11108,101414,0.661943,0.563297
80279,41789,0.662789,0.568206
88607,21201,0.660110,0.532198
102164,73038,0.000000,0.000578
105539,80363,0.000000,0.000154
95292,50822,0.662499,0.523267
113866,40561,1.000000,0.207524
61653,73038,0.000000,0.000232
46596,80279,0.662789,0.474572
54917,96805,0.659794,0.519342
81274,28579,0.663807,0.573362
86659,30698,0.663111,0.275060
40561,72103,0.663807,0.593524
40561,80363,0.664015,0.588500
79649,46596,0.663357,0.454059
55922,94696,0.664015,0.481811
11108,55937,0.662849,0.201551
49113,21201,0.000000,0.000311
7888,94696,0.664015,0.489091
55937,3965,0.661280,0.526897
86659,46596,0.663357,0.474639
10043,79649,0.665518,0.567314
9119,119419,0.664401,0.222320
85004,50822,0.664401,0.553107
81121,120525,0.000000,0.000037
11108,13361,0.662849,0.179474
97661,81274,0.663588,0.168304
105539,101656,0.000000,0.000206
107251,21370,0.665376,0.523843
62168,11370,0.664015,0.486976
121090,86659,0.663357,0.170286
86659,14997,0.664401,0.506273
101656,70467,0.000000,0.000018
21201,120525,0.000000,0.000011
80343,95292,0.662499,0.482958
9749,81274,0.664212,0.529476
41789,14997,0.664401,0.500720
41501,102164,0.000000,0.000117
85782,119419,0.664015,0.213724
94696,14997,0.664015,0.497704
102164,38570,0.000000,0.002411
111842,117258,0.663807,0.202640
85782,101656,0.664015,0.495711
10043,70467,0.000000,0.000017
2043,62168,0.664212,0.495994
41958,21201,0.000000,0.000120
30698,9743,0.663111,0.217395
2558,11108,0.662849,0.247000
14997,62168,0.664401,0.500649
73038,13361,0.664918,0.544275
55937,86659,0.664753,0.556464
107251,13361,0.665376,0.558307
96805,62168,0.664212,0.493924
120525,119419,0.000000,0.000610
121788,61653,0.000000,0.000009
7888,95292,0.662499,0.749917
101414,81121,0.661444,0.517512
10043,14997,0.664401,0.541713
101414,79649,0.661943,0.112956
120525,79649,0.000000,0.001418
105539,21201,0.000000,0.000082
62168,120525,0.000000,0.000077
25754,54917,0.659794,0.516025
61653,95292,0.000000,0.000311
95292,86659,0.662499,0.513875
9749,11370,0.664015,0.495068
9749,81121,0.661444,0.340764
73038,85004,0.664401,0.547094
119419,60439,0.663807,0.200533
117258,10043,0.664581,0.243515
46596,101656,0.663357,0.480437
39776,71563,0.663671,0.499181
16413,61147,0.664467,0.558717
53489,61147,0.661454,0.378835
71563,20337,0.664879,0.566257
51119,26677,0.000000,0.004042
70295,39473,0.656730,0.498098
13011,31825,0.000000,0.002856
31825,5863,0.660975,0.592206
25859,105009,0.663671,0.504450
108970,45437,0.662677,0.464972
98622,45437,0.655904,0.519578
70295,81572,0.656730,0.501318
76094,31825,0.660975,0.544459
34224,31825,0.660975,0.550283
108074,25859,0.000000,0.001273
52038,6798,0.664167,0.524371
51216,32088,0.657537,0.528742
96808,109744,0.650613,0.463051
47709,109744,0.650613,0.263629
24665,47709,0.000000,0.000507
32843,80829,0.656287,0.243419
46314,53489,0.657643,0.229229
96563,71563,0.664167,0.520040
887,70295,0.656730,0.486493
39473,70295,0.656730,0.485485
13011,49911,1.000000,0.377955
25859,109744,0.650613,0.460107
71563,16413,0.664467,0.531758
52305,75067,0.000000,0.012544
108970,12815,1.000000,0.747787
81572,101538,0.661937,0.444830
53489,105009,0.661454,0.415899
80829,109744,0.650613,0.473496
33890,85595,0.658154,0.227770
57637,52038,0.664167,0.525870
109744,67339,0.650613,0.473449
13011,120662,0.000000,0.028724
96808,108074,0.000000,0.000073
71911,25859,0.661657,0.520382
70769,69393,0.658779,0.522395
47709,16676,0.000000,0.101001
67950,109744,0.000000,0.154292
65311,26677,0.656730,0.490281
6798,32088,0.657537,0.536474
57637,67376,0.000000,0.000731
26677,96563,0.664167,0.517389
52305,16676,0.000000,0.000058
47709,101538,0.661301,0.233720
96563,75067,0.664167,0.517053
54231,6798,0.659324,0.149810
98622,76094,0.655904,0.568760
32843,52038,0.656287,0.216186
101538,47709,0.661301,0.233404
101538,96808,1.000000,0.714584
53033,16413,0.664320,0.565368
98986,32088,0.657537,0.536107
39473,98622,0.655904,0.512614
47709,61147,0.661301,0.360551
108074,105009,0.000000,0.000499
45437,70769,0.658779,0.490492
3908,73077,0.000000,0.000369
120662,13011,0.000000,0.006157
98986,96563,0.664167,0.518202
101538,52038,0.661937,0.454767
108970,61147,0.662677,0.476706
112717,70769,0.658779,0.427785
65311,108074,0.000000,0.000020
5863,33890,0.658154,0.255756
51119,75593,0.000000,0.001600
13011,75067,0.000000,0.029855
67339,39473,0.662896,0.477776
51310,98986,0.665132,0.542569
98622,70295,0.655904,0.568764
47709,12815,0.661301,0.311953
80829,31825,0.660975,0.532367
108074,39473,0.000000,0.001852
103719,67376,0.000000,0.002057
5863,3908,0.000000,0.000069
81572,57637,0.664320,0.528826
32843,73077,0.656287,0.185044
67339,6798,0.662896,0.480791
71911,49911,0.000000,0.000018
112717,32088,0.657537,0.498692
5863,67950,0.000000,0.156297
98010,53489,0.661454,0.424517
69393,39473,0.664320,0.527919
39473,67950,0.000000,0.168354
16413,20337,0.664467,0.558730
109744,39473,0.650613,0.454202
98010,52305,0.000000,0.007414
81572,33890,0.658154,0.274837
32843,45437,0.656287,0.164936
6798,75067,0.664467,0.526780
73077,52038,0.661602,0.565970
108074,112717,0.000000,0.014895
67376,39776,0.000000,0.000395
67950,81572,0.000000,0.165854
109744,51119,0.000000,0.000153
80829,3908,0.000000,0.000023
51119,109744,0.000000,0.000133
55343,26855,0.547382,0.184858
85027,61767,0.547382,0.466450
52525,68298,0.000000,0.080591
118678,103771,0.546853,0.012894
46682,77597,0.547382,0.522937
52865,92465,0.547382,0.156202
36359,84627,0.546853,0.535889
9209,77597,0.000000,0.000478
39501,68298,0.547382,0.009752
110573,78335,0.000000,0.000637
52525,59510,0.000000,0.062648
3372,110573,0.550970,0.400835
94923,110573,0.548676,0.413761
9209,15654,0.000000,0.000014
49307,26855,0.548676,0.023042
52525,52865,0.000000,0.188636
19509,78335,0.000000,0.001020
39501,79193,0.000000,0.010727
108597,96945,0.547382,0.421039
107256,85189,0.549678,0.487060
62083,107256,0.000000,0.000013
49442,68298,0.000000,0.000002
75522,85189,0.000000,0.048389
34780,61767,0.547382,0.547110
15210,78335,0.000000,0.002291
77643,85027,0.000000,0.000669
118867,79193,0.000000,0.047381
17854,62866,0.546853,0.061725
3372,61767,0.547382,0.271343
49442,84627,0.000000,0.000015
83321,49307,0.000000,0.002821
94923,46682,0.547382,0.186851
79193,118678,0.000000,0.005423
88570,39501,0.548285,0.179100
5887,116904,0.547856,0.083018
108597,39501,0.547382,0.358397
112524,79193,0.000000,0.078217
34780,17565,0.549035,0.460250
74110,3372,0.549368,0.098940
17565,77643,0.000000,0.000050
96945,83321,0.000000,0.001618
34780,107256,0.549035,0.462040
49307,85189,0.549968,0.604882
61767,77643,0.000000,0.000025
14843,3372,0.551598,0.478432
61767,85189,0.547382,0.612516
49307,34780,0.549035,0.525557
95844,118867,0.548676,0.044227
75522,77643,0.000000,0.000199
88570,118678,0.548285,0.005438
81908,36359,0.546853,0.553360
84627,94923,0.547856,0.266025
107256,12866,0.549678,0.595479
87560,46682,0.547382,0.184020
103771,17854,0.546853,0.093658
65978,95844,0.548676,0.399160
118678,96945,0.549368,0.017072
55343,46682,1.000000,0.689516
52865,77643,0.000000,0.012907
85027,12866,0.548285,0.372405
23103,77597,0.546853,0.432273
49442,75455,0.000000,0.000004
118678,120431,0.550241,0.001413
34780,23103,0.546853,0.315056
59510,78335,0.000000,0.009408
9209,55916,0.000000,0.000209
68298,77643,0.000000,0.001836
15654,88570,0.547856,0.445338
116904,27738,0.551190,0.436470
62083,78335,0.000000,0.000000
92465,116904,0.548285,0.025574
88570,96945,0.548285,0.199273
23103,49307,0.546853,0.427038
19509,59510,0.547382,0.207091
84627,87560,0.547856,0.357654
9209,92465,0.000000,0.009936
84627,27738,0.547856,0.535645
78335,87560,0.000000,0.002017
23103,61767,0.546853,0.588566
92465,81908,0.547382,0.108837
59510,81908,1.000000,0.584220
15210,87560,0.550740,0.458311
46682,74110,0.547382,0.019004
59510,9209,0.000000,0.000008
95844,39501,0.548676,0.510551
87220,87560,0.546853,0.010437
120431,19509,0.549035,0.000149
65978,84627,0.547856,0.553509
120431,79193,0.000000,0.120308
88570,92465,1.000000,0.117088
103771,68298,0.546853,0.048758
65978,55884,0.548285,0.483132
83321,87560,0.000000,0.000341
81908,95844,0.547382,0.476076
92465,14843,0.548285,0.001560
88570,75522,0.000000,0.235258
17565,9209,0.000000,0.000030
75522,62866,0.000000,0.041415
87560,116904,0.552790,0.623243
118678,118867,0.550970,0.052265
119778,70355,0.000000,0.000922
74699,9828,0.000000,0.000357
78591,5692,0.000000,0.000093
53631,95642,0.000000,0.003293
54637,72480,0.000000,0.028019
31590,107063,0.000000,0.001173
2427,81537,0.000000,0.000154
55915,78013,0.000000,0.095044
25698,123102,0.000000,0.042479
54447,86487,0.000000,0.000041
62943,65542,1.000000,0.000000
85016,12878,0.000000,0.000058
58410,76412,0.000000,0.005137
79008,74699,0.000000,0.023369
52330,95642,0.000000,0.042146
70355,2418,0.000000,0.646100
123102,65621,1.000000,0.034587
16131,93045,0.000000,0.000145
108767,30491,0.000000,0.207394
6225,51605,0.000000,0.000215
5692,53631,0.000000,0.044656
26682,15565,0.000000,0.000675
81537,46507,0.000000,0.000027
87774,79008,0.000000,0.082176
48424,26682,0.000000,0.069433
4907,62943,0.000000,0.000000
78013,65621,1.000000,0.897844
42999,95642,0.000000,0.006385
88563,85016,0.000000,0.001856
12878,67767,0.000000,0.000002
62943,86487,0.000000,0.000000
16131,120365,0.000000,0.002306
85016,94611,0.666634,0.593897
32501,76412,0.000000,0.034666
32501,12878,0.000000,0.000098
119778,78591,0.000000,0.007993
108767,25934,0.000000,0.347025
16131,86487,0.000000,0.005255
65542,70355,0.000000,0.000515
108767,95825,0.000000,0.000024
53631,46507,0.000000,0.000188
95784,95642,0.000000,0.000031
25698,93045,0.000000,0.000302
108767,86487,0.000000,0.468357
70355,118960,0.000000,0.015178
52330,6225,0.000000,0.000014
30491,44745,0.000000,0.462208
72480,54447,0.000000,0.000069
42999,39156,0.000000,0.024459
25934,12878,1.000000,0.908698
86487,45980,0.000000,0.136496
81537,108767,0.000000,0.000061
54447,58410,0.000000,0.000001
118960,51605,0.000000,0.020459
46507,31590,1.000000,0.516903
27598,48424,1.000000,0.514046
26682,85016,0.000000,0.000713
95642,62083,0.000000,0.003946
16131,12878,0.000000,0.003295
26682,107063,0.000000,0.000595
16969,119778,0.000000,0.041516
70355,10467,0.000000,0.000085
12878,62083,1.000000,0.934321
74699,54637,0.000000,0.022802
39156,108767,0.000000,0.032178
2427,67767,0.000000,0.000000
25934,45980,1.000000,0.949987
67767,52330,0.000000,0.000000
94611,12878,0.000000,0.000053
25934,95825,0.000000,0.000005
78013,44745,1.000000,0.665614
48424,81537,0.000000,0.000017
5692,70355,0.000000,0.066540
42999,118960,0.000000,0.008234
88563,65542,0.000000,0.000388
54447,76412,0.000000,0.008062
25934,55915,0.000000,0.059027
12878,65621,1.000000,0.869521
25934,86487,0.000000,0.102374
15565,53603,0.000000,0.001974
65621,25934,1.000000,0.908560
30491,16969,0.000000,0.451093
86487,123102,0.000000,0.620965
32501,25698,0.000000,0.000773
46507,81537,0.000000,0.000017
44745,88563,0.000000,0.000119
118960,15565,0.000000,0.000548
53631,95825,0.000000,0.142684
15565,78013,1.000000,0.844458
86487,95642,0.000000,0.036934
66093,42999,0.000000,0.017760
87774,51605,0.000000,0.060185
39156,123102,0.000000,0.200500
16969,44745,0.000000,0.690984
6225,88563,0.000000,0.465014
42999,26682,0.000000,0.004372
2418,54637,0.000000,0.072992
42176,48424,0.000000,0.195630
101167,123102,0.000000,0.000009
62083,55915,0.000000,0.003170
9626,116546,0.000000,0.000010
79950,38967,0.000000,0.062569
82019,77508,0.000000,0.000002
4258,9626,0.000000,0.000147
29089,38967,0.000000,0.113999
85193,108863,0.000000,0.000000
23053,7216,0.000000,0.121698
58532,113512,0.000000,0.163331
74956,85193,0.000000,0.121467
88001,8492,0.540702,0.092011
24846,62827,0.000000,0.000000
17837,106613,0.000000,0.624960
12208,79950,0.557276,0.105524
38967,7216,0.000000,0.074718
78958,38967,0.000000,0.000244
38967,52686,0.000000,0.103670
70200,16438,0.000000,0.000000
67967,52686,0.558564,0.501223
89196,58532,0.000000,0.142648
67967,78958,0.000000,0.000137
16438,78958,0.000000,0.000475
113375,61963,0.000000,0.002454
9626,38967,0.000000,0.000410
87866,79950,0.000000,0.000251
122672,113512,0.558564,0.366765
42961,12208,0.000000,0.103466
88001,16438,0.539325,0.134091
67220,348,0.000000,0.000271
116546,58532,0.000000,0.000028
63571,70200,0.000000,0.000000
88001,85474,0.540702,0.133220
32770,88001,1.000000,0.000033
112600,62827,0.558564,0.162875
78958,113512,0.000000,0.000653
38967,98125,0.000000,0.000005
106845,17837,0.000000,0.200087
63571,88001,0.000000,0.001794
67967,70200,0.000000,0.000000
30026,79950,0.000000,0.000000
78958,4258,0.000000,0.001051
121448,90468,0.558564,0.378075
89196,24846,0.000000,0.000000
58532,112600,0.000000,0.079441
42961,113,0.000000,0.000010
89364,98125,0.000000,0.000000
106613,4258,0.000000,0.141364
38967,82019,0.000000,0.031769
70200,107654,0.000000,0.000000
106613,85193,1.000000,0.624960
67967,87866,0.000000,0.000185
113375,43324,0.000000,0.000037
74956,24846,0.000000,0.000000
43324,98125,0.000000,0.099683
88001,30276,0.000000,0.016188
24846,16438,0.000000,0.048048
30026,122672,0.000000,0.000000
12208,109706,0.000000,0.089279
77508,112232,0.000000,0.000000
52686,63571,0.558564,0.106508
113512,74956,0.000000,0.456106
112232,9626,0.000000,0.000011
52686,107654,1.000000,0.624960
122672,67967,0.558564,0.397822
122672,61963,0.000000,0.002985
122672,33085,0.000000,0.000462
77508,52686,0.000000,0.000000
115166,98125,0.541362,0.010933
27297,115166,0.000000,0.000000
113375,67220,0.000000,0.094972
27297,89364,0.558564,0.383196
108863,74956,0.000000,0.000000
116546,85474,0.540933,0.037307
87866,38967,0.000000,0.002056
8492,63571,0.000000,0.000343
16438,89196,0.000000,0.000047
108863,30276,0.000000,0.000912
106613,106845,0.558564,0.121167
121448,12208,0.557276,0.131014
27297,98125,0.000000,0.000000
88872,32770,0.540200,0.000174
33085,85474,0.000000,0.000332
112600,121448,0.559562,0.153508
348,67220,0.000000,0.000498
101755,112232,0.000000,0.000000
106613,82019,0.000000,0.005750
89364,109706,0.000000,0.049291
67967,74956,0.000000,0.530564
4258,43324,0.000000,0.002946
112600,87866,0.000000,0.000394
107654,88872,0.000000,0.000016
89364,61963,0.000000,0.012350
89364,24846,0.000000,0.000000
108863,67220,0.000000,0.000000
87866,52686,0.000000,0.000251
61963,101755,0.000000,0.010467
60229,112600,0.000000,0.000075
348,14701,0.000000,0.007438
101755,74956,0.000000,0.278397
107654,106613,1.000000,0.624960
62827,101755,0.000000,0.359169
35899,79775,0.000000,0.000001
5612,47124,0.000000,0.009833
19443,107231,0.000000,0.000000
870,117422,0.000000,0.000047
79775,40887,0.000000,0.000116
118589,94351,1.000000,0.477118
37541,40887,0.000000,0.000000
121931,62461,0.000000,0.050503
21127,18181,0.558721,0.042155
121931,18181,0.000000,0.121051
56600,103203,0.000000,0.000244
96318,115835,0.000000,0.000000
115835,79775,0.000000,0.051372
117422,102527,0.000000,0.000345
81250,78436,0.000000,0.000001
62461,5612,0.000000,0.040569
102527,31846,0.000000,0.001430
3789,81250,0.000000,0.033182
117422,35899,0.000000,0.000015
108707,56258,0.000000,0.060981
77508,82790,0.000000,0.000000
62461,19443,0.000000,0.006239
96943,121931,0.000000,0.046265
97809,83799,0.000000,0.000000
56258,97809,0.000000,0.016533
21127,44217,1.000000,0.091056
82790,79775,0.000000,0.529636
118084,47124,0.000000,0.000000
35894,39009,0.000000,0.000000
96318,72604,0.000000,0.000000
5612,97809,0.000000,0.029076
47124,97633,0.551659,0.050876
56600,31846,0.000000,0.128608
78436,10926,0.000000,0.000000
62461,10926,0.000000,0.000000
77508,121931,0.000000,0.000000
121931,108707,0.000000,0.126005
19443,35899,0.000000,0.000000
107231,18181,0.000000,0.000109
47124,113322,0.000000,0.000000
96318,82790,0.000000,0.000001
94351,118084,0.000000,0.000000
90198,870,0.000000,0.077897
115835,118084,0.000000,0.000000
30154,121931,0.000000,0.082002
96318,94351,0.000000,0.000001
40887,106380,1.000000,0.000000
106380,108707,0.000000,0.000000
870,47124,0.546723,0.200904
79775,47124,0.549019,0.138352
117422,108707,0.000000,0.002733
121931,117422,0.000000,0.004370
62461,56258,0.000000,0.048553
79775,37541,0.000000,0.000000
21127,56258,0.000000,0.168005
108707,121931,0.000000,0.176607
90198,35900,0.000000,0.000748
44217,106380,0.000000,0.000000
870,96943,0.000000,0.050826
56600,47124,0.000000,0.065009
35899,118589,0.000000,0.000011
40887,121371,0.000000,0.001133
18181,35894,0.000000,0.122340
10926,96318,0.000000,0.000013
30154,118589,0.556906,0.232490
18181,86117,1.000000,0.524264
25865,105596,0.000000,0.022347
121371,37541,0.000000,0.000000
5612,77508,0.000000,0.000000
82790,78436,0.000000,0.000001
97809,94351,0.000000,0.050501
121931,83799,0.000000,0.000068
97633,3789,0.000000,0.031193
21127,115835,0.556906,0.136522
35899,117422,0.000000,0.000022
44217,3789,0.558721,0.035443
107231,113322,0.000000,0.000354
44217,39009,0.000000,0.000000
118084,107231,0.000000,0.095965
35894,40887,0.000000,0.000208
56600,90198,0.000000,0.086057
11326,35894,0.000000,0.055710
35899,121371,0.000000,0.000004
25865,72604,1.000000,0.816156
35894,870,0.000000,0.065437
78436,94351,0.000000,0.000108
118084,37541,0.000000,0.000016
103569,11326,0.000000,0.000000
39009,5612,0.000000,0.000005
18181,11326,0.561006,0.013567
3789,103203,0.000000,0.032793
39009,21127,0.000000,0.000006
113322,35900,0.000000,0.000032
105596,78436,0.000000,0.000124
56600,113322,0.000000,0.000000
25865,79775,0.549019,0.099206
121371,11326,0.000000,0.048302
62461,96318,0.000000,0.000000
108707,21127,0.558721,0.036742
113322,90198,0.000000,0.000000
55691,57575,0.000000,0.019498
67110,72689,0.000000,0.041046
17455,122922,0.000000,0.022799
36396,92271,0.000000,0.131884
50923,9794,0.000000,0.016621
18271,94081,0.000000,0.004916
72689,119890,0.000000,0.129290
83725,119734,0.000000,0.122764
89959,99384,0.000000,0.020902
88417,6984,0.000000,0.018808
58993,115382,0.000000,0.068275
65138,67110,0.000000,0.076860
86517,17455,0.000000,0.007722
21491,43532,0.000000,0.029391
67110,82348,0.000000,0.015713
36396,117267,0.000000,0.002252
42380,61682,0.000000,0.000304
99384,100485,0.000000,0.220676
89959,33195,0.000000,0.002874
115382,122089,0.000000,0.078388
67110,18271,0.000000,0.025059
64120,89959,0.000000,0.018530
4834,119505,0.000000,0.120274
21593,51401,0.000000,0.161764
101127,18271,0.000000,0.002814
38020,3881,0.000000,0.057835
26776,122922,0.000000,0.054059
86264,9464,0.000000,0.001716
55372,61682,0.000000,0.043969
101127,9464,0.000000,0.000655
115382,38020,0.000000,0.011023
104286,89959,0.000000,0.019405
69371,120427,0.000000,0.041639
100485,117281,0.000000,0.137639
104286,86517,0.000000,0.017132
88417,92271,0.000000,0.033450
100485,51401,0.000000,0.146816
122089,104103,0.000000,0.022596
57916,122922,0.000000,0.007135
122089,104286,0.000000,0.005484
13901,36396,0.000000,0.002374
93282,44997,0.000000,0.091060
74538,115382,0.000000,0.001282
64120,38020,0.000000,0.000634
3881,17455,0.000000,0.017110
115382,57916,0.000000,0.000677
104103,86517,0.000000,0.009350
57916,48359,0.000000,0.003384
18271,117733,0.000000,0.005011
86264,53125,0.000000,0.100327
42380,21593,0.000000,0.000982
49079,69371,0.000000,0.043632
9794,44997,0.000000,0.021937
92271,100485,0.000000,0.135242
119734,117733,0.000000,0.031802
86264,117267,0.000000,0.020407
122089,26776,0.000000,0.076621
55691,105745,0.000000,0.018497
61682,112585,0.000000,0.054390
112585,88417,0.000000,0.010771
86264,74538,0.000000,0.000778
86517,88417,0.000000,0.024414
61682,48359,0.000000,0.000064
100485,65138,0.000000,0.049198
105745,36396,0.000000,0.066322
93282,117281,0.000000,0.100445
42380,122089,0.000000,0.007162
55981,65138,0.000000,0.001063
94081,86517,0.000000,0.005899
21593,119505,0.000000,0.086619
117267,38020,0.000000,0.002410
88417,100485,0.000000,0.017357
105745,21593,0.000000,0.151221
18271,93282,0.000000,0.081616
21491,33195,0.000000,0.004752
43532,122089,0.000000,0.134673
53125,119734,0.000000,0.060934
65138,21491,0.000000,0.002681
117733,2244,0.000000,0.008340
4834,117733,0.000000,0.014099
61682,51401,0.000000,0.068300
55691,57916,0.000000,0.005425
44997,100485,0.000000,0.154010
100485,122922,0.000000,0.052985
119505,119890,0.000000,0.128117
115382,104286,0.000000,0.000780
21593,104286,0.000000,0.006875
58993,50923,0.000000,0.042932
26776,61682,0.000000,0.043453
58993,86517,0.000000,0.041060
18271,2244,0.000000,0.003041
92271,21593,0.000000,0.148106
38020,64120,0.000000,0.001119
21491,84500,0.000000,0.000965
104103,84500,0.000000,0.006985
9464,6984,0.000000,0.008101
117733,17455,0.000000,0.006807
74538,120427,0.000000,0.000305
21593,33195,0.000000,0.031819
122922,92271,0.000000,0.101538
91573,65976,0.000000,0.000027
7353,62371,0.586132,0.269756
99247,13840,0.000000,0.000014
75861,83928,0.000000,0.142003
100827,13840,0.000000,0.000027
61876,26929,0.000000,0.000157
99285,12462,0.586551,0.291058
26929,51063,0.000000,0.000041
112521,99339,0.000000,0.152012
75526,62371,0.586132,0.370526
103077,75861,0.000000,0.157883
48105,71348,0.588200,0.453101
72963,12462,0.586934,0.182388
117750,99247,0.586934,0.507102
62083,7309,0.000000,0.000069
103077,65976,0.000000,0.000143
27587,39782,0.000000,0.000036
22837,68300,0.588200,0.527446
16612,72963,0.587916,0.458464
42146,99247,0.586551,0.504179
29907,118802,0.000000,0.475610
61876,99247,0.587286,0.428940
80921,16612,0.587916,0.422611
39782,87816,1.000000,0.769623
72963,73064,0.000000,0.000121
103440,117750,0.585149,0.172787
3441,52088,0.587286,0.530159
103440,73064,0.000000,0.000007
31335,21433,0.586934,0.292658
3441,100827,0.587612,0.375978
104100,100827,0.587916,0.409400
99339,117750,0.586934,0.550400
103077,26929,0.000000,0.000059
62083,14507,0.000000,0.000071
62083,104100,0.000000,0.000036
96327,13840,0.000000,0.000006
87816,7353,0.000000,0.000072
27587,96327,0.586132,0.559278
29907,80921,0.585668,0.467490
73064,91573,0.000000,0.000053
96327,37433,0.587916,0.529361
7309,96535,0.586934,0.497125
83928,86576,0.000000,0.264498
59950,99339,0.586934,0.278174
100827,71596,0.588955,0.428120
7309,86576,0.587916,0.374213
99285,73064,0.000000,0.000002
100827,18852,0.588200,0.427874
65976,48105,0.000000,0.000164
3441,44476,0.587612,0.443782
103077,36549,0.588466,0.479728
3441,71596,0.587612,0.459032
12462,96535,0.659576,0.311540
51063,16612,0.586551,0.438142
48105,75526,0.588200,0.493284
54627,42146,0.586551,0.462396
62083,99247,0.000000,0.000029
103077,112521,0.000000,0.154689
62371,3441,0.586132,0.193739
27587,14507,0.586132,0.547779
7353,63317,0.586934,0.238821
13840,29907,0.000000,0.000016
99247,96535,0.586934,0.498792
27587,37433,0.586132,0.496373
71348,16612,0.587916,0.466562
99339,39782,0.000000,0.001187
112131,18852,0.588200,0.445427
118802,68300,0.000000,0.523330
96327,68300,0.587916,0.583779
103440,118802,0.000000,0.075778
99285,7353,0.586551,0.498550
31335,39909,0.586934,0.499631
68300,112131,0.588200,0.574120
78445,104100,0.587612,0.523715
99285,18852,0.586551,0.461063
7353,72963,0.586934,0.417918
12713,73064,0.000000,0.000025
99247,86576,0.587286,0.324507
112131,117750,0.586934,0.550298
103440,18852,0.585149,0.080477
72963,59950,0.586934,0.177205
71596,103440,0.585149,0.091717
117638,65976,0.000000,0.000026
12462,71596,0.586934,0.278227
62083,62371,0.000000,0.000023
75861,37433,0.586551,0.202502
54982,51063,0.586551,0.405239
71638,59950,0.586934,0.226209
13840,54982,0.000000,0.000618
54982,112131,0.589599,0.589249
62083,65976,1.000000,0.991196
86576,96535,0.586934,0.425401
73064,12713,0.000000,0.000166
83928,61876,0.000000,0.429845
117638,12462,0.586934,0.223666
103440,91573,0.585149,0.080291
96327,103440,0.585149,0.133834
96535,62083,0.000000,0.000063
96327,62083,0.000000,0.000104
54627,63317,0.587286,0.136186
122486,54973,0.000000,0.017469
64586,53734,0.000000,0.000006
62943,44945,0.000000,0.000000
22214,5270,0.000000,0.458158
44583,12612,0.000000,0.000448
3210,56720,0.000000,0.000297
18559,78688,0.536867,0.000133
87767,54973,0.535168,0.553458
20763,107569,0.000000,0.541044
117182,90574,0.000000,0.002386
20455,120111,0.000000,0.001555
78688,87767,0.000000,0.036234
77833,70339,0.000000,0.000172
122486,88445,0.000000,0.000067
44945,84695,0.000000,0.005778
87767,122486,0.000000,0.020562
37836,64308,0.000000,0.000162
34856,72209,0.000000,0.015616
27338,20455,0.000000,0.004296
87767,64308,0.541039,0.000077
12612,13697,0.000000,0.009417
64078,53092,1.000000,0.550271
54973,120978,0.000000,0.000000
21468,77311,0.000000,0.650126
41398,58477,0.000000,0.106512
55274,64308,0.000000,0.000001
8601,39567,0.000000,0.000983
82697,72209,0.000000,0.011167
18559,44843,0.000000,0.007294
51647,120978,0.000000,0.000000
53092,20763,0.000000,0.503401
19798,51647,0.000000,0.183336
51647,108423,0.000000,0.574177
44583,76112,0.000000,0.609899
103672,37836,0.000000,0.015021
82451,56720,0.000000,0.469538
62943,103672,0.000000,0.000000
21468,20763,0.000000,0.655549
86588,87767,0.541039,0.292475
110476,54973,0.535168,0.260756
62943,76112,0.000000,0.000000
44945,18559,0.535860,0.001227
21468,107569,0.000000,0.615329
86588,43153,0.539303,0.036211
27338,77311,0.000000,0.000741
5270,90574,0.000000,0.002582
76215,21468,0.000000,0.000001
82697,55274,0.000000,0.000006
78688,65260,0.000000,0.083401
82697,87767,0.000000,0.290908
43153,7811,0.539303,0.446700
88445,44583,0.000000,0.003131
84030,109198,0.000000,0.142387
34856,44945,0.000000,0.375543
82697,65260,0.000000,0.000526
43153,120978,0.000000,0.000000
12612,70339,0.000000,0.000002
103672,44583,0.000000,0.000253
5270,86838,0.000000,0.520448
13697,84030,0.000000,0.005444
90574,43153,0.000000,0.001501
70339,19798,0.000000,0.022138
51647,88445,0.000000,0.000811
86588,55274,0.000000,0.000019
18559,41398,0.000000,0.005822
122486,58477,0.000000,0.083761
43153,86588,0.539303,0.071060
77833,76215,0.000000,0.000158
53092,110476,0.539523,0.590898
64078,53734,0.000000,0.025489
120111,54973,0.000000,0.005224
78688,122486,0.000000,0.012094
41398,20455,0.532037,0.238704
64078,44583,0.539523,0.547446
76215,110476,0.000000,0.128423
12612,6238,0.000000,0.000928
87767,43153,0.539303,0.082697
84695,44583,0.535700,0.029504
13697,76112,0.000000,0.035252
8601,44843,0.000000,0.617812
107569,13697,0.000000,0.025255
39567,90574,0.000000,0.000019
62943,93280,0.000000,0.000000
22385,5270,0.000000,0.007363
64308,51647,0.000000,0.000016
10928,51647,0.000000,0.018961
5270,82451,0.000000,0.599502
22214,65260,0.000000,0.038299
82451,13697,0.000000,0.023112
90574,65260,0.000000,0.000208
77311,87767,0.000000,0.027719
72209,8601,0.000000,0.078318
55274,7811,0.000000,0.000007
108423,53734,0.000000,0.006539
88445,8601,0.000000,0.015404
88445,41398,0.000000,0.002398
88445,77311,0.000000,0.010214
10928,70339,0.000000,0.002234
84695,6238,0.000000,0.005275
44945,88445,0.000000,0.080986
90453,75139,0.000000,0.030248
70745,32916,0.000000,0.020211
56776,57634,0.000000,0.918405
112145,90453,0.557347,0.173932
1998,37230,0.000000,0.000191
31806,110147,0.000000,0.086847
37886,14305,0.000000,0.047865
62083,61644,1.000000,0.999629
112145,3351,0.000000,0.158225
115263,90457,0.000000,0.000095
15275,106380,0.000000,0.000000
36539,63783,1.000000,0.987151
30703,115263,0.000000,0.000922
57968,63783,0.000000,0.005218
107353,90457,0.000000,0.000000
77508,2142,0.000000,0.000003
45215,77508,0.000000,0.000000
30525,83937,0.000000,0.201683
15275,122666,0.000000,0.000011
83937,122666,0.000000,0.000203
84061,36539,0.000000,0.000000
45215,83937,0.000000,0.002161
110147,121551,0.000000,0.028503
115728,44541,0.000000,0.005501
101386,63783,1.000000,0.981653
110608,2142,1.000000,0.989444
106380,90080,0.000000,0.000000
73907,110147,0.000000,0.352051
122666,90457,0.000000,0.000000
121551,70745,0.000000,0.016183
121551,37230,0.000000,0.000644
112145,57968,0.000000,0.200644
9742,78916,0.000000,0.005733
73907,106380,1.000000,0.000000
62754,32916,0.000000,0.000312
23998,87480,0.000000,0.000032
121551,63783,0.000000,0.038792
30703,75139,1.000000,0.938744
57968,61644,0.000000,0.018059
37886,57634,0.000000,0.086183
57634,3706,1.000000,0.951431
101386,115263,0.000000,0.002059
3706,110608,1.000000,0.964551
110608,57968,0.000000,0.016708
77508,48606,0.000000,0.000290
56776,52557,0.000000,0.901614
2142,3706,1.000000,0.994642
83937,37230,0.000000,0.002679
14305,115263,0.000000,0.000086
119581,106380,1.000000,0.000000
53316,31806,0.000000,0.071988
37251,112145,0.000000,0.000453
37886,43968,0.000000,0.132158
77508,3706,0.000000,0.000003
115263,88447,0.000000,0.002688
31806,37886,0.000000,0.326119
3706,36539,1.000000,0.949791
90457,3351,0.000000,0.000232
70745,90453,0.000000,0.000836
57634,23998,0.000000,0.000540
37251,61644,0.000000,0.000192
56776,75139,0.000000,0.895221
120709,3706,1.000000,0.830262
32916,84061,0.000000,0.000000
43968,1998,0.000000,0.000174
1998,113188,0.000000,0.000199
30703,69561,0.000000,0.083041
31806,48606,0.000000,0.000000
36539,69561,0.000000,0.036931
37251,57968,0.000000,0.000080
83263,90457,0.000000,0.000005
98774,88447,0.557347,0.170102
15915,107353,0.000000,0.462704
43968,3351,1.000000,0.935656
101386,75139,1.000000,0.971761
30525,110147,0.000000,0.116335
90457,37886,0.000000,0.000021
75139,110608,1.000000,0.966520
90453,110147,0.557347,0.089464
121551,57968,0.000000,0.008895
37251,56776,0.000000,0.000084
113188,2142,0.000000,0.011049
9742,14305,0.000000,0.003381
75139,116522,0.000000,0.001572
57968,37886,0.000000,0.429115
121551,98774,0.000000,0.046367
2142,122666,0.000000,0.000097
119581,30525,0.000000,0.119772
1998,87480,0.000000,0.012425
37230,20748,0.000000,0.001213
53316,2142,0.000000,0.270986
112145,110147,0.559162,0.282115
120709,116522,0.000000,0.000038
62754,3351,0.000000,0.001130
90080,83937,0.000000,0.003002
112145,90080,0.000000,0.000316
32916,113188,0.000000,0.005269
31806,30703,0.000000,0.003512
84061,56776,0.000000,0.000003
90453,119581,0.000000,0.075250
119750,104268,0.000000,0.000766
28103,76004,0.000000,0.000002
55567,79682,0.000000,0.000000
114467,12034,0.556021,0.300932
38698,55567,0.556021,0.291827
9049,101007,0.000000,0.074521
30034,29564,0.000000,0.007174
56231,18,0.000000,0.000000
96536,76004,0.000000,0.007328
84799,38698,0.000000,0.000553
39259,38032,0.556021,0.119351
91668,77508,0.000000,0.000803
114467,94305,0.000000,0.000000
82321,12034,0.000000,0.000007
40521,65201,0.000000,0.001075
116201,51448,0.000000,0.033174
40364,87228,0.000000,0.096152
26991,76452,0.000000,0.016315
56784,56958,0.000000,0.205718
107636,117779,0.000000,0.000000
119750,59286,0.000000,0.000000
65201,12034,0.000000,0.374623
26991,28103,0.000000,0.000000
108328,46792,0.000000,0.000000
18243,118505,0.000000,0.070639
101007,65201,0.000000,0.532548
97489,59286,0.000000,0.000293
121366,85097,0.000000,0.017663
118697,26991,0.000000,0.000000
76004,39259,0.000000,0.021222
97489,76004,0.000000,0.011669
38698,85955,0.556310,0.342840
46792,85955,0.000000,0.000036
118505,87313,0.000000,0.001346
76004,51147,0.000000,0.150614
114467,108328,0.000000,0.000000
32310,79682,0.000000,0.000000
32310,77508,0.000000,0.000000
110195,14345,0.000000,0.009179
86993,17006,0.000000,0.000436
30034,38032,0.000000,0.067622
51147,76452,0.000000,0.292756
56231,51448,0.000000,0.000000
117779,116201,0.000000,0.000000
91668,59242,0.000000,0.000452
18243,114467,0.000000,0.001199
104268,118505,0.000000,0.000003
17068,30034,0.000000,0.000000
30034,87228,0.000000,0.113917
43421,62943,0.000000,0.000000
51147,38032,0.000000,0.000281
9049,104714,0.000000,0.028210
118505,101007,0.000000,0.000109
76004,18243,0.000000,0.029866
110195,46792,0.000000,0.000000
91668,113055,0.000000,0.000083
77508,107636,0.000000,0.000000
55567,84799,0.000000,0.000586
118697,65201,0.000000,0.099495
79682,97489,0.000000,0.009695
51147,17068,0.000000,0.008826
59286,104268,0.000000,0.000000
56231,81990,0.000000,0.000000
118505,56231,0.000000,0.000000
39259,2678,0.000000,0.004045
38698,91668,0.000000,0.000000
29238,117779,0.000000,0.000000
86993,119750,0.000000,0.115806
104714,30034,0.000000,0.013948
76452,117779,0.000000,0.000000
51147,119750,0.000000,0.003834
51147,59286,0.000000,0.000697
113055,55567,0.000000,0.000043
14345,79682,0.000000,0.002145
14345,56231,0.000000,0.000002
17006,117779,0.000000,0.000000
17068,77508,0.000000,0.001981
118505,110195,0.000000,0.007123
38698,96536,0.000000,0.000027
65201,9049,0.000000,0.428379
59286,59242,0.555844,0.001102
32310,62943,0.000000,0.000000
28103,665,0.000000,0.000000
87228,104714,0.000000,0.003761
56231,59286,0.000000,0.000000
117779,32310,0.000000,0.000000
101007,97489,0.000000,0.000011
59242,119750,0.000000,0.002128
40364,85955,0.000000,0.109407
665,40521,0.587421,0.007183
29238,121366,0.000000,0.002957
116201,119750,0.000000,0.004272
59286,62943,0.000000,0.000000
104268,117779,0.000000,0.000000
104714,51448,0.000000,0.002015
116201,118697,0.000000,0.495148
118697,86993,0.556310,0.400394
62943,40364,0.000000,0.000000
62943,104268,0.000000,0.000000
91668,59286,0.000000,0.110600
22457,44777,0.664403,0.203395
119864,2947,0.000000,0.546970
92821,119864,0.000000,0.504190
36503,109923,0.000000,0.521884
26917,23734,0.662012,0.463402
41811,107701,1.000000,0.818828
33194,117809,0.000000,0.000116
115523,66844,0.665512,0.514219
63608,64993,0.000000,0.074894
10275,109923,0.000000,0.416417
8012,63608,0.000000,0.161081
119864,89726,0.000000,0.506085
48137,91001,0.663445,0.258050
109787,115523,0.663918,0.504448
2947,59406,0.662274,0.558799
44406,48137,0.664184,0.471112
56318,974,0.665175,0.236239
107701,48137,1.000000,0.726818
974,79060,0.000000,0.000115
81015,69376,0.000000,0.534890
69376,103476,0.662187,0.555017
36503,25329,0.000000,0.000373
7214,118706,0.000000,0.571274
115189,54798,0.666112,0.523641
21158,33194,0.666112,0.511019
93413,89726,0.665082,0.537107
77663,57618,0.000000,0.408483
77663,33194,0.000000,0.349064
98974,974,0.662080,0.233924
55496,10275,0.561301,0.445460
52589,93593,0.000000,0.391951
79060,117641,0.000000,0.002320
115189,66844,0.665512,0.545219
56318,109787,0.663918,0.509976
974,7214,0.665175,0.237093
48137,39499,0.000000,0.000196
23734,117641,0.665347,0.506091
28091,52589,0.000000,0.561310
115189,48137,0.666509,0.574734
117641,974,0.665175,0.229614
2279,107701,0.666509,0.577517
122226,21158,0.666112,0.518086
79227,44406,0.000000,0.000067
77663,106793,0.000000,0.481103
109923,10139,0.000000,0.423345
36503,55496,0.563891,0.518462
54798,44777,0.664403,0.469402
121770,23734,0.665347,0.539732
107695,10139,0.000000,0.452909
2279,44777,0.664403,0.491236
974,121770,0.665175,0.223470
107695,64993,0.000000,0.123095
10275,92821,0.000000,0.416385
107701,69376,0.662972,0.536641
109923,57618,0.665347,0.507438
44406,81015,0.000000,0.458647
89726,119864,0.000000,0.507002
117641,25329,0.000000,0.000681
115189,66174,0.000000,0.000654
6472,2947,0.662865,0.416283
91001,121770,0.663445,0.299311
66844,118706,0.000000,0.517646
69376,59406,0.662274,0.580391
121770,22457,0.665175,0.225362
81015,109787,0.000000,0.490279
35779,64993,0.000000,0.110803
96986,64993,0.000000,0.001261
54798,2279,0.666112,0.523793
21158,109787,0.663918,0.502871
77663,64993,1.000000,0.083038
107701,107695,0.665175,0.498874
96986,77663,0.000000,0.000065
64993,118706,0.560223,0.114750
57618,44777,0.664403,0.486340
119864,2279,0.000000,0.536073
109923,92821,1.000000,0.834864
79227,103476,0.000000,0.000011
63608,115189,0.666181,0.577312
96986,36301,0.000000,0.000098
109923,6472,0.662865,0.414825
25329,106793,0.000000,0.000041
109787,25329,0.000000,0.000211
2947,79227,0.000000,0.000001
71472,59406,0.662274,0.275944
10139,89726,0.000000,0.422826
36503,7214,0.000000,0.552709
26917,10275,0.000000,0.454853
117641,44406,0.664184,0.468191
10139,23734,0.000000,0.447159
52589,50504,0.000000,0.537955
56318,10139,0.000000,0.430364
117809,50504,0.000000,0.001689
48137,89726,0.666249,0.537028
66844,81015,0.000000,0.478202
91001,81015,0.000000,0.464568
26917,22457,0.662012,0.151254
93413,92143,0.664610,0.186669
36301,106793,0.000000,0.504675
26917,96986,0.000000,0.000032
57618,66844,0.665347,0.518519
78085,101910,0.000000,0.073617
52594,122162,0.000000,0.031631
50711,3420,0.000000,0.119393
87531,118130,0.000000,0.000002
111068,117779,0.000000,0.000000
8498,20141,0.000000,0.000000
51987,64860,0.000000,0.098215
84188,55116,0.000000,0.068033
111606,36752,0.000000,0.000001
10096,22151,1.000000,0.295134
44789,63307,0.559989,0.043239
3392,97832,0.000000,0.000032
36752,50711,0.000000,0.000017
49600,21888,1.000000,0.816849
49600,62943,0.000000,0.000000
98885,6701,0.559989,0.465488
111606,20141,1.000000,0.816849
101910,64860,0.000000,0.074434
50711,47229,0.000000,0.044765
49600,72368,1.000000,0.816849
64860,12213,0.000000,0.000002
62943,51987,0.000000,0.000000
111068,52594,0.000000,0.074900
50711,22151,0.559989,0.254786
84743,17049,0.000000,0.006738
116812,72368,0.000000,0.290602
111976,49600,0.559989,0.338392
111606,122041,1.000000,0.816849
6123,61748,0.000000,0.000000
82779,16697,0.558175,0.259158
95213,55116,0.000000,0.025341
122162,17049,0.000000,0.013938
21888,61748,0.559989,0.120281
53459,30584,0.000000,0.000068
56542,98885,1.000000,0.816849
62943,84188,0.000000,0.000000
22151,52594,0.000000,0.155718
2669,36752,0.000000,0.000001
111128,87531,0.000000,0.028809
95213,1549,0.000000,0.000361
82779,30584,0.000000,0.000052
20141,50711,1.000000,0.816849
46924,122162,0.000000,0.001274
47229,49600,0.000000,0.019784
36752,20141,0.000000,0.000017
82779,4867,0.558175,0.055391
86126,36752,0.000000,0.000000
6701,52594,0.000000,0.149060
16697,12213,0.000000,0.000010
59578,95213,0.000000,0.000001
26059,21888,1.000000,0.816849
21888,3392,0.000000,0.000000
26059,41557,0.000000,0.000002
122162,46924,0.000000,0.000138
10096,62943,0.000000,0.000000
111976,8501,0.000000,0.078061
6212,20269,0.000000,0.003218
122041,116812,0.000000,0.219682
30584,82779,0.000000,0.000584
21888,53459,1.000000,0.816849
10096,65927,0.000000,0.097698
17049,111606,0.000000,0.816849
56542,36752,0.000000,0.000001
64252,12213,0.000000,0.000002
6212,53459,0.000000,0.000031
8501,84743,0.000000,0.000793
20141,1549,0.000000,0.000040
50711,6123,0.000000,0.000000
117503,122162,0.000000,0.020302
22151,61748,0.561275,0.172986
105500,56542,1.000000,0.816849
53459,78085,1.000000,0.816849
82779,45833,0.000000,0.000000
84188,50711,1.000000,0.816849
98885,36752,0.000000,0.000001
45833,86498,0.000000,0.000000
55116,82779,0.000000,0.037210
111606,118130,0.000000,0.000002
86498,3392,0.000000,0.000000
65927,10096,0.000000,0.110307
95213,84188,0.000000,0.050248
8501,70285,0.000000,0.010180
56542,6212,0.000000,0.000000
86498,111128,0.000000,0.000295
51987,45833,0.000000,0.000000
3420,111068,0.000000,0.075195
118130,45833,0.000000,0.000000
63307,78085,1.000000,0.816849
36752,1549,0.000000,0.001274
20269,95213,0.000000,0.000011
97832,78085,0.000000,0.000133
64252,41557,0.000000,0.000002
111128,51987,0.000000,0.030147
2669,97832,0.000000,0.000029
87531,61748,0.559989,0.120281
3420,97832,0.000000,0.000613
36752,6212,0.000000,0.041941
6701,70285,0.559989,0.433619
1549,22151,0.000000,0.000929
21888,62943,0.000000,0.000000
71683,81244,0.000000,0.036048
92599,35015,0.000000,0.012881
81244,4083,0.000000,0.020621
84592,4083,0.000000,0.029882
71683,35890,0.000000,0.054900
63904,38171,0.000000,0.060580
46695,117380,0.000000,0.025385
100819,93653,0.000000,0.013055
24252,68281,0.000000,0.000000
69229,21435,0.000000,0.051336
117965,46908,0.000000,0.030040
35890,71683,0.000000,0.064610
968,111498,0.000000,0.013706
2290,113166,0.000000,0.055661
100952,85048,0.000000,0.056600
100952,85856,0.000000,0.034005
10732,38171,0.000000,0.047798
24252,100819,1.000000,0.005269
24252,22141,0.000000,0.061554
48734,12630,0.000000,0.003203
11631,8690,0.000000,0.020859
12630,64725,0.000000,0.033987
24252,85839,0.000000,0.074798
21435,45116,0.000000,0.023661
123146,32325,0.000000,0.037168
85048,63904,0.000000,0.055594
85048,4083,0.000000,0.072816
33284,17333,0.000000,0.069715
85048,40602,0.000000,0.020502
117380,68281,0.000000,0.000000
84592,35890,0.000000,0.023678
5407,21603,0.000000,0.038022
61322,45116,0.000000,0.031338
5407,117380,0.000000,0.039081
28780,93653,0.000000,0.052821
34483,84592,0.000000,0.021602
24046,35890,0.000000,0.047244
84592,40602,0.000000,0.047358
116418,97704,0.000000,0.022842
61322,63904,0.000000,0.021144
90966,8690,0.000000,0.028941
97704,117380,0.000000,0.029717
61322,85048,0.000000,0.023121
97704,24046,0.000000,0.013940
98478,84592,0.000000,0.006439
90966,113166,0.000000,0.003474
43651,17333,0.000000,0.027487
105289,104107,0.000000,0.014937
90966,11631,0.000000,0.010995
123146,968,0.000000,0.019616
84592,93653,0.000000,0.039791
46695,15353,0.000000,0.011975
63904,93653,0.000000,0.072126
104107,17333,0.000000,0.027762
86536,71683,0.000000,0.055043
35890,24046,0.000000,0.062056
85839,8451,0.000000,0.027977
32325,105289,0.000000,0.052541
17333,100952,0.000000,0.018550
4083,48734,0.000000,0.010730
40602,85856,0.000000,0.013665
12630,86536,0.000000,0.015531
71683,5407,0.000000,0.052697
22141,81244,0.000000,0.049524
77400,17333,0.000000,0.025618
8451,113166,0.000000,0.006695
35890,21435,0.000000,0.063826
22141,100819,0.000000,0.008084
48734,86536,0.000000,0.033636
86536,43651,0.000000,0.050956
92599,35890,0.000000,0.050645
21603,111498,0.000000,0.026374
111498,48734,0.000000,0.013861
21603,85839,0.000000,0.055494
19554,968,0.000000,0.007767
63904,35015,0.000000,0.022593
24252,46695,0.000000,0.019868
22464,10732,0.000000,0.032555
97704,85839,0.000000,0.028413
43103,35890,0.000000,0.047803
105289,24046,0.000000,0.052722
85839,43651,0.000000,0.032306
10732,104107,0.000000,0.029891
46695,17333,0.000000,0.020536
33284,28780,0.000000,0.025172
85839,12630,0.000000,0.013141
19554,21603,0.000000,0.039490
84592,76177,0.000000,0.030136
22464,92599,0.000000,0.024447
77400,11631,0.000000,0.050550
100952,38171,1.000000,0.035926
116418,117380,0.000000,0.031513
77400,22141,0.000000,0.037256
35015,77400,0.000000,0.006387
43103,22464,0.000000,0.032081
105289,35015,0.000000,0.016877
92599,33284,0.000000,0.069031
40602,38171,0.000000,0.010402
64725,8451,0.000000,0.055763
22464,8451,0.000000,0.019936
12866,59510,0.547382,0.547397
88570,49307,0.548285,0.495851
62866,108597,0.546853,0.506105
20754,49442,0.000000,0.000000
39635,62866,0.546853,0.260952
36359,3372,0.546853,0.081804
65978,49307,0.550241,0.626970
94923,85189,0.548676,0.589418
12866,49307,0.549968,0.437368
55884,49307,0.000000,0.007010
55343,23103,0.546853,0.597613
81908,5887,0.547382,0.564077
14843,87220,0.000000,0.001438
65978,20754,0.000000,0.541048
55916,61767,0.547382,0.386154
39501,61767,0.547382,0.462877
26855,49442,0.000000,0.000000
36359,23807,0.000000,0.311454
93175,49307,0.000000,0.625243
46682,94923,0.547382,0.344117
96945,74110,0.000000,0.094605
116904,52893,0.000000,0.000000
108597,94923,0.547382,0.440293
118867,5887,0.000000,0.017105
12866,118678,0.549968,0.008629
52865,95492,0.000000,0.001301
85189,75455,0.549968,0.608126
118867,55916,0.000000,0.000832
61767,5887,0.547382,0.579873
34780,83321,0.000000,0.002125
23807,19509,0.000000,0.543059
5887,43633,1.000000,0.537802
9209,61767,0.000000,0.000178
75044,116904,0.000000,0.140475
100307,5887,0.000000,0.000369
77597,92465,0.548285,0.059820
96945,65978,0.549368,0.600444
95492,3372,0.000000,0.001090
75044,88570,0.000000,0.537909
15210,112524,0.547856,0.209384
108597,62083,0.000000,0.000025
95844,94923,1.000000,0.248264
68298,49307,0.000000,0.047893
84627,9209,0.000000,0.000431
39501,2708,0.547856,0.595222
17565,95844,0.548676,0.471092
112524,5887,1.000000,0.210197
85189,49442,0.000000,0.000000
27738,118678,0.551190,0.030002
43633,36359,0.546853,0.442290
75044,55916,0.000000,0.325024
52893,3372,0.000000,0.000080
65978,84627,0.547856,0.553509
39501,118678,0.551789,0.004161
87560,108597,0.547382,0.588820
39635,103569,0.000000,0.000000
94923,59510,0.547382,0.554208
49307,94923,0.548676,0.378884
34780,95844,0.548676,0.519208
81908,23103,0.546853,0.553370
84627,92465,0.547856,0.073978
5887,92465,0.547856,0.088129
103569,95844,0.000000,0.000000
46682,81908,1.000000,0.473567
93175,62083,0.000000,0.000099
62083,17565,0.000000,0.000025
17565,85189,1.000000,0.603301
88570,110573,0.548285,0.455770
75455,15654,0.547856,0.595948
19509,68298,0.000000,0.011762
62866,26855,0.000000,0.012576
46682,68298,0.000000,0.003683
20754,75455,0.000000,0.556477
15654,85189,0.547856,0.389716
95492,71208,0.000000,0.021541
5887,96945,0.547856,0.592521
75455,9209,0.000000,0.000038
26855,118678,0.000000,0.000065
81908,112524,0.547382,0.468454
68298,19509,0.000000,0.042284
55884,23807,0.000000,0.001267
116904,83321,0.000000,0.000263
118867,9209,0.000000,0.000006
103569,39501,0.000000,0.000000
85189,49307,0.549968,0.620756
88570,81908,0.547382,0.384104
12866,88570,0.548285,0.385468
19509,103569,0.000000,0.000000
46682,95844,0.547382,0.144374
112524,96945,0.547856,0.573139
87560,62083,0.000000,0.000089
75455,20754,0.000000,0.553793
88570,15654,0.547856,0.290937
110573,75044,0.000000,0.241913
85189,116904,0.549968,0.296665
95844,61767,0.547382,0.454245
49307,3372,0.551190,0.416131
14843,87560,0.551598,0.275579
9209,107256,0.000000,0.000031
112524,116904,0.547856,0.225858
87007,118484,0.559274,0.464502
89736,715,0.000000,0.389312
9674,70160,0.559722,0.495231
52145,61254,0.000000,0.501977
82602,13086,0.000000,0.002997
56010,18739,0.559722,0.492828
17621,34316,0.560319,0.512850
87007,101759,0.560677,0.510566
85035,99850,0.000000,0.000042
34316,20438,0.560319,0.500909
32302,1545,1.000000,0.984321
25296,32302,0.000000,0.000119
43026,62083,0.000000,0.000268
122814,82602,0.000000,0.000012
85749,13998,0.000000,0.438888
32302,122814,0.000000,0.000020
87007,22001,0.000000,0.488105
7068,20438,0.559930,0.489332
22001,10838,0.589599,0.508874
32106,50541,0.587916,0.446146
89094,49754,0.000000,0.360644
43566,30017,0.000000,0.263913
33791,56010,0.000000,0.519998
120895,52145,0.000000,0.545427
76681,50541,0.589794,0.505766
50541,87007,0.000000,0.524905
76681,93912,0.000000,0.345377
22001,15760,0.589599,0.495181
59457,87007,0.000000,0.513598
8774,38369,0.559503,0.489325
18739,112938,0.559722,0.483932
89094,22001,0.000000,0.408499
32302,50541,0.000000,0.000200
89736,30017,0.000000,0.342254
32000,29033,0.558216,0.440010
76681,99850,0.000000,0.462740
13086,87007,0.562253,0.547844
62083,32000,0.000000,0.000038
34045,11472,0.560128,0.507666
99850,13998,0.000000,0.466011
107718,49754,0.000000,0.530238
22001,104576,0.588955,0.541061
34793,32106,0.587916,0.499199
40800,85749,0.000000,0.496956
17621,33791,0.000000,0.508325
122814,17621,0.000000,0.471061
59457,1545,0.000000,0.000025
59457,85035,0.000000,0.000025
70160,15760,0.000000,0.517655
85339,118484,0.558216,0.466643
56010,82602,0.000000,0.000088
7068,59457,0.000000,0.500271
43566,8774,0.000000,0.341884
25296,68366,0.000000,0.537815
34045,104576,0.000000,0.536778
45721,34316,0.000000,0.000763
93912,89736,0.544319,0.453776
78700,40800,0.587612,0.568804
20438,45721,0.000000,0.000087
70160,118484,0.559274,0.481224
8774,40800,0.000000,0.539713
85339,36062,0.558216,0.433050
120895,118484,0.000000,0.517661
9674,13067,0.000000,0.000019
62083,110482,0.000000,0.000428
118484,78700,0.000000,0.511803
13086,49754,0.560845,0.519147
46449,85339,0.558216,0.462980
32302,15760,0.000000,0.000317
99850,70160,0.558216,0.452814
68366,7068,0.000000,0.493983
11472,29033,0.560128,0.501192
59457,122814,0.588466,0.469888
7068,62083,0.000000,0.000224
49754,56010,1.000000,0.821149
70160,43566,0.000000,0.242971
38369,13067,0.000000,0.000053
11472,87007,0.560128,0.491371
45721,13998,0.000000,0.000238
40800,59086,0.000000,0.000000
45721,120895,0.000000,0.000659
69818,32000,0.558216,0.439070
30017,101759,0.560677,0.523907
82602,104576,0.000000,0.000074
32106,715,0.000000,0.464710
32302,34316,0.000000,0.000101
40800,34045,0.000000,0.543773
85035,11472,0.000000,0.000339
13998,61254,0.588717,0.485771
20438,70160,0.560677,0.515065
11472,120895,0.000000,0.545311
78700,1545,0.000000,0.000001
1889,120895,0.000000,0.552335
29033,10838,0.000000,0.503758
29033,18739,0.559722,0.490099
85339,18739,0.558216,0.466833
33791,76681,0.587612,0.518515
70160,76681,0.000000,0.509959
59457,34316,0.000000,0.514298
49754,118484,0.559274,0.479688
27087,114397,0.000000,0.000611
52796,34342,0.590332,0.555305
93977,34342,0.000000,0.442872
93977,99379,1.000000,0.655594
116438,69983,0.587916,0.454267
21167,66782,0.000000,0.000085
4733,27818,0.000000,0.193048
93977,18304,1.000000,0.702121
111484,102502,0.000000,0.549058
69836,36878,0.586551,0.543055
36575,87623,1.000000,0.967603
36878,38639,0.000000,0.000014
27818,52796,0.000000,0.196733
120359,45254,0.000000,0.000043
27509,21167,0.000000,0.000265
120359,65451,0.000000,0.000245
62083,42434,0.000000,0.000155
67337,29419,0.000000,0.006385
27509,16010,0.000000,0.471911
68287,49878,0.000000,0.118156
76817,39133,0.000000,0.000020
100428,5772,0.589395,0.486049
68287,76817,0.000000,0.000005
18304,29419,0.000000,0.000048
67555,16010,0.587286,0.449213
100428,105574,0.000000,0.707787
114397,38639,0.000000,0.000028
30833,27509,0.000000,0.504181
75569,36575,0.000000,0.000015
100428,55256,0.000000,0.472777
90579,32140,0.000000,0.000119
49878,21642,0.000000,0.000005
101653,17447,0.000000,0.448834
56035,14086,0.587286,0.453955
68287,5402,0.000000,0.437284
65451,87623,0.000000,0.000025
4291,55256,0.000000,0.462688
69983,66782,0.587916,0.490678
120359,73570,0.000000,0.000083
56035,42666,0.587286,0.494927
100428,42434,0.589395,0.494288
67555,44875,0.000000,0.001683
68287,27399,0.586551,0.448206
43420,15635,0.000000,0.470587
67555,114397,0.000000,0.454267
68287,93977,0.000000,0.437181
73570,55256,1.000000,0.733872
21642,42666,0.000000,0.000009
27818,30833,0.000000,0.202600
103879,90579,0.000000,0.000098
67337,116438,0.590332,0.507925
91426,99379,0.000000,0.456063
18304,38639,0.000000,0.000009
45254,39133,0.000000,0.535780
99379,73570,0.552020,0.462369
67337,105574,0.000000,0.477368
65451,16010,0.000000,0.473653
43420,102502,0.588466,0.489746
4733,67337,0.588955,0.460283
36575,4733,0.000000,0.000109
42434,34342,0.590658,0.560920
62083,102502,0.000000,0.000115
5402,4733,0.000000,0.467709
96709,105574,0.553530,0.492712
69836,91426,0.586551,0.505898
27399,65451,0.000000,0.543330
114397,120359,0.000000,0.000052
65451,42666,0.000000,0.510134
85899,87623,0.000000,0.000004
103879,55256,0.000000,0.524178
55256,56035,0.000000,0.448691
43420,65451,0.000000,0.480269
58141,21642,0.000000,0.000000
27509,73570,0.552310,0.471031
18304,42666,0.000000,0.515189
42666,85899,0.587286,0.502869
43420,32140,0.000000,0.363763
27818,76817,0.000000,0.000117
18304,103879,0.000000,0.514753
52796,17447,0.000000,0.465591
27818,100428,0.000000,0.210052
49878,90579,0.000000,0.003647
62429,21167,0.000000,0.000879
27818,25010,0.000000,0.121235
39133,18304,0.552020,0.462829
114397,66782,0.000000,0.537073
91426,36575,0.000000,0.000006
58141,67555,0.000000,0.447261
34342,45254,0.588200,0.557245
21642,58141,0.000000,0.000044
116438,4291,0.587916,0.454042
114397,62083,0.000000,0.000180
99379,15635,0.552020,0.445780
38639,99379,0.000000,0.000033
76817,73570,0.000000,0.000016
87623,27399,0.000000,0.000050
5402,18304,1.000000,0.710847
100428,66782,0.588717,0.537869
32944,76817,0.000000,0.000038
62429,43420,0.588466,0.466545
67341,62943,0.000000,0.000000
16855,78275,0.000000,0.000000
490,56231,0.000000,0.000000
32052,108160,0.000000,0.001416
47283,3006,0.000000,0.049534
38387,108160,0.000000,0.029556
86234,71073,0.000000,0.044478
78275,67341,0.000000,0.000000
73974,41257,0.554697,0.064588
16855,122789,0.000000,0.093025
60098,76727,0.000000,0.008147
16457,58471,0.000000,0.036327
62943,67341,0.000000,0.000000
2678,30440,0.000000,0.054012
76727,108160,0.000000,0.000104
77988,71073,0.000000,0.002294
76727,83703,0.000000,0.001551
38387,82636,0.000000,0.000227
2678,16855,0.000000,0.002365
31980,56231,0.000000,0.000000
21239,71950,0.000000,0.000940
77988,22494,0.000000,0.008794
5071,33921,0.000000,0.007259
30440,46792,0.000000,0.195034
107627,490,0.000000,0.000738
56490,62083,0.000000,0.000065
60354,94023,0.000000,0.001762
5071,47283,0.000000,0.013875
62083,42843,0.000000,0.000122
31980,122789,0.000000,0.000030
46792,24755,0.000000,0.002143
56490,82636,0.000000,0.000584
38058,10972,0.554697,0.187855
14006,32052,0.000000,0.000898
73974,83971,0.000000,0.000243
16855,86234,0.000000,0.000011
73974,15483,0.555056,0.000286
49032,16305,1.000000,0.009158
14006,108160,0.000000,0.002570
99148,62943,0.000000,0.000000
105247,46792,0.000000,0.000224
107627,83971,0.000000,0.001292
14006,9530,0.000000,0.011229
31980,1731,0.000000,0.006907
76727,56231,0.000000,0.000000
25530,24755,0.000000,0.377741
44875,30440,0.000000,0.045483
21239,46792,0.000000,0.000002
71950,92373,0.000000,0.015232
42843,44875,0.000000,0.044404
92373,38058,0.000000,0.001305
49032,73974,0.554697,0.002658
89987,9530,0.000000,0.001721
110441,14006,0.000000,0.001584
21239,5071,0.000000,0.000030
62943,73974,0.000000,0.000000
49032,71950,0.000000,0.631117
73529,47283,0.000000,0.000507
58471,31980,0.000000,0.004052
122789,30440,0.000000,0.000020
15483,104268,0.000000,0.000054
38387,105247,0.000000,0.001011
122789,11361,0.000000,0.193855
41257,71073,0.000000,0.315260
490,16457,0.000000,0.006714
25530,60098,0.000000,0.000304
76727,62943,0.000000,0.000000
83971,60098,0.000000,0.000008
110441,15483,0.603461,0.540142
21239,73529,0.000000,0.003215
18785,81537,0.000000,0.299877
83703,72687,0.000000,0.000003
44875,47283,0.000000,0.000241
78275,21239,0.000000,0.000000
89987,42843,0.000000,0.007737
14006,110441,0.000000,0.002123
10972,73529,0.000000,0.021407
62943,42843,0.000000,0.000000
10972,47283,0.000000,0.004904
3006,38058,0.000000,0.096946
104268,110441,0.000000,0.000181
44875,73974,0.556986,0.000192
29202,94023,0.000000,0.019920
490,31980,0.000000,0.001018
73974,24755,0.000000,0.156420
83971,56231,0.000000,0.000000
33921,89987,0.000000,0.000000
94023,56490,0.000000,0.000416
58471,11361,0.000000,0.100914
9530,29202,0.000000,0.034799
99148,122789,0.000000,0.002032
73529,31980,0.000000,0.700873
89987,3006,0.000000,0.034481
9530,16305,0.554697,0.481693
2678,29202,0.000000,0.117405
77988,38387,0.000000,0.000374
60354,105247,0.555210,0.026420
56490,10972,1.000000,0.001585
1731,24755,0.000000,0.114609
88576,71950,0.000000,0.001090
40471,79267,0.588955,0.494654
79267,103905,0.665182,0.717746
82107,105910,0.000000,0.000006
80053,116471,0.590160,0.558340
15727,116471,0.589981,0.557643
104721,99037,0.000000,0.543576
13506,94666,0.000000,0.481688
49651,107075,0.000000,0.000000
3840,40959,0.589395,0.482568
44550,55867,0.000000,0.000036
13759,814,0.000000,0.483054
79402,107747,0.000000,0.443631
56890,94055,0.000000,0.444068
79267,90631,0.666332,0.774577
118514,83371,0.589794,0.555428
79402,80053,0.000000,0.442148
37613,44313,0.000000,0.520083
44550,103905,0.000000,0.000006
118341,89657,0.000000,0.438371
19932,44050,0.553626,0.487955
89657,44550,0.000000,0.000000
107747,107075,0.587286,0.499445
814,49651,0.000000,0.000006
69018,99037,0.589180,0.587967
107747,94055,0.589599,0.499243
61085,80053,0.589180,0.517633
94055,49651,0.000000,0.000002
116471,57747,0.589981,0.517777
62083,118660,0.000000,0.000448
107075,49651,0.000000,0.000000
44050,118514,0.000000,0.523943
20081,104721,0.554074,0.497882
60756,57747,0.000000,0.000061
11103,82872,0.000000,0.000010
104721,107747,0.000000,0.491938
40471,20437,0.000000,0.000020
111936,13759,0.588955,0.487771
20437,3840,0.000000,0.000068
44313,105910,0.000000,0.512762
62083,6947,0.000000,0.000254
121036,62083,0.000000,0.000079
118660,53673,0.587612,0.397369
58291,50097,1.000000,0.576978
40471,94666,0.591378,0.575795
50097,103905,0.000000,0.000422
90595,44313,0.000000,0.494360
33031,103386,0.000000,0.509145
69018,83371,0.589981,0.557168
104721,107075,0.000000,0.501265
121036,80053,0.000000,0.409435
56890,103905,0.000000,0.452231
37613,44550,0.000000,0.000001
103905,90595,0.588955,0.490601
122808,57747,0.588717,0.481004
63330,99037,0.589180,0.539224
116471,118341,0.590160,0.540656
80053,50097,0.000000,0.000081
80053,33031,0.000000,0.552996
56890,2823,0.551923,0.440010
79402,58291,0.000000,0.000002
107747,118660,0.590658,0.545344
814,82872,0.000000,0.000005
58291,44050,0.000000,0.000015
83371,63330,0.591243,0.540241
53673,73891,0.587612,0.379602
82872,44550,1.000000,0.997555
814,53673,0.000000,0.439512
118660,121793,0.590160,0.541550
103905,122808,0.588717,0.482055
60756,121793,0.000000,0.000076
107747,61085,0.589180,0.484767
76616,107075,0.587286,0.499077
40959,99037,0.589180,0.537579
90595,40959,0.591378,0.576238
6947,19932,0.000000,0.507463
20081,73891,0.000000,0.416839
118514,69018,0.589794,0.594351
83371,122808,0.588717,0.457082
44313,15727,0.000000,0.519291
33031,66494,0.553383,0.479023
94055,13506,0.000000,0.501106
76616,2823,0.000000,0.777052
83371,94666,0.668378,0.796521
90595,117028,0.000000,0.562244
44050,50097,0.000000,0.000053
73891,80053,0.588466,0.450238
82107,63330,0.000000,0.000281
56890,6947,0.000000,0.388048
20081,26119,0.000000,0.505460
37613,44050,0.000000,0.520343
94055,53673,0.587612,0.458777
122808,11103,0.588717,0.472965
116471,118660,0.590160,0.530386
89657,99037,0.000000,0.477242
6877,40471,0.000000,0.553146
79267,3840,0.588955,0.490082
118660,20081,0.000000,0.534203
50097,40471,0.000000,0.002067
62083,22725,1.000000,0.978045
20081,90595,0.000000,0.539191
72827,74601,0.542983,0.625454
24411,115123,0.000000,0.000025
115957,23972,0.000000,0.384236
18574,39239,0.539026,0.005635
58741,108404,0.000000,0.018435
116248,12995,0.538491,0.511362
120402,18574,0.000000,0.001876
115123,99644,0.000000,0.000231
58741,80117,0.000000,0.083151
12995,58936,0.000000,0.557142
27814,72827,0.000000,0.000347
27814,116467,0.000000,0.000355
62943,36908,0.000000,0.000000
14376,51957,0.000000,0.000020
49480,59979,0.537528,0.514413
58741,115123,0.000000,0.000013
115157,51957,0.542323,0.622783
27814,92085,0.000000,0.522811
70718,59979,0.000000,0.000668
92085,90074,0.000000,0.000923
105917,81705,0.000000,0.306936
74601,99644,0.000000,0.210856
116248,58741,0.538491,0.558318
18238,108213,0.000000,0.433792
108213,5623,0.000000,0.256171
18238,24411,0.000000,0.039923
14558,25803,0.000000,0.000018
55214,48640,0.000000,0.340178
115123,23972,0.000000,0.000116
58936,121314,0.000000,0.396516
84355,24411,0.000000,0.595502
74601,58741,0.000000,0.506549
38674,39203,0.000000,0.000031
14135,111904,0.000000,0.000082
73670,111904,0.000000,0.000025
116467,49480,0.537076,0.511833
120978,18238,0.000000,0.000013
25803,72584,0.000000,0.002425
68564,121314,0.000000,0.002247
90074,39239,0.536574,0.107413
65140,70718,0.000000,0.000169
34306,23972,0.000000,0.541877
72827,49480,0.000000,0.545583
23972,39239,0.536967,0.020613
18238,55214,0.000000,0.135757
121314,48640,0.000000,0.072435
37239,80117,0.000000,0.446014
58741,111904,0.000000,0.000004
58741,73670,0.000000,0.107146
108213,73670,0.539859,0.438816
108404,69182,0.000000,0.647803
120402,74601,0.000000,0.000682
115123,17857,0.000000,0.000350
108213,113324,0.000000,0.590546
84355,120978,0.000000,0.000000
72584,55214,0.000000,0.000248
38674,51957,0.000000,0.000043
62943,58741,0.000000,0.000000
79974,113324,0.000000,0.000021
113324,17857,0.000000,0.597111
79974,120402,0.586315,0.544589
81705,111904,0.000000,0.000016
58936,38935,0.000000,0.000061
111904,105917,0.000000,0.000402
18238,117677,0.539529,0.171334
68564,5623,0.537938,0.207039
51957,116467,0.000000,0.563738
79229,39239,0.000000,0.110140
25803,38935,0.000000,0.000012
81705,116467,0.000000,0.629485
23972,92085,0.000000,0.000060
34306,92085,0.000000,0.000077
58741,79229,0.000000,0.181063
22376,62943,0.000000,0.000000
107785,80095,0.000000,0.000006
121314,12995,0.000000,0.094292
84355,115157,0.000000,0.586142
25803,73670,0.539430,0.442486
69182,34306,0.000000,0.151661
34306,49480,0.000000,0.550175
25803,116248,0.000000,0.631700
14558,81705,0.000000,0.000036
99644,116248,0.538331,0.270695
58027,72827,0.000000,0.543013
55214,25803,0.539430,0.427544
23972,58936,0.000000,0.511699
39203,92085,0.000000,0.000055
81705,90074,0.000000,0.411059
81705,120402,0.000000,0.000296
113324,58741,0.539737,0.603109
92085,23211,0.000000,0.000487
115123,18574,0.000000,0.000255
14558,18574,0.000000,0.000161
22376,72584,0.000000,0.045632
113324,25803,0.000000,0.619848
48640,92085,0.000000,0.000097
5623,84355,0.000000,0.491545
105917,108404,0.000000,0.029580
51957,79974,0.000000,0.000004
105917,115157,0.000000,0.621782
103195,54300,0.590498,0.522388
41835,84252,0.000000,0.001898
11606,32434,1.000000,0.766502
99668,4189,0.589794,0.499221
19943,100035,0.591243,0.536430
42960,7588,0.000000,0.000272
57040,108552,0.000000,0.000064
111077,84252,0.000000,0.001167
103195,7588,0.000000,0.482743
52821,100262,0.000000,0.181472
7588,88192,0.000000,0.485977
4189,82175,0.589981,0.505729
111077,92705,0.000000,0.000993
51482,15376,0.000000,0.006320
91288,114868,0.590332,0.522775
118209,108552,0.000000,0.000007
100035,3156,0.589794,0.498332
91288,72217,0.590812,0.534011
4189,27329,0.591104,0.539215
100529,101239,0.589794,0.498650
116806,3156,0.588717,0.482940
32434,101519,0.000000,0.000556
42782,100035,1.000000,0.835384
91288,59165,0.590498,0.526879
121777,118209,0.588717,0.478923
15376,101519,0.000000,0.000762
47662,3156,0.589180,0.496296
62083,43594,0.000000,0.000088
11606,106964,0.590812,0.551696
7588,41522,0.000000,0.485872
60521,82175,0.589794,0.514871
10624,121777,0.589395,0.550476
67499,3156,0.589794,0.499513
3156,6615,0.587612,0.453661
108552,6615,0.000000,0.000050
47662,103195,0.589180,0.489967
106964,59165,0.590498,0.526674
27329,3156,0.589794,0.492951
4189,54668,0.000000,0.000343
47662,72055,0.589180,0.496292
100262,4189,0.000000,0.159846
67499,35430,0.591104,0.539667
84814,88192,0.588466,0.472371
114868,121777,0.590160,0.521512
100035,114868,0.590332,0.519157
103195,43594,0.589599,0.500138
10624,15376,0.589395,0.549800
7588,32434,0.000000,0.479548
59165,96439,0.590332,0.525685
37534,54300,0.590332,0.518323
111077,153,0.000000,0.002102
91288,72055,0.589794,0.502452
41522,42782,0.590332,0.519057
82175,92705,0.589794,0.514049
101239,109532,0.000000,0.499827
59165,84814,0.588466,0.468999
114868,153,0.590332,0.524254
109532,108552,0.000000,0.000015
100529,88192,0.590332,0.519530
99668,7588,0.000000,0.488999
96439,106964,0.590332,0.521519
106964,96439,0.590332,0.521750
92705,116806,0.588717,0.481557
4189,101519,0.000000,0.000635
3156,100035,0.589794,0.498015
52821,40583,0.589599,0.504226
92705,19943,0.589794,0.491256
51482,84814,0.000000,0.000380
40583,101519,0.000000,0.000271
37534,100035,0.590332,0.519789
32434,42782,0.590960,0.537765
52821,40498,0.586934,0.434347
43594,10624,0.589395,0.546487
32434,55649,0.588955,0.475848
43594,62083,0.000000,0.000222
122732,72055,0.589794,0.494637
75177,43594,0.589599,0.489724
122732,76923,0.591760,0.525362
90078,27487,1.000000,0.058392
41522,116806,0.588717,0.476250
118209,41835,0.000000,0.000111
116806,82175,0.588717,0.481644
40583,60521,0.589794,0.512580
82175,96439,0.589981,0.514290
41835,40498,0.000000,0.000084
52821,116806,0.588717,0.483476
114868,32434,0.590332,0.520998
82175,37534,0.589981,0.513752
57040,121777,0.590160,0.515775
42960,76923,0.000000,0.008610
15376,96439,0.590332,0.518331
118209,52821,0.588717,0.485128
72055,118209,0.588717,0.482598
7722,88192,0.590332,0.524964
84252,41522,0.590332,0.564522
62083,51482,1.000000,0.983810
15376,11606,0.590960,0.537048
72217,62083,0.000000,0.000476
43594,32434,0.589599,0.495545
47662,75177,0.589180,0.479371
31066,89926,0.000000,0.000001
46792,57319,0.000000,0.000000
96253,81537,0.000000,0.000151
89926,23879,0.575414,0.500107
82877,58410,0.000000,0.361023
76574,23879,0.570827,0.409168
110691,49275,0.000000,0.001657
36154,86995,0.000000,0.000280
25122,503,0.000000,0.021034
56231,101167,0.000000,0.000000
58410,55087,0.572800,0.165876
41222,57319,0.000000,0.023633
102317,96253,0.581434,0.001570
51147,84146,0.000000,0.262185
85439,109221,0.000000,0.072596
86995,80079,0.000000,0.477785
46792,106276,0.000000,0.000000
51147,44935,0.000000,0.019032
89926,81537,0.000000,0.000669
17359,62943,0.000000,0.000000
111808,16457,0.000000,0.000052
101167,119778,0.000000,0.000005
9592,56231,0.000000,0.000000
55087,17359,0.551659,0.202613
74680,84146,0.581579,0.038897
109221,56231,0.000000,0.000000
76452,62943,0.000000,0.000000
54447,55956,0.000000,0.000061
74451,78413,0.000000,0.370939
36154,74451,0.000000,0.000045
57319,57652,0.000000,0.508006
41612,25122,0.000000,0.023138
104987,60085,0.000000,0.031479
54447,101167,0.000000,0.304572
5692,46792,0.000000,0.635798
76452,111808,0.000000,0.006036
60085,14288,0.000000,0.025379
110691,23879,0.000000,0.003625
46237,44935,0.000000,0.100201
67767,39139,0.000000,0.000000
84146,16457,0.000000,0.000002
39139,55087,0.000000,0.118466
57319,55087,0.000000,0.304462
39139,62943,0.000000,0.000000
19286,81537,0.000000,0.000462
51147,60085,0.000000,0.027800
51147,49275,0.000000,0.065414
16457,57652,0.000000,0.000118
82877,78413,0.000000,0.145480
74680,110691,0.000000,0.000655
76452,78413,0.000000,0.252697
94159,503,0.000000,0.091668
25122,23879,0.000000,0.004966
110691,17359,0.000000,0.553773
82877,86995,0.000000,0.026730
94159,1427,0.000000,0.025664
14345,67767,0.000000,0.000006
41222,54211,0.000000,0.154717
60085,39139,0.000000,0.634709
44008,25122,0.000000,0.105999
78413,55956,0.000000,0.321566
62943,22468,0.000000,0.000000
109221,14288,0.000000,0.381856
23879,102317,0.000000,0.048676
29449,5692,0.000000,0.000000
97489,86995,0.000000,0.167010
106276,54211,0.000000,0.340468
16457,1427,0.000000,0.000017
22883,109221,0.567044,0.570784
55956,109221,0.000000,0.152105
110691,58410,0.000000,0.006397
1427,102317,0.000000,0.000230
70330,67767,0.000000,0.000000
67767,97489,0.000000,0.000000
56231,41222,0.000000,0.000000
96253,51147,0.000000,0.149255
76452,49275,0.000000,0.037899
102317,85439,0.580448,0.000671
17359,41612,0.000000,0.106915
110691,31066,0.000000,0.000020
76574,78413,0.570827,0.591074
14345,56231,0.000000,0.000002
56231,9592,0.000000,0.000000
119778,16457,0.000000,0.000015
102317,51147,0.000000,0.002865
1427,104987,0.567755,0.099771
110691,41612,0.000000,0.075577
29449,54211,0.587863,0.002798
86995,89926,0.574854,0.605124
58410,56231,0.000000,0.000000
31066,14288,0.000000,0.000004
55087,74451,0.000000,0.401967
74680,31066,0.000000,0.000001
39139,9828,0.580064,0.065461
55087,25698,0.000000,0.250609
22468,62943,0.000000,0.000000
104987,25122,0.000000,0.042254
60085,76452,0.000000,0.025452
22883,23879,0.567044,0.383805
55087,109221,0.573907,0.382393
50403,116035,0.589599,0.505580
1362,3754,0.586551,0.406694
46107,17370,0.588466,0.516529
975,20979,0.586934,0.442757
48530,46107,0.000000,0.000120
99313,99154,0.000000,0.106810
120162,71523,0.588717,0.471068
59088,112053,0.000000,0.000083
71779,59088,0.588200,0.471351
71282,71523,0.588717,0.471397
46107,88522,0.000000,0.000021
18201,67426,0.585668,0.492877
46107,14607,0.589395,0.551070
20979,71912,0.000000,0.000053
32429,114197,0.586934,0.509950
46107,88825,0.589395,0.599052
49285,62875,0.000000,0.000281
67426,50403,0.587286,0.447815
40157,49386,0.587916,0.464475
88825,49285,0.000000,0.000022
90318,975,0.000000,0.000296
34139,59088,0.587612,0.456632
69988,9821,0.588466,0.479143
114197,66423,0.588717,0.483371
83733,116035,0.589981,0.505918
20285,5772,0.000000,0.004258
63192,66423,0.588717,0.484847
67426,20979,0.587286,0.452235
62083,40157,0.000000,0.000098
99154,40978,0.000000,0.129799
112053,67426,0.000000,0.000070
114101,97268,0.588955,0.516777
112053,5930,0.000000,0.000685
5772,69988,0.589395,0.485732
90318,9028,0.000000,0.000295
66626,62875,0.000000,0.477782
77386,99154,0.000000,0.124477
34139,63556,0.587612,0.463161
81284,17252,0.589599,0.418856
46107,42786,0.587916,0.480229
71282,85805,0.588717,0.483315
47053,81284,0.588466,0.501441
85805,112053,0.000000,0.000067
59088,88825,0.589599,0.548821
71523,43395,0.000000,0.000600
77386,46107,0.588717,0.520149
66423,120162,0.659285,0.575888
63673,62083,0.000000,0.000090
43395,88825,0.000000,0.000238
50403,114101,0.588955,0.489845
40978,20979,1.000000,0.666664
71523,77386,0.588717,0.469828
9821,48530,0.000000,0.000053
3754,71523,0.586551,0.376334
34139,66423,0.587612,0.462635
120162,67434,0.587286,0.452990
77386,88825,0.588717,0.516287
116035,32429,0.586934,0.492579
67434,975,0.586934,0.441503
85805,71912,0.000000,0.000147
42786,27352,0.587916,0.466828
5930,1362,0.589794,0.505177
63556,116035,0.588955,0.486874
120162,63556,0.588717,0.482025
116035,88522,0.000000,0.000124
66423,63192,0.588717,0.485233
32429,97268,0.586934,0.542295
62875,5413,0.000000,0.454296
12188,88825,0.588200,0.574158
9375,67434,0.587286,0.420326
17252,7954,0.588200,0.286596
49285,20285,1.000000,0.973649
67434,50403,0.587286,0.447338
69988,40978,0.588466,0.479429
99154,69988,0.000000,0.136906
5772,46107,0.589395,0.541253
77386,48530,0.000000,0.000067
50403,5413,0.587286,0.449087
12188,85805,0.588200,0.532544
3754,104170,0.586551,0.427245
63673,1362,0.587612,0.520013
40978,104170,0.588466,0.480062
83733,975,0.586934,0.404243
1362,14607,0.590332,0.525015
49386,63673,0.587612,0.516328
112053,12188,0.000000,0.000075
9028,12188,0.587286,0.481053
63556,114197,0.660002,0.634162
63673,5413,0.587286,0.502659
63192,14607,0.589180,0.490092
7954,114101,0.588200,0.405757
32429,48530,0.000000,0.000005
62875,48530,0.000000,0.000082
5039,71523,0.588955,0.477021
71282,114101,0.588717,0.482236
62875,66423,0.000000,0.483559
83733,1362,0.590658,0.529663
40978,40157,0.588466,0.477135
48530,62083,1.000000,0.990747
49285,48530,1.000000,0.958433
36873,55831,0.587286,0.450231
681,98677,0.589599,0.499205
28791,88589,0.588200,0.474040
88589,4373,0.589180,0.493305
12136,38235,0.000000,0.482119
119843,54518,0.000000,0.000147
41046,28791,0.588200,0.473446
109923,54082,0.000000,0.000351
88700,61225,0.000000,0.000001
30886,75427,0.000000,0.000007
30886,66637,0.588466,0.507314
110414,55136,0.588955,0.483337
38235,120765,0.000000,0.500385
54082,58028,0.000000,0.001527
55136,61225,0.000000,0.000003
2420,69189,0.589395,0.496593
109923,114610,0.587916,0.436650
60389,55411,0.587286,0.433333
4373,36873,0.587286,0.434184
104470,12605,0.586551,0.437023
107701,114610,0.587916,0.436481
87816,19762,0.000000,0.000285
67410,55136,0.587286,0.423048
54812,88589,0.588466,0.541195
38235,12212,0.000000,0.000008
55411,55831,0.589395,0.497956
97965,74338,0.589599,0.507954
38790,85913,0.000000,0.001389
65282,67410,0.000000,0.105022
69189,58028,0.589395,0.494022
74338,54812,0.588466,0.530935
62092,23225,0.589599,0.544661
104470,19762,0.587286,0.452355
102513,38790,0.000000,0.000041
61390,66637,0.587286,0.557263
38790,3699,0.000000,0.000113
38790,110414,0.000000,0.000230
65282,107701,0.000000,0.121492
4373,12136,0.589794,0.510926
87816,97965,0.000000,0.000643
62092,61390,0.587286,0.501776
3699,119291,0.589180,0.549736
65282,2420,0.000000,0.135854
119860,90176,0.000000,0.000009
15338,681,0.589180,0.508980
12136,120450,0.589794,0.549185
15897,119843,0.000000,0.000003
88589,43198,0.589180,0.523909
55831,16147,0.589395,0.485173
36873,55136,0.587286,0.422973
60389,15897,0.587286,0.447612
62083,15897,0.000000,0.000037
119860,55411,0.586934,0.506193
42857,3699,0.589180,0.540719
114610,109923,0.587916,0.432775
12605,47758,0.000000,0.000016
69189,109923,0.589395,0.487264
62083,38235,0.000000,0.000054
90176,16147,0.000000,0.005738
55411,15897,0.587916,0.456269
55136,38235,0.000000,0.475338
120765,74338,0.589599,0.547363
85913,88700,0.589180,0.485990
107701,28791,0.588200,0.447440
65282,74338,0.000000,0.143032
19762,109923,0.588955,0.477079
59288,109923,0.589180,0.482782
55411,2420,0.665368,0.794646
30886,54812,0.682213,0.527626
15338,114610,0.587916,0.468887
69189,23225,0.589395,0.539032
47758,88700,0.000000,0.000210
85913,53936,0.590812,0.536167
31056,90176,1.000000,0.905964
88589,59288,1.000000,0.780194
107701,67410,0.587286,0.414557
38235,54812,0.000000,0.533253
12605,28791,0.586551,0.436879
47758,62092,0.000000,0.000227
70917,41046,0.588955,0.546166
41760,23225,0.589981,0.548241
85913,70917,0.588955,0.537280
55831,88700,0.589180,0.496364
62083,3699,0.000000,0.000079
15897,61225,0.000000,0.000000
88700,54082,0.000000,0.000044
42857,62083,0.000000,0.000348
67410,53936,0.587286,0.408206
54812,53936,0.588466,0.537421
119291,42857,0.589395,0.495579
36873,107701,0.587286,0.404077
38235,61225,0.000000,0.000000
23225,53936,0.589981,0.557167
85913,681,0.589599,0.497523
97965,12136,0.664800,0.808437
65282,54518,0.000000,0.142698
119860,36873,0.586934,0.503936
88700,102513,0.588955,0.489293
104470,110414,0.587286,0.452611
15338,55136,0.589180,0.500085
63988,76494,0.000000,0.000000
94742,63988,0.000000,0.000544
44642,76494,0.000000,0.000000
85909,47574,0.000000,0.000902
44642,105685,0.000000,0.000000
25809,63988,0.000000,0.001746
25809,108610,0.000000,0.000446
62083,76494,0.000000,0.000263
62083,76638,1.000000,0.848063
76494,25809,0.000000,0.000022
62083,94742,0.000000,0.219943
105685,44642,0.000000,0.000001
76638,105685,1.000000,0.999846
63988,108610,0.000000,0.273660
25809,44642,0.000000,0.004181
105685,62083,1.000000,0.999995
47574,76638,0.000000,0.008980
76494,85909,0.000000,0.000557
47574,85909,0.000000,0.295364
25809,62083,0.000000,0.011656
25809,94742,0.000000,0.025414
62083,63988,0.000000,0.000226
108610,44642,0.000000,0.010984
108610,105685,0.000000,0.000000
94742,44642,0.000000,0.000544
76494,63988,0.000000,0.000001
76494,108610,0.000000,0.000000
76638,63988,0.000000,0.000000
63988,44642,0.000000,0.080172
108610,76638,0.000000,0.000002
105685,63988,0.000000,0.000000
47574,62083,0.000000,0.024884
85909,108610,0.000000,0.000000
94742,85909,0.000000,0.923574
44642,47574,0.000000,0.041115
25809,76494,0.000000,0.000017
76638,85909,1.000000,0.981939
85909,25809,0.000000,0.397252
76638,62083,1.000000,0.920203
85909,63988,0.000000,0.000000
47574,94742,0.000000,0.002516
76494,44642,0.000000,0.000001
62083,44642,0.000000,0.000156
94742,108610,0.000000,0.000143
44642,63988,0.000000,0.086665
94742,25809,0.000000,0.008028
108610,94742,0.000000,0.000005
63988,76638,0.000000,0.000023
76494,47574,0.000000,0.000003
94742,76638,0.000000,0.877948
44642,94742,0.000000,0.000057
25809,105685,0.000000,0.410310
94742,76494,0.000000,0.001634
62083,105685,1.000000,0.999987
76638,108610,0.000000,0.000000
76494,105685,0.000000,0.000581
76638,25809,0.000000,0.462064
63988,62083,0.000000,0.000775
44642,76638,0.000000,0.000063
47574,105685,0.000000,0.030391
94742,47574,0.000000,0.006723
63988,105685,0.000000,0.000000
105685,47574,0.000000,0.107481
105685,76638,1.000000,0.999998
94742,62083,0.000000,0.588296
108610,47574,0.000000,0.000135
47574,76494,0.000000,0.000000
76638,44642,0.000000,0.000000
85909,105685,1.000000,0.999991
85909,44642,0.000000,0.000000
94742,105685,0.000000,0.199126
76638,47574,0.000000,0.000035
85909,62083,1.000000,0.989006
76638,94742,0.000000,0.354191
47574,25809,0.000000,0.005121
76638,76494,0.000000,0.004239
108610,85909,0.000000,0.000000
47574,108610,0.000000,0.000025
85909,76494,0.000000,0.007319
63988,94742,0.000000,0.000028
63988,47574,0.000000,0.000595
105685,76494,0.000000,0.018030
76494,76638,0.000000,0.001477
63988,85909,0.000000,0.000009
108610,63988,0.000000,0.331638
47574,63988,0.000000,0.000122
85909,94742,0.000000,0.397477
25809,76638,0.000000,0.416288
62083,85909,1.000000,0.988264
105685,25809,0.000000,0.646167
108610,76494,0.000000,0.000000
76494,94742,0.000000,0.000414
62083,108610,0.000000,0.000050
47574,44642,0.000000,0.004860
62083,25809,0.000000,0.003734
25809,85909,0.000000,0.365158
44642,85909,0.000000,0.000027
108610,25809,0.000000,0.000004
105685,94742,0.000000,0.331308
44642,62083,0.000000,0.000463
107918,13067,0.000000,0.000049
44508,45750,0.554802,0.479072
44508,105602,0.000000,0.532477
86985,17967,0.000000,0.456731
119564,65754,1.000000,0.746199
13966,88349,0.000000,0.000009
14197,122082,0.000000,0.149276
16756,102258,0.000000,0.000088
59704,17076,0.663838,0.811923
42505,81446,0.555849,0.503869
67013,98275,0.553742,0.466740
38691,16977,0.555032,0.491828
58106,86584,0.555658,0.500158
52151,16626,0.554802,0.480941
55055,17076,0.000000,0.514884
98275,59704,0.000000,0.437449
119564,11085,0.000000,0.480110
91196,98597,0.000000,0.137580
120041,86584,0.000000,0.273250
112153,59704,0.000000,0.465166
108656,62083,0.000000,0.000181
16756,72396,0.554802,0.482307
45962,107918,0.000000,0.152556
58106,59704,0.000000,0.540145
58106,37887,0.000000,0.000801
44508,86985,0.553742,0.465621
52151,108656,0.555032,0.487280
122877,16756,0.553742,0.453716
13966,115208,0.553742,0.461316
8654,117736,1.000000,0.850101
38691,115208,0.553742,0.466396
108656,70605,0.000000,0.000306
65754,8654,0.000000,0.000029
44508,112153,0.554303,0.476996
42505,37887,0.000000,0.000270
65754,110921,0.555251,0.484298
13966,53966,0.554031,0.472380
70288,24154,0.555032,0.487534
115208,98597,0.000000,0.111304
59704,98597,0.000000,0.123952
11455,17076,0.000000,0.483534
24154,62083,0.000000,0.000180
110823,38691,0.554802,0.488900
122082,119564,0.000000,0.228992
110921,81446,0.557276,0.542557
17076,80682,0.000000,0.537455
14197,119564,0.553742,0.467565
102258,86584,0.000000,0.000440
14197,86985,1.000000,0.728385
91196,121492,0.000000,0.495429
55055,16626,0.554802,0.483875
105602,117736,0.000000,0.000005
17967,80682,0.000000,0.512724
17076,107918,0.000000,0.157183
96634,44508,0.554031,0.472263
80682,11085,0.000000,0.457176
11085,77339,0.000000,0.000011
62083,121492,0.000000,0.000071
16626,117736,0.000000,0.000029
50681,26927,1.000000,0.985713
30450,44508,0.554802,0.480755
53966,13067,0.000000,0.000012
59704,30450,0.000000,0.526168
17967,24154,0.000000,0.490271
122610,8654,0.000000,0.000050
38691,110921,0.555032,0.478947
122610,17076,0.000000,0.507526
122877,120041,0.000000,0.170825
112153,90805,0.554303,0.449845
55055,122643,0.555658,0.510662
90805,112153,0.554303,0.449908
121492,112153,0.554303,0.478051
38691,59704,0.000000,0.483460
102258,41377,0.000000,0.001201
86985,30450,0.553742,0.449369
50681,105602,0.000000,0.000036
38691,70288,0.555032,0.488260
86985,53966,0.553742,0.467521
16977,55055,1.000000,0.819549
45750,80682,0.556697,0.533841
26927,77339,1.000000,0.957201
42505,122877,0.553742,0.461093
110921,115208,0.553742,0.429799
19656,16626,0.000000,0.184353
13067,107918,0.000000,0.000154
108656,65754,0.555032,0.495697
26927,11455,0.000000,0.000362
96634,59704,0.000000,0.451266
105602,65754,0.000000,0.538507
18305,11455,0.555032,0.488913
122610,52151,0.555849,0.513753
86584,58106,0.555658,0.499500
107918,122610,0.000000,0.171167
115208,120041,0.000000,0.170825
17076,96634,0.000000,0.451300
16977,119564,0.555251,0.496842
14197,115208,1.000000,0.728385
70288,96634,0.554031,0.461333
70605,50681,1.000000,0.766459
45962,18305,0.554303,0.472529
628,61671,0.000000,0.000033
39965,61671,0.000000,0.075775
49903,29131,0.000000,0.000191
105612,89478,0.000000,0.000075
49442,80686,0.000000,0.000083
75991,75261,0.000000,0.001089
75261,32351,0.000000,0.000000
64694,628,0.523248,0.565648
61671,64694,0.000000,0.000149
74819,45352,0.000000,0.002459
628,63096,0.000000,0.000302
89478,39965,0.000000,0.000000
61671,96758,0.000000,0.094120
49442,628,0.000000,0.000019
75261,96758,0.000000,0.000006
114827,31892,0.000000,0.000000
628,49903,0.000000,0.561029
31892,63096,1.000000,0.115056
61671,49903,0.000000,0.000094
46727,114827,0.000000,0.000473
46727,32351,0.000000,0.000000
628,46727,0.000000,0.001735
89478,61671,0.000000,0.000002
31892,75991,0.000000,0.000223
74819,80686,0.000000,0.004876
49903,61671,0.000000,0.000006
89478,32351,0.000000,0.000000
46727,628,0.000000,0.001292
89478,75261,0.000000,0.439806
63096,49903,0.000000,0.000008
114827,105612,0.000000,0.000007
46727,49442,0.000000,0.012923
75991,49903,0.000000,0.000688
29131,75261,0.000000,0.005616
114827,80686,0.000000,0.009862
39965,75261,0.000000,0.000426
39965,89478,0.000000,0.000061
75261,628,0.000000,0.594724
49903,63096,0.000000,0.000009
49442,49903,0.000000,0.000004
61671,29131,0.568396,0.088304
46727,105612,0.000000,0.155768
114827,46727,0.000000,0.000339
75991,31892,0.000000,0.000030
96758,46727,0.000000,0.007901
96758,74819,0.000000,0.000078
29131,39965,0.000000,0.010851
96758,114827,0.000000,0.000103
75261,114827,0.000000,0.431031
80686,45352,0.000000,0.000362
89478,64694,0.000000,0.530914
63096,32351,0.000000,0.000001
39965,45352,0.000000,0.000105
49442,75991,0.000000,0.000000
32351,64694,0.000000,0.000000
64694,96758,0.000000,0.000003
75991,64694,0.000000,0.002833
31892,32351,0.000000,0.000235
114827,75261,0.000000,0.396945
39965,628,0.000000,0.000282
49903,45352,0.000000,0.001997
628,105612,0.000000,0.000013
105612,64694,0.000000,0.001290
61671,89478,0.000000,0.000011
29131,74819,0.000000,0.000049
45352,80686,0.000000,0.000247
29131,61671,0.568396,0.091545
45352,75261,0.000000,0.000911
49442,114827,0.000000,0.000005
96758,89478,0.000000,0.000019
39965,74819,0.000000,0.000094
61671,105612,0.574091,0.278576
63096,96758,1.000000,0.105271
628,75991,0.000000,0.000449
63096,74819,0.000000,0.000008
29131,45352,0.000000,0.035469
105612,114827,0.000000,0.000452
75991,45352,0.000000,0.000976
29131,75991,0.000000,0.000716
114827,63096,0.000000,0.000012
49903,114827,0.000000,0.447750
49903,80686,0.000000,0.008537
74819,29131,0.000000,0.000162
89478,105612,0.000000,0.000001
31892,74819,0.000000,0.000008
64694,39965,0.000000,0.000002
75261,46727,0.000000,0.001375
31892,49903,0.000000,0.000009
46727,31892,0.000000,0.025398
39965,75991,0.000000,0.000073
61671,114827,0.000000,0.000112
96758,80686,0.000000,0.000724
46727,75991,0.000000,0.023073
63096,45352,0.000000,0.005978
89478,29131,0.000000,0.000164
105612,49442,0.000000,0.184094
80686,29131,0.000000,0.000021
46727,80686,0.000000,0.004437
75261,49903,0.000000,0.397272
49442,39965,1.000000,0.023447
70875,62744,0.587286,0.508608
59025,11395,0.587286,0.416570
103179,102407,0.000000,0.475672
48166,61054,0.000000,0.004182
23128,61536,0.548725,0.482716
10941,56739,0.000000,0.467595
79000,51124,0.000000,0.000012
83647,45656,0.589180,0.539362
83647,70875,0.587286,0.486122
95864,51065,0.000000,0.520292
105417,47375,0.588466,0.468747
97579,117907,0.000000,0.000267
74993,1699,0.000000,0.001066
45656,85112,0.589180,0.547464
51180,1699,0.000000,0.533542
79306,7294,0.000000,0.531921
83647,21975,0.591509,0.568003
44641,79306,0.000000,0.536982
78752,83897,0.000000,0.000006
113314,78752,0.000000,0.000019
1699,75911,0.000000,0.449936
14403,62083,0.000000,0.000043
83897,6868,0.000000,0.707515
61054,51124,0.000000,0.240274
74103,117887,0.000000,0.057699
61054,25997,0.591104,0.518159
61536,61337,0.000000,0.558914
10941,78752,0.000000,0.499130
48166,6868,0.000000,0.984068
83216,4374,0.000000,0.000155
7294,97579,0.000000,0.468249
44641,85112,0.000000,0.605588
83647,75911,0.000000,0.443288
34480,61337,0.588466,0.471261
74103,78752,0.000000,0.141400
11395,7294,0.590658,0.533705
33278,116785,0.587612,0.523481
48166,86142,0.000000,0.000124
39519,1699,0.588717,0.541179
105417,4374,0.000000,0.000014
112525,97579,0.000000,0.455771
44641,11541,0.000000,0.524550
112525,2108,0.000000,0.543312
18977,112525,0.591378,0.575072
116785,23128,0.000000,0.468027
11541,44641,0.000000,0.521852
103813,44641,0.000000,0.457023
78786,21975,0.591378,0.565672
75911,61536,0.547952,0.463114
62744,70875,0.587286,0.494821
61337,5422,0.589794,0.546365
11395,103179,0.000000,0.257748
2602,75911,0.000000,0.445601
47375,14403,0.586132,0.477491
1699,61054,0.591104,0.538304
78786,116785,0.587916,0.433755
79000,75911,0.000000,0.000020
97405,116785,0.587916,0.485585
83647,59025,0.587286,0.411030
21975,97405,0.589180,0.562031
105417,117887,0.588466,0.443296
103813,51065,0.000000,0.462265
16011,83897,0.000000,0.000235
45866,4374,0.000000,0.000007
2108,4374,0.000000,0.000375
83647,78752,0.000000,0.478007
75911,10941,0.547662,0.461202
103813,44973,0.000000,0.472846
61054,95864,0.000000,0.517604
113314,64352,0.000000,0.001144
97579,61536,0.548225,0.471382
74103,83216,0.000000,0.152463
2602,7294,0.590658,0.557669
11395,61536,0.000000,0.528141
33278,85112,0.587612,0.513121
113314,11541,0.000000,0.007322
45866,79306,0.547352,0.424918
117907,16011,0.000000,0.002569
21975,47375,0.590812,0.562588
74103,6868,0.000000,0.000230
75911,95864,0.000000,0.466812
2602,74103,0.000000,0.050196
25997,108006,0.000000,0.499442
62744,23128,0.000000,0.477298
83647,79000,0.000000,0.000370
70875,48166,0.000000,0.000023
70875,14403,0.586132,0.558186
16011,97405,0.000000,0.539931
51124,78786,0.000000,0.275891
83647,51124,0.000000,0.241120
85112,45437,0.591243,0.540743
45437,44641,0.000000,0.542308
83647,7294,0.590658,0.527000
86142,83897,0.000000,0.000021
7294,45437,0.590658,0.527519
10941,83216,0.000000,0.433902
70875,7294,0.587286,0.511963
97579,79306,0.548225,0.465325
117887,97579,0.000000,0.447125
117887,51180,0.000000,0.592293
70179,99775,0.000000,0.000082
14681,30841,0.000000,0.000172
71062,18563,1.000000,0.996826
17701,6368,1.000000,0.976829
24934,97737,1.000000,0.963577
99775,66290,0.000000,0.000063
39775,43406,1.000000,0.953187
86747,24757,0.000000,0.000000
50502,9895,1.000000,0.968357
23685,70179,1.000000,0.990134
99775,23951,0.000000,0.000034
18563,60330,1.000000,0.985331
22311,72525,1.000000,0.989401
64964,76594,0.000000,0.000100
421,50953,1.000000,0.898853
24934,83339,1.000000,0.991515
109623,91479,0.000000,0.001716
89701,118379,1.000000,0.988412
71062,92616,1.000000,0.995925
66297,46944,0.000000,0.000281
77712,88106,1.000000,0.783357
7296,70179,1.000000,0.978085
50502,76594,0.000000,0.000135
16709,115435,1.000000,0.945661
99775,43406,0.000000,0.000057
60466,74395,0.000000,0.000054
118379,91479,0.000000,0.003693
60466,7296,0.000000,0.000375
24934,14681,1.000000,0.978672
118379,77712,1.000000,0.969470
88106,23685,1.000000,0.668259
70179,112358,1.000000,0.995613
7296,35947,1.000000,0.940956
72525,24934,1.000000,0.940905
43406,34008,1.000000,0.978285
64964,16477,0.000000,0.000056
97737,118379,1.000000,0.941671
32916,34008,1.000000,0.973478
66297,92995,0.000000,0.000026
96317,55852,0.579961,0.976949
34190,39775,1.000000,0.897062
66297,2978,0.000000,0.198273
14681,72525,1.000000,0.905082
18563,50502,1.000000,0.971932
18563,89701,1.000000,0.986724
35005,39775,1.000000,0.990282
421,47632,1.000000,0.944443
115435,36876,1.000000,0.945491
99775,76594,0.588200,0.484782
16477,64964,0.000000,0.000027
72463,17701,1.000000,0.980428
109623,115435,1.000000,0.991156
66290,3811,0.000000,0.000027
47632,23685,1.000000,0.996136
14681,35005,1.000000,0.960577
112358,16477,0.000000,0.000046
421,9895,1.000000,0.951719
83339,33868,1.000000,0.980461
86747,23685,0.000000,0.000046
99775,3811,0.588200,0.515657
60330,50953,1.000000,0.984721
60330,83339,1.000000,0.989721
92995,86747,0.000000,0.000021
76594,92616,0.000000,0.000054
97737,55852,0.000000,0.979563
76594,20982,0.000000,0.000120
88106,47632,1.000000,0.985647
23951,14681,1.000000,0.982677
7296,34190,1.000000,0.934897
16477,112358,0.000000,0.000051
115435,47632,1.000000,0.977282
89701,70179,1.000000,0.997815
55852,47632,0.000000,0.995777
83889,97737,1.000000,0.846067
76594,24757,0.000000,0.000003
20982,66297,0.000000,0.000060
17701,62083,1.000000,0.999504
35005,32916,1.000000,0.994063
24757,114534,1.000000,0.998579
96317,66297,0.000000,0.000117
60466,30841,0.558042,0.482604
50953,23951,1.000000,0.997939
7296,88106,1.000000,0.539802
92995,43406,1.000000,0.983416
58679,96317,0.000000,0.988921
115435,66297,0.000000,0.000082
23685,91479,0.000000,0.001839
83339,66297,0.000000,0.000036
7296,58679,1.000000,0.914251
50502,74395,1.000000,0.970630
72525,91479,0.000000,0.001863
96317,99775,0.000000,0.000045
62083,83889,1.000000,0.067621
66297,50953,0.000000,0.000127
89701,35005,1.000000,0.998571
71062,118379,1.000000,0.985763
96317,66290,0.000000,0.976428
70179,39775,1.000000,0.977010
3811,39775,0.000000,0.000022
83889,35005,1.000000,0.902294
114554,25600,0.000000,0.000492
106632,43203,0.553479,0.031072
82854,99048,0.551659,0.017128
122156,74822,0.551659,0.025202
106632,92040,0.000000,0.033038
74822,71896,0.551659,0.007525
71896,106632,0.560378,0.585885
40933,19042,0.551659,0.040708
12798,92278,0.551659,0.098309
12798,25600,0.560686,0.008507
61693,122156,0.555769,0.000563
71896,43203,0.553479,0.047725
114554,92040,0.000000,0.000000
40933,92040,0.000000,0.009804
3276,82854,0.551659,0.000103
46154,106632,0.562190,0.024711
106632,3276,0.562190,0.032182
99048,106380,0.000000,0.000000
74822,3276,0.551659,0.000375
25600,82854,0.551659,0.014272
106380,92278,0.000000,0.000000
43203,122156,0.553479,0.002546
114554,92278,0.000000,0.000881
43203,106632,0.553479,0.026073
114554,46154,0.000000,0.000000
43203,19042,0.553479,0.243606
71896,19042,0.555769,0.039755
114554,71896,0.000000,0.000063
19042,12798,0.555769,0.102424
74822,82854,1.000000,0.969342
99048,25600,0.560686,0.038336
40933,106632,0.551659,0.008712
99048,46154,0.565690,0.992173
92040,99048,0.000000,0.073301
92040,19042,0.000000,0.040763
82854,92278,1.000000,0.969342
19042,92278,0.551659,0.036396
25600,99048,0.560686,0.017434
114554,12798,0.000000,0.000007
19042,46154,0.555769,0.049179
43203,40933,0.551659,0.034670
25600,122156,0.555769,0.025334
12798,122156,0.555769,0.001005
12798,46154,0.563144,0.924788
106632,19042,0.555769,0.029793
74822,19042,0.551659,0.040708
106632,122156,0.555769,0.016864
82854,25600,0.551659,0.035967
12798,3276,0.563144,0.922031
92040,43203,0.000000,0.039667
82854,106380,0.000000,0.000000
99048,3276,0.565690,0.997982
106380,106632,0.000000,0.000000
40933,25600,0.551659,0.035967
122156,46154,0.555769,0.001068
71896,40933,0.551659,0.038892
25600,92278,0.551659,0.014272
74822,25600,0.551659,0.035967
106380,25600,0.000000,0.000000
122156,61693,0.555769,0.000759
43203,114554,0.000000,0.002066
82854,71896,0.551659,0.007525
99048,71896,0.560378,0.001549
99048,40933,0.551659,0.003755
122156,106380,0.000000,0.000000
74822,43203,0.551659,0.042539
19042,40933,0.551659,0.036396
3276,40933,0.551659,0.000103
92040,61693,0.000000,0.083168
122156,92040,0.000000,0.001579
74822,46154,0.551659,0.001744
3276,43203,0.553479,0.011292
82854,12798,0.551659,0.121888
114554,122156,0.000000,0.000012
71896,61693,0.560378,0.041431
46154,43203,0.553479,0.024747
92278,12798,0.551659,0.121888
43203,3276,0.553479,0.009416
61693,74822,0.551659,0.000164
122156,19042,1.000000,0.006811
71896,74822,0.551659,0.038892
40933,122156,0.551659,0.026456
106632,61693,0.562190,0.036811
12798,114554,0.000000,0.000003
46154,106380,0.000000,0.000000
12798,61693,0.563144,0.914777
82854,43203,0.551659,0.042539
82854,3276,0.551659,0.000375
3276,92278,0.551659,0.000103
82854,46154,0.551659,0.001744
114554,106380,0.000000,0.000000
61693,82854,0.551659,0.000164
82854,122156,0.551659,0.026456
3276,114554,0.000000,0.000000
114554,40933,0.000000,0.000881
92040,3276,0.000000,0.118033
43203,25600,0.553479,0.034522
122156,71896,0.555769,0.021215
61693,71896,0.560378,0.019163
19042,71896,0.555769,0.019196
18129,74547,0.000000,0.033232
50332,14985,0.000000,0.366442
3121,40427,0.000000,0.000000
2154,116722,0.562190,0.105525
89651,34537,0.564471,0.022245
108500,85097,0.000000,0.000001
2464,18129,0.000000,0.001400
117603,54424,0.000000,0.000176
24140,101401,0.000000,0.000939
114666,51285,0.000000,0.000143
2878,47201,0.000000,0.957125
45067,3121,0.000000,0.019278
50332,56574,1.000000,0.993896
72469,18129,0.000000,0.366199
29213,23842,0.000000,0.000185
116722,31395,0.000000,0.000012
98095,2878,0.000000,0.949157
29213,85097,0.000000,0.000000
23842,88903,0.000000,0.000000
10571,45067,0.000000,0.002573
31395,98095,0.000000,0.007687
2464,64581,0.566567,0.003411
64581,45067,0.000000,0.014389
14985,72469,0.000000,0.012138
82321,101231,0.000000,0.000300
34537,45067,0.000000,0.005940
108500,14985,0.000000,0.000022
101401,49829,0.000000,0.000000
56574,54424,1.000000,0.991238
5201,15283,0.000000,0.000158
98095,56574,0.000000,0.978711
58836,54424,0.000000,0.061562
64581,62083,0.000000,0.910360
98095,54424,0.000000,0.970233
50332,101231,1.000000,0.979980
56574,19783,0.000000,0.062701
85097,20211,0.000000,0.063762
10571,64581,0.000000,0.969071
72469,34537,0.565971,0.808287
81690,71007,0.000000,0.000113
5201,28130,0.000000,0.004063
109832,34537,0.000000,0.831227
47201,52501,0.000000,0.000014
108328,52509,0.000000,0.003495
37265,15283,1.000000,0.926621
82321,3121,0.000000,0.000397
117779,108500,0.000000,0.000000
43497,64581,0.000000,0.000791
15283,98095,0.000000,0.971025
108328,48778,0.000000,0.000006
82088,49829,0.000000,0.000000
64581,28130,0.000000,0.000004
88376,101231,0.000000,0.000002
64581,10571,0.000000,0.897421
24140,64581,0.000000,0.014389
20211,31395,0.000000,0.024240
62083,120995,0.000000,0.000001
88376,31395,0.000000,0.000000
82088,99324,0.000000,0.000269
58836,10571,0.000000,0.068623
15283,121772,0.000000,0.004465
24140,101231,0.000000,0.020628
31395,5201,0.000000,0.000025
101401,117779,0.000000,0.000000
20211,58836,0.000000,0.000012
51285,23842,0.000000,0.938189
116722,99324,0.563475,0.092132
62083,112304,0.000000,0.000032
88376,14985,0.000000,0.000000
47201,51285,0.569059,0.953929
56993,121772,0.563475,0.026646
37265,114666,0.000000,0.000274
5201,56993,0.000000,0.000385
18129,51285,0.000000,0.000024
45067,116722,0.000000,0.628037
114666,15283,0.000000,0.000165
37265,110900,0.000000,0.893208
101231,23842,0.000000,0.962437
50332,34537,0.000000,0.920313
23842,108500,0.000000,0.000069
48778,115768,0.000000,0.000079
20211,28130,0.000000,0.000000
43497,101231,0.000000,0.001065
117779,89651,0.000000,0.000000
71007,108328,0.000000,0.000000
110900,121772,0.563475,0.025096
20211,101401,0.000000,0.000000
82088,108500,0.000000,0.384985
89651,20211,0.000000,0.000000
47201,112304,0.563475,0.056671
112304,82088,0.000000,0.009584
71007,56993,0.000000,0.000473
48778,20211,0.000000,0.000000
112304,58836,0.563475,0.027538
31395,117603,0.000000,0.000005
82321,31395,0.000000,0.238758
52501,99324,0.000000,0.000066
2154,47201,0.562190,0.102949
48778,117603,0.000000,0.000117
52509,48778,0.000000,0.789571
10697,47386,0.588955,0.528216
16967,35715,0.591997,0.585157
62083,41206,0.000000,0.000230
16762,116873,0.589981,0.548402
116873,14347,0.589395,0.542549
48120,34128,0.589180,0.555110
14347,58540,0.589395,0.499994
6947,579,0.589599,0.579183
54968,41206,0.589180,0.547996
57158,116873,0.589981,0.549951
62713,91386,0.588955,0.578888
39501,104255,0.000000,0.000005
69340,41206,0.591243,0.575244
105125,805,0.587286,0.508845
48120,15257,0.589180,0.587447
14347,116767,0.589395,0.529585
54968,14347,0.589180,0.548139
35316,54767,0.000000,0.000006
40268,69340,0.591243,0.594945
104255,61652,0.000000,0.000032
116258,6947,1.000000,0.567499
16762,47386,0.589599,0.544496
20127,36746,0.590332,0.550506
48120,116767,0.589180,0.585552
20876,63851,0.589599,0.534339
107771,57158,0.590498,0.567129
116258,85538,0.590658,0.555124
51074,61652,0.590658,0.525076
57158,15257,0.590332,0.554501
93039,54767,0.000000,0.000001
39501,52024,0.000000,0.000012
36746,54968,0.589180,0.583770
4791,93039,0.589981,0.551296
10697,31924,0.588955,0.535498
44009,61652,0.589395,0.548820
35715,93039,0.589981,0.545023
102029,107771,0.590960,0.558389
101576,107771,0.000000,0.000333
66243,579,0.667033,0.856067
50906,44009,0.589395,0.541390
76515,56079,0.000000,0.000081
31924,57158,0.589180,0.546927
93039,16967,0.589981,0.589228
40975,102029,0.589180,0.470047
20127,62083,0.000000,0.000681
61314,56121,0.589395,0.479721
41206,116767,0.590658,0.556615
116767,116015,0.590658,0.566328
34128,116258,0.591509,0.565983
116015,39501,0.590658,0.451985
93039,105125,0.587286,0.550199
58540,52024,0.000000,0.000019
93329,54968,0.589180,0.589405
41206,39501,0.590658,0.443212
99599,101576,0.000000,0.000063
58540,102029,0.589794,0.489103
56121,16386,0.591880,0.573855
63851,31924,0.589180,0.590847
48120,101576,0.000000,0.000026
57158,66243,0.589599,0.545667
116258,56121,0.591509,0.543915
10697,67921,0.588955,0.485886
40268,47386,0.589599,0.570643
16386,41206,0.591509,0.579871
41206,104255,0.000000,0.000076
116258,20127,0.591509,0.543336
14347,20127,0.589395,0.482676
20115,52024,1.000000,0.997752
100024,41206,0.590960,0.570200
10697,116258,0.588955,0.474642
102029,108122,0.589395,0.479902
48120,6947,0.589180,0.579410
35715,35316,0.591760,0.570494
56079,108122,0.589395,0.512489
10697,805,0.588955,0.478030
57158,20876,0.590498,0.508787
48120,62713,0.588955,0.593685
58540,1785,1.000000,0.675070
51074,56079,0.591509,0.568350
35715,579,0.589599,0.539471
58540,40268,0.589794,0.520275
107771,83307,0.590960,0.596330
54968,62713,0.588955,0.593819
48120,16386,0.589180,0.576447
40975,105125,0.587286,0.500612
85538,116015,0.590658,0.566355
100024,16762,0.590960,0.570107
116767,579,0.589599,0.587854
10697,91386,0.588955,0.500070
62713,20127,0.588955,0.543739
20876,85538,0.590658,0.552637
107771,6947,0.590960,0.596072
83307,104255,0.000000,0.000041
109077,16967,0.589794,0.524215
109077,16386,0.589794,0.526001
1785,85538,0.589794,0.542861
31924,63851,0.589180,0.591498
14347,100024,0.589395,0.524556
35316,67921,0.590160,0.548514
6947,44009,0.589395,0.574707
24037,119682,0.589794,0.592123
103247,78786,0.589981,0.556371
61337,101714,0.590812,0.595267
76232,47008,0.589395,0.549624
85112,17120,0.591243,0.565585
42238,53123,0.589599,0.591068
102128,79755,0.588466,0.474179
24037,113049,0.589180,0.578539
113049,55976,0.589180,0.561690
110679,38393,1.000000,0.998080
55976,60281,0.588717,0.585423
101714,55659,0.000000,0.000076
40786,53123,0.590160,0.551745
62083,102128,0.000000,0.000049
17120,35238,0.588200,0.546515
119682,78786,0.590332,0.560764
101702,74292,0.000000,0.000112
79755,60281,0.588717,0.535303
33836,110679,0.000000,0.000004
11784,76232,0.589599,0.546699
103743,7001,0.590160,0.589177
21573,38393,0.000000,0.000010
102128,41946,0.587286,0.449713
103247,42238,0.589599,0.590824
110679,93613,0.000000,0.000006
19931,102128,0.588466,0.470285
48292,60281,0.588717,0.533001
60281,53123,0.588717,0.578920
4965,63710,0.588200,0.578822
74588,119682,0.590332,0.551430
47008,70306,0.000000,0.000048
11784,35410,0.589395,0.496033
61337,4965,0.588200,0.555949
5013,47008,0.589395,0.494208
91667,102128,0.588466,0.468261
48292,85904,0.000000,0.000559
53123,40786,0.590160,0.559541
56179,42238,0.589599,0.519697
5490,49173,0.590332,0.557466
93438,56179,0.000000,0.002208
30127,79755,0.589981,0.557973
110679,41946,0.000000,0.000001
21573,11784,0.590160,0.558761
24037,22183,0.588717,0.519304
7001,47008,0.589395,0.541495
108478,103247,0.589981,0.548701
75625,35238,0.588200,0.560493
101702,72082,0.589794,0.507713
121667,76232,0.000000,0.272090
4965,79755,0.588200,0.531169
5490,72082,1.000000,0.730569
11784,5013,0.590160,0.516755
102128,72082,0.588466,0.472185
102128,22183,0.588466,0.475069
85904,48292,0.000000,0.000595
49173,75625,0.590498,0.593632
108478,56179,0.589981,0.508063
30127,62083,0.000000,0.000352
53383,35410,0.000000,0.000043
5490,33836,0.589981,0.551424
70306,49173,0.000000,0.000126
57164,16423,0.000000,0.000842
60281,101714,0.588717,0.575055
7001,119682,0.590160,0.593376
22183,76232,0.588717,0.516356
101702,70306,0.000000,0.000078
113049,5490,0.589180,0.549933
57986,24037,0.000000,0.000077
49650,76232,0.588200,0.574184
75625,101714,0.590498,0.594232
63710,113049,0.664871,0.573843
56179,35410,0.589395,0.496117
21573,56179,0.589981,0.527448
19931,56179,0.589981,0.524105
103247,62083,0.000000,0.000297
75625,35410,0.589395,0.536485
4965,17120,0.588200,0.557677
5013,57164,0.590658,0.560931
78786,85112,0.591243,0.606536
55976,41946,0.587286,0.454818
78786,38503,0.589794,0.496354
49173,113049,0.589180,0.573719
60281,30127,0.588717,0.577886
53123,38503,0.589794,0.552965
45655,119682,0.590332,0.589045
77095,4965,0.588200,0.574638
121667,22422,0.000000,0.001571
17120,57986,0.000000,0.000611
102128,85112,0.588466,0.458430
60281,102128,0.588466,0.530630
41946,76232,0.587286,0.443126
103743,22183,0.588717,0.486250
75625,119682,0.590332,0.593124
91667,55976,0.589395,0.543966
16423,33836,0.000000,0.000290
57986,74588,0.000000,0.001254
74588,57164,0.591104,0.561873
93613,102128,0.588466,0.508720
74588,110679,0.000000,0.000056
4965,101714,0.588200,0.564219
83495,80573,1.000000,0.884420
58812,82844,1.000000,0.344276
78976,102331,1.000000,0.962041
82196,122566,1.000000,0.997503
104865,777,1.000000,0.979126
62083,104865,1.000000,0.997691
15838,23531,0.000000,0.000041
118848,63020,1.000000,0.966023
118848,23531,1.000000,0.950741
41079,15838,0.000000,0.000180
777,13397,1.000000,0.977852
41079,120188,1.000000,0.988044
48336,77151,1.000000,0.065384
22296,63020,1.000000,0.995270
24892,17534,1.000000,0.980112
103433,82196,0.000000,0.000002
118848,17534,1.000000,0.977470
83495,77151,1.000000,0.075871
102331,80573,1.000000,0.900995
118848,120188,1.000000,0.962222
29585,83495,1.000000,0.935780
122566,93779,1.000000,0.867369
103433,104865,0.000000,0.000005
61208,777,1.000000,0.720767
104375,93779,1.000000,0.914820
15838,82196,0.000000,0.000008
108659,29585,0.000000,0.000592
118848,108659,0.000000,0.000181
80573,62083,1.000000,0.999992
29585,41079,1.000000,0.988165
61208,83495,1.000000,0.598760
77151,83495,1.000000,0.050775
13397,83495,1.000000,0.968164
15838,24892,0.000000,0.000099
61208,122566,1.000000,0.767615
104865,48336,1.000000,0.986037
104375,82196,1.000000,0.928510
777,24892,1.000000,0.976788
104375,63020,1.000000,0.975841
77151,80573,1.000000,0.007388
77151,29585,1.000000,0.278011
61208,62083,1.000000,0.246182
24892,82196,1.000000,0.937878
61208,77151,1.000000,0.123357
78976,58812,1.000000,0.049256
83495,78976,1.000000,0.904683
63020,80573,1.000000,0.968340
13397,48336,1.000000,0.981577
13397,108659,0.000000,0.000125
80573,103433,0.000000,0.000058
23531,77151,1.000000,0.044008
86763,13397,1.000000,0.993707
48336,114845,0.000000,0.000012
86763,82844,1.000000,0.402792
86763,17534,1.000000,0.985506
122566,23531,1.000000,0.994627
24892,77151,1.000000,0.075467
120188,102331,1.000000,0.964058
120188,41079,1.000000,0.961361
118848,80573,1.000000,0.910278
15838,17534,0.000000,0.000055
62083,15838,0.000000,0.000077
83495,120188,1.000000,0.946939
58812,22296,1.000000,0.020963
22296,15838,0.000000,0.000116
77151,86763,1.000000,0.120972
120188,17534,1.000000,0.989862
93779,103433,0.000000,0.000059
103433,46634,0.000000,0.000001
15838,62083,0.000000,0.000196
17534,104375,1.000000,0.982816
103433,29585,0.000000,0.000262
118848,13397,1.000000,0.942656
93779,122566,1.000000,0.922066
29585,777,1.000000,0.990966
118848,24892,1.000000,0.919108
48336,83495,1.000000,0.960153
78976,22296,1.000000,0.934186
122566,15838,0.000000,0.000057
29585,103433,0.000000,0.000136
103433,13397,0.000000,0.000018
62083,103433,0.000000,0.000036
29585,58812,1.000000,0.470856
46634,17534,1.000000,0.995462
120188,78976,1.000000,0.938483
62083,48336,1.000000,0.952407
78976,48336,1.000000,0.983574
118848,83495,1.000000,0.877541
29585,17534,1.000000,0.986390
22296,118848,1.000000,0.963446
78976,86763,1.000000,0.997422
23531,82196,1.000000,0.943168
118848,58812,1.000000,0.101192
777,23531,1.000000,0.990103
82196,15838,0.000000,0.000133
82844,17534,1.000000,0.569055
777,114845,0.000000,0.000045
102331,118848,1.000000,0.963082
29585,122566,1.000000,0.984608
13397,77151,1.000000,0.166997
72329,45766,0.000000,0.000002
106149,16725,0.560603,0.294086
106149,31081,0.000000,0.071002
113860,91668,0.000000,0.000000
88207,22834,0.000000,0.000000
102136,92489,0.549480,0.026873
2351,22834,0.000000,0.000000
56231,62368,0.000000,0.000000
22834,114093,0.000000,0.000001
85097,5677,0.000000,0.000478
72329,13319,0.558318,0.042945
79177,106149,0.000000,0.000005
57447,19178,1.000000,0.797639
5854,9338,0.000000,0.000034
56231,20726,0.000000,0.000000
72329,56231,0.000000,0.000000
5677,4627,0.000000,0.107083
53331,102136,0.000000,0.000000
44134,122581,0.558318,0.003176
44134,12842,0.000000,0.000011
45766,57215,0.000000,0.000000
44134,88207,0.000000,0.000002
57215,19178,0.000000,0.000022
100752,85581,0.000000,0.000121
50988,9338,0.560603,0.396795
22956,122581,0.000000,0.135279
106149,70080,0.562106,0.630568
9338,100752,0.000000,0.000038
107231,114093,0.000000,0.000006
70080,110577,0.000000,0.001103
4627,31081,1.000000,0.638494
61034,5854,0.545670,0.142499
100752,9338,0.000000,0.000271
45766,116238,0.000000,0.000000
68435,122581,0.558318,0.074023
84890,50988,1.000000,0.258652
114415,68435,0.000000,0.001666
61034,57447,0.000000,0.002155
100752,70025,0.545140,0.093858
120260,57447,0.559605,0.052300
85581,68435,0.000000,0.034295
22834,85581,0.000000,0.000009
5854,44134,0.000000,0.000005
50988,26094,0.000000,0.025797
120260,2351,0.000000,0.012928
30347,44134,0.559605,0.066821
120260,16725,0.560603,0.067700
4677,69202,0.000000,0.082376
16725,106149,0.560603,0.212325
5677,85581,0.000000,0.107083
12842,53769,0.000000,0.000058
44815,9338,0.560603,0.153223
107231,79177,0.000000,0.000000
57215,85097,0.000000,0.000000
31081,4627,1.000000,0.638494
114415,62943,0.000000,0.000000
61034,62943,0.000000,0.000000
113860,83116,0.000000,0.000000
2351,26094,0.000000,0.001752
113860,110577,0.000000,0.000000
114415,5677,0.000000,0.000836
44134,106149,0.561418,0.000323
122581,85097,0.000000,0.000019
57447,17779,0.000000,0.252016
53769,62943,0.000000,0.000000
4677,8599,0.000000,0.031848
8599,13319,0.000000,0.009102
2351,50988,0.000000,0.110048
44815,83116,0.560603,0.159920
12842,62943,0.000000,0.000000
69202,56231,0.000000,0.000000
90655,83116,0.000000,0.000020
5677,16725,0.558318,0.181688
92489,88380,0.543024,0.007359
100752,53769,0.000000,0.000007
110577,84890,0.000000,0.016693
99193,79177,0.000000,0.000016
13319,26094,0.000000,0.037409
60518,62368,0.000000,0.005271
8599,114093,0.000000,0.000502
68435,31081,0.000000,0.074035
5677,99193,0.558318,0.039868
72329,53331,0.558318,0.169832
72329,106149,0.558318,0.020111
19178,20726,0.000000,0.002771
12842,74146,0.000000,0.000797
45766,56231,0.000000,0.000240
110577,106149,0.000000,0.001833
57447,85581,0.000000,0.252016
85356,16725,0.560603,0.431316
44134,88380,0.000000,0.000027
114415,57215,0.000000,0.000097
57447,60518,0.559605,0.797964
61034,99193,0.000000,0.000406
116238,99193,0.000000,0.000018
68435,74146,0.000000,0.000039
60518,79177,0.000000,0.000002
106149,113860,0.000000,0.000000
85581,17779,0.551131,0.638494
94646,31081,0.000000,0.010100
117841,40438,0.000000,0.000694
55188,35838,0.000000,0.000000
14605,111540,0.000000,0.000003
38028,75393,0.000000,0.058457
31161,74015,0.000000,0.000017
64847,5857,0.000000,0.043217
31161,41843,0.000000,0.011851
43571,28649,0.000000,0.055427
1243,27784,0.000000,0.012521
98543,27784,0.000000,0.095270
80886,63501,0.000000,0.000002
38028,77203,0.000000,0.000037
63501,87326,0.000000,0.000017
85925,42084,0.000000,0.000034
69163,79350,0.000000,0.104463
11190,31161,0.000000,0.023853
106985,43571,0.000000,0.095310
55188,88903,0.000000,0.000000
83799,21637,0.000000,0.035581
38028,119035,0.000000,0.061182
65335,69163,0.000000,0.147415
959,39568,0.000000,0.029655
31161,106343,0.000000,0.011030
30855,114443,0.000000,0.028377
117841,63501,0.000000,0.004999
98543,63956,0.000000,0.017802
114443,85925,0.000000,0.012882
42258,35838,0.000000,0.065000
106985,109929,0.000000,0.020004
55188,98543,0.000000,0.000000
21637,11190,0.000000,0.013429
77160,83799,0.000000,0.000000
80886,11190,0.000000,0.000953
115122,66889,0.000000,0.021485
35838,41843,0.000000,0.368938
85925,24869,0.000000,0.051327
66889,61303,0.000000,0.004866
38864,111540,0.000000,0.002989
93836,74015,0.000000,0.000000
1243,959,0.000000,0.064893
54663,5857,0.000000,0.004260
62083,119035,0.000000,0.000001
114443,30855,0.000000,0.016715
85925,11190,0.000000,0.071883
94795,35838,0.000000,0.000479
75393,68559,0.000000,0.031708
35838,1243,0.000000,0.012266
16918,62083,0.000000,0.263157
79350,21294,0.000000,0.023018
39568,30855,0.000000,0.092598
14605,77203,0.000000,0.000007
114443,109929,0.000000,0.024033
110978,115122,0.000000,0.051874
42258,94795,0.000000,0.001679
28649,14605,0.000000,0.039001
21294,68559,0.000000,0.107341
61303,62083,0.000000,0.000044
75393,77203,0.000000,0.000059
106343,83750,0.000000,0.022818
28649,114443,0.000000,0.015585
65335,74015,0.000000,0.000004
1243,106985,0.000000,0.031582
54663,106343,0.000000,0.090281
61303,94795,0.000000,0.000000
14605,6459,0.000000,0.632314
109929,55188,0.000000,0.000000
38028,24869,0.000000,0.005109
35838,42084,0.000000,0.000013
42084,85925,0.000000,0.000011
55188,288,0.000000,0.000000
6459,119035,0.000000,0.048831
69163,83750,0.000000,0.016773
31161,21637,0.000000,0.001108
35838,959,0.000000,0.057704
30855,24869,0.560785,0.024048
88903,77160,0.000000,0.000000
55188,25080,0.000000,0.000000
117841,75393,0.000000,0.058457
63956,6459,0.000000,0.008424
288,64847,0.000000,0.005743
63501,117841,0.000000,0.006937
41843,63956,0.000000,0.236926
106343,98543,0.000000,0.127449
62083,80886,0.000000,0.000012
115122,65422,0.000000,0.107377
98543,83799,0.000000,0.000000
6459,68559,0.000000,0.067580
959,38028,0.000000,0.034403
30855,28649,0.000000,0.484231
30855,63956,0.000000,0.183355
109929,39568,0.000000,0.038645
114443,98543,0.000000,0.017841
27784,21294,0.000000,0.018651
66889,119035,0.000000,0.000358
39568,54663,0.000000,0.040404
24869,61303,0.000000,0.029985
55188,79350,0.000000,0.000000
115122,74015,0.000000,0.000000
75393,117841,0.000000,0.091464
14605,28649,0.000000,0.057207
103808,75612,0.000000,0.000001
32363,98756,0.587916,0.463364
105464,14411,0.586934,0.568646
120615,114459,0.000000,0.144528
91338,45939,0.587612,0.231613
39419,19019,0.000000,0.001441
2701,37563,0.000000,0.000226
63448,40147,0.591378,0.568955
103808,62083,0.000000,0.000053
22721,73760,0.590960,0.436554
90373,115108,0.000000,0.000364
19019,113143,0.589395,0.497320
55221,81046,0.587916,0.458447
115108,40147,0.590332,0.592629
97212,98756,0.587916,0.464708
86906,113143,0.590332,0.525441
90373,22498,1.000000,0.993793
102021,38384,1.000000,0.992914
40147,70475,0.588466,0.465540
45232,91338,0.587612,0.136917
22721,73308,0.587612,0.501441
30150,61673,0.589599,0.499637
112350,19019,0.589395,0.549303
55221,97212,0.587916,0.466590
16308,80745,0.586934,0.430572
105464,63448,0.586934,0.493105
116027,90895,0.000000,0.000090
2701,107792,0.589395,0.499705
102045,85563,1.000000,0.702802
22498,114459,0.000000,0.001018
73760,99984,0.590960,0.447895
73076,99984,0.586132,0.478683
107792,73076,0.586132,0.488135
114459,113143,0.590332,0.521318
112350,103808,0.586551,0.546181
90373,17323,0.000000,0.000103
76972,37563,0.000000,0.000547
55221,9779,0.587916,0.504089
30150,113143,0.589599,0.502698
63448,17621,0.590498,0.521731
39419,90373,0.000000,0.000000
107792,45232,0.589395,0.484740
97212,99984,0.588717,0.470478
103808,80244,0.586551,0.500305
73076,47047,0.586132,0.497514
38384,99984,0.000000,0.001343
85864,99984,0.000000,0.000821
56904,14411,0.587612,0.552558
30150,22498,0.000000,0.000056
40147,37563,0.000000,0.000523
107792,25330,0.589395,0.502118
56904,90328,0.588200,0.564124
75612,73760,0.000000,0.001325
30150,45232,0.589599,0.490155
9779,73760,0.588200,0.247002
25330,9779,0.588200,0.524841
30150,62969,0.589599,0.541323
99984,105865,0.588717,0.532263
45939,63448,0.590960,0.536436
73760,9779,0.588200,0.288950
16308,105396,0.588955,0.488110
105396,32363,0.588955,0.520966
116027,45232,0.000000,0.000988
80244,80745,0.586934,0.438631
86906,14411,0.587612,0.511465
102045,2701,0.589981,0.514578
120615,75612,0.000000,0.000059
62083,40147,0.000000,0.000254
37563,22498,1.000000,0.998561
81046,62083,0.000000,0.001088
76972,35840,0.590658,0.559024
70475,16308,0.588466,0.475713
90895,9779,0.588200,0.564122
19861,9779,0.588200,0.526913
22498,14411,0.000000,0.000028
91338,86906,0.587612,0.273502
105464,19019,0.586934,0.506178
14411,24305,0.587612,0.565599
74641,22721,0.588955,0.476115
62083,35840,0.000000,0.000162
70475,30150,0.588466,0.477093
109162,32363,0.000000,0.000141
62083,45232,0.000000,0.000271
16308,25330,0.664083,0.777249
22721,85864,0.000000,0.000635
35840,109162,0.000000,0.000340
45232,22498,0.000000,0.000772
24305,14411,0.587612,0.565789
30150,105865,0.588717,0.537147
73308,22721,0.587612,0.515704
90328,116027,0.000000,0.000003
74641,120615,0.000000,0.158948
19861,105396,0.588466,0.477578
30150,22721,0.589599,0.495355
73760,73308,0.587612,0.178871
2701,97212,0.588717,0.478864
112350,115108,0.589599,0.591132
70475,35840,0.588466,0.476131
39419,24305,0.000000,0.001155
22721,76972,0.590812,0.535451
101519,42972,0.000000,0.000203
70846,43362,1.000000,0.542223
89270,109094,0.000000,0.454571
93705,74997,0.588466,0.535482
35326,62083,0.000000,0.000270
93705,101592,0.000000,0.221093
89617,5865,0.000000,0.587830
32761,37741,0.000000,0.472103
67268,110999,0.000000,0.521095
101592,50651,0.000000,0.229193
23194,62163,0.000000,0.527441
108358,66723,0.000000,0.740301
121123,30668,0.000000,0.480943
44962,47382,0.588717,0.483517
43362,107698,0.000000,0.498064
121123,75065,0.000000,0.448381
109094,36878,0.000000,0.456791
43237,44962,0.000000,0.508018
119901,50963,0.587916,0.525212
30878,52104,0.000000,0.559150
67268,98691,0.000000,0.000008
42972,60560,0.588717,0.473624
62083,108552,0.000000,0.999989
62163,2202,0.588200,0.530606
32035,47382,0.588955,0.486691
49901,4643,0.000000,0.000041
70846,20909,0.588717,0.589442
47382,52104,0.588955,0.486895
77480,32035,0.000000,0.543093
12152,84393,0.000000,0.479845
7588,101592,0.000000,0.217923
43237,98691,0.000000,0.000080
109094,63396,0.000000,0.420945
75065,50651,0.588200,0.499447
7588,62083,0.000000,0.000158
824,67268,0.000000,0.515676
70846,52150,0.000000,0.000003
62163,50963,0.000000,0.531008
119901,4694,0.000000,0.000002
30878,53774,0.589981,0.589429
62083,19689,0.000000,0.000032
44962,119901,0.000000,0.522790
4694,62163,0.000000,0.000019
57524,7588,0.000000,0.483007
37741,121123,0.000000,0.448402
108552,39382,0.000000,0.001718
84393,52104,0.000000,0.474768
42972,83070,0.000000,0.524551
109094,110999,0.000000,0.437126
43237,10318,0.000000,0.569254
110999,83070,0.000000,0.540307
77480,30668,0.000000,0.547772
108358,49901,0.000000,0.000022
25739,75065,0.000000,0.437151
19689,10318,0.000000,0.486523
7588,84393,0.000000,0.478006
47382,110999,0.588955,0.483602
57524,77480,0.588717,0.471003
89617,75065,0.588200,0.469899
55595,44962,0.588200,0.537406
4643,7588,0.588717,0.482978
89270,20909,0.000000,0.542885
107698,91887,0.589395,0.539812
66723,52150,0.000000,0.000011
80582,67268,0.000000,0.517662
2202,35326,0.000000,0.512579
2202,30668,0.588200,0.523485
50963,66723,0.000000,0.484301
84393,30878,0.588466,0.474768
63396,4643,0.000000,0.470004
108552,57524,0.000000,0.000130
121123,44962,0.000000,0.452629
30668,93705,0.588200,0.586516
101592,42972,0.000000,0.208660
80582,23194,0.000000,0.473267
39382,2202,0.000000,0.496419
89617,43362,0.588717,0.504061
62163,70846,0.588200,0.583818
74997,32761,0.000000,0.473518
32761,2202,0.000000,0.489240
12152,89270,0.000000,0.500950
32761,89270,0.000000,0.489062
91887,35326,0.589395,0.500337
84393,36878,0.588466,0.501810
52150,91887,0.000000,0.000119
60560,32761,0.000000,0.478457
23194,37741,0.000000,0.472172
25739,70846,0.000000,0.528422
20909,43362,0.588717,0.533308
43237,101592,0.000000,0.320529
20909,63396,0.000000,0.548584
84393,32424,0.000000,0.478991
47382,55595,0.588200,0.527854
56256,52150,0.000000,0.000004
53774,52150,0.000000,0.000010
43237,70846,0.000000,0.575074
62163,44962,0.588200,0.537479
23194,50651,0.000000,0.538856
62083,75065,0.000000,0.000043
43362,25739,0.000000,0.461725
26292,49065,0.530481,0.278520
49065,80124,0.530481,0.561363
86451,29711,0.532605,0.590618
50656,112251,0.530481,0.580722
83504,71139,0.000000,0.561806
103279,115,1.000000,0.535037
29129,112251,0.000000,0.422899
76068,26292,0.531305,0.436398
3790,91639,0.532002,0.632984
113019,73536,0.000000,0.003627
577,91639,0.000000,0.000198
19235,49065,0.530481,0.408522
112251,86451,0.531305,0.300595
107499,30654,0.000000,0.000134
104191,71139,0.000000,0.546093
28021,29711,0.532605,0.655934
84391,49947,0.000000,0.186137
112311,30654,0.000000,0.000095
60108,111587,0.532605,0.632917
60108,26292,0.532605,0.620014
104021,50656,0.530481,0.631362
96113,92981,0.532605,0.537062
92981,10269,0.000000,0.000000
16712,92808,0.531305,0.591543
76068,41435,1.000000,0.578894
29711,62083,0.000000,0.000317
107499,56073,0.532605,0.591084
49065,51700,0.000000,0.418166
113203,71139,0.000000,0.619129
42253,62083,0.000000,0.000087
4164,30654,0.000000,0.000198
10269,104021,0.000000,0.000025
113203,102675,0.000000,0.646118
102675,115,0.000000,0.566958
16494,83504,0.000000,0.022402
51662,112311,0.531305,0.576469
112311,51700,0.000000,0.302164
29129,56770,0.000000,0.451123
731,51662,0.533138,0.624605
104191,60108,0.532605,0.579889
73536,71139,0.542421,0.043201
10269,16712,0.000000,0.000043
56295,56073,0.530481,0.573658
103279,92981,0.532002,0.535930
80124,112311,0.531305,0.561312
8245,16712,0.531305,0.561312
86451,10059,0.532002,0.388433
3790,16494,0.000000,0.051772
91639,29711,0.532002,0.586556
60108,29711,1.000000,0.926365
6437,577,0.000000,0.026630
121421,119678,0.000000,0.000058
91639,8245,1.000000,0.594781
113019,2841,0.530481,0.019199
3790,113019,0.534798,0.469911
62083,3790,0.000000,0.000013
91639,56295,0.530481,0.607792
86451,80706,0.535444,0.574574
4164,92808,0.000000,0.535138
41435,96113,0.531305,0.375719
80706,80124,0.532002,0.585999
79163,29129,0.000000,0.087296
104021,73536,0.000000,0.097935
104021,49065,0.530481,0.419668
76441,26292,0.531305,0.473567
96113,91639,0.532002,0.550990
42253,76068,0.531305,0.536533
41435,104191,0.531305,0.358483
86451,24338,0.530481,0.014151
103279,113203,0.532002,0.499045
76441,91639,0.531305,0.567526
39041,50744,0.530481,0.452821
29711,55696,0.532605,0.619568
10059,107499,0.532002,0.636098
94379,41435,0.000000,0.067832
92808,8245,0.532002,0.590216
60108,80706,0.532605,0.593095
30654,112311,0.000000,0.000041
96113,16494,0.000000,0.039906
80124,4164,0.000000,0.527137
3790,51700,0.000000,0.282763
6437,92981,0.530481,0.558840
56770,113203,0.532002,0.664735
112251,10059,0.531305,0.478477
113019,75181,1.000000,0.025149
10269,92808,0.000000,0.000054
10623,577,0.000000,0.000022
16712,56770,0.531305,0.655645
112251,10269,0.000000,0.000001
29711,8245,0.532002,0.566376
51662,16494,0.000000,0.055421
56770,110910,0.532002,0.644929
24338,731,0.530481,0.062352
16712,119678,0.531305,0.650712
112251,29129,0.000000,0.405492
83504,102675,0.000000,0.544455
16494,26292,0.000000,0.012109
115,103279,1.000000,0.556433
71139,80706,0.000000,0.489177
8245,113019,0.532002,0.583749
58043,80645,0.000000,0.000001
92182,84302,1.000000,0.894264
120330,84302,1.000000,0.525901
110215,119381,0.000000,0.000019
103976,69977,1.000000,0.984842
62083,115077,1.000000,0.999810
110129,101063,1.000000,0.980698
119381,84302,1.000000,0.951766
90330,101063,1.000000,0.993678
120330,109832,1.000000,0.675197
110215,9897,0.000000,0.494280
37720,84302,1.000000,0.975412
100093,63982,1.000000,0.922483
120330,58043,0.000000,0.000053
31832,96700,1.000000,0.953008
54715,120827,1.000000,0.956245
110215,85130,0.000000,0.000000
94989,114144,0.000000,0.000024
98686,103976,1.000000,0.878341
110215,98686,0.000000,0.000049
97938,100093,1.000000,0.934021
57600,72088,1.000000,0.115571
62083,114144,1.000000,0.966260
63982,101063,1.000000,0.984226
19389,100921,0.000000,0.872074
120330,100921,1.000000,0.764403
119381,90330,1.000000,0.978872
58043,13939,0.000000,0.000004
31832,37720,1.000000,0.957809
101063,100093,1.000000,0.964219
57600,120827,1.000000,0.898970
24349,98686,1.000000,0.960975
69977,92182,1.000000,0.987157
73726,84302,0.000000,0.955100
62083,72088,1.000000,0.445128
62243,100921,1.000000,0.949167
115077,97938,1.000000,0.971884
37720,67991,1.000000,0.339829
92182,110215,0.000000,0.000040
110215,57600,0.000000,0.000036
19389,72284,0.000000,0.927646
84302,62243,1.000000,0.924525
110129,63982,1.000000,0.919474
67991,114144,1.000000,0.134719
85130,98686,1.000000,0.929094
72284,72088,1.000000,0.446489
80645,115077,1.000000,0.980884
103976,54715,1.000000,0.951447
29419,73726,0.000000,0.933134
84302,120827,1.000000,0.947571
94989,24349,0.000000,0.000110
101063,58043,0.000000,0.000026
24349,37720,1.000000,0.989134
31832,69977,1.000000,0.988872
85130,73726,0.000000,0.951559
24349,110129,1.000000,0.986246
13939,69460,0.000000,0.000084
94989,120827,0.000000,0.000016
94989,72088,0.000000,0.000001
115077,110129,1.000000,0.976420
84302,9897,0.000000,0.000026
69460,88715,0.000000,0.000030
58043,103976,0.000000,0.000002
120827,62083,1.000000,0.987061
94989,57600,0.000000,0.000035
69460,115077,0.000000,0.000012
115077,29419,1.000000,0.969300
98686,69977,1.000000,0.989217
84302,72284,1.000000,0.709596
100093,57600,1.000000,0.948222
110215,96700,0.000000,0.000108
29419,98686,1.000000,0.932090
80645,120330,1.000000,0.896211
90330,72088,1.000000,0.399962
13939,110574,1.000000,0.964320
19389,88715,0.000000,0.975847
92182,19389,0.000000,0.981432
110215,72284,0.000000,0.000039
96700,101063,1.000000,0.974526
110574,54715,1.000000,0.955438
63982,100093,1.000000,0.975837
9897,13939,0.000000,0.000003
115077,57600,1.000000,0.888645
100900,19389,0.000000,0.953033
120827,120330,1.000000,0.713594
63982,69977,1.000000,0.996682
90330,71057,0.000000,0.000036
19389,94989,0.000000,0.000059
54715,9897,0.000000,0.000008
13939,63982,1.000000,0.961485
72284,57600,1.000000,0.931297
29419,88715,1.000000,0.955281
71057,88715,0.000000,0.000102
120827,110129,1.000000,0.952303
29419,72088,1.000000,0.143685
103976,19389,0.000000,0.956620
69977,85130,1.000000,0.996529
114144,29419,1.000000,0.961896
73726,72284,0.000000,0.905910
80645,37720,1.000000,0.996403
95317,26917,0.587916,0.465172
91923,38978,0.000000,0.000251
192,30012,0.588466,0.527396
111927,1041,0.588200,0.507976
45856,62083,0.000000,0.000205
26917,110118,0.587916,0.469424
20289,85190,0.000000,0.108413
58269,49616,0.587286,0.421679
58887,95143,0.000000,0.000047
33749,74783,0.586934,0.560757
83675,33971,0.588717,0.475395
91923,67177,0.000000,0.000156
59688,111372,0.588466,0.476816
20289,2947,0.000000,0.147561
104179,20758,0.662604,0.551313
8154,110118,0.000000,0.000259
33749,77375,0.000000,0.000056
59688,8154,0.000000,0.000133
110751,49616,0.588717,0.476971
83675,74783,0.588717,0.532798
42112,49616,0.000000,0.241558
101196,77375,0.000000,0.000246
111372,68603,0.588200,0.524530
74783,50870,0.587916,0.577841
83675,94777,0.587916,0.451035
37900,123180,0.000000,0.001552
65587,28833,0.000000,0.000076
123180,58269,0.587286,0.424751
10705,120680,0.589180,0.532520
34714,123180,0.000000,0.002425
93413,101196,0.588200,0.447480
77375,85190,0.000000,0.000169
91923,8154,1.000000,0.972500
192,1325,0.586934,0.422937
72529,3709,0.587286,0.424399
58269,85190,0.586551,0.437276
120680,8154,0.000000,0.000254
111927,120680,0.588200,0.474201
91923,1041,0.000000,0.000064
111372,10705,0.589794,0.547927
101196,37900,0.000000,0.000079
77375,33971,0.000000,0.000365
8154,20289,0.000000,0.000877
15517,72529,0.000000,0.000044
68603,93413,0.588200,0.530725
58887,8154,0.000000,0.000373
15517,94777,0.000000,0.000065
91923,111372,0.000000,0.000471
30012,95143,0.000000,0.000013
110751,62083,0.000000,0.000142
101196,3709,0.588200,0.463892
26917,42112,0.000000,0.250115
74270,62083,1.000000,0.999735
48636,101196,0.588200,0.471796
62083,8154,1.000000,0.818933
62083,50739,0.000000,0.000069
95317,67177,0.661978,0.741920
20289,10705,0.000000,0.151006
192,2947,0.590332,0.555986
20758,64435,0.589395,0.504147
120680,20289,0.000000,0.161846
110751,15517,0.000000,0.000015
1325,30012,0.586934,0.464259
93413,8154,0.000000,0.002017
83675,50870,0.587916,0.516062
33971,111372,0.588717,0.483175
77375,192,0.000000,0.001391
83675,74270,0.000000,0.000150
33971,63075,0.588717,0.484627
93413,49368,0.586551,0.039800
97498,50739,0.588955,0.548260
95317,83675,0.588717,0.477229
33749,24040,0.586934,0.465979
91923,110751,0.000000,0.000156
75264,111372,0.000000,0.218931
85190,48636,0.586551,0.433037
62083,111372,0.000000,0.000097
35422,97498,0.000000,0.000149
48636,27663,1.000000,0.747079
95143,74340,0.000000,0.000061
1041,30012,0.588466,0.588412
74783,27663,0.588717,0.545411
30218,91923,1.000000,0.885364
27663,15517,0.000000,0.000020
34714,111372,0.000000,0.001152
42112,97498,0.000000,0.237004
93413,35779,0.590812,0.535493
24040,63075,0.589180,0.478187
59688,95143,0.000000,0.000057
111372,74340,0.587612,0.456658
30012,37900,0.000000,0.000053
74340,10984,0.587612,0.463118
91923,50870,0.000000,0.000031
53217,35779,0.588466,0.469157
104179,63075,0.589180,0.546579
50870,33749,0.586934,0.568793
77375,74270,1.000000,0.780164
192,67177,0.588717,0.477205
1325,8154,0.000000,0.000052
104179,27663,0.588955,0.539237
63730,38796,0.000000,0.018287
41694,23230,0.000000,0.000000
87988,22438,0.000000,0.000079
86493,32372,0.000000,0.000001
79227,64944,0.000000,0.000007
119914,57395,1.000000,0.945485
38796,69016,0.000000,0.062599
92340,68726,0.000000,0.030914
92491,99337,0.000000,0.048925
61094,99337,0.000000,0.112909
45030,23733,0.000000,0.007670
112979,101317,0.000000,0.007407
24586,40871,0.000000,0.254502
119618,61094,0.000000,0.003463
32218,107969,0.000000,0.000030
54052,55380,0.000000,0.182195
7982,60805,0.000000,0.002089
79227,65731,0.000000,0.000057
22438,6940,0.000000,0.006646
92340,62083,0.000000,0.000222
39259,28382,0.000000,0.008972
60805,102424,0.000000,0.002420
6940,18282,0.000000,0.001782
102424,94239,0.000000,0.006424
57395,69016,0.000000,0.000416
17580,119618,0.000000,0.120684
87988,49938,0.000000,0.000021
94239,60805,0.000000,0.017698
18282,18553,0.000000,0.163283
55380,38796,0.000000,0.002334
87988,119618,0.000000,0.000150
48076,17580,0.000000,0.057641
118299,23230,0.000000,0.000000
63730,61320,0.000000,0.004978
32372,107969,0.000000,0.000020
69016,76789,0.000000,0.064693
101317,23733,0.000000,0.012456
62083,22438,0.000000,0.000012
30090,18282,0.000000,0.316415
116579,18282,0.000000,0.001307
54052,57395,0.000000,0.004216
28375,41694,0.000000,0.032679
55380,86493,0.000000,0.000127
71888,79227,0.000000,0.000015
24586,69267,0.000000,0.020408
41694,116086,0.000000,0.001716
18553,39259,0.000000,0.016788
119618,110059,0.000000,0.320341
69267,49938,0.000000,0.012006
17580,63730,0.000000,0.000222
17580,92340,0.000000,0.000179
118299,49938,0.000000,0.009403
32372,110059,0.000000,0.000215
65731,99337,0.000000,0.043179
60805,62083,0.000000,0.000135
39259,19998,0.000000,0.007422
55125,76164,0.000000,0.001182
112979,40871,0.000000,0.028764
22438,44080,0.000000,0.000011
118299,107969,0.000000,0.037981
79227,62083,0.000000,0.059995
54052,118299,0.000000,0.448915
7982,94239,0.547098,0.262000
116086,107969,0.000000,0.038169
19998,71888,0.000000,0.000010
30090,23733,0.000000,0.012579
24586,92340,0.000000,0.626954
64944,51346,0.000000,0.000078
112979,45030,1.000000,0.054675
38796,22438,0.000000,0.000928
63730,41694,0.000000,0.041399
119618,118299,0.000000,0.544886
101317,54052,0.000000,0.013677
18282,101317,0.000000,0.035952
110059,44080,0.000000,0.000354
85921,51346,0.000000,0.000010
32218,44080,0.000000,0.000000
119914,2642,0.000000,0.014218
85921,55125,0.000000,0.025496
92340,61320,0.000000,0.180581
6940,23230,0.000000,0.000000
7982,28382,0.000000,0.056714
32372,85921,0.000000,0.000120
41694,54052,0.000000,0.038825
57395,71888,0.000000,0.008296
32372,55125,0.000000,0.000001
32218,60805,0.000000,0.000002
112979,28382,0.000000,0.004274
63730,64944,0.000000,0.002430
22438,32372,0.000000,0.000004
39259,41694,0.000000,0.026623
63730,116579,0.000000,0.001322
30090,79227,0.000000,0.000018
48076,28382,0.000000,0.013567
6940,74380,0.000000,0.000071
94239,119914,0.000000,0.045716
69016,7982,0.000000,0.016815
23230,40871,0.000000,0.000000
118299,61320,0.000000,0.011291
63730,68726,0.000000,0.009830
106664,62078,0.663384,0.519772
89031,15433,0.000000,0.000074
5890,84109,0.664743,0.512803
73179,122527,0.000000,0.530165
3346,18293,0.666850,0.553836
67037,58305,0.666850,0.497976
58305,100587,0.000000,0.000016
40178,61617,0.000000,0.145498
74544,61617,0.000000,0.000285
71919,97347,0.000000,0.000040
36166,49791,0.665124,0.152146
27108,67037,0.666483,0.550869
1944,30762,0.666483,0.484993
18949,45439,0.665730,0.492082
33199,3037,0.665730,0.519649
64017,3037,0.667496,0.527739
84400,84109,0.664085,0.574285
122527,32442,0.000000,0.111711
14408,1944,0.000000,0.000364
15433,3287,0.000000,0.000036
9543,109126,0.665214,0.245667
30762,71919,0.000000,0.001966
23388,22340,0.667496,0.522842
9543,89031,0.000000,0.000006
121091,5890,0.662170,0.491069
36166,85559,0.000000,0.245012
100587,18949,0.000000,0.000355
84400,1944,0.664085,0.539497
5890,67037,0.664743,0.482106
96122,100447,0.000000,0.000503
18240,32442,0.000000,0.030432
18240,41220,0.666330,0.514365
97347,45439,0.664171,0.541363
23661,5890,0.664743,0.486937
49493,32510,0.000000,0.279289
100447,30762,0.667784,0.533155
23120,45439,0.666286,0.486396
32442,109126,0.000000,0.238542
49791,18293,0.666850,0.476570
53542,14408,1.000000,0.992565
96122,32442,0.000000,0.000318
61957,89031,0.000000,0.000026
61957,59511,0.000000,0.406879
74544,84109,0.000000,0.000036
32442,62078,0.000000,0.129464
11194,49493,0.000000,0.361323
3037,18293,0.666850,0.506506
36166,64017,0.665124,0.318450
5890,22340,0.664743,0.479893
30784,100587,0.000000,0.000055
18240,3287,0.000000,0.000271
67037,18293,0.666850,0.500150
122527,23661,1.000000,0.730548
11388,42092,0.000000,0.000964
59301,23661,0.666850,0.506199
23388,3346,0.667186,0.553091
9543,18240,0.666670,0.586225
27108,106664,0.663384,0.562851
49791,5890,0.664743,0.455272
59511,59301,0.000000,0.429431
61957,100587,0.000000,0.000024
53542,18240,0.000000,0.001104
22553,121091,0.662170,0.518207
106664,64017,0.663384,0.519943
97347,40178,0.000000,0.537738
100587,27108,0.000000,0.000084
15433,18949,0.664221,0.198653
115222,61617,0.000000,0.142317
86631,3037,0.000000,0.000943
24823,62858,0.667784,0.531732
71919,1944,0.000000,0.000289
24806,9543,0.666670,0.587296
61456,22553,1.000000,0.707569
24823,100587,0.000000,0.000073
15433,53542,0.000000,0.000302
16540,23388,0.666286,0.490035
32510,100587,0.000000,0.000037
86631,32442,0.000000,0.002295
42092,106664,0.000000,0.000028
109126,30784,0.665214,0.208788
23120,62858,1.000000,0.692451
96122,22553,0.000000,0.000535
30784,96122,0.000000,0.000019
97347,3346,0.664171,0.573642
30762,27108,0.666483,0.542048
61617,122527,0.000000,0.136581
23120,86631,0.000000,0.001060
14408,96122,1.000000,0.961650
74544,62858,0.000000,0.002245
18240,15433,0.664221,0.120786
62858,97347,0.664171,0.527839
40178,100447,0.000000,0.489704
115222,36166,0.665124,0.309772
22553,115222,0.667186,0.516391
32510,1944,0.666483,0.493435
11194,32510,0.665566,0.513526
23388,59511,0.000000,0.394107
49493,5890,0.000000,0.368180
64017,36166,0.665124,0.290686
27108,21777,0.665385,0.574573
123069,24716,0.590498,0.560010
120150,26807,0.000000,0.001624
52970,86802,0.589981,0.506342
62744,46788,0.000000,0.000174
95720,52970,0.000000,0.002142
113902,110861,0.000000,0.000071
61508,51321,0.000000,0.000088
89791,53361,0.590332,0.513499
76931,82898,0.000000,0.000049
51852,43955,0.590960,0.536513
111429,119699,0.000000,0.000325
47424,89791,0.590160,0.521551
62083,38345,0.000000,0.000178
27379,52970,0.000000,0.260441
82898,61269,0.000000,0.000051
43791,95330,0.588717,0.521056
62744,111752,0.590332,0.520990
62744,119699,0.590160,0.514779
92443,47582,0.000000,0.001664
89791,76931,0.589180,0.488046
110893,76931,0.000000,0.000128
27379,90587,0.000000,0.265138
47424,27379,0.000000,0.288465
26653,30609,0.589599,0.589404
30609,123069,0.590498,0.591371
43955,95330,0.589395,0.541749
61269,51321,0.000000,0.146943
111752,62320,0.589981,0.516095
62320,57261,0.589981,0.551238
72377,92443,0.000000,0.006572
111093,95720,0.000000,0.000078
62744,34388,0.589981,0.549721
43955,38345,0.590960,0.535812
110861,62083,0.000000,0.000382
57261,51321,0.590332,0.562661
26807,101251,0.588717,0.534144
51852,119699,0.590160,0.514822
51852,68088,0.590812,0.549933
53361,44670,0.590812,0.557059
61269,84034,0.000000,0.000453
89791,17764,0.590332,0.522402
23406,113902,0.000000,0.000013
110861,79111,0.588717,0.571269
47582,43955,0.000000,0.257124
57261,68088,0.590332,0.562233
44670,120150,0.000000,0.001076
47582,86549,0.000000,0.000085
89791,68088,0.590332,0.522442
17764,72377,0.587286,0.496515
112402,57261,0.590332,0.554863
43791,61269,0.000000,0.154857
111093,123069,0.587286,0.420989
111093,82898,0.000000,0.000009
101251,26807,0.588717,0.541551
111752,92443,0.000000,0.005076
113902,76931,0.000000,0.000032
90587,112402,0.589599,0.552966
76931,68088,0.589180,0.484538
52970,7848,0.590332,0.552672
38212,30609,0.589794,0.536059
72377,88489,0.000000,0.000005
79111,111093,0.587286,0.470778
42858,113902,0.000000,0.000010
51065,62083,0.000000,0.000474
38212,120150,0.000000,0.001183
62744,112402,0.590812,0.537624
7222,111429,0.000000,0.000166
80510,36577,0.000000,0.000910
42858,27379,0.000000,0.213564
53361,23406,0.589180,0.475152
76931,101251,0.588717,0.536515
113902,38345,0.000000,0.000229
82898,84034,1.000000,0.999334
88489,38345,0.000000,0.000426
52970,57261,0.590332,0.552705
29109,24716,0.589794,0.477944
44670,119699,0.590160,0.558699
53361,47424,0.590160,0.505364
51065,68088,0.590812,0.534897
90587,26653,0.663324,0.855604
72517,92443,0.000000,0.003633
43791,62744,0.588717,0.472859
24716,52970,0.591243,0.520186
113902,47582,0.000000,0.000018
73783,2513,0.000000,0.000030
57261,52970,0.590332,0.561157
17764,47424,0.590160,0.517175
51065,89791,0.590332,0.520027
17764,43791,0.588717,0.472090
38345,53361,0.590960,0.534455
61269,80510,0.000000,0.000426
88489,111752,0.000000,0.000224
17764,51321,0.664443,0.781597
76931,123069,0.589180,0.522608
119699,112402,0.590160,0.515597
38345,88489,0.000000,0.000335
42858,17764,0.588955,0.478439
27379,92443,0.000000,0.004038
2513,62083,0.000000,0.000139
84034,119699,0.000000,0.000447
113148,54500,0.000000,0.152450
75135,29733,0.570804,0.068434
62943,98702,0.000000,0.000000
106352,17341,0.000000,0.054441
1526,28768,0.000000,0.125287
61719,98222,0.000000,0.003924
28768,36136,0.000000,0.000000
36136,97489,0.000000,0.000000
88139,23170,0.570804,0.697707
54500,75135,0.000000,0.045272
76452,23170,0.000000,0.016191
29733,77444,0.570804,0.173963
96588,76452,0.000000,0.002308
110157,42929,0.000000,0.000000
42929,96536,0.000000,0.000020
56231,98222,0.000000,0.000000
81563,103932,0.000000,0.045689
77249,75135,0.571921,0.128827
84232,759,0.000000,0.001885
63537,35364,0.000000,0.386514
110157,36136,0.000000,0.000000
35905,60190,1.000000,0.132896
75135,84232,0.571921,0.149246
76452,17341,0.000000,0.023454
43175,56093,0.571397,0.545299
14345,2464,0.000000,0.000001
21658,1526,0.000000,0.180762
15665,36136,0.000000,0.000000
60190,109514,0.000000,0.246721
76452,81239,0.000000,0.212452
21851,99725,0.000000,0.051271
54500,81563,0.000000,0.256701
99725,15665,0.000000,0.000255
89087,99725,0.000000,0.001415
62305,19326,0.570804,0.657061
97489,24266,0.000000,0.053325
81239,83620,0.572389,0.191242
103932,96536,0.000000,0.038921
98222,1526,0.000000,0.000209
76452,24266,0.000000,0.053325
42929,41560,0.000000,0.000002
19326,35905,0.570804,0.219337
73187,21658,0.000000,0.391544
32528,96536,0.000000,0.332111
36136,69996,0.000000,0.000000
54500,89087,0.000000,0.426377
759,21673,0.000000,0.000320
103932,53131,0.000000,0.002319
64233,110157,0.000000,0.056460
19326,56093,0.570804,0.447802
17341,76452,0.000000,0.065999
37167,97489,0.000000,0.016474
35364,11942,0.570804,0.008239
61719,97489,0.000000,0.026640
89087,76452,0.000000,0.067719
35905,1832,1.000000,0.228609
84232,112177,0.000000,0.087325
14345,56231,0.000000,0.000002
21658,29733,0.570804,0.539323
23170,83620,0.570804,0.279925
19326,113148,0.000000,0.181790
81563,94773,0.000000,0.122551
103932,54500,0.000000,0.001375
28768,59192,0.570804,0.404620
54500,77249,0.000000,0.481900
81239,110157,0.000000,0.104371
46792,37167,0.000000,0.000000
60190,36136,0.000000,0.000000
35905,120638,0.571397,0.223686
60190,21658,0.571921,0.423617
110195,29733,0.000000,0.003133
19326,63537,0.000000,0.002415
88139,1526,0.000000,0.018998
59192,28768,0.570804,0.500795
60190,53131,0.571921,0.375946
96588,94773,0.000000,0.007032
11942,84232,0.570804,0.152631
84232,62305,0.574476,0.415027
98702,64233,0.000000,0.329580
120638,76452,0.000000,0.021710
88139,110195,0.000000,0.004346
103932,96588,0.000000,0.000084
1526,81239,0.000000,0.000670
81239,84232,0.578536,0.510377
109514,77249,0.000000,0.057353
42929,94773,0.000000,0.000001
77249,69996,0.571921,0.407247
24266,54500,0.000000,0.593455
84232,35364,0.574998,0.053376
56231,77444,0.000000,0.000000
36136,46792,0.000000,0.015335
62943,120638,0.000000,0.000000
109514,64233,0.000000,0.012066
15665,104006,0.571397,0.287662
41560,99725,0.000000,0.005402
83620,81239,0.572389,0.249555
2464,60190,0.000000,0.117997
69996,106352,0.000000,0.030509
77249,36136,0.000000,0.000000
15665,84232,0.573554,0.322812
67688,99072,0.000000,0.000096
34128,8022,0.593998,0.546071
19558,115221,0.000000,0.001177
34128,37236,0.593998,0.602925
65779,109632,0.594070,0.317221
38759,72206,0.000000,0.198938
29467,46682,0.000000,0.023669
53065,65779,0.594415,0.514879
53204,90514,0.000000,0.000003
41481,52257,0.593998,0.622254
104057,65779,0.593849,0.229928
74674,21656,0.000000,0.000000
44450,115221,0.595089,0.600666
97942,66249,0.000000,0.000113
14991,90131,0.000000,0.000000
14991,67602,0.000000,0.000000
19558,110922,0.000000,0.020806
13306,19558,0.000000,0.003632
74674,115221,0.594280,0.608215
99072,70636,0.000000,0.000112
67186,62083,0.000000,0.000001
14991,70636,0.000000,0.000000
122489,7193,0.000000,0.094398
37236,14991,0.594348,0.648746
37236,90131,0.000000,0.000094
72424,8022,0.594211,0.390203
94975,122489,0.000000,0.000008
21656,72424,0.000000,0.000003
115221,37236,0.594348,0.552970
3541,67688,0.000000,0.040479
13306,20278,0.594415,0.614591
58565,7193,0.000000,0.000521
21038,58443,0.000000,0.000000
117481,13306,0.000000,0.009059
49837,115221,0.594141,0.556753
29467,6612,0.000000,0.022670
67602,122489,0.000000,0.000002
97942,67602,0.000000,0.000000
90514,55676,0.000000,0.000047
53065,104057,0.593849,0.598413
87091,55676,1.000000,0.667827
41481,21038,0.593998,0.580788
58565,97942,0.000000,0.004418
115221,46682,0.000000,0.012514
49837,21038,0.594141,0.413643
44450,72206,0.593924,0.582288
72424,1108,0.000000,0.000018
66249,65133,0.000000,0.000151
18614,55676,0.594070,0.595742
3541,19558,0.542352,0.061828
58565,19558,0.000000,0.160289
65133,67688,0.000000,0.000005
99072,53204,0.000000,0.000000
18772,109632,0.000000,0.000260
66249,58565,0.000000,0.172301
53065,18772,0.000000,0.000048
65779,37236,0.594348,0.226752
66249,8022,0.000000,0.001658
52257,113663,0.594070,0.504288
53204,29467,0.000000,0.184809
72424,47667,0.594211,0.111725
38759,5658,0.541507,0.183623
53204,5658,0.000000,0.138632
97942,62083,0.000000,0.002100
65779,55610,0.597638,0.730337
97942,48906,0.000000,0.000000
30567,72206,0.593924,0.567563
35166,122489,0.000000,0.003804
38759,35166,0.000000,0.362083
86936,87091,0.000000,0.000000
1108,29467,0.000000,0.000037
13306,53204,0.594734,0.598271
34128,49837,0.593998,0.529602
49837,18614,0.594070,0.538818
70636,48906,0.000000,0.001702
65133,122489,0.000000,0.050727
72424,35166,0.000000,0.505688
2175,67186,0.000000,0.000040
18772,74674,0.000000,0.000106
14991,90514,0.000000,0.000002
55610,30567,0.594481,0.367462
55676,113663,0.594211,0.441592
72206,5658,0.000000,0.366272
104057,35066,0.000000,0.000001
113663,46682,0.000000,0.000492
20278,67186,0.000000,0.000016
67186,102960,0.000000,0.013253
72424,87091,1.000000,0.417939
115221,65133,0.000000,0.194572
55610,53204,0.595364,0.127619
18614,47667,0.594070,0.535683
2175,110922,0.000000,0.013762
1108,72206,0.000000,0.000002
29467,113663,0.000000,0.104160
21038,47667,0.594546,0.317106
35166,13306,0.000000,0.067500
113663,49837,0.594141,0.560008
122489,65133,0.000000,0.022030
87091,86936,0.000000,0.000000
49837,34128,0.593998,0.517574
5703,82364,1.000000,0.563439
40864,8787,1.000000,0.306747
90390,72778,0.566628,0.310510
55268,93816,0.565128,0.351803
112398,94805,0.000000,0.420965
109622,38515,0.000000,0.354428
49545,106305,0.000000,0.435353
120503,10362,0.000000,0.336237
87215,82364,0.000000,0.027180
90337,112520,0.000000,0.493395
56116,72778,0.000000,0.369873
72778,33741,0.565128,0.098197
106305,112520,0.000000,0.399285
90819,53870,0.000000,0.319976
38515,5147,0.000000,0.000003
12010,94805,0.000000,0.341155
8787,35514,1.000000,0.631766
12928,24562,0.000000,0.281024
87811,43001,0.000000,0.178623
82364,38358,0.565128,0.608239
94805,106076,0.000000,0.098773
106076,8787,0.000000,0.062948
120503,24562,0.000000,0.519852
69679,79335,0.565128,0.393982
81734,90819,0.550022,0.093612
106076,119110,0.000000,0.035464
9524,72778,0.565128,0.268345
66541,81097,1.000000,0.718491
40864,94805,0.000000,0.154412
112398,41781,0.565128,0.545272
106305,92470,0.000000,0.301883
80659,43001,0.000000,0.290021
109622,94805,0.000000,0.303287
82671,80659,0.000000,0.101120
12010,52952,0.000000,0.523204
103932,93816,0.000000,0.004875
86289,90819,0.000000,0.279361
35514,66541,1.000000,0.358460
120503,33741,0.000000,0.382156
87215,8787,0.000000,0.075343
56116,8787,0.000000,0.427393
106076,69679,0.000000,0.107705
94805,103932,0.000000,0.001874
87811,37752,0.000000,0.476491
118691,81097,1.000000,0.626604
69679,62943,0.000000,0.000000
9524,24525,0.000000,0.051417
12480,40864,0.000000,0.479987
37752,24562,0.000000,0.486479
70228,92470,0.000000,0.002102
16233,81097,0.000000,0.557629
119110,24562,0.000000,0.582105
10362,79335,0.565941,0.270062
2454,70228,0.000000,0.674416
52952,92470,0.000000,0.245687
112520,69679,0.000000,0.298983
8787,5147,0.000000,0.000001
69679,76684,0.565128,0.422079
66541,87215,0.000000,0.042466
81097,93816,0.565128,0.547819
86289,53522,1.000000,0.399424
49545,72778,0.000000,0.434459
81734,87811,0.550022,0.110124
53870,84059,1.000000,0.856959
10362,40864,1.000000,0.478705
24562,53870,0.000000,0.637397
90337,364,1.000000,0.487078
43001,86289,0.000000,0.258056
80659,8787,0.565941,0.501201
43001,40864,0.000000,0.225836
51770,27957,0.000000,0.008863
94805,10362,0.000000,0.422646
79335,53870,0.566628,0.211745
106305,41781,0.565128,0.574286
106076,90337,0.000000,0.088901
103547,43001,0.000000,0.304452
90390,24525,0.000000,0.019450
69679,90390,0.565128,0.288455
87215,106076,0.000000,0.006692
89656,9524,1.000000,0.154468
82364,86289,0.000000,0.305983
118691,62943,0.000000,0.000000
87811,89656,0.000000,0.226402
10362,5147,0.000000,0.000003
90337,106076,0.000000,0.043243
94805,92470,0.000000,0.216961
81734,9524,0.000000,0.113993
92470,112520,0.000000,0.248137
80659,53064,0.565941,0.256669
66541,56116,0.000000,0.501165
43001,70228,0.000000,0.019534
41781,5703,0.565128,0.257279
103932,70228,0.000000,0.000035
49545,93816,0.000000,0.333520
24525,38515,0.000000,0.039323
12010,72778,0.000000,0.081325
40864,62943,0.000000,0.000000
33741,81097,0.565128,0.485353
92470,27957,0.000000,0.068600
52952,87215,0.000000,0.123295
77260,121465,0.659745,0.472002
26502,68245,0.660444,0.537070
19051,58273,0.659745,0.265362
60020,14412,0.659992,0.273683
64515,117856,0.659992,0.174840
13390,9237,0.659745,0.537302
74258,60020,0.659992,0.311665
14412,116686,0.659992,0.285219
89690,82899,0.659992,0.192049
121465,86247,0.659745,0.474099
14108,14412,1.000000,0.930075
34807,69195,0.659200,0.572162
31787,35820,1.000000,0.748502
50749,45511,0.659745,0.153332
54264,15454,0.659745,0.494314
58273,66601,0.659745,0.531531
58273,87607,0.659745,0.169403
35820,48782,0.659992,0.479459
117856,7149,0.659482,0.571631
64515,55473,1.000000,0.168834
34807,72638,0.659200,0.527063
27672,55862,0.659482,0.490239
74258,106897,0.659992,0.402311
65429,105847,1.000000,0.184586
86034,50186,0.661395,0.547955
81274,116686,0.660852,0.532848
74695,114826,0.659745,0.155038
64515,7149,0.659482,0.148921
13390,14412,0.659745,0.269914
31787,81274,0.660852,0.529264
55862,54264,0.659482,0.531014
74695,58273,0.659745,0.564176
106897,74695,0.661041,0.542597
118658,74695,0.661222,0.547742
74258,82899,0.659992,0.087970
121465,7149,0.659482,0.522652
121465,26678,0.659745,0.474499
117825,26678,1.000000,0.715122
74258,118658,0.659992,0.392111
26678,50186,0.660653,0.533166
48782,106897,0.659992,0.478491
55862,48138,0.659482,0.523951
65429,14108,0.659992,0.287918
66601,60020,0.662163,0.534429
87607,74258,0.659992,0.070520
74695,55473,0.659992,0.569319
55473,14108,1.000000,0.273282
14412,55473,1.000000,0.244435
25226,35417,0.660444,0.488846
33053,116686,0.660852,0.231139
9237,89690,0.659992,0.534401
94079,13390,0.659745,0.524873
106897,50749,0.659745,0.472123
13390,48138,0.659745,0.530229
94079,19051,0.660653,0.333243
119044,26502,0.661041,0.214337
116686,21201,0.659992,0.479709
21201,116686,0.659992,0.480377
48782,27672,0.659992,0.403027
14108,86247,0.659992,0.288029
117825,19051,1.000000,0.324077
7149,50186,0.659482,0.562758
77260,45511,0.660653,0.207658
48138,86247,0.660653,0.490059
81274,117825,0.660653,0.522416
50110,35417,0.660653,0.496569
114826,19051,0.659745,0.567792
60020,27672,0.660224,0.304617
65429,26678,0.660444,0.489328
77260,31787,0.660852,0.502778
48138,18275,0.000000,0.000127
26678,54264,0.659745,0.473173
55473,81274,0.659992,0.569871
87040,21201,0.659992,0.474502
77260,68245,0.660444,0.540325
116686,9237,0.660444,0.490985
72638,34807,0.659200,0.517714
86034,33053,0.661041,0.208118
65429,45511,0.660444,0.192760
87607,86034,0.660224,0.153920
106897,109965,0.659745,0.525222
12707,15454,0.660653,0.541082
18275,45511,0.000000,0.001067
35417,21201,0.659992,0.479046
115895,21201,0.659992,0.460920
7149,72638,0.659482,0.532735
12707,86247,0.660653,0.488255
60020,25226,0.660444,0.478091
69195,54264,0.659745,0.520138
66601,117825,0.660653,0.484421
106095,66601,0.660852,0.491735
15454,12707,0.660653,0.548035
12707,18275,0.000000,0.000141
48138,77260,0.661041,0.503179
55862,118658,0.659482,0.524739
114826,9237,0.659745,0.166276
106095,50749,0.659745,0.473855
74258,114826,0.659745,0.085809
106095,48138,0.660852,0.499811
21201,72638,1.000000,0.708931
82176,43201,0.000000,0.000138
101966,109274,0.587286,0.513945
86988,19043,0.000000,0.000005
43201,88458,0.000000,0.000021
42747,92232,0.587286,0.451849
61234,89462,0.589180,0.497543
50077,94660,0.000000,0.483628
92618,84730,0.000000,0.000036
109434,92618,0.000000,0.000216
84730,75276,0.000000,0.006677
36163,98872,0.588717,0.546033
84730,101966,0.587286,0.566561
75276,115055,0.000000,0.002377
86988,91200,0.000000,0.379699
40827,66266,0.587612,0.574770
17987,101054,0.000000,0.000013
109274,122369,0.000000,0.002014
89243,40827,0.000000,0.001829
12370,19043,0.000000,0.000046
79905,94660,0.000000,0.440595
91200,79905,0.000000,0.003038
85696,109434,0.000000,0.012165
47171,17987,0.000000,0.000010
109274,31917,0.587612,0.512726
118148,91200,0.000000,0.002720
19043,17987,1.000000,0.999082
67108,17987,1.000000,0.997993
91200,98872,0.000000,0.001843
115055,27258,0.587612,0.556158
82176,122369,0.000000,0.003184
101054,20570,0.588200,0.583796
82176,101966,0.587286,0.508165
20570,62584,0.588717,0.546377
18576,91200,0.000000,0.002556
81230,115055,0.587612,0.574329
111681,98872,0.000000,0.000473
94660,91200,0.000000,0.003441
79905,108537,0.000000,0.003491
118148,88502,0.588717,0.533384
43201,86988,0.000000,0.000008
118148,19043,0.000000,0.002083
36163,62083,0.000000,0.000159
19043,80714,0.000000,0.000065
109434,19043,0.000000,0.000052
16501,19266,0.588955,0.487699
61234,82176,0.588955,0.490786
98872,16501,0.588955,0.490883
50077,66266,0.586132,0.554244
81460,91200,0.000000,0.005570
82176,92232,0.587286,0.454835
103911,31054,0.000000,0.000215
79905,111681,0.000000,0.000168
84730,111681,0.000000,0.000215
51337,52668,0.000000,0.000319
57431,61234,0.588717,0.543723
98872,111681,0.000000,0.000637
82176,84730,0.588717,0.538690
67108,31917,0.000000,0.000010
103911,91867,0.000000,0.000208
108537,101054,0.000000,0.000461
61234,16501,0.588955,0.491032
18576,92232,0.000000,0.207666
18576,17987,0.000000,0.000199
61234,43201,0.000000,0.000286
66266,89462,0.588466,0.542063
20570,109434,0.000000,0.007943
31054,20570,0.588717,0.537858
62083,98872,0.000000,0.000069
85696,40827,0.587612,0.516469
88458,17987,0.000000,0.000031
36163,82176,0.588717,0.546278
94762,18576,0.000000,0.229072
40827,48952,0.587612,0.523791
67108,111681,1.000000,0.988513
66266,115055,0.587612,0.574277
40827,101054,0.587612,0.577420
47171,88502,0.586551,0.556141
92232,81230,0.587286,0.475486
92232,43201,0.000000,0.000029
62083,31253,0.000000,0.000024
101966,109434,0.000000,0.009710
19043,50077,0.000000,0.000006
48952,27258,0.587916,0.460633
48952,94660,0.000000,0.438790
40827,94762,0.587612,0.521540
101054,88502,0.588200,0.583833
82176,49841,0.000000,0.006099
12370,116861,0.586934,0.568051
16501,101966,0.587286,0.508386
16501,88458,0.588200,0.529026
101966,84730,0.587286,0.566455
101054,116861,0.586934,0.566460
109434,49841,0.585668,0.721644
40827,12370,0.655053,0.810550
111681,40827,0.000000,0.000079
75276,50077,0.000000,0.004228
12370,98872,0.587612,0.523419
48952,31917,0.587612,0.516461
66266,27258,0.588466,0.575487
12370,14100,0.000000,0.266331
62290,46434,0.587884,0.352207
62943,111730,0.000000,0.000000
665,114259,0.000000,0.008588
121857,66131,0.588303,0.577610
14590,111730,0.587421,0.732365
58151,66131,0.588303,0.535426
96536,57327,0.588303,0.357830
51147,117779,0.000000,0.000000
77329,109718,0.587884,0.511268
110195,665,0.000000,0.002228
51147,112347,0.587884,0.404431
66131,102013,0.000000,0.000145
102013,29803,0.000000,0.000012
109718,114259,0.000000,0.000246
110195,96536,0.000000,0.067526
4609,14345,0.000000,0.000028
109718,8670,0.587884,0.552044
117464,121857,0.589037,0.664938
62083,121366,0.000000,0.000000
51147,118397,0.000000,0.015748
57327,62943,0.000000,0.000000
92796,29803,0.586902,0.588702
55754,50932,0.585636,0.599961
62290,121366,0.000000,0.000007
77329,106977,0.000000,0.000000
66131,54597,0.588303,0.589073
46434,112347,1.000000,0.548522
117464,108328,0.000000,0.000000
29238,40364,0.000000,0.001220
37382,121366,0.000000,0.000001
96536,109718,0.588303,0.096878
14345,106977,0.000000,0.000000
57327,88709,0.587884,0.491299
55754,109718,0.585636,0.581171
76452,96536,0.000000,0.239419
76452,92796,0.000000,0.374719
15446,88709,1.000000,0.424700
665,104131,0.587421,0.377337
66131,97417,1.000000,0.602523
30248,88149,0.000000,0.000527
88709,51147,0.587884,0.565571
77508,104131,0.000000,0.000000
92796,29238,1.000000,0.509125
11536,62290,0.587421,0.399521
62943,15446,0.000000,0.000000
66131,117464,0.588303,0.527119
111730,60017,0.000000,0.000000
29564,97417,0.587421,0.390473
111730,62083,0.000000,0.002571
46434,77329,1.000000,0.224537
29564,55352,0.587421,0.340279
51147,42944,0.589037,0.035709
118397,77329,0.000000,0.000005
51147,50932,0.587884,0.455990
15446,37382,1.000000,0.254709
14345,66131,0.000000,0.001122
102013,77329,0.000000,0.000004
97417,82793,1.000000,0.399381
96536,92796,0.588685,0.325711
110195,104131,0.000000,0.020711
97489,58151,0.000000,0.357005
102013,54597,0.000000,0.000023
40243,55754,0.585636,0.598763
108328,110195,0.000000,0.000841
104131,56231,0.000000,0.000000
4609,88709,0.587884,0.566535
15446,77508,0.000000,0.000000
42944,106977,0.000000,0.000000
96536,46347,0.588303,0.041550
58151,79877,0.588303,0.480932
102013,11536,0.000000,0.000060
88709,92796,0.587884,0.435410
106977,66131,0.000000,0.000000
27742,15446,0.000000,0.000057
50932,117464,0.587884,0.648838
118397,109718,0.000000,0.000550
109718,104131,0.588303,0.447731
102013,88852,0.000000,0.000011
92796,50932,0.587884,0.580858
665,30248,0.587421,0.360592
46792,30248,0.000000,0.000000
60017,665,0.000000,0.000211
121857,88709,0.587884,0.511415
24753,121366,0.000000,0.000000
51147,66131,0.588303,0.409511
46434,79877,0.587884,0.504712
29238,62290,0.588303,0.427779
46792,113055,0.000000,0.000000
11536,50932,0.587421,0.658078
58151,40364,0.000000,0.000011
14590,54597,0.588685,0.574496
42944,77508,0.000000,0.000000
104131,46347,0.588303,0.224179
66131,29803,0.586902,0.691069
88149,46347,0.000000,0.007017
46792,97417,0.000000,0.000000
54597,29803,0.586902,0.537082
97417,117464,0.588303,0.635119
29803,79877,0.586902,0.254645
114259,37382,0.000000,0.000117
32884,17880,0.000000,0.069681
22159,111562,0.565936,0.246157
89490,3381,0.000000,0.080128
21819,3381,0.000000,0.012910
109665,16513,0.567435,0.198314
2023,26389,0.568030,0.255895
665,14345,0.000000,0.000027
103932,73316,0.000000,0.000948
21021,6395,0.000000,0.033134
56231,19349,0.000000,0.000000
76452,4605,0.000000,0.014297
32884,8848,1.000000,0.119006
21021,79335,0.000000,0.097531
83973,14345,0.000000,0.000000
21819,59729,0.567435,0.730364
17920,99903,0.566749,0.322805
97489,73316,0.000000,0.027815
73316,53592,0.000000,0.065649
8198,23601,0.551533,0.000024
26950,46792,0.000000,0.000000
62943,44925,0.000000,0.000000
99903,23601,0.000000,0.014701
104292,6395,0.565936,0.558727
99903,57760,0.000000,0.032938
22397,75292,0.565936,0.282632
76452,36246,0.000000,0.018565
16513,17920,0.569835,0.471144
17880,9189,0.000000,0.292216
57760,26950,0.000000,0.538888
59242,73316,0.000000,0.027861
3381,4605,0.000000,0.001252
11604,16113,0.000000,0.047620
87245,665,0.000000,0.420015
9159,113103,0.000000,0.052996
44925,108059,0.566749,0.342680
4605,9159,0.568555,0.098491
9159,19349,0.567435,0.162120
19654,4605,0.565936,0.268608
82916,103932,0.000000,0.000227
32998,665,0.000000,0.019092
17920,2023,0.568030,0.338870
38496,14345,0.000000,0.000000
104224,62943,0.000000,0.000000
6395,38496,0.000000,0.004846
82916,75292,0.000000,0.000000
38496,110195,0.000000,0.000002
23601,96536,0.000000,0.023202
9159,96536,0.000000,0.007143
16513,11604,0.567435,0.260681
79335,110195,0.000000,0.007558
111562,44925,1.000000,0.454663
23601,110195,0.000000,0.000403
26389,107503,0.000000,0.000017
9189,87245,0.566749,0.070198
14345,11604,0.000000,0.000099
83973,17880,0.000000,0.298222
2023,9189,0.567435,0.437122
59729,4605,0.568555,0.323393
44925,89490,1.000000,0.492692
46792,17880,0.000000,0.000002
2023,665,0.000000,0.004363
109665,8198,0.000000,0.000002
8198,8848,0.000000,0.000905
97489,111562,0.000000,0.025978
83973,44925,0.567435,0.368802
104292,17920,0.566749,0.207816
103932,75292,0.000000,0.000374
9176,21021,0.000000,0.047580
103932,23601,0.000000,0.000250
32392,38496,0.000000,0.001929
73316,107503,0.000000,0.002698
9159,97489,0.000000,0.014500
83973,22397,0.565936,0.159497
75155,87245,0.566749,0.296210
37064,46792,0.000000,0.000000
37064,17880,0.000000,0.119452
17880,54479,0.000000,0.011869
89490,42741,0.565936,0.391189
46792,21021,0.000000,0.000000
109665,26950,1.000000,0.055225
75292,96536,0.000000,0.000501
28829,21021,0.000000,0.049763
76452,3381,0.000000,0.012243
75292,107503,0.000000,0.001491
99903,113103,0.000000,0.099433
32998,6395,0.000000,0.144884
21021,75292,0.000000,0.020454
76452,109665,0.000000,0.005787
83973,103932,0.000000,0.000276
75155,17920,0.568030,0.542570
44925,49902,0.567435,0.104640
76452,26389,0.000000,0.017948
2023,9176,0.566749,0.280012
62943,111562,0.000000,0.000000
44925,8198,0.000000,0.000000
9159,32998,0.000000,0.097169
8198,54479,0.000000,0.002647
54479,83973,0.000000,0.426964
8198,2023,0.000000,0.000011
37064,38496,0.000000,0.000214
97681,15234,0.000000,0.098154
55028,74005,0.000000,0.209654
108232,101062,0.000000,0.008720
119395,62754,0.000000,0.005142
67203,104525,0.000000,0.107432
22177,119395,0.000000,0.001075
25436,4656,0.567582,0.037373
119395,101062,0.000000,0.078099
98691,17772,0.000000,0.028889
69658,17888,0.000000,0.048435
85979,22177,0.000000,0.000054
47320,74276,0.000000,0.013863
62754,7844,0.000000,0.000060
30720,17888,0.000000,0.000001
62754,42307,0.000000,0.001172
79874,42307,0.587979,0.238086
29331,67203,0.564492,0.172362
29243,33327,0.000000,0.003107
96044,2679,0.000000,0.046706
18729,106380,0.000000,0.000000
18729,4656,0.000000,0.000002
67203,29331,0.564492,0.146728
97480,67954,0.000000,0.004459
116705,43324,0.000000,0.001851
30276,103698,0.000000,0.068363
80277,62257,0.564492,0.107432
113648,42307,0.000000,0.041815
16224,11689,0.000000,0.006173
29243,31227,0.000000,0.149836
104525,29243,0.000000,0.000239
42307,2679,0.000000,0.016737
77508,7603,0.000000,0.000000
69658,74276,0.000000,0.009629
62257,7844,0.000000,0.640843
116705,11689,0.000000,0.004112
104692,50380,0.000000,0.318182
70231,109706,0.000000,0.000179
113648,80277,0.564492,0.205139
22177,117779,0.000000,0.000002
31227,103698,0.000000,0.014659
85979,29243,0.000000,0.003097
29331,44265,0.000000,0.175065
85979,44265,0.000000,0.043562
103569,96044,0.000000,0.000000
30276,29331,0.000000,0.051319
13290,16224,0.000000,0.010515
33327,4844,0.000000,0.009923
17772,4844,0.000000,0.015089
62943,120644,0.000000,0.000000
117779,22177,0.000000,0.000011
74276,22177,0.000000,0.006275
121315,17772,0.000000,0.001800
55028,98691,0.000000,0.278976
47320,80277,0.000000,0.048045
13290,22177,0.000000,0.004926
96044,104525,0.000000,0.012358
62257,52181,0.000000,0.095328
7844,67954,0.000000,0.005828
85979,30720,0.000000,0.000000
55028,29243,0.000000,0.062183
103045,4656,0.567582,0.031448
42307,79874,0.587979,0.225477
98691,113648,0.000000,0.009904
106380,79874,0.000000,0.000000
2679,43324,0.000000,0.000001
17888,43324,0.000000,0.000174
18729,80277,0.000000,0.000002
117779,116705,0.000000,0.000000
43324,80277,0.000000,0.000003
98135,7603,0.000000,0.000089
30720,47320,0.000000,0.000001
15234,62943,0.000000,0.000000
67203,7844,0.000000,0.107432
74005,4656,0.000000,0.220114
97480,98135,0.565775,0.139938
62943,4656,0.000000,0.000000
7603,97480,0.000000,0.000545
7603,98135,0.000000,0.000596
67203,16050,0.000000,0.002055
119395,7844,0.000000,0.083933
62943,104525,0.000000,0.000000
18729,120644,0.000000,0.000103
109706,74276,0.000000,0.284619
120644,79874,0.000000,0.000132
30974,43324,0.000000,0.020652
98691,25436,0.000000,0.020652
97480,33327,0.000000,0.082093
117779,30974,0.000000,0.000000
109706,17772,0.000000,0.031735
106380,23080,0.000000,0.000000
16050,96044,0.000000,0.000832
17888,23080,0.000000,0.005127
85979,50380,0.570280,0.096721
106380,62943,0.000000,0.000000
103569,104692,0.000000,0.000000
103698,104692,0.000000,0.057117
17772,85979,0.000000,0.012597
106380,101062,0.000000,0.000000
70231,44265,0.000000,0.000000
113648,108232,0.000000,0.006073
110423,91124,0.000000,0.000003
28135,94505,0.000000,0.000565
116923,50006,0.000000,0.434942
102349,86911,1.000000,0.971294
23731,91124,0.000000,0.436776
73617,44625,0.000000,0.007615
110423,94505,1.000000,0.752134
63916,96179,0.000000,0.000025
28135,91124,0.000000,0.240330
122566,86514,1.000000,0.997187
50199,11892,0.000000,0.000069
20054,100864,0.545542,0.415731
60586,15625,0.000000,0.000025
9379,115332,1.000000,0.995547
20054,76639,0.000000,0.000004
68774,98375,0.545542,0.434823
14096,28135,0.000000,0.000006
107428,34855,0.000000,0.000001
107428,101029,0.000000,0.000000
67446,23731,0.000000,0.363622
62102,116923,0.000000,0.482496
43457,73617,1.000000,0.060100
102349,83855,1.000000,0.995897
71614,110998,0.000000,0.334367
34855,110423,1.000000,0.997626
60586,68774,0.000000,0.461943
98375,53348,0.000000,0.432582
61778,50199,0.000000,0.450165
50006,20054,0.649912,0.689399
17914,94505,1.000000,0.753292
17914,63916,0.000000,0.000003
14096,114425,1.000000,0.995523
20054,60586,0.000000,0.438144
73644,50006,0.000000,0.429373
46536,48144,0.000000,0.505320
53348,34855,0.000000,0.000001
110423,76639,0.000000,0.000000
86911,62083,1.000000,0.999975
77361,119405,0.000000,0.000394
102349,85416,0.000000,0.000032
15625,86514,1.000000,0.995670
66667,46536,0.000000,0.000037
91616,50657,1.000000,0.044366
73644,100864,0.000000,0.389281
15625,50006,0.000000,0.000038
100864,98375,0.545542,0.422330
61904,43457,1.000000,0.997204
73644,34855,0.000000,0.000000
44625,62083,0.000000,0.999999
110998,43457,0.000000,0.000000
94505,68803,0.000000,0.000233
82111,86514,0.000000,0.000000
34855,48144,0.000000,0.000133
91124,28135,0.000000,0.194068
45391,15625,0.000000,0.000027
49542,15625,0.000000,0.000025
122566,68774,0.000000,0.000035
34855,15625,1.000000,0.991231
82241,68774,0.000000,0.000358
82111,50199,0.665233,0.703852
94505,98375,0.000000,0.000167
47830,50199,0.546293,0.447901
28135,82241,0.000000,0.000380
67446,21636,0.000000,0.117372
114425,20054,0.000000,0.000002
91682,14096,0.000000,0.000000
61778,86911,0.000000,0.000006
62083,11892,0.000000,0.012737
43457,48144,0.000000,0.000014
61904,28135,0.000000,0.000020
63916,48144,0.000000,0.432388
9379,110998,0.000000,0.000002
91124,37707,0.546293,0.447874
17914,115332,1.000000,0.993930
61904,44625,0.000000,0.995311
68774,110998,0.000000,0.328565
49542,82241,0.000000,0.000072
63916,62102,0.000000,0.413423
48144,53348,0.000000,0.489310
76639,34855,0.000000,0.000000
73617,82241,1.000000,0.003437
15625,45391,0.000000,0.000028
119405,50006,0.000000,0.000164
66667,102349,1.000000,0.994509
119405,17914,1.000000,0.956810
67446,101029,0.000000,0.000018
17914,86514,1.000000,0.996707
77361,63916,0.000000,0.444716
63916,76639,0.000000,0.000003
28135,76639,0.000000,0.000005
11892,98375,0.000000,0.002651
68774,85416,0.546293,0.453523
23731,76639,0.000000,0.000004
119405,61778,0.000000,0.000414
61778,68774,0.547500,0.477801
50199,71614,0.663616,0.696141
116923,107428,0.546627,0.328986
14096,91616,1.000000,0.995321
100864,94505,0.000000,0.000894
14096,50657,1.000000,0.067025
111002,117779,0.000000,0.000000
104615,86410,0.577094,0.438573
64489,62118,0.000000,0.000000
115440,111236,0.000000,0.000051
49697,96484,0.536301,0.309408
64489,30720,0.000000,0.000000
62083,96484,0.000000,0.000052
120978,64489,0.000000,0.000000
96484,9414,0.000000,0.073003
85880,117779,0.000000,0.000000
100424,54416,0.000000,0.141638
120993,61384,0.000000,0.953517
111236,6045,0.000000,0.000009
120993,51478,0.000000,0.842272
96484,6045,0.000000,0.000313
22008,103569,0.000000,0.000000
120978,62118,0.000000,0.021537
117779,8183,0.000000,0.000000
47291,8183,0.000000,0.000013
22008,56124,0.577561,0.130784
23080,19566,0.000000,0.000573
61384,30720,0.000000,0.000003
10912,6045,0.000000,0.103379
73617,100424,0.000000,0.000701
57860,115440,0.000000,0.037765
29243,61242,0.000000,0.015318
62118,8183,0.000000,0.000000
29243,49697,0.000000,0.000889
6045,94439,0.000000,0.128702
72605,100424,0.000000,0.134522
90944,76057,0.000000,0.269958
122608,54416,0.000000,0.275459
104615,120978,0.000000,0.004239
30720,16313,0.000000,0.000572
52250,61242,0.576572,0.665218
62943,52074,0.000000,0.000000
120978,56231,0.000000,0.000996
86410,10912,0.000000,0.251237
72605,10912,0.000000,0.035143
54416,56124,0.577983,0.112455
51478,62118,0.577561,0.514940
122608,120978,0.000000,0.009112
111236,120978,0.000000,0.000000
19566,6045,0.577983,0.064471
16313,89987,0.000000,0.000002
64489,120993,0.000000,0.000000
56231,96484,0.000000,0.000000
28103,56124,0.000000,0.000030
120993,21809,0.000000,0.244246
64489,51478,0.000000,0.000000
85880,100104,0.000000,0.499344
16313,120644,0.000000,0.000225
100424,115440,0.000000,0.037850
122608,72671,0.000000,0.149034
24975,76057,0.000000,0.002341
8183,14205,0.000000,0.000000
112155,21809,0.000000,0.000005
52250,62118,0.577983,0.538058
3034,47291,0.000000,0.139885
28442,120993,0.000000,0.207463
56124,89987,0.000000,0.000065
21809,29243,0.000000,0.318897
51478,14205,0.577561,0.380944
65201,100424,0.000000,0.012176
64489,111002,0.000000,0.000000
49697,22008,0.000000,0.013523
16313,23080,0.000000,0.005601
117779,112155,0.000000,0.000000
96484,122608,0.000000,0.002117
87228,28442,0.000000,0.000041
104615,72671,0.577561,0.259735
28103,62754,0.000000,0.000000
28103,61242,0.000000,0.000000
92749,21809,0.000000,0.000003
94439,10912,0.000000,0.164419
47291,80731,0.000000,0.111375
104615,87228,0.000000,0.000040
9414,22008,0.000000,0.017897
3034,86410,1.000000,0.027261
14205,49697,0.000000,0.000750
51478,22008,1.000000,0.535580
28103,80731,0.000000,0.000000
9414,62943,0.000000,0.000000
80731,85880,0.000000,0.115842
56231,115440,0.000000,0.000000
86410,54416,0.577094,0.142305
122608,104615,0.000000,0.717921
100424,94439,0.000000,0.184981
24975,73617,0.000000,0.073838
3034,120993,0.000000,0.116215
104615,62118,1.000000,0.516019
111002,100424,0.000000,0.000478
73617,36999,0.000000,0.001998
76057,94439,0.000000,0.547039
16313,86410,0.000000,0.000625
28103,85880,0.000000,0.000000
29243,73617,0.000000,0.027113
73617,112155,0.000000,0.000128
62754,120978,0.000000,0.000653
72605,61384,0.000000,0.250953
53065,67186,0.000000,0.000004
102960,42726,0.000000,0.000008
110922,21656,0.000000,0.000000
22804,47667,0.000000,0.209287
37236,117481,0.000000,0.003189
58565,21038,0.000000,0.000268
35066,113663,0.000000,0.000001
22804,92686,0.000000,0.000121
86078,48906,0.000000,0.000002
27557,53204,0.000000,0.092565
55610,13306,0.594734,0.000257
98719,19558,0.000000,0.000640
115221,86078,0.000000,0.494067
86936,1108,0.000000,0.000028
77646,37236,0.000000,0.067106
61273,86078,0.000000,0.000048
53204,35066,0.000000,0.000000
102960,2430,0.000000,0.003762
65133,20278,0.000000,0.278975
77646,67688,0.000000,0.000283
65133,22804,0.000000,0.010683
65133,41467,0.000000,0.086161
5658,20278,0.000000,0.036928
1108,74674,0.000000,0.000000
115221,35066,0.000000,0.000000
12507,109500,0.585668,0.550455
5658,44450,0.000000,0.103493
77646,21038,0.000000,0.002387
71783,65133,0.000000,0.045890
61273,22804,0.000000,0.000019
47667,22804,0.000000,0.246852
44450,92686,0.000000,0.051592
77646,122489,0.000000,0.003855
92686,38759,0.000000,0.027527
99072,53204,0.000000,0.000000
1108,35179,0.000000,0.010258
67688,99072,0.000000,0.000096
47667,99005,0.000000,0.164798
55676,62083,0.000000,0.000064
29467,66249,0.000000,0.040195
61273,62083,0.000000,0.000002
27557,67186,0.000000,0.002116
5658,67186,0.000000,0.001434
98719,55610,0.000000,0.787878
87091,13306,0.594211,0.693585
1108,58443,0.000000,0.004337
80448,44450,0.594734,0.515401
109500,37236,0.000000,0.175099
55676,109500,0.000000,0.434820
66249,30567,0.000000,0.002715
99072,35179,0.000000,0.000014
58443,62083,0.000000,0.000000
55610,72424,0.594211,0.000497
8022,65779,0.594280,0.486636
55610,90514,0.000000,0.000001
48906,71783,0.000000,0.000001
87091,62083,0.000000,0.252286
53065,2430,0.000000,0.143856
122489,98719,0.000000,0.000050
67688,115221,0.000000,0.000002
44450,21656,0.000000,0.000000
38759,42726,0.000000,0.000011
38759,30567,0.594141,0.009061
29467,19558,0.000000,0.049765
72424,58565,0.000000,0.003661
42726,113663,0.000000,0.038260
113663,74674,0.594280,0.635278
62083,94975,0.000000,0.000000
14339,38759,0.000000,0.113068
48906,90514,0.000000,0.005837
62083,67688,0.000000,0.000000
65133,110922,0.000000,0.310714
58443,27557,0.000000,0.000149
86078,92686,0.000000,0.000105
117481,87091,0.000000,0.000579
44450,12507,0.000000,0.051733
65133,55610,0.000000,0.000069
35066,37236,0.000000,0.000012
115221,77646,0.000000,0.031252
30567,57453,0.000000,0.168173
55610,113663,0.595311,0.139319
3541,29467,0.000000,0.001339
19558,67186,0.000000,0.012173
57453,87091,0.000000,0.274843
19558,117481,0.542352,0.159887
30567,22804,0.000000,0.535419
2430,67186,0.000000,0.001233
99005,12507,0.585668,0.540692
1108,55676,0.000000,0.000770
86078,66249,0.000000,0.000036
1108,102960,0.000000,0.006825
73578,35066,0.000000,0.000001
102960,55610,0.000000,0.000039
102960,53204,0.000000,0.004348
58443,35066,0.000000,0.003263
74674,5658,0.000000,0.052723
29467,65779,0.000000,0.024837
99005,42726,0.000000,0.000531
20278,80448,0.594415,0.594443
80448,48906,0.000000,0.000011
99072,14991,0.000000,0.000000
65133,21656,0.000000,0.000000
104057,55676,0.593849,0.586608
80448,72206,0.593924,0.563473
55676,90514,0.000000,0.000064
34128,14991,0.593998,0.598194
3541,67602,0.000000,0.000150
109632,38759,0.000000,0.021430
90514,14991,0.000000,0.000000
67688,80448,0.000000,0.000553
97942,104057,0.593849,0.606675
67186,113663,0.000000,0.000684
34128,90131,0.000000,0.000014
55676,113663,0.594211,0.441592
90514,7193,0.000000,0.000002
58443,67602,0.000000,0.000781
72206,47667,0.593924,0.639610
67186,38759,0.000000,0.000280
20278,20876,0.593773,0.548291
19493,37236,0.593773,0.609546
74674,113663,0.594280,0.646656
115221,67602,0.000000,0.000000
8022,53065,0.594280,0.664363
99072,72424,0.000000,0.000045
53204,21038,0.595364,0.582489
97942,37236,0.593998,0.603033
5018,55676,0.000000,0.000053
49837,90514,0.000000,0.000012
67186,35066,0.000000,0.000662
47667,66249,0.000000,0.033235
20278,58565,0.000000,0.000054
18614,65779,0.594070,0.078730
102960,57155,0.000000,0.000174
102960,90131,0.000000,0.005406
35179,67602,0.000000,0.000414
38759,86936,0.000000,0.000021
7193,90131,0.000000,0.000001
65133,52257,0.000000,0.363324
67602,49837,0.000000,0.000000
48906,80448,0.000000,0.000003
57155,53204,0.000000,0.039469
21656,94975,0.000000,0.000839
109632,97942,0.593998,0.656638
70636,72206,0.000000,0.000001
19558,66249,0.542352,0.029069
18614,5658,0.000000,0.069198
53065,70636,0.000000,0.000000
34128,65779,0.593998,0.243080
70636,53065,0.000000,0.000000
18614,20278,0.594070,0.418305
86042,122489,0.000000,0.001158
55610,87091,0.594211,0.028458
67186,86936,0.000000,0.000207
53204,38759,0.000000,0.035492
52257,7193,0.593998,0.572351
52257,122489,0.000000,0.007125
65133,117481,0.000000,0.000019
86936,80448,0.000000,0.000003
21656,20278,0.000000,0.000000
67186,18614,0.000000,0.011052
18614,52257,1.000000,0.592583
3541,86042,0.000000,0.007706
13306,20876,0.593773,0.537065
72206,55610,0.593924,0.136943
80448,67186,0.000000,0.001421
109632,62083,0.000000,0.000112
18614,65133,0.000000,0.033647
7193,20876,0.593773,0.584168
72206,90514,0.000000,0.000002
1108,109632,0.000000,0.000003
72206,99072,0.000000,0.000000
86936,5018,0.000000,0.005684
55676,53065,0.594211,0.525400
66249,113663,0.000000,0.006033
87091,97942,0.593998,0.640718
34128,70636,0.000000,0.000003
90131,58443,0.000000,0.021375
1108,72206,0.000000,0.000002
34128,38759,0.000000,0.036611
53204,21656,0.000000,0.000000
5018,115221,0.000000,0.009728
72206,65133,0.000000,0.044545
67688,38759,0.000000,0.000380
122489,109632,0.000000,0.004797
21656,35179,0.000000,0.000052
48906,53065,0.000000,0.000000
14991,21038,0.597794,0.612411
19493,41481,0.593773,0.535825
110922,44450,0.595089,0.554249
55610,49837,0.594141,0.114194
72206,58443,0.000000,0.000004
20876,57155,0.000000,0.004231
7193,13306,0.593998,0.635919
110922,67186,0.000000,0.000053
86936,22835,0.000000,0.000090
110922,99072,0.000000,0.000000
72206,122489,0.000000,0.015515
37236,53204,0.594348,0.575754
8022,86042,0.000000,0.292148
90131,20876,0.000000,0.000092
11264,79283,0.000000,0.000002
51021,69359,0.000000,0.006476
4250,35160,0.000000,0.621212
15588,83799,0.000000,0.000178
105308,45683,0.000000,0.197134
98148,83799,0.000000,0.000750
79283,79304,0.000000,0.000179
83799,64776,0.000000,0.000000
72452,102047,0.000000,0.502048
115383,113322,0.000000,0.000044
71709,74603,0.000000,0.001389
40502,65320,0.000000,0.001164
23771,96244,0.000000,0.222881
79304,70946,0.000000,0.952894
107420,115383,0.000000,0.000001
15588,4250,0.000000,0.603195
4250,32597,0.000000,0.334731
51958,38408,0.000000,0.000001
62587,120373,0.000000,0.927355
63087,35160,0.000000,0.002339
32597,57685,0.000000,0.663303
19585,38408,0.000000,0.876374
51021,4250,0.000000,0.000304
51021,71709,0.000000,0.000023
102047,38408,0.000000,0.000046
19585,51021,0.000000,0.000062
56813,64865,0.000000,0.839751
79283,48184,0.000000,0.000000
45683,118084,0.000000,0.000000
85783,45683,0.000000,0.001498
65320,56813,0.000000,0.000411
1272,6681,0.000000,0.558678
77282,108646,0.000000,0.001965
71709,77282,0.000000,0.001457
1272,48184,0.000000,0.000009
86567,96244,0.000000,0.009101
45683,103331,0.571812,0.545412
19585,81945,0.000000,0.000002
44533,23771,0.000000,0.000000
51021,48184,0.000000,0.000006
83799,71709,0.000000,0.001228
102047,68320,0.000000,0.473659
120373,51021,0.000000,0.000009
5059,4250,0.570646,0.354960
81945,5059,0.000000,0.000012
10841,64865,1.000000,0.000360
66415,105308,0.000000,0.000000
47760,51958,0.000000,0.000015
119151,119778,0.000000,0.054826
96244,11264,0.000000,0.173985
62083,85783,0.000000,0.000042
72452,86567,0.000000,0.000014
120373,46634,1.000000,0.004629
81945,10841,0.000000,0.000000
74603,83799,0.000000,0.000000
79304,19585,0.000000,0.751031
57685,28328,1.000000,0.959148
83799,79304,0.000000,0.000102
102047,10841,0.000000,0.000122
51021,51958,0.000000,0.012064
79304,64776,0.000000,0.000000
51021,5059,0.000000,0.000094
81945,67148,0.000000,0.000005
86567,116291,0.000000,0.430313
64865,119151,0.000000,0.068027
38408,44533,0.000000,0.000000
66415,108646,0.000000,0.000000
65320,32597,0.000000,0.000875
81945,113322,0.000000,0.000000
72452,56813,0.000000,0.000651
108646,45683,0.000000,0.405564
57685,32597,0.000000,0.696163
48184,64776,0.000000,0.000000
105308,103331,0.000000,0.120985
19585,10841,0.000000,0.007689
98148,62587,0.000000,0.957467
28328,103331,0.000000,0.824415
14622,83799,0.000000,0.000149
107420,81945,0.000000,0.003984
5059,45683,0.571457,0.567065
51021,40502,0.000000,0.000017
4250,38408,0.000000,0.522050
118084,74603,0.000000,0.000000
10841,63087,0.000000,0.001301
64865,66415,0.000000,0.000000
119151,57685,0.000000,0.063276
67148,119778,0.000000,0.216891
119151,62587,0.000000,0.012172
62083,47760,0.000000,0.321889
45683,38408,0.000000,0.256151
23771,98148,0.000000,0.701482
92348,56813,0.000000,0.915198
6681,118084,0.000000,0.000000
115383,81945,0.000000,0.000000
71709,38408,0.000000,0.896434
10841,68320,0.000000,0.000132
79283,46634,0.000000,0.000033
72452,120373,0.000000,0.000217
47760,83799,0.000000,0.000327
40502,74603,0.000000,0.001025
84769,117779,0.000000,0.000000
104980,31164,0.000000,0.001016
70341,9155,0.000000,0.000040
91081,33871,0.000000,0.000000
49828,9155,0.000000,0.000022
50847,121190,0.579186,0.124012
25042,36342,0.000000,0.000013
23075,65656,0.578595,0.493788
53152,91081,0.000000,0.000000
49828,121190,0.577527,0.540890
96161,23075,0.000000,0.000098
103424,64529,0.000000,0.115833
31164,50847,0.000000,0.000077
81394,31164,0.000000,0.001649
33645,121190,0.578267,0.467064
23075,42550,0.578267,0.532274
40361,38562,0.000000,0.000022
121190,33645,0.578267,0.538400
119209,35392,0.000000,0.058657
49828,23075,0.577527,0.401972
91081,9155,0.000000,0.000000
9155,91302,0.000000,0.000100
5150,90458,0.577527,0.591465
6709,98079,0.000000,0.000009
90458,113040,0.577912,0.619667
50847,117410,0.000000,0.000000
123118,32200,0.000000,0.009615
57635,98079,0.000000,0.000009
103029,121190,0.578900,0.531815
107304,68504,0.577527,0.560471
96458,18557,0.577527,0.585702
36342,103029,0.000000,0.000327
70164,96161,0.000000,0.000191
96458,109632,0.000000,0.001490
65887,68504,1.000000,0.416528
98079,117779,0.000000,0.000000
31164,33871,0.000000,0.025933
103029,112688,0.578267,0.298894
32200,117779,0.000000,0.000000
120693,36342,0.000000,0.000015
32200,9155,0.000000,0.003284
104980,53152,1.000000,0.566662
4345,25042,0.576116,0.824324
120693,123118,0.000000,0.000455
113040,38562,0.000000,0.000033
113040,40361,0.000000,0.000235
23075,120978,0.000000,0.028255
91302,35392,0.578267,0.491353
69051,98079,0.000000,0.000015
64529,77638,0.000000,0.053637
119209,51809,0.000000,0.000054
25042,9155,0.000000,0.000037
57635,69348,0.576116,0.408305
121190,89653,0.578267,0.379268
64529,31164,0.000000,0.000013
62083,67543,0.000000,0.012879
7694,80278,0.000000,0.000000
70341,98079,0.000000,0.000127
33645,41920,0.578267,0.085497
41920,32200,0.577527,0.052079
62083,65656,0.000000,0.000539
62083,50847,0.000000,0.397004
62083,107304,0.000000,0.038418
38562,109632,0.000000,0.000212
70341,35392,0.577912,0.206021
103029,33645,0.578267,0.621268
33871,103424,0.000000,0.000002
90458,23075,0.578267,0.567645
50847,7694,0.577527,0.172575
5150,69051,0.577527,0.223461
40219,117779,0.000000,0.000000
119209,84769,0.000000,0.006442
32200,117410,0.000000,0.000007
64529,103029,0.000000,0.117435
33645,67543,1.000000,0.294218
103424,69051,0.577912,0.526400
80278,18557,0.000000,0.000002
4345,121190,0.576116,0.566524
109632,91081,0.000000,0.000000
120693,109632,0.000000,0.000915
50847,120978,0.000000,0.311836
81394,2361,0.577527,0.349856
77638,53152,0.578267,0.309951
38562,31164,0.000000,0.000010
6709,51809,0.000000,0.000003
84769,9431,0.577105,0.552421
41920,120693,0.579706,0.244180
80278,51809,0.000000,0.000000
64529,113040,0.000000,0.132333
84769,117410,0.000000,0.000661
6709,32200,1.000000,0.557114
65656,5150,0.577527,0.294993
40361,65887,0.000000,0.000096
112688,33871,0.000000,0.000005
65656,9155,0.000000,0.000024
123118,103029,0.000000,0.006188
25042,117779,0.000000,0.000000
23075,91081,0.000000,0.000000
4345,119209,0.000000,0.061391
32200,38562,0.000000,0.000001
62083,51432,0.000000,0.000048
101029,17895,1.000000,0.998192
59523,37104,1.000000,0.993979
122566,101766,1.000000,0.610246
82058,58613,0.000000,0.000001
37104,91616,1.000000,0.983755
101029,24323,1.000000,0.998258
62083,97382,1.000000,1.000000
62083,101417,1.000000,1.000000
62083,86911,1.000000,0.999930
86911,103144,1.000000,0.994087
56325,81156,1.000000,0.994707
84780,81156,1.000000,0.999436
56325,101417,1.000000,0.991093
86911,101029,1.000000,0.983417
110423,59523,1.000000,0.995491
111191,51432,0.000000,0.000056
44550,62083,1.000000,1.000000
61508,51432,0.000000,0.000003
62948,97382,1.000000,0.991175
62948,17914,1.000000,0.995783
22054,110423,0.000000,0.000001
22054,56725,0.000000,0.000138
3103,24323,0.000000,0.000000
122566,101417,1.000000,0.998011
84780,56725,1.000000,0.893990
38575,91616,1.000000,0.996491
59523,111771,1.000000,0.662147
60414,91616,0.000000,0.996311
101029,62083,1.000000,1.000000
122566,61508,1.000000,0.998846
110423,111191,1.000000,0.996520
61508,62083,1.000000,1.000000
109808,101417,1.000000,0.898659
111771,60414,0.000000,0.789210
51432,61508,0.000000,0.000001
56725,49442,1.000000,0.065083
111191,81156,1.000000,0.992692
20115,110423,1.000000,0.997901
60414,41383,0.000000,0.000003
17914,41383,0.000000,0.000004
17895,51432,0.000000,0.000003
49442,37104,1.000000,0.692048
82058,24323,0.000000,0.000001
111191,60414,0.000000,0.989816
41383,59523,0.000000,0.000000
41383,17895,0.000000,0.000000
97382,101417,1.000000,0.998574
15625,49442,1.000000,0.524763
121589,81156,1.000000,0.535426
62948,44550,1.000000,0.995857
15625,24323,1.000000,0.995531
49442,62948,1.000000,0.974215
38575,101417,1.000000,0.997857
22054,61508,0.000000,0.000001
91616,77512,1.000000,0.902082
49442,22054,0.000000,0.000005
77512,81156,1.000000,0.943580
111191,62083,1.000000,0.931003
56325,97382,1.000000,0.955968
62948,84780,1.000000,0.994552
59523,41383,0.000000,0.000003
38575,17914,1.000000,0.996283
59523,38575,1.000000,0.994302
41383,56325,0.000000,0.000002
56325,59523,1.000000,0.985741
109808,56725,1.000000,0.871248
109808,111771,1.000000,0.830903
17914,51432,0.000000,0.000005
24323,60414,0.000000,0.996591
22054,60414,0.000000,0.000000
97382,41383,0.000000,0.000013
101029,59523,1.000000,0.996420
101766,22054,0.000000,0.000650
61508,44550,1.000000,0.997840
20115,44550,1.000000,0.997625
56325,51432,0.000000,0.000056
44550,97382,1.000000,0.992564
122566,17895,1.000000,0.997812
44550,49442,1.000000,0.806342
122566,59523,1.000000,0.996153
24323,110423,1.000000,0.997071
17914,91616,1.000000,0.995018
56325,61508,1.000000,0.992464
15625,58613,1.000000,0.994630
97382,101029,1.000000,0.996775
17895,17914,1.000000,0.997325
60414,17895,0.000000,0.997715
51432,44550,0.000000,0.000000
58613,111771,1.000000,0.645255
60414,15625,0.000000,0.995691
82058,122566,0.000000,0.000001
81156,17895,1.000000,0.998800
91616,109808,1.000000,0.823699
44550,17895,1.000000,0.996631
38575,62083,1.000000,0.989793
51432,101417,0.000000,0.000000
44550,59523,1.000000,0.995887
58613,91616,1.000000,0.994369
49442,81156,1.000000,0.982787
62729,54616,0.665516,0.473025
50269,77898,1.000000,0.520102
112561,45149,0.664302,0.299560
16358,71880,0.000000,0.000020
98313,5336,0.665516,0.471559
47167,82427,1.000000,0.981775
95617,119208,0.664070,0.514887
54616,45380,0.666417,0.538178
99156,71880,1.000000,0.715717
78726,57023,0.664000,0.437343
81138,99156,0.000000,0.001025
89675,45149,0.664759,0.316385
84168,99806,0.665255,0.523825
99684,28751,1.000000,0.919345
82427,52003,0.000000,0.000017
5651,58571,0.662659,0.433820
64842,28751,0.000000,0.000060
49788,49555,0.665991,0.160576
84168,107664,0.000000,0.000003
71880,120196,0.000000,0.000138
3637,99156,0.000000,0.000128
99156,107664,1.000000,0.738910
62729,16414,0.664521,0.472155
57305,11193,0.665114,0.501390
23857,23544,0.000000,0.000023
37833,57023,0.664000,0.105125
112561,15298,0.000000,0.169220
86952,80327,0.663297,0.306765
99806,112561,0.664302,0.533886
63726,73491,0.000000,0.000075
41333,28751,0.000000,0.000029
119208,57846,0.664070,0.584188
77953,33756,0.000000,0.000141
95617,101932,0.663825,0.737027
99011,89675,0.664728,0.547629
98313,52306,0.664302,0.508068
11193,64842,0.666417,0.495460
99011,64842,0.664728,0.547947
45380,77953,0.000000,0.000009
15298,57846,0.000000,0.162786
119208,37833,0.664070,0.156144
41333,49788,0.664422,0.591700
119550,99806,0.665630,0.514732
57305,120955,0.664728,0.543899
5651,81138,0.662659,0.215752
15298,107554,0.000000,0.156275
3637,49555,0.665516,0.144031
95617,112561,0.664302,0.507693
73491,61340,0.000000,0.000088
95617,84168,0.665255,0.522199
111288,64842,0.666417,0.495581
50269,99011,0.664728,0.493188
28751,119550,0.000000,0.001965
86952,62729,0.665114,0.282664
107664,45149,0.000000,0.000233
62729,80817,1.000000,0.688267
107664,80327,0.000000,0.000400
23857,77953,0.000000,0.991572
107664,57846,0.000000,0.000188
82427,80327,0.000000,0.000211
99156,41333,0.000000,0.000052
81138,3637,0.665516,0.274361
71880,5336,0.000000,0.000198
81138,14870,0.663306,0.274291
120196,98313,0.665516,0.512152
3637,107664,0.000000,0.000010
81138,80817,0.665516,0.274520
84168,63726,0.665255,0.523722
52306,120196,0.664302,0.591782
50269,95629,0.665516,0.468570
41333,120196,0.664422,0.585410
82427,73491,1.000000,0.956138
77953,86952,0.000000,0.000300
64842,98313,0.665516,0.472890
107554,120196,0.664070,0.516944
45149,11193,0.666210,0.311098
16358,45380,0.666417,0.538850
58571,62729,0.665516,0.470366
57846,107664,0.000000,0.000009
45149,80817,0.665516,0.287135
61340,41333,0.663783,0.582664
57305,107554,0.664070,0.478198
18439,95629,0.664521,0.477316
5651,107554,0.662659,0.443628
84168,73491,0.000000,0.000003
80817,23857,0.000000,0.000028
5651,62729,0.662659,0.441213
37833,41333,0.664422,0.148526
78726,119208,0.664070,0.526566
84168,101932,0.663825,0.530399
52003,99156,0.000000,0.000018
64842,73491,0.000000,0.000034
99156,120955,0.000000,0.000030
58571,45846,0.664002,0.540727
107664,86952,0.000000,0.000523
80327,63726,0.663297,0.557734
45149,28751,0.000000,0.000042
23544,107664,0.000000,0.000003
63726,15298,0.000000,0.158429
57846,99806,0.665630,0.547072
35179,102960,0.000000,0.001382
117481,20278,0.000000,0.000032
67186,100200,0.000000,0.002028
22835,86079,0.000000,0.003532
86936,98906,0.000000,0.000002
55610,113663,0.595311,0.139319
13194,117481,0.000000,0.004066
74674,62083,0.000000,0.001947
121069,113663,0.000000,0.023797
98906,66674,0.000000,0.000040
55676,13299,0.000000,0.012207
19558,66674,0.000000,0.014218
100200,44450,0.000000,0.090481
44450,107005,0.000000,0.510136
62083,38759,0.000000,0.000000
49837,58443,0.000000,0.000001
37236,49837,0.594141,0.509401
3541,21656,0.000000,0.000060
973,117481,0.000000,0.001249
110922,13299,0.000000,0.005924
62083,19558,0.000000,0.000000
110922,19558,0.000000,0.002217
117481,98906,0.000000,0.000047
100200,85220,0.000000,0.000140
49837,47667,0.594141,0.061527
122489,85220,0.000000,0.000493
14991,37236,0.594348,0.650366
99342,102960,0.000000,0.000707
65779,53065,0.594415,0.507662
44450,110922,0.595089,0.592890
22835,35066,0.000000,0.004598
85220,121069,0.000000,0.019423
66249,53204,0.000000,0.000803
122489,121069,0.000000,0.000001
973,113663,0.000000,0.021331
55610,67688,0.000000,0.000000
35066,29467,0.000000,0.000008
99072,62083,0.000000,0.000000
121069,90185,0.000000,0.000447
100200,84953,1.000000,0.494301
3541,13299,0.000000,0.000045
99342,90185,0.000000,0.033257
30567,86079,0.000000,0.004341
107005,110922,0.000000,0.460548
107005,48906,0.000000,0.000002
90514,86079,0.000000,0.000009
107005,67688,0.000000,0.000007
115221,84953,0.000000,0.015390
90185,62083,0.000000,0.000056
100200,55676,0.000000,0.243724
18614,67186,0.000000,0.002116
55610,86079,0.000000,0.000065
90185,55610,0.000000,0.000098
18614,49375,0.000000,0.001047
22835,8022,0.000000,0.000076
66674,66249,0.000000,0.000621
13306,53065,0.594415,0.595096
62083,35179,0.000000,0.000000
80448,122489,0.000000,0.018066
110922,21038,0.595470,0.560270
55610,122489,0.000000,0.000000
49375,115221,0.000000,0.178317
80448,99342,0.000000,0.010069
13299,67186,0.000000,0.000063
107005,22990,0.000000,0.001899
90131,18614,0.000000,0.001845
87091,37236,0.594211,0.676832
98906,55676,0.000000,0.004284
55610,99072,0.000000,0.000001
35179,973,0.000000,0.008698
86079,35066,0.000000,0.000019
3541,37236,0.000000,0.008091
13299,65779,0.000000,0.043457
66249,84953,0.000000,0.001151
99072,35066,0.000000,0.001360
90185,19558,0.000000,0.008094
86079,49837,0.000000,0.249713
55676,47667,0.594211,0.360941
100200,121069,0.000000,0.000025
35066,90514,0.000000,0.216264
80448,55676,0.594211,0.204224
19558,47667,0.000000,0.025511
65779,13299,0.000000,0.038382
94975,38759,0.000000,0.000029
8022,90131,0.000000,0.000000
37236,38759,0.594141,0.049778
74674,102960,0.000000,0.002143
99072,84953,0.000000,0.000002
66674,90514,0.000000,0.000003
20278,47667,0.594415,0.539693
38759,49837,1.000000,0.032244
90514,20278,0.000000,0.000001
20278,102960,0.000000,0.000414
55676,107005,0.000000,0.005905
117481,22990,0.000000,0.000238
113663,66674,0.000000,0.026045
22835,37236,0.000000,0.009743
102960,115221,0.000000,0.001457
86936,65779,0.000000,0.001448
1108,65779,0.000000,0.000101
52524,28347,0.000000,0.274067
83971,31980,0.000000,0.339040
25530,71073,0.000000,0.000174
120423,71950,0.000000,0.000004
116898,42768,1.000000,0.458991
13073,113668,0.000000,0.003668
101167,42843,0.000000,0.005352
13073,14006,0.000000,0.000000
120423,16457,0.000000,0.000016
30440,2678,0.000000,0.034303
16457,116898,0.000000,0.000010
7384,101167,0.000000,0.000080
31980,103353,0.000000,0.067024
54447,74277,0.000000,0.000037
114467,85955,0.000000,0.346274
42768,120423,0.000000,0.510503
42768,34853,0.000000,0.160648
19749,81537,0.000000,0.000441
71073,56231,0.000000,0.000000
116201,50246,0.000000,0.012250
83971,67767,0.000000,0.000000
11361,104268,0.552280,0.000001
44008,54211,0.000000,0.003989
2678,30440,0.000000,0.054012
94962,71950,0.000000,0.000042
11361,85955,0.000000,0.000002
3006,119810,0.000000,0.000001
7384,42843,0.000000,0.000089
94159,42843,0.000000,0.000811
62083,28347,0.000000,0.000008
56231,16457,0.000000,0.000000
31980,116898,0.000000,0.000008
104268,18,0.000000,0.000022
16457,22494,0.000000,0.669933
59764,93270,0.000000,0.003938
5692,72272,0.000000,0.126059
28347,111579,0.000000,0.020545
24195,93270,0.542689,0.592136
114467,76412,0.000000,0.008038
62943,15685,0.000000,0.000000
111579,32052,0.000000,0.200570
73529,56231,0.000000,0.000000
93270,94962,0.000000,0.000001
1448,62943,0.000000,0.000000
34853,2678,0.000000,0.029801
83971,119810,0.000000,0.000001
59764,94159,0.000000,0.000000
62083,116201,0.000000,0.000000
116201,73529,0.000000,0.001486
71073,73529,0.000000,0.001159
114467,119810,0.000000,0.000001
30440,46792,0.000000,0.195034
76412,31980,0.543118,0.394648
7384,15685,0.000000,0.000027
71950,50246,0.000000,0.385791
61291,34853,0.000000,0.000332
13073,22494,0.000000,0.000320
59764,54211,0.000000,0.000008
16457,113668,0.000000,0.351901
116201,83971,0.000000,0.429832
33257,59764,0.000000,0.000006
46792,32052,0.000000,0.111022
33257,28347,0.000000,0.067365
33257,74277,0.000000,0.000000
50246,15685,0.000000,0.646533
11361,30440,0.000000,0.000001
61291,5692,0.000000,0.005933
50246,85955,0.000000,0.015241
5362,22494,0.000000,0.001112
104268,74277,0.000000,0.000108
15685,56231,0.000000,0.000000
18,2678,0.000000,0.128131
2678,7384,0.000000,0.313014
44008,52524,0.000000,0.596306
103353,7384,0.000000,0.000000
46792,61291,0.000000,0.001017
29449,116201,0.000000,0.000000
1448,113668,0.000000,0.599185
5692,120423,0.000000,0.000028
119810,19749,0.000000,0.000072
113668,42768,0.000000,0.000001
46792,7384,0.000000,0.000000
114467,5692,0.000000,0.000391
59764,104268,0.000000,0.000150
3006,81537,0.000000,0.034877
103353,76412,0.000000,0.000610
111579,74277,0.000000,0.029021
24195,31980,0.000000,0.419706
44008,62083,0.000000,0.000008
44008,29449,0.000000,0.000000
116201,74277,0.000000,0.453603
104268,62943,0.000000,0.000000
14006,116201,0.000000,0.000010
14006,101167,0.000000,0.000310
5362,52524,0.000000,0.000006
83971,18,0.000000,0.060711
56231,5692,0.000000,0.000000
14006,119810,0.000000,0.000824
104268,113668,0.000000,0.118799
116201,119810,0.000000,0.000000
88553,81414,0.000000,0.004702
55965,81238,0.544231,0.048920
46392,22736,0.543328,0.087583
12549,118572,0.000000,0.179453
5879,44441,1.000000,0.990888
86692,49497,0.000000,0.054274
24388,49497,0.000000,0.003514
81667,23653,0.000000,0.000608
109160,49497,0.000000,0.004067
14923,114093,0.000000,0.000606
118194,23653,0.000000,0.000255
9018,64579,0.000000,0.000009
32891,114586,0.000000,0.000000
42808,74125,0.000000,0.140004
115788,72792,0.000000,0.456311
48710,106900,0.000000,0.541967
74125,52252,0.543328,0.336795
103534,9018,0.000000,0.000020
26897,27380,0.000000,0.000000
463,46392,0.543328,0.404116
55171,463,0.544623,0.006496
118194,115788,0.000000,0.330990
48242,24388,0.000000,0.004546
62083,122944,0.000000,0.000000
86692,66445,0.000000,0.543089
14923,64198,0.545918,0.316258
20448,38394,0.000000,0.037119
81667,49497,0.000000,0.039532
52568,38394,0.000000,0.035962
81667,12549,0.000000,0.003208
74125,109160,0.000000,0.000551
103534,66445,0.544231,0.086929
118572,114586,0.000000,0.000005
32891,52568,0.000000,0.000004
55965,50334,0.000000,0.037590
91462,103534,0.000000,0.039727
93879,35403,0.543328,0.009681
92880,103534,0.000000,0.100537
103534,5283,0.000000,0.044059
52568,35403,0.000000,0.003494
74125,35403,0.544623,0.199667
44441,62837,0.000000,0.021745
52568,48242,0.000000,0.000821
47742,81238,0.000000,0.000000
109815,48859,0.543802,0.096695
5283,42808,0.000000,0.047510
91462,2868,0.000000,0.258829
27380,116850,0.526642,0.332220
70231,72792,0.000000,0.000000
118572,5879,0.000000,0.000242
103534,122944,0.546691,0.412877
20448,48710,0.000000,0.014515
3574,114586,0.000000,0.331104
36071,48710,0.544231,0.136907
118572,12549,0.000000,0.082387
27380,48242,0.000000,0.065702
48710,46392,0.543328,0.366302
64579,103534,0.546691,0.439617
35403,86692,0.000000,0.455823
64198,48242,0.545918,0.013156
55171,26897,0.000000,0.000059
64579,52568,0.000000,0.000001
35403,50334,0.000000,0.351856
81238,35403,0.544231,0.217758
52568,3574,0.000000,0.012423
56644,114586,0.000000,0.000001
74125,9018,0.000000,0.000025
106900,27380,0.000000,0.003021
106900,3574,0.000000,0.000035
93879,38394,0.543328,0.005468
109160,14923,0.000000,0.000713
40005,36071,0.544623,0.029503
91462,49497,0.000000,0.047181
5283,62837,0.000000,0.448857
91462,72792,0.000000,0.240164
62083,36071,0.000000,0.001758
42808,22736,0.000000,0.073721
118572,23653,0.000000,0.000865
88553,47742,0.000000,0.000000
46392,5879,0.000000,0.000075
27380,55965,0.000000,0.081676
48242,20448,0.000000,0.001007
115788,22736,0.543802,0.173607
22736,9018,0.000000,0.000007
74125,93879,0.543328,0.004088
12549,118194,0.000000,0.270160
116850,66445,0.000000,0.072964
52252,42808,0.000000,0.119792
48859,23653,0.000000,0.000014
91462,92880,0.000000,0.405293
55965,23653,0.000000,0.000022
109160,81414,0.000000,0.000093
62837,5283,0.000000,0.392708
3574,5879,1.000000,0.599030
92880,37377,0.000000,0.009292
118572,16494,0.000000,0.104379
52252,74125,0.543328,0.346112
116850,20448,0.000000,0.006558
74125,92880,0.000000,0.146697
72792,38394,0.000000,0.094097
95010,64856,0.547352,0.569280
113663,3283,0.547042,0.452770
113663,80706,0.547352,0.544784
116967,74978,1.000000,0.581289
123178,121208,0.000000,0.000000
15736,731,0.547352,0.573827
84540,66590,0.000000,0.000017
95010,77997,1.000000,0.542169
82721,77997,1.000000,0.402208
82721,66590,0.547352,0.517330
23250,54118,0.547642,0.093378
2637,66341,0.549273,0.596030
23250,57583,0.547642,0.593196
80706,99217,0.547352,0.583209
54118,93289,0.547915,0.579396
2637,74978,0.547915,0.566562
91821,47746,0.549073,0.359827
84540,48249,0.000000,0.000030
12520,80706,0.547042,0.457935
10131,35380,0.000000,0.025178
32337,22051,0.548645,0.568532
105872,23250,0.547352,0.664538
22051,95010,0.547352,0.599530
71986,82721,0.547352,0.535900
66590,71986,1.000000,0.571125
35380,10290,0.000000,0.012642
75181,82721,1.000000,0.094338
21477,97075,0.547352,0.210790
79871,47746,0.000000,0.000063
123178,53204,0.547642,0.546743
113663,66590,0.547642,0.257620
10131,57946,0.000000,0.608065
29370,80706,0.547352,0.628244
15736,10131,0.547042,0.579830
116967,105872,0.547352,0.577138
66341,10290,0.547042,0.541752
108328,10623,0.000000,0.000000
74978,95264,0.547915,0.569004
110521,57946,0.000000,0.547986
88296,75181,0.547352,0.253058
66341,93289,0.547915,0.573524
10131,10290,1.000000,0.603943
84540,119495,0.000000,0.000032
731,110521,0.548172,0.577677
48249,110271,0.547642,0.499965
23250,66590,1.000000,0.560816
75181,77997,1.000000,0.425787
40962,80571,0.548645,0.604990
80706,75181,1.000000,0.025070
10131,3952,0.547042,0.606253
99217,106410,0.548172,0.568946
731,35380,0.000000,0.009701
40962,84540,0.000000,0.000510
116967,37504,0.547915,0.362522
91202,123178,1.000000,0.570923
108328,123178,0.000000,0.000000
57946,91821,0.000000,0.190430
94753,108328,0.000000,0.000000
21477,47746,0.547352,0.342007
57583,29370,1.000000,0.067239
119495,40962,0.548864,0.557196
95264,106410,0.548172,0.628168
40962,21477,0.547352,0.146188
7799,119495,0.547042,0.518656
37504,40962,0.548415,0.586319
94753,71986,0.000000,0.438995
108328,87505,0.000000,0.000000
10131,731,0.547042,0.597448
3283,32337,0.547042,0.588762
88296,106410,0.547642,0.519443
29370,94753,0.000000,0.024966
32337,71986,0.547642,0.509637
95010,15736,1.000000,0.508904
105872,22051,0.547352,0.617281
57583,54118,0.548415,0.181428
82721,113663,0.547352,0.265182
21477,57583,0.547352,0.384710
93289,44056,0.547915,0.639700
66590,93289,0.547642,0.547520
18368,66341,0.548645,0.626393
80706,119495,0.547352,0.592272
53204,23250,0.547642,0.298162
23250,2637,0.547642,0.572229
116967,54118,0.547915,0.545936
105872,113663,0.547352,0.619208
79871,80706,0.000000,0.000089
54118,80571,0.548645,0.446873
53204,80706,0.547352,0.588056
80706,116967,0.547352,0.552394
93289,12520,0.547042,0.318892
94753,7514,0.000000,0.236622
123178,18368,0.547642,0.617999
80571,110521,0.548172,0.496345
119495,47746,0.549824,0.593354
113663,53204,0.554924,0.582587
40962,15736,0.547352,0.640102
105872,94753,0.000000,0.567183
64856,75181,0.547352,0.015557
95010,23250,0.547352,0.499576
84540,80706,0.000000,0.000094
101846,28354,0.548246,0.559914
1424,44100,0.548246,0.615283
62083,26083,0.000000,0.000263
42228,61258,0.549708,0.534724
113665,53065,0.548579,0.324986
13218,61258,0.548246,0.565782
1424,49816,0.548246,0.642911
7514,75875,0.548579,0.458599
74506,17071,0.548889,0.606317
102226,21634,0.000000,0.610530
62083,17071,0.000000,0.002635
13218,26936,0.000000,0.011105
65133,101846,0.548889,0.513208
74506,87004,0.548579,0.541871
101846,41723,0.548246,0.610208
32774,54997,0.000000,0.540630
29915,32774,0.000000,0.001232
40884,7514,0.000000,0.548915
95010,102226,0.000000,0.574778
29409,80571,0.548246,0.577930
21249,92396,0.000000,0.000022
92396,49816,0.000000,0.000043
36613,54997,0.000000,0.633031
61342,22993,0.548579,0.578882
110271,95010,0.548889,0.519515
28354,61258,0.548246,0.576833
65133,13218,0.548246,0.196375
53644,8022,0.548246,0.585298
20706,28354,1.000000,0.612499
28354,21249,1.000000,0.540317
78146,26083,0.548579,0.544005
48249,41530,0.548246,0.490243
75875,54997,0.000000,0.625394
22051,8022,0.550181,0.593171
91060,28354,0.548246,0.538272
7514,62083,0.000000,0.000411
22051,113663,0.550181,0.571957
66341,41530,0.548246,0.554370
116967,87004,0.548579,0.583906
22051,61258,0.550181,0.586612
15736,95010,1.000000,0.502665
26936,28354,0.000000,0.048530
53204,35711,0.549179,0.549335
74506,110271,0.549179,0.434143
113663,21249,0.548246,0.377058
15736,7514,0.548889,0.556669
87004,22051,0.548579,0.552419
65133,40884,0.000000,0.065135
10290,77997,0.548579,0.547695
113665,74506,0.548579,0.469853
21634,22051,0.548246,0.538221
40058,4945,1.000000,0.644930
4945,29915,0.000000,0.343914
22993,32774,0.548579,0.231162
53065,41723,0.548246,0.608098
28354,1424,0.548246,0.596589
95010,7514,0.548889,0.489057
8022,52664,0.548579,0.562166
65133,95010,0.548889,0.208533
66341,86971,0.000000,0.000022
13218,40058,1.000000,0.639605
26936,21249,0.000000,0.008108
78146,21070,0.548579,0.587262
87004,22993,1.000000,0.584912
1424,87778,1.000000,0.610743
61342,42228,0.548889,0.555510
80571,1424,0.548579,0.605409
1424,29915,0.000000,0.197825
7514,74506,0.549179,0.536669
29915,113665,0.000000,0.000188
116967,66341,0.549451,0.500000
17071,40884,0.000000,0.670664
70992,101846,0.548889,0.579583
35711,4945,0.548246,0.613310
62083,87778,0.000000,0.000066
4945,48249,0.548246,0.391491
12438,49816,0.548246,0.604194
77997,53065,0.548889,0.306211
116967,29409,0.548246,0.569580
52664,28354,0.548246,0.568875
41723,8022,0.548246,0.559435
26083,53204,0.548579,0.583954
54997,29915,0.000000,0.000528
54997,21249,0.000000,0.539599
75875,29915,0.000000,0.000558
110271,101846,0.548889,0.526198
57617,36613,0.549179,0.615341
7514,66341,0.549179,0.550870
74506,113665,0.548579,0.482080
7514,4945,0.548246,0.618756
53204,53644,0.548246,0.558071
29915,49816,0.000000,0.004562
113665,77997,0.548579,0.558403
4945,53065,0.548246,0.588732
29915,116967,0.000000,0.004861
57617,53644,0.548246,0.598468
21634,110271,0.548246,0.517308
29409,110271,0.548246,0.555112
26936,4945,0.000000,0.377829
91060,41530,0.548246,0.611942
43011,95349,0.587612,0.455760
95774,59662,0.000000,0.460661
26876,95349,0.587612,0.432948
4059,6574,1.000000,0.721614
5653,46751,0.000000,0.000001
82678,44885,0.000000,0.203812
45437,26876,0.590812,0.530907
5653,46889,0.000000,0.000123
47920,87306,0.586551,0.471634
7201,31767,0.589599,0.576058
44885,49814,0.590960,0.559838
95808,45437,0.591760,0.582517
21090,104259,0.586934,0.490174
31767,36965,0.589599,0.553947
6574,95774,0.591104,0.535406
80051,81607,0.000000,0.000046
43011,46889,0.000000,0.000085
82678,21975,0.000000,0.181627
82678,80051,0.000000,0.276282
82678,27827,0.000000,0.263119
76405,46751,0.000000,0.000012
48969,63413,0.000000,0.408148
43011,18024,0.588200,0.428156
4301,13357,0.000000,0.286162
29508,43011,0.000000,0.000050
104259,22969,0.591509,0.568537
5600,82678,0.000000,0.272451
62390,95808,0.590160,0.588992
34990,121597,0.591636,0.599924
5653,41761,0.588717,0.540228
29508,7201,0.000000,0.000981
7201,81418,0.000000,0.262622
4059,36965,0.592222,0.655915
43011,45437,0.588200,0.438631
4059,4301,0.000000,0.462791
95774,4059,0.591104,0.537734
18024,67839,0.588955,0.454732
36965,80051,0.589794,0.491168
87306,95349,0.586551,0.505193
48969,45437,0.591636,0.549030
44885,85544,0.589180,0.536512
12278,76405,0.589794,0.500987
57667,27827,0.589395,0.495370
62083,81418,0.000000,0.000494
31767,104259,0.589599,0.552709
49814,22969,0.590960,0.596165
81607,49814,0.000000,0.000138
59662,2279,0.000000,0.466526
7201,61143,0.591636,0.581238
31767,44885,0.589599,0.553782
6574,45437,0.591760,0.546037
7201,95774,0.591104,0.574646
43011,87306,0.586551,0.495815
63413,48969,0.000000,0.395685
82678,120013,0.000000,0.284613
104259,4301,0.000000,0.460094
121741,7201,0.590658,0.554118
5600,13357,0.588717,0.513239
107711,36965,0.587612,0.397881
61121,82678,0.000000,0.000184
61143,107711,0.587612,0.422099
120013,95808,0.589395,0.500642
120013,118801,0.589395,0.485929
18024,18623,0.587916,0.468144
79749,61143,0.591636,0.581724
87306,47920,0.586551,0.483261
110033,76405,0.590812,0.522987
21975,18024,0.591760,0.535111
76405,81607,0.000000,0.000125
4301,110033,0.000000,0.460788
4301,96002,0.000000,0.278704
59662,104259,0.000000,0.488202
121597,34990,0.591636,0.598029
95808,110033,0.592222,0.588122
7201,104259,0.591636,0.581216
59662,121741,0.000000,0.464850
61143,120013,0.589395,0.485886
62390,18623,0.587916,0.558234
79749,44885,0.591880,0.584222
7201,110033,0.591760,0.581026
96263,61143,0.587916,0.423751
48969,84529,0.590498,0.554747
43011,31767,0.588200,0.483924
85544,43011,0.588200,0.504773
76405,6574,0.590812,0.530588
21975,82678,0.000000,0.185853
62083,12278,0.000000,0.000098
27827,4301,0.000000,0.428487
121741,5653,0.588717,0.534149
87306,67839,0.586551,0.502552
63413,13357,0.000000,0.453230
84529,81607,0.000000,0.000025
48969,80051,0.589794,0.494956
21975,62390,0.590160,0.583833
18024,118801,0.591636,0.523051
5600,87306,0.586551,0.539824
18623,43011,0.587916,0.530475
7201,118801,0.591636,0.581161
36965,81418,0.000000,0.274125
15693,104259,0.591636,0.581458
44700,10108,1.000000,0.972615
40922,10108,1.000000,0.699213
85105,24736,1.000000,0.818448
103151,62083,1.000000,0.949201
104273,45132,1.000000,0.013928
35231,63170,0.000000,0.000008
45132,67880,0.000000,0.011606
118600,35231,0.000000,0.028117
103151,63170,0.000000,0.000295
27561,83939,0.000000,0.029284
63170,45132,0.000000,0.000121
35231,45132,0.000000,0.058590
10108,63170,0.000000,0.000378
23283,24736,1.000000,0.864691
44700,7280,0.000000,0.028521
7280,62083,0.000000,0.017459
10108,103151,1.000000,0.962516
85105,45132,1.000000,0.980058
63170,104273,0.000000,0.000000
63170,7280,0.000000,0.000062
27561,118600,0.000000,0.065604
62083,35231,0.000000,0.010048
67880,46835,0.000000,0.035092
67880,45132,0.000000,0.045265
17108,40922,0.000000,0.081641
10108,27561,0.000000,0.023762
17108,44700,0.000000,0.068358
104273,21972,1.000000,0.006850
46835,118600,1.000000,0.938132
14498,62083,0.000000,0.190194
118600,40922,1.000000,0.893792
103151,38054,0.000000,0.006560
67880,40922,0.000000,0.066814
44700,21972,1.000000,0.964506
67880,7280,0.534962,0.067836
7280,10108,0.000000,0.050578
118600,46835,1.000000,0.937159
118600,17108,0.000000,0.031946
45132,21972,1.000000,0.984815
118600,38054,0.000000,0.006362
44700,38054,0.000000,0.005130
40922,14498,0.000000,0.029276
24736,35231,0.000000,0.035222
103151,21972,1.000000,0.968502
14498,7280,0.000000,0.056154
85105,62083,1.000000,0.975697
118600,85105,1.000000,0.974378
10108,21972,1.000000,0.953061
38054,24736,0.000000,0.038696
83939,40922,0.000000,0.066071
46835,67880,0.000000,0.014061
104273,23283,1.000000,0.006074
38054,40922,0.000000,0.031044
40922,104273,1.000000,0.003366
7280,118600,0.000000,0.065019
104273,46835,1.000000,0.025540
23283,35231,0.000000,0.029190
103151,118600,1.000000,0.952322
14498,40922,0.000000,0.044972
7280,67880,0.534962,0.082449
7280,38054,0.000000,0.012624
40922,27561,0.000000,0.093401
17108,85105,0.000000,0.042885
27561,10108,0.000000,0.051346
35231,10108,0.000000,0.030083
14498,83939,0.000000,0.021018
40922,83939,0.000000,0.039455
40922,23283,1.000000,0.872512
7280,35231,0.534962,0.101212
38054,27561,0.000000,0.013643
83939,118600,0.000000,0.151007
85105,83939,0.000000,0.032443
35231,62083,0.000000,0.032249
35231,85105,0.000000,0.032212
35231,44700,0.000000,0.051345
23283,44700,1.000000,0.953063
27561,38054,0.000000,0.005242
46835,23283,1.000000,0.956356
14498,63170,0.000000,0.000009
21972,17108,0.000000,0.018945
45132,14498,0.000000,0.003515
35231,21972,0.000000,0.033766
14498,23283,0.000000,0.024501
17108,21972,0.000000,0.045882
45132,85105,1.000000,0.980984
45132,63170,0.000000,0.000147
35231,17108,0.000000,0.093718
103151,104273,1.000000,0.042699
118600,103151,1.000000,0.937989
46835,85105,1.000000,0.954223
40922,38054,0.000000,0.007898
27561,7280,0.000000,0.018146
23283,14498,0.000000,0.008469
85105,67880,0.000000,0.004660
62083,27561,0.000000,0.089304
17108,23283,0.000000,0.076821
62083,45132,1.000000,0.993563
83939,10108,0.000000,0.093716
67880,21972,0.000000,0.019177
104273,118600,1.000000,0.013791
122093,90669,0.565035,0.890310
90669,8293,0.000000,0.148049
39592,11184,0.000000,0.128704
29717,51735,0.564040,0.254933
70608,45241,0.000000,0.001745
67213,62943,0.000000,0.000000
40605,46792,0.000000,0.000000
18636,75134,0.565848,0.370513
90669,20768,1.000000,0.566597
106857,18636,0.565848,0.186517
46792,17821,0.000000,0.000001
6077,113391,0.000000,0.000999
14353,18942,0.000000,0.088823
29717,106857,0.564040,0.034303
30414,90809,0.566536,0.156075
92936,90065,0.000000,0.000033
44465,759,0.000000,0.000000
103816,11184,0.565035,0.353496
2863,30414,0.565035,0.000041
24649,45869,0.565848,0.398983
90133,51735,0.565848,0.614580
62943,122991,0.000000,0.000000
59331,31738,0.000000,0.345252
17821,18636,0.565035,0.104564
108479,90133,0.565035,0.387210
76452,31804,0.000000,0.006662
94847,108479,0.000000,0.334052
11184,4577,0.000000,0.069601
122991,18942,0.000000,0.089405
91328,30414,0.565848,0.015381
115688,45241,0.000000,0.000011
31804,49842,1.000000,0.655505
110195,11184,0.000000,0.005661
46792,108479,0.000000,0.000018
60185,17821,0.000000,0.000158
4577,90809,0.000000,0.151563
31804,30414,0.565848,0.101114
16966,8405,0.000000,0.011467
113538,35782,0.000000,0.449982
90809,18636,0.565848,0.016948
24649,113538,0.000000,0.392484
90065,14353,0.000000,0.059540
14345,75134,0.000000,0.000300
18636,115688,0.000000,0.198013
11184,30414,0.565035,0.183938
59331,56231,0.000000,0.000000
97489,24649,0.000000,0.069708
40605,35782,0.000000,0.502267
44465,122991,0.000000,0.000000
29717,31738,0.564040,0.179777
60185,103816,0.000000,0.003433
46792,40605,0.000000,0.000000
30414,77508,0.000000,0.000000
56231,77508,0.000000,0.001666
759,35782,0.000000,0.002743
18942,30414,0.564040,0.076413
61642,94847,0.000000,0.501209
113391,40605,0.000000,0.065096
40605,6077,0.000000,0.000067
94847,96536,0.000000,0.034028
116987,70608,0.000000,0.262110
98008,60185,0.000000,0.000006
759,31804,0.000000,0.001573
70608,75134,0.000000,0.097541
17821,97489,0.000000,0.003835
90133,110195,0.000000,0.001113
92936,91328,0.000000,0.000017
56231,67213,0.000000,0.000000
17821,45869,0.565035,0.080036
122093,62943,0.000000,0.000000
90133,40605,0.000000,0.092246
2863,67213,0.565035,0.001469
24649,18636,1.000000,0.324650
70608,96536,0.000000,0.000814
14353,92936,0.000000,0.000000
122093,8293,0.000000,0.239551
113148,98008,0.000000,0.052343
39975,92936,0.000000,0.000005
29717,45869,0.564040,0.064525
113538,103816,0.000000,0.472876
6077,76452,0.000000,0.020532
11184,24649,0.565035,0.298475
98008,14345,0.000000,0.000003
97489,61642,0.000000,0.068816
39592,60185,0.000000,0.000107
62943,44465,0.000000,0.000000
90065,115688,0.000000,0.024887
759,113391,0.000000,0.000646
90065,31804,0.565035,0.564055
96536,14345,0.000000,0.004026
90809,24649,0.565848,0.014603
75134,60185,0.000000,0.000009
35782,75134,0.000000,0.397300
106857,24649,0.565848,0.535800
39975,6077,0.565035,0.001144
46792,29717,0.000000,0.000002
122093,11184,1.000000,0.519036
76452,108479,0.000000,0.018099
6077,40605,0.000000,0.000146
46792,18942,0.000000,0.000002
61349,85112,0.666142,0.561052
86581,26436,0.665468,0.585956
82222,7333,0.665819,0.597847
30172,3820,0.665647,0.555196
99716,15301,0.665647,0.591956
70691,71402,1.000000,0.558421
15301,101714,0.665984,0.593250
112078,70691,0.665819,0.549906
110679,43902,0.000000,0.000030
88526,70691,0.665819,0.587343
112078,85112,0.666295,0.523036
110679,56179,0.000000,0.000111
88526,40483,0.665984,0.554488
61466,15301,0.665819,0.595589
103743,22868,0.665468,0.584146
85112,25755,0.666583,0.533844
120981,86581,0.665647,0.591651
71402,22868,0.665468,0.548521
21573,113661,0.665819,0.589297
61466,27333,0.665819,0.558786
480,62744,0.665468,0.552606
47867,24716,0.666142,0.492348
45,7333,1.000000,0.857819
101714,40483,0.665984,0.559189
47925,85112,0.665819,0.556506
30172,119699,0.665647,0.555470
71402,40190,0.665647,0.513703
99716,120710,0.665647,0.555662
26868,27333,0.665647,0.556355
47867,110679,0.000000,0.000011
110679,21573,0.000000,0.000020
110407,44112,0.665819,0.555240
120710,82222,0.665819,0.547076
110679,97487,0.000000,0.000014
7333,26868,0.665647,0.591034
47925,81373,1.000000,0.864899
45999,63115,0.665984,0.591960
30172,40483,0.665647,0.556469
63115,88526,0.665984,0.592807
65331,119699,0.665819,0.557952
70691,44112,1.000000,0.859381
3820,113661,0.665819,0.550622
62744,47273,1.000000,0.331862
65331,88526,0.665819,0.591919
109030,61466,0.665819,0.549763
60012,85112,0.666441,0.565682
76386,40190,0.665647,0.550817
1216,106138,0.665647,0.592051
99716,57248,1.000000,0.359975
26868,24716,0.665647,0.555886
1216,54556,0.665647,0.592060
60012,43902,0.666295,0.567201
120710,30172,0.665647,0.544857
109030,10695,0.666295,0.558794
103743,21573,0.666583,0.594739
72572,26868,0.665647,0.549734
61466,103743,0.665819,0.592083
24102,7333,0.665647,0.591948
30172,63115,0.665647,0.591934
54556,112078,0.666142,0.562666
57248,111674,1.000000,0.323577
111674,21573,0.665647,0.592016
21215,109030,0.666295,0.564039
10695,7333,0.665984,0.590560
81373,101714,0.665819,0.592491
70691,65337,0.665647,0.555239
85112,40190,0.665647,0.499402
27333,1216,0.665647,0.550049
47273,24102,0.665647,0.288271
97487,63115,0.665647,0.547666
15301,30172,0.665647,0.591041
106138,26436,0.665468,0.587931
112078,88526,0.666295,0.554683
45,10695,0.665984,0.593284
103743,40483,0.665984,0.556010
103743,110679,0.000000,0.000013
120981,480,0.665468,0.597843
81373,62744,0.665819,0.557082
25755,480,0.665468,0.545173
27333,60012,0.665984,0.552932
33836,65331,1.000000,0.856382
47867,120981,0.665647,0.549412
88526,56179,0.665819,0.521355
86581,15301,0.665984,0.589825
60012,56179,0.665819,0.528688
1216,110407,0.665647,0.555376
10695,47273,0.666583,0.363925
76386,47273,0.666295,0.351024
27333,96069,0.665984,0.555162
25755,45999,0.666295,0.556449
62744,99716,0.665647,0.547703
96069,26436,0.665468,0.589171
97487,86581,0.665647,0.539620
47273,43902,0.666295,0.326566
7333,47867,0.665984,0.560770
40483,24102,0.665647,0.550328
112078,65337,0.665647,0.507328
88526,60012,0.666441,0.592884
10443,86581,0.666142,0.553798
56179,111674,0.665647,0.522949
42537,96536,0.000000,0.014893
82849,62904,0.000000,0.000011
12895,108064,0.000000,0.074434
119069,62461,0.000000,0.093942
99198,42473,0.000000,0.000000
30202,107828,0.000000,0.394429
30202,28908,0.556952,0.570480
42537,73433,0.000000,0.036488
21271,87619,0.000000,0.406473
2140,108064,0.000000,0.033772
48300,58041,0.000000,0.002112
23671,2140,0.000000,0.000825
21271,52148,0.000000,0.046102
2140,104940,0.000000,0.001422
106348,28908,0.000000,0.000006
96536,60117,0.000000,0.006653
77278,42604,0.000000,0.015416
62131,119810,0.000000,0.000001
62461,114399,0.570213,0.001534
5801,30957,0.000000,0.649764
30202,44875,0.000000,0.000672
96536,87619,0.000000,0.008536
94951,73433,0.000000,0.005640
94048,88398,0.000000,0.000796
60117,57691,0.000000,0.028139
95892,60098,0.000000,0.000152
107828,44875,0.000000,0.000291
23671,104940,0.565319,0.000047
106348,8175,0.580615,0.930191
94951,99198,0.566602,0.021970
102956,106348,0.000000,0.000106
49354,96536,0.000000,0.008116
95892,97615,0.000000,0.048551
104940,12895,0.000000,0.000394
21271,106348,0.000000,0.001640
23671,87619,0.000000,0.018515
7735,96536,0.000000,0.004440
62131,49354,0.000000,0.004813
107828,30957,0.000000,0.089627
57691,30957,0.000000,0.014021
99198,17124,1.000000,0.110467
58243,77278,0.565319,0.002112
44875,62131,0.000000,0.000003
7735,96876,0.000000,0.066204
112713,114399,0.000000,0.038199
48300,115882,0.000000,0.016756
45297,42604,0.000000,0.006639
77278,42537,0.565319,0.119223
73858,42537,0.000000,0.000295
119069,62943,0.000000,0.000000
111222,115882,0.000000,0.005823
94048,45297,0.000000,0.000554
112713,8716,0.000000,0.032625
106348,49354,0.000000,0.002818
5801,60119,0.000000,0.002766
58041,44875,0.000000,0.000748
94951,107828,0.000000,0.044694
82849,62943,0.000000,0.000000
58041,21271,0.000000,0.002310
17124,106348,0.000000,0.001898
58243,64037,0.575845,0.022880
23671,94048,0.000000,0.000008
36816,42537,0.000000,0.000432
5801,42473,0.000000,0.000000
2140,87619,0.000000,0.001745
5801,77278,0.000000,0.004660
42604,62943,0.000000,0.000000
114399,96439,0.000000,0.002817
87619,7735,0.000000,0.053298
87619,73858,0.000000,0.002673
42537,7735,0.000000,0.138498
66853,58243,0.000000,0.085436
66853,108064,0.563510,0.030609
66853,117503,0.571492,0.008715
114399,66853,0.000000,0.033308
108064,21271,0.000000,0.092031
117503,77278,0.000000,0.021161
36913,5801,0.000000,0.014130
119069,36913,0.565319,0.017660
73433,87619,0.000000,0.007796
73858,106348,0.000000,0.000009
48300,57691,0.000000,0.040039
64037,106348,0.000000,0.174229
5801,55562,0.000000,0.026026
106348,108064,0.563510,0.001684
58041,60119,0.000000,0.000731
2140,77278,0.000000,0.018217
95892,66853,0.566602,0.015988
114399,36816,0.000000,0.010625
94951,48300,0.000000,0.051400
12895,30957,0.000000,0.030605
77278,106348,0.000000,0.001502
23671,42473,0.000000,0.000000
36913,98055,0.000000,0.016916
23671,57800,0.000000,0.033440
36913,2140,0.000000,0.049274
111222,98055,0.000000,0.031744
52148,36816,0.000000,0.039338
94048,36816,0.000000,0.001942
12895,117503,0.000000,0.007028
120661,12157,0.000000,0.000004
48375,69280,0.000000,0.000227
94604,109500,0.587612,0.577418
79158,62306,0.588466,0.582830
10805,59632,0.587612,0.571763
62306,64056,0.587916,0.580685
82071,35739,0.588717,0.588273
90321,84992,0.586551,0.561741
8347,82071,0.589180,0.542260
77455,101787,0.587286,0.555067
71205,80819,0.000000,0.000040
48375,96757,0.660309,0.202618
35976,64471,0.000000,0.000023
84870,35739,0.588466,0.588613
64471,58610,0.000000,0.000303
80819,84992,0.587916,0.583795
10805,77455,0.587286,0.566591
62083,79158,0.000000,0.000078
58610,92648,0.587612,0.512107
21359,110720,1.000000,0.994465
90321,96757,0.000000,0.058067
8347,83844,0.586551,0.491087
110720,64471,1.000000,0.987980
96789,62668,0.000000,0.000013
96757,69280,0.000000,0.000036
59632,84992,0.587612,0.577418
101787,57231,0.000000,0.000162
109500,35976,0.588200,0.574166
45579,12157,0.586551,0.563343
64471,101787,0.000000,0.000135
620,58610,0.590160,0.519882
62083,21359,1.000000,0.933614
32124,111832,0.587612,0.571763
79158,620,0.589180,0.547270
99005,88569,0.588200,0.577478
74417,79158,0.588200,0.578708
10805,57231,0.000000,0.000069
80819,12157,0.586551,0.564204
56660,109450,0.589395,0.547051
96757,8347,0.000000,0.073114
33878,110720,0.000000,0.000024
88569,42038,0.588200,0.578708
5141,11513,0.659096,0.521859
64471,84992,0.000000,0.000038
14339,10196,1.000000,0.844613
83844,110720,0.000000,0.000003
620,62142,0.588466,0.472159
33878,94604,0.587612,0.565855
33878,62219,0.587286,0.561169
33878,101787,0.589180,0.591593
69946,96789,0.000000,0.000068
111832,48375,0.000000,0.164759
21359,109450,0.000000,0.000141
99005,32124,0.588717,0.588273
48375,62083,0.000000,0.001282
59632,48375,0.000000,0.164759
64056,109450,0.587916,0.570133
84870,97740,0.588466,0.588613
11513,8347,0.588200,0.531365
50593,21359,0.000000,0.000053
72180,84870,0.587612,0.487315
59632,62306,0.587612,0.574789
59632,79158,0.587612,0.565549
58610,97740,0.588717,0.534765
72180,41696,0.586934,0.502759
62083,45579,0.000000,0.000034
72180,110720,0.000000,0.000007
33878,83844,0.586551,0.551830
11513,58610,0.588200,0.531565
80819,10196,0.587916,0.578622
10196,74417,0.588200,0.583329
88569,79158,0.588200,0.578716
14339,11513,0.588200,0.583158
92648,56660,0.587612,0.519926
62219,109450,0.587286,0.557382
21359,45579,0.000000,0.000029
77455,46068,0.587286,0.513692
62142,99005,0.588466,0.513636
96333,11513,0.588200,0.586314
90321,110720,0.000000,0.000003
62083,48375,0.000000,0.000424
111832,90320,0.587612,0.572160
92648,62306,0.587612,0.574789
72180,96789,0.000000,0.000020
42038,74417,0.588200,0.577468
57231,79158,0.000000,0.000107
99005,96333,0.588466,0.582590
96757,48375,0.660309,0.099373
59933,90321,0.586551,0.557169
97740,69946,1.000000,0.844613
79158,64471,0.000000,0.000015
62142,72180,0.587612,0.458714
32124,64056,0.587916,0.577806
64471,96333,0.000000,0.000049
92648,77455,0.587286,0.585912
109450,14339,0.588717,0.585702
5141,69280,0.000000,0.000020
46068,80819,0.587916,0.519099
120661,62142,0.000000,0.000023
46068,71205,0.000000,0.000324
91862,27422,0.000000,0.212838
17283,11578,0.000000,0.007692
73566,18629,0.573480,0.103405
118357,55955,0.000000,0.097505
3421,76047,0.000000,0.006248
10239,36966,0.000000,0.015530
9075,19090,0.000000,0.009508
18629,1369,0.573240,0.105508
98775,83625,0.000000,0.022883
120288,111812,0.000000,0.126266
47325,62083,0.000000,0.000000
11578,52841,0.000000,0.000106
91862,74876,0.000000,0.004945
94103,117785,0.000000,0.003481
39296,24298,0.000000,0.144471
6696,17283,1.000000,0.306932
6696,35359,0.000000,0.191517
23950,94103,0.000000,0.000251
16317,71512,0.000000,0.000000
1369,104988,0.000000,0.000413
120288,55955,0.000000,0.080940
118357,19709,0.000000,0.017905
71512,118357,0.000000,0.000369
39296,104988,0.000000,0.002634
19090,117785,0.000000,0.000173
74924,70907,0.000000,0.000000
960,36966,0.000000,0.025057
19709,23950,0.000000,0.000144
111812,16317,0.000000,0.000006
120288,99513,0.000000,0.002811
76047,66962,0.000000,0.023328
9478,83897,0.572430,0.252137
17749,74876,0.000000,0.003600
37541,62208,0.000000,0.000000
18629,74876,0.000000,0.000455
69264,17283,0.000000,0.226209
17283,91862,0.000000,0.139042
17749,3542,0.000000,0.035677
35359,17749,0.000000,0.015881
120288,9075,0.000000,0.028978
17102,23950,0.000000,0.000013
98775,19090,0.571795,0.195307
96943,73566,0.000000,0.059528
6696,118357,0.000000,0.034602
71512,10239,0.000000,0.000011
71512,96943,0.000000,0.000049
16317,69264,0.000000,0.000051
37541,66962,0.000000,0.000006
104563,106998,0.000000,0.018244
94103,10239,0.000000,0.098470
3421,106998,0.000000,0.006533
48423,71512,0.000000,0.002299
74876,39296,0.000000,0.000040
17577,9075,0.000000,0.051161
16317,39296,0.000000,0.000260
62083,3421,0.000000,0.010427
74876,3421,0.000000,0.000009
47325,106998,0.000000,0.000000
55955,117785,0.000000,0.000340
17577,69264,0.000000,0.075242
105318,36966,0.000000,0.040617
16317,111812,0.000000,0.000091
23950,17749,0.000000,0.000391
19090,98775,0.571795,0.227677
111695,9478,0.000000,0.005900
90725,19709,0.571795,0.105360
17749,104988,0.000000,0.000953
83625,17577,0.000000,0.051700
33236,62083,0.000000,0.057082
74924,106380,1.000000,0.000000
960,48423,0.000000,0.000049
99513,55955,0.000000,0.011905
76047,17749,0.000000,0.808657
19090,69264,0.000000,0.318929
62208,120288,0.000000,0.029912
111695,6696,0.000000,0.011559
16317,117785,0.000000,0.000010
83897,55955,0.574131,0.060688
70907,52841,0.000000,0.003419
70907,19090,0.000000,0.001961
16050,18629,0.000000,0.000071
74876,104563,0.000000,0.000081
16317,99513,0.000000,0.000038
1369,111416,0.000000,0.000086
94103,1369,0.566549,0.047220
27422,74924,0.000000,0.000000
122234,70907,0.000000,0.104020
96943,3421,0.000000,0.002165
96943,17749,0.000000,0.009900
120288,9478,0.000000,0.145418
39296,55955,0.574131,0.126708
19090,10239,0.000000,0.268378
35359,106998,0.000000,0.075671
6696,104988,0.000000,0.000297
102851,98775,0.000000,0.000000
100438,9075,0.000000,0.009050
24033,48423,0.000000,0.000033
17577,24298,0.000000,0.064520
106380,17577,0.000000,0.000000
17577,73566,0.569636,0.091476
1625,104970,0.000000,0.589337
66795,38873,0.000000,0.579179
106340,67892,0.000000,0.515895
63214,120978,0.000000,0.000000
24357,116363,0.535265,0.498362
92898,35850,0.545461,0.628836
65410,1881,0.000000,0.599232
57748,83587,0.000000,0.617437
21070,81338,0.547886,0.602956
106340,113243,0.535894,0.637964
40633,82167,0.546062,0.551193
49060,57748,0.547495,0.594302
12112,21431,0.000000,0.315942
21070,18709,0.000000,0.589777
52358,98296,0.545461,0.586098
75875,17696,0.547886,0.620274
106233,66590,0.547066,0.620308
38873,35850,0.543947,0.628420
77463,65930,0.000000,0.000043
63214,38873,0.543947,0.595928
40633,52358,0.546592,0.563344
110521,51750,0.000000,0.568757
91175,113665,0.548246,0.518266
101846,77557,0.000000,0.005943
65930,38873,0.000000,0.000052
61534,57748,0.545461,0.576874
35850,67115,0.000000,0.000060
66590,110521,0.000000,0.354038
118338,75875,0.548579,0.505085
95264,17696,0.547886,0.559650
21070,51750,0.000000,0.590849
83319,67115,0.000000,0.003196
57617,83319,0.000000,0.416896
116363,65930,0.000000,0.000014
75875,113243,0.000000,0.608760
112687,65410,0.000000,0.001009
65410,57617,0.548246,0.591066
92396,66590,0.000000,0.000011
12112,35850,0.547066,0.009745
64856,106340,0.000000,0.324783
65930,77463,0.000000,0.000024
27948,10131,0.000000,0.442686
92898,99843,0.000000,0.613627
77463,1625,0.000000,0.203326
92396,17696,0.000000,0.000015
104970,81338,0.000000,0.616526
112687,66590,0.000000,0.000098
65930,51750,0.000000,0.000140
113243,27948,0.000000,0.587744
35850,116363,0.535265,0.555090
49060,70326,0.000000,0.680508
18709,67115,0.000000,0.000139
116363,101846,0.000000,0.373433
118338,72582,0.000000,0.524634
22051,112687,0.000000,0.006530
75875,10131,0.000000,0.495349
40633,38873,0.543947,0.579404
118338,95264,0.549708,0.655186
106233,67115,0.000000,0.000095
91644,38873,0.000000,0.669517
104970,18709,0.543947,0.629136
116363,82167,0.535265,0.592710
83319,75875,0.000000,0.168084
21070,106233,0.000000,0.467705
104970,64856,0.000000,0.513154
113665,120978,0.000000,0.000000
95264,1881,0.000000,0.526446
111324,83587,0.000000,0.616269
66590,99843,0.000000,0.551971
106233,72582,0.547066,0.469905
95264,106340,0.000000,0.444065
1881,66795,0.000000,0.589249
26083,61534,0.000000,0.594378
77463,91175,0.000000,0.241973
77463,118338,0.000000,0.065502
52358,120978,0.000000,0.000000
104970,49060,0.543947,0.593991
113243,18709,0.535894,0.642741
104970,1881,0.543947,0.655179
61534,86479,0.000000,0.000053
75875,70326,0.547886,0.657591
66795,112687,0.000000,0.001690
111324,91175,0.000000,0.570691
110521,17696,0.547886,0.515057
83319,18709,1.000000,0.598340
65930,52358,0.000000,0.000203
49060,17696,0.000000,0.602207
104970,65410,0.000000,0.580944
49060,106340,0.545461,0.595824
27948,66590,0.000000,0.619413
35850,66795,0.000000,0.570196
65410,12112,0.000000,0.382448
18709,77463,0.546062,0.073213
91175,52358,0.000000,0.440803
52358,66795,0.000000,0.480694
70326,21070,0.547886,0.672554
51284,7036,0.544768,0.591685
98296,20358,0.000000,0.512244
51750,106233,0.547066,0.554343
26083,101846,0.548579,0.648023
18985,1536,0.588955,0.490109
18508,88687,0.588955,0.470704
48921,52788,0.590160,0.514131
98003,96450,0.000000,0.297935
82467,4579,0.589981,0.589836
121037,26094,0.000000,0.000002
33258,1536,0.589395,0.495807
62712,69261,0.590160,0.508582
48921,1536,0.589395,0.487770
47449,18508,0.588955,0.472868
72781,11927,0.000000,0.000007
57060,18508,0.586551,0.274832
82467,54340,0.000000,0.000142
34855,52788,0.000000,0.000216
20287,32974,0.588200,0.462763
114922,57060,0.586551,0.431675
26301,89969,0.588466,0.464231
72781,82467,0.000000,0.000029
88687,4579,0.589794,0.548717
20287,24717,0.588200,0.469433
1764,32828,0.590332,0.521543
48921,26301,0.591243,0.567178
26094,73368,0.000000,0.000373
48113,18985,0.588955,0.468036
88687,22693,0.589180,0.491416
116694,52788,0.589599,0.501704
71856,1536,0.589395,0.500587
87374,122981,0.588955,0.557412
10106,52788,0.588200,0.531164
38132,57060,0.586551,0.434513
32828,30164,0.589981,0.549141
32828,34855,0.000000,0.000012
87256,69261,0.589599,0.553264
22693,48921,0.589180,0.478969
14479,11927,0.588955,0.525330
21922,82467,0.589180,0.519278
62083,47449,0.000000,0.000080
34855,117614,0.000000,0.000159
32974,72781,0.000000,0.000023
98145,47449,0.589395,0.483423
21922,114922,0.589180,0.494681
4579,90085,0.589599,0.485533
47449,48113,0.589395,0.480542
47449,97570,0.588200,0.472141
4579,14479,0.667477,0.860649
117614,122981,0.588955,0.538919
48921,62712,0.590160,0.514240
62083,88687,0.000000,0.000097
97570,116694,0.588200,0.471157
96728,76853,0.588717,0.540938
48921,88687,0.589794,0.497841
62712,58801,0.590160,0.554270
10106,52195,0.588200,0.564863
43426,121037,0.000000,0.000039
52195,96728,0.588717,0.569417
71856,62083,0.000000,0.000244
62712,13377,0.589180,0.541617
88687,72781,0.000000,0.000003
89969,42954,0.588466,0.445124
16583,3372,0.590658,0.550216
82467,96728,0.588717,0.569446
62083,82467,0.000000,0.000163
14479,87374,0.589180,0.553722
16583,42954,0.590658,0.541370
98003,73368,0.588466,0.442624
34855,13377,0.000000,0.000061
20287,121037,0.588200,0.471936
96020,38132,0.589180,0.541727
34855,1536,0.000000,0.000108
96020,114922,0.589395,0.548176
87374,1536,0.589180,0.489123
87256,122981,0.588955,0.588064
1536,88687,0.589395,0.501356
18985,44261,0.588955,0.483854
69261,24717,0.589794,0.493028
69261,71856,0.589794,0.493021
34855,54340,1.000000,0.443910
71856,104357,0.589395,0.501317
76853,3372,0.591104,0.517704
98003,22693,0.588466,0.478161
87256,44261,0.589599,0.552566
62083,52195,0.000000,0.000163
90085,52788,0.589599,0.429363
26094,44261,0.000000,0.000550
76853,52837,0.588955,0.474572
32828,3372,0.590812,0.508412
1764,62083,0.000000,0.000324
23157,89969,0.588466,0.469258
73368,24717,0.589395,0.497006
104357,67871,0.667169,0.618830
72781,26301,0.000000,0.000083
43426,87256,0.000000,0.000032
117614,52195,0.589794,0.542253
11927,116694,0.588955,0.490944
97570,1764,0.588200,0.466207
88687,117614,1.000000,0.790709
34855,57060,0.000000,0.000012
69261,33258,0.590332,0.512754
58801,26094,0.000000,0.000001
90085,22693,0.589180,0.434983
97767,62083,0.000000,0.000198
106412,84602,0.000000,0.000261
33465,41201,0.588955,0.490201
8587,37516,0.000000,0.000019
78913,39129,0.589180,0.517759
81967,50962,0.000000,0.441757
93997,62083,0.000000,0.000066
106212,118437,0.588200,0.062991
2776,98353,0.000000,0.000012
15790,51653,0.586551,0.438336
9866,110822,0.587286,0.450567
8587,77757,0.000000,0.361913
82062,28615,0.586551,0.293790
34924,64124,0.588955,0.487761
115555,118437,0.588717,0.480064
37458,8587,0.000000,0.317526
120014,8587,0.000000,0.314710
84602,28615,0.586551,0.182858
32165,544,0.586934,0.373076
15949,18979,0.000000,0.108370
64386,57322,0.587286,0.454645
34924,51653,0.587286,0.443873
64386,40923,0.588955,0.524675
81387,33465,0.587916,0.468391
37458,33465,0.587916,0.468075
52939,53724,0.587286,0.461265
8587,98353,0.000000,0.000004
53724,33830,0.587286,0.427384
52939,112090,1.000000,0.547848
32169,49218,0.000000,0.000249
81967,118437,0.000000,0.444148
77757,2776,0.588466,0.478352
706,544,0.586934,0.441109
54614,47714,0.000000,0.385800
37516,106412,1.000000,0.998233
65709,7278,0.588955,0.490370
78913,81387,0.587916,0.467252
100613,112090,0.588955,0.489828
706,98353,0.000000,0.000019
115555,28615,0.586551,0.199918
64124,78913,0.588955,0.489835
7278,15790,0.586551,0.429733
706,93997,0.586551,0.429666
57322,50962,1.000000,0.682150
51653,33830,0.587286,0.427774
93997,73051,0.586551,0.471380
34924,81387,0.587916,0.464497
27931,106412,1.000000,0.992423
40923,15790,0.586551,0.424931
47714,118437,0.000000,0.411127
2776,73051,0.587916,0.521849
40923,99871,0.587916,0.469027
47714,112090,0.000000,0.407400
72716,15949,0.663397,0.524526
48197,7278,0.588717,0.485845
9866,81387,0.587916,0.463576
49218,97767,0.589395,0.499136
77757,57322,0.587286,0.451280
102273,97767,0.587916,0.467967
111708,50962,0.000000,0.000101
15949,73051,0.000000,0.119936
15949,64124,0.000000,0.133631
47714,110822,0.000000,0.401007
54614,15949,0.000000,0.123641
56567,706,0.587916,0.468231
115555,49218,1.000000,0.799336
78913,80573,0.000000,0.000002
33830,32169,0.000000,0.000484
32165,106412,0.000000,0.000024
57322,81387,0.587286,0.448633
100613,2776,0.657963,0.751854
8587,115555,0.000000,0.271385
78913,112090,1.000000,0.641316
97767,36410,0.588200,0.473841
8587,91415,0.000000,0.369120
81967,54614,0.000000,0.444115
93997,9866,0.586551,0.436710
8587,112090,0.000000,0.318302
7278,106212,0.588200,0.022772
33465,39129,0.588955,0.502039
80573,72716,0.000000,0.000463
15790,65709,0.586551,0.433481
50962,36410,0.587286,0.449074
106412,64386,0.000000,0.000072
73051,57322,0.587286,0.495527
53724,98353,0.000000,0.000003
64386,115555,0.588955,0.486923
107631,544,0.586934,0.441629
33465,110822,0.587286,0.453490
15949,81387,0.000000,0.113886
64124,81967,0.000000,0.444987
106412,80573,1.000000,0.962275
77757,36410,0.588200,0.468389
84156,50962,0.587286,0.450897
51653,91415,0.587286,0.448909
108513,81967,0.000000,0.415100
7278,706,1.000000,0.787729
84156,73051,0.587916,0.523138
81967,15790,0.000000,0.439820
52939,80573,0.000000,0.000000
121872,32883,0.000000,0.022299
67649,18290,0.000000,0.000002
31260,49150,0.000000,0.000139
52254,63870,0.000000,0.539633
39223,18290,0.000000,0.000365
9258,110995,0.000000,0.024876
24100,91176,0.538884,0.010715
65082,25065,0.000000,0.168006
26992,50398,0.000000,0.082797
89306,25065,0.000000,0.015718
91176,79319,0.000000,0.111300
39223,40272,0.000000,0.001308
66341,46157,0.537409,0.654594
31260,80936,0.586132,0.455138
95209,62167,0.000000,0.142100
31642,61235,0.000000,0.000003
25065,11267,0.587286,0.533022
31260,92141,0.000000,0.426135
38070,41889,0.000000,0.050267
30049,92828,0.587421,0.448828
24100,121082,0.000000,0.000472
66341,18290,0.000000,0.647230
39223,88523,0.000000,0.008937
67649,53257,0.000000,0.000002
92828,63870,0.587421,0.474657
111280,61267,0.000000,0.002966
80936,19032,0.000000,0.420402
9258,54929,0.000000,0.023318
32883,82035,0.000000,0.000002
122435,108642,0.000000,0.550728
12577,103863,0.538554,0.419446
99065,34853,0.000000,0.000111
111280,11267,0.000000,0.000485
28110,46157,0.537409,0.021180
61267,121082,0.000000,0.211283
44450,61235,0.000000,0.004662
88523,121872,0.000000,0.000086
46157,63870,0.000000,0.000007
31642,24100,0.000000,0.156399
108642,50398,0.000000,0.592585
12577,34853,0.000000,0.092158
67649,95209,0.000000,0.000000
26992,62083,0.000000,0.000069
99065,89306,0.000000,0.000000
38070,120412,0.000000,0.001457
121082,24100,0.000000,0.000413
111280,82035,0.588685,0.461135
38070,103863,0.000000,0.000522
38070,25065,0.000000,0.001049
24100,41889,0.000000,0.022887
12577,53257,0.000000,0.002103
28110,120412,0.000000,0.388357
25065,50398,0.586934,0.506159
103863,80936,0.000000,0.067992
34853,117066,0.000000,0.322408
121082,9258,0.000000,0.000018
24100,73355,0.000000,0.000000
122435,120203,0.000000,0.252336
1317,12577,0.000000,0.138888
72919,9258,0.589666,0.191837
96650,61267,0.000000,0.129494
61267,19032,0.000000,0.253602
12577,54929,0.000000,0.031029
30049,61235,0.587421,0.111558
32824,115221,0.000000,0.261796
18290,111280,0.000000,0.000004
121872,92141,0.000000,0.425623
110995,66341,0.000000,0.223477
32883,88523,0.000000,0.000073
88523,19032,0.000000,0.000150
62083,82035,0.000000,0.018609
19032,63870,0.000000,0.000113
11267,117066,0.000000,0.245206
119160,117066,0.000000,0.006251
28110,91176,0.538884,0.421107
46157,89306,0.000000,0.126877
95209,40272,0.000000,0.000001
72919,120412,0.000000,0.003755
61267,61235,0.000000,0.021426
34853,115221,0.000000,0.005312
30049,52254,0.000000,0.265404
66341,108642,0.538476,0.450629
61235,120203,0.000000,0.000362
50398,54929,0.000000,0.048052
66341,92828,0.000000,0.000064
40272,112138,0.587884,0.327750
112138,54929,0.000000,0.032627
11267,65082,0.000000,0.021574
112138,110995,0.000000,0.011153
32824,24100,0.540060,0.000090
41889,12577,0.000000,0.236924
39223,92141,0.000000,0.155104
41889,115221,0.000000,0.188670
89306,54929,0.000000,0.000013
38070,26992,0.000000,0.000640
61267,63870,0.000000,0.013649
38070,24100,0.000000,0.100460
65082,32883,0.000000,0.042778
38070,120203,0.000000,0.065226
122435,19032,0.000000,0.454382
45142,84553,0.558721,0.012014
34885,58758,0.560008,0.249055
42469,49432,0.562509,0.442522
7251,34713,1.000000,0.158072
55842,72216,0.560008,0.160611
98954,32713,1.000000,0.822024
40166,63545,0.558721,0.130570
49432,40153,0.000000,0.001773
40166,34713,0.558721,0.088973
101173,34713,0.000000,0.068467
34713,8418,0.000000,0.099154
49513,104225,0.558721,0.165607
119767,38367,0.000000,0.013056
110333,102381,0.000000,0.000179
109104,63545,0.558721,0.130570
101173,32593,0.000000,0.004709
44960,98904,0.560008,0.135463
98904,32593,0.000000,0.000023
104225,34885,0.558721,0.306153
75263,37332,0.000000,0.000798
23608,81721,1.000000,0.822024
1841,101170,0.560008,0.221295
49513,34713,0.560008,0.077087
30720,34713,0.000000,0.000000
32713,63545,0.558721,0.130570
58758,55842,0.564102,0.080699
45142,81721,0.558721,0.012014
117660,73772,0.558721,0.228113
98696,122051,0.000000,0.210697
42469,118969,0.560008,0.532488
52798,119767,0.000000,0.002793
68638,1841,0.000000,0.005915
75263,101395,0.560008,0.200641
72216,1841,1.000000,0.270215
1841,122051,1.000000,0.371431
42469,50754,0.558721,0.141795
119767,37359,0.000000,0.017826
68638,101395,0.000000,0.000980
8418,84553,0.000000,0.105078
81503,37359,0.000000,0.000046
55842,92964,0.558721,0.127148
101170,84436,0.560008,0.125429
37359,122051,0.000000,0.008770
50754,34885,0.558721,0.306153
34713,49513,0.560008,0.095476
4348,32593,0.000000,0.071415
54596,81721,0.558721,0.174319
98696,40153,0.000000,0.000018
10853,50754,1.000000,0.822024
72216,73772,0.558721,0.432961
40016,770,0.000000,0.001554
40016,4348,0.000000,0.000154
63545,32713,0.558721,0.150211
49513,75263,0.560008,0.309555
40016,81503,0.000000,0.014074
84436,95043,0.560008,0.270585
92964,54596,0.558721,0.157641
57853,101395,0.000000,0.004048
40016,32593,0.541120,0.000032
4348,52529,0.000000,0.027033
95043,119767,0.000000,0.001438
84553,31369,0.000000,0.345277
104225,118969,0.558721,0.284507
92964,42469,0.558721,0.140402
84436,37332,0.000000,0.003282
110053,15715,0.000000,0.039414
101173,98696,0.000000,0.228687
770,50754,0.000000,0.112565
32593,101170,0.000000,0.000039
50754,87794,1.000000,0.822024
37359,54596,0.000000,0.010273
37359,117660,0.000000,0.005125
101170,73772,0.558721,0.159545
68638,122051,0.000000,0.001881
32713,54596,0.558721,0.157641
98696,7251,0.000000,0.161953
53315,8418,0.000000,0.151703
92964,64609,0.000000,0.022149
40166,84553,1.000000,0.822024
84553,118969,0.558721,0.284507
118969,770,0.000000,0.015685
84553,54596,0.558721,0.157641
95043,15715,0.564102,0.000099
45142,58758,0.564102,0.015773
73772,52798,0.000000,0.000169
27622,81721,0.000000,0.015321
49432,57853,0.000000,0.002979
84553,87794,1.000000,0.822024
23608,110053,0.000000,0.001101
57853,40016,0.000000,0.006086
110053,50754,0.000000,0.000802
37359,58758,0.000000,0.007186
27622,44960,0.000000,0.012369
81503,8418,0.000000,0.004154
42469,101170,0.561821,0.210527
75263,7251,1.000000,0.426272
4348,98954,0.000000,0.027033
40016,37359,0.000000,0.000703
23608,15180,0.558721,0.141112
104225,119767,0.000000,0.005066
3790,75181,0.546170,0.650730
121118,97654,0.545419,0.601080
61875,4648,0.544990,0.653270
11276,114932,0.544515,0.552589
731,18107,0.544990,0.623879
75875,87269,0.541052,0.601376
18846,123008,0.544515,0.655177
79163,29409,0.545419,0.590566
86451,28021,0.544990,0.567963
1625,42253,0.000000,0.635078
11276,112538,0.544515,0.567777
53864,109345,0.000000,0.000087
56073,15497,0.539965,0.618187
91060,87269,0.541052,0.625412
86971,97654,0.000000,0.000010
28021,10623,0.544990,0.332525
101846,59436,0.543985,0.489559
86479,59436,0.000000,0.000023
87269,56073,0.539965,0.569080
56073,113019,0.539965,0.598653
109345,56073,0.000000,0.000039
86451,7924,0.000000,0.000262
21431,3952,0.545419,0.635611
30654,46935,0.000000,0.000030
101846,113019,1.000000,0.913399
17696,3790,0.545810,0.525836
29409,11276,0.544515,0.497349
79163,7924,0.000000,0.000272
66795,40321,0.543985,0.602835
110910,20358,0.540358,0.576917
84174,103317,0.000000,0.000467
43108,84174,0.545810,0.607159
43108,120044,0.000000,0.000298
86908,120044,0.000000,0.000205
120044,80706,0.000000,0.002131
86451,731,0.547634,0.641742
95264,29409,0.542185,0.630560
97654,92808,0.544990,0.598309
84174,97654,0.545419,0.608894
113019,92808,0.544990,0.607362
1625,86479,0.000000,0.000192
10623,121118,0.546504,0.257242
4648,60108,0.538529,0.648675
43108,114932,0.545810,0.597241
86451,53864,0.544990,0.567970
90264,92808,0.544515,0.590972
18107,56073,0.539965,0.599603
75875,731,0.546504,0.557817
86479,112538,0.000000,0.000197
74506,112538,0.545419,0.577310
10623,91060,0.546504,0.077925
75181,20358,0.545419,0.103592
40321,120044,0.000000,0.000070
84174,22051,0.545810,0.585127
84174,123008,0.544990,0.633860
113019,53864,0.544990,0.562276
4648,110910,0.540358,0.581488
18846,91060,0.544515,0.641009
123008,53864,1.000000,0.948501
112538,121118,0.545419,0.605394
92808,46935,0.544515,0.589931
36613,60108,0.538529,0.628632
10623,97654,0.545419,0.238528
59436,17696,0.543985,0.586610
28021,21431,0.544990,0.642944
40321,95264,0.542185,0.584091
43108,83587,0.545810,0.611419
22051,18846,0.544515,0.580064
4648,28021,0.544990,0.562073
43108,60108,0.538529,0.606359
62083,110910,0.000000,0.000068
74506,3790,0.546170,0.545056
97654,42253,0.000000,0.566955
47122,15497,0.544990,0.562666
60108,92808,0.538529,0.600393
29711,90264,0.538529,0.583488
62083,17696,0.000000,0.000054
4648,75181,0.545419,0.068869
90264,30654,0.000000,0.000197
120044,42253,0.000000,0.000321
29409,123008,0.544990,0.575446
90264,3790,0.544515,0.631727
40321,1424,0.543985,0.620889
86451,87269,0.541052,0.617110
84174,113019,0.545810,0.594825
113019,56073,0.539965,0.593031
113019,61875,0.544990,0.607317
97654,75181,0.545419,0.207220
110910,56073,0.539965,0.613892
80706,84174,0.545810,0.595214
22051,84174,0.545810,0.596678
122533,61875,1.000000,0.952408
83587,86451,0.545810,0.623163
92808,103317,0.000000,0.000222
59436,29711,0.538529,0.650709
95264,36613,0.542185,0.613499
46935,36613,0.544515,0.608686
83587,86971,0.000000,0.000314
40321,10623,0.543985,0.534079
90264,110910,0.540358,0.642895
96809,41498,0.000000,0.002878
107365,102448,0.589794,0.509084
55409,3794,0.587916,0.444150
95942,76461,0.000000,0.006959
81270,41637,0.000000,0.001619
52049,85358,0.000000,0.000033
45816,45750,0.588466,0.469683
71746,74411,0.589794,0.510227
116278,116756,0.591104,0.573014
62083,95942,0.000000,0.000128
116756,45816,0.588466,0.453851
76968,45816,0.586551,0.437306
1631,114459,0.585668,0.314661
121142,18686,0.000000,0.000436
116756,62083,0.000000,0.000587
49317,64924,0.000000,0.001834
2318,97700,0.589180,0.571804
18686,112601,0.589395,0.521908
52123,18686,0.589395,0.549557
1631,4540,0.585668,0.325176
38494,34955,0.588955,0.482030
50793,99190,0.590812,0.611779
112601,43277,0.000000,0.002889
105826,102448,0.590332,0.563925
22611,112601,0.591243,0.533462
2318,52123,0.589599,0.581039
97700,24499,0.589180,0.547476
79204,76461,0.000000,0.008240
112601,49317,0.591243,0.575634
121142,76968,0.000000,0.000080
40492,99363,0.590658,0.555706
39364,76461,0.000000,0.009379
64924,107375,0.000000,0.000781
59981,97700,0.589180,0.582294
1631,38494,0.585668,0.346948
50161,41637,0.000000,0.005757
41498,13059,0.000000,0.001951
75802,110062,0.000000,0.000264
116756,52049,0.000000,0.006199
18686,76968,0.586551,0.430518
13059,40492,0.591509,0.578405
30392,11860,0.590812,0.561106
4540,105826,0.590332,0.554833
107375,91457,0.590658,0.559485
76461,33442,0.000000,0.001010
45816,114459,0.588466,0.466827
116756,11860,0.591509,0.569220
50161,61317,0.000000,0.304019
33442,95942,0.590332,0.522291
50161,105826,0.590332,0.554698
52123,59981,0.589599,0.591334
41637,102448,0.000000,0.002486
33442,116278,0.590960,0.564348
43277,34955,0.000000,0.001568
13059,38494,0.590498,0.561091
107375,38494,0.590498,0.527817
39364,33442,0.589395,0.490318
39364,13059,0.589395,0.516770
59981,114459,0.590498,0.564680
55409,116756,0.587916,0.423233
99363,34955,0.588955,0.514609
81270,43652,0.589981,0.593581
112601,68261,0.000000,0.002834
85358,41637,0.000000,0.000118
74411,71746,0.589794,0.509923
105826,61317,0.000000,0.328632
107375,110062,0.000000,0.001685
40492,85358,0.586551,0.348944
64924,3794,0.000000,0.000630
112362,76461,0.000000,0.000023
4540,59981,0.590498,0.556908
105826,76461,0.000000,0.006200
112362,61317,0.000000,0.002806
22611,107365,0.589794,0.487706
118472,50161,1.000000,0.825062
102448,99363,0.590498,0.559221
116278,86494,0.589981,0.550702
4540,52049,0.000000,0.003094
85358,4540,0.586551,0.383899
96809,4540,0.659937,0.799269
45750,38494,0.590498,0.528644
49317,97700,0.589180,0.539010
107375,74411,0.589794,0.502866
50161,43277,0.000000,0.002553
62083,41637,1.000000,0.295586
18686,50793,0.589395,0.529436
33238,95942,0.000000,0.001495
22611,4540,0.590812,0.516851
22611,99363,0.590658,0.529547
116756,107365,0.589794,0.498420
105826,64924,0.000000,0.000410
55409,121142,0.000000,0.000121
76968,55409,0.586551,0.437119
99363,81270,0.590160,0.591305
116278,39364,0.589395,0.527600
95942,114459,0.590332,0.522138
85358,97700,0.586551,0.435114
62083,110062,1.000000,0.987035
1631,52049,0.000000,0.000070
40492,43277,0.000000,0.001178
30024,29695,0.000000,0.806030
122476,115174,0.000000,0.473908
20190,73347,0.000000,0.000014
30024,42016,0.587612,0.509109
71982,25346,0.000000,0.547751
122970,19351,0.000000,0.537149
114747,41714,0.588955,0.481616
8011,114747,0.000000,0.000106
115783,32800,0.000000,0.000004
53649,41563,0.590498,0.523018
33801,8011,0.000000,0.000008
29695,2598,0.587612,0.504977
97362,42016,0.000000,0.002660
24724,122476,0.000000,0.534639
2598,30377,0.000000,0.520327
115174,64363,0.000000,0.478083
19710,5787,0.590160,0.519167
99516,40465,0.000000,0.000036
30377,30024,0.587612,0.574385
97362,2598,0.000000,0.004037
30377,73347,0.000000,0.000001
15152,33801,0.000000,0.000171
122094,49287,0.590160,0.592682
97577,64363,0.000000,0.515501
8011,78965,1.000000,0.996279
49287,12479,0.591243,0.577318
49287,78965,0.000000,0.000090
54885,15152,0.000000,0.000003
9129,26884,0.588200,0.473536
8011,22295,0.000000,0.000104
122970,5787,0.588466,0.536658
4435,100551,0.588466,0.487112
29695,43800,0.000000,0.524823
15152,88987,0.000000,0.000393
54885,29695,0.000000,0.579911
108045,52750,0.000000,0.567999
15152,26884,0.000000,0.000129
2908,32800,0.000000,0.000131
65208,30024,0.000000,0.516128
107055,30377,0.000000,0.569250
100551,2908,0.000000,0.459375
100551,26884,0.588200,0.468767
9129,100551,0.588466,0.478301
5787,29695,0.000000,0.510729
62083,108045,0.000000,0.000162
100551,19710,0.588466,0.474143
115783,84946,0.589180,0.589627
41714,118958,0.000000,0.557094
86833,65208,0.588200,0.435445
29695,122476,0.587612,0.509695
118958,108022,0.000000,0.546124
97577,100551,0.000000,0.472098
76150,97362,0.000000,0.000035
90644,20190,0.588717,0.484272
12915,73347,0.000000,0.000121
40465,62348,0.000000,0.001237
84946,52750,0.000000,0.558114
46098,42016,0.000000,0.563888
122094,65208,0.588200,0.473071
73347,54885,0.000000,0.000016
84946,71982,0.589180,0.587893
118958,30024,0.000000,0.538718
122094,26884,0.000000,0.474580
99516,86833,0.000000,0.469877
12915,15152,0.000000,0.000262
30377,26884,0.588200,0.525279
46098,19710,0.000000,0.562059
108022,2598,0.000000,0.500839
20190,122476,0.000000,0.492650
88987,115783,0.000000,0.542080
114747,115783,0.000000,0.536403
118959,33801,0.000000,0.000131
76150,62348,0.000000,0.477101
115783,114747,0.000000,0.543009
86833,41714,0.000000,0.524692
118959,32800,1.000000,0.919750
29695,53649,0.587612,0.520319
9129,122094,0.000000,0.528208
46098,115783,0.589180,0.582109
97577,55338,0.000000,0.552596
30024,26884,0.587612,0.526659
43800,41714,0.000000,0.458658
33801,4435,0.588466,0.482386
54885,24724,0.000000,0.581219
24574,26884,0.588200,0.467704
122970,100551,0.661654,0.536244
12479,122970,0.000000,0.527080
5787,64363,0.590498,0.527101
19351,115783,0.000000,0.541734
115174,65208,0.000000,0.471090
114747,118959,0.000000,0.000136
62348,5787,0.000000,0.525760
2908,38936,0.000000,0.436293
43800,122970,0.000000,0.515167
20190,32800,0.000000,0.000026
88987,30024,0.587612,0.511697
73139,26884,0.000000,0.506109
84946,40465,0.000000,0.000042
65208,115174,0.000000,0.472284
122476,20190,0.000000,0.492584
64073,1830,0.000000,0.000272
19241,13306,0.000000,0.007961
66249,80658,0.000000,0.001326
89951,32564,0.000000,0.001552
115221,117481,0.000000,0.000003
52062,13306,0.000000,0.042037
64073,6479,0.000000,0.000203
24370,76952,0.000000,0.000485
35179,6479,0.000000,0.009016
99072,62083,0.000000,0.000000
64073,108174,0.000000,0.000066
86185,99072,0.000000,0.000003
1830,24170,0.000000,0.469170
89951,446,0.000000,0.436450
35066,10537,0.000000,0.000001
118073,100638,0.587286,0.449357
1108,66249,0.000000,0.037086
44450,21656,0.000000,0.000000
118073,10537,0.000000,0.000439
117481,122489,0.000000,0.001926
56285,80658,0.586934,0.484716
110754,80658,1.000000,0.510298
76952,19241,0.000000,0.000088
35179,38970,0.000000,0.008931
56285,108174,1.000000,0.491723
80362,121024,0.000000,0.000180
14991,46362,0.000000,0.028342
44242,56285,0.000000,0.446308
65779,24170,0.000000,0.050711
80658,121024,0.000000,0.000110
35066,70997,0.000000,0.000001
48906,21656,0.000000,0.003018
19241,67688,0.000000,0.000284
62083,106705,0.000000,0.000061
44242,118073,0.000000,0.436354
65779,14991,0.597824,0.533274
69129,115221,0.000000,0.037629
13306,80448,1.000000,0.416853
65779,21038,0.597794,0.511510
99070,24170,0.000000,0.001326
110922,60371,0.000000,0.014772
80658,113663,0.000000,0.092531
70997,76952,0.000000,0.000125
99072,105520,0.000000,0.000003
53204,99072,0.000000,0.000000
108174,69129,0.000000,0.499542
46362,67186,0.000000,0.001405
110754,119764,0.587612,0.487893
106705,52526,0.000000,0.000787
99072,65779,0.000000,0.001457
60371,108174,0.586551,0.575790
86185,65779,0.000000,0.002443
100638,65779,0.000000,0.003790
89951,1108,0.000000,0.000023
19241,55610,0.000000,0.000009
24170,67186,0.000000,0.001647
60371,67186,0.000000,0.001331
36412,21038,0.000000,0.019199
90514,76952,0.000000,0.000005
3541,118073,0.000000,0.001461
48906,55610,0.000000,0.000009
115221,64073,0.000000,0.175072
122489,32564,0.000000,0.000001
52062,117698,0.000000,0.008502
13306,76952,0.000000,0.000096
67688,53204,0.000000,0.000018
52526,117481,0.000000,0.000618
56285,19241,1.000000,0.491839
80658,1830,0.587612,0.525793
46362,117481,0.000000,0.001079
64073,60030,0.000000,0.000233
35179,110754,0.000000,0.008941
44242,70997,0.000000,0.463975
24170,13306,0.000000,0.121574
48906,60371,0.000000,0.000001
110922,60030,0.000000,0.012923
115221,15346,0.000000,0.296375
100638,86185,0.585149,0.428496
70997,115221,0.000000,0.117721
52526,48906,0.000000,0.000031
35066,44242,0.000000,0.000002
44450,64073,0.000000,0.325577
1830,44242,0.000000,0.437150
117698,90514,0.000000,0.000006
80362,65779,0.000000,0.004371
21656,15346,0.000000,0.000000
105520,67186,0.000000,0.026828
446,76952,0.000000,0.000237
117481,106705,0.000000,0.005846
446,89951,0.000000,0.433523
80658,13306,0.000000,0.013704
35066,100638,0.000000,0.000002
113663,38970,0.000000,0.015607
48906,67186,0.000000,0.000232
1108,19241,0.000000,0.000082
446,38970,1.000000,0.662560
3541,53204,0.000000,0.000513
52062,15346,0.000000,0.003102
24170,62083,0.000000,0.000292
86185,13306,0.000000,0.004668
57317,47423,0.000000,0.000594
72112,41271,0.588466,0.475875
114460,9544,0.000000,0.470414
78577,98299,0.000000,0.459917
454,100408,0.000000,0.000026
57939,114460,0.000000,0.185872
100429,54573,0.000000,0.499667
63119,75865,0.549120,0.461020
114460,81811,0.588466,0.447854
110371,12648,0.000000,0.145603
114460,41350,0.588466,0.505552
32055,116274,0.000000,0.002429
75865,51881,0.000000,0.464682
32055,48038,0.000000,0.000584
81811,54573,0.590658,0.526048
88945,105317,0.000000,0.557312
101323,51501,0.589180,0.487173
108626,82052,0.000000,0.538912
95335,454,0.000000,0.480298
14788,109507,0.000000,0.001186
88945,48038,0.590658,0.559974
40689,78577,0.000000,0.532829
12648,92253,0.000000,0.257574
106173,42425,0.588955,0.482683
100429,10773,0.000000,0.507664
54573,70877,0.000000,0.772728
9544,47423,0.000000,0.000251
75865,81459,0.000000,0.483642
1365,82052,0.000000,0.000970
5401,40689,0.000000,0.544750
106173,101323,0.590658,0.524501
101323,97517,0.000000,0.000263
42425,1803,0.588955,0.465891
62689,95335,0.588466,0.510470
12648,1365,0.000000,0.000117
81459,108626,0.000000,0.545080
102184,75865,0.000000,0.000095
40689,49623,0.589395,0.541715
10773,106173,0.589981,0.499681
36489,106173,0.589180,0.477486
81459,82052,0.588955,0.545457
72112,41350,0.588717,0.521620
63119,12648,0.000000,0.259720
78577,110371,0.587612,0.486084
81811,98299,0.586934,0.381522
116274,51881,0.000000,0.453942
454,70877,0.550631,0.493613
81811,116274,0.591636,0.545160
1803,41271,0.588466,0.459269
97517,106173,0.000000,0.003762
110371,454,0.000000,0.461936
58166,51501,0.589180,0.483616
47423,48038,0.000000,0.000242
105317,110371,0.000000,0.418663
98299,75865,0.000000,0.441783
5401,1803,0.000000,0.570669
114460,40689,0.588466,0.461433
49623,95335,0.000000,0.517102
81811,7992,0.590332,0.552626
49623,48038,0.589395,0.589981
35394,101323,0.000000,0.446106
62689,13098,0.000000,0.000008
41271,57939,0.000000,0.182655
70877,8169,0.000000,0.529112
72112,100429,0.000000,0.485041
8169,102184,0.000000,0.000030
48038,40689,0.590658,0.565946
75865,58166,0.000000,0.434782
105317,70877,0.000000,0.561868
100408,42425,0.000000,0.002017
70877,116274,0.000000,0.528276
101323,81811,0.590658,0.526387
70877,13098,0.000000,0.000036
58166,75865,0.000000,0.438086
81459,41350,0.588955,0.591748
114460,1803,0.588466,0.454449
16470,68437,0.588466,0.474596
35394,57317,0.000000,0.429665
114460,7992,0.588466,0.481284
100408,114460,0.000000,0.000068
41271,48038,0.588466,0.477028
72112,82268,0.588717,0.457455
72112,10773,0.588717,0.482325
81459,114460,0.588466,0.525965
105317,106173,0.000000,0.583609
97517,92253,0.000000,0.000590
114460,62083,0.000000,0.000129
95335,48038,0.000000,0.476858
16470,70877,0.000000,0.470611
82268,78577,0.000000,0.527120
42425,114460,0.588466,0.485678
58166,5401,0.000000,0.536251
1412,48038,0.586934,0.394381
1803,84928,0.000000,0.549993
12648,105317,0.000000,0.240567
72112,32055,0.000000,0.000151
36489,109507,0.000000,0.000052
36489,1803,0.589180,0.488540
14788,81459,0.000000,0.533569
101323,102184,0.000000,0.000621
86281,117598,0.588200,0.471803
59981,15357,0.589599,0.588549
116278,64099,0.000000,0.000124
64099,10945,0.000000,0.000052
119271,12534,0.000000,0.000023
111132,31781,0.589180,0.483824
121842,27077,0.000000,0.000256
10945,64215,0.587916,0.530889
118472,66563,0.587286,0.420345
42319,60560,0.590332,0.521489
50161,36293,0.000000,0.000123
39364,62990,0.589180,0.495356
8742,122496,0.586934,0.412856
5805,62083,0.000000,0.000147
25430,121842,0.000000,0.000065
49391,60560,0.000000,0.002878
55071,62990,0.000000,0.490522
49574,45481,1.000000,0.505385
119271,81422,0.587286,0.453126
66292,86281,0.589180,0.496883
81422,25234,0.589180,0.538312
49574,87801,0.000000,0.000002
3352,12534,0.000000,0.000258
17138,8742,0.586934,0.427300
55180,25234,0.589599,0.585609
115962,45481,0.000000,0.000067
115902,42319,0.588955,0.544577
60560,115962,0.000000,0.000787
38494,69055,0.587916,0.449319
59981,50161,0.590498,0.565044
34332,116278,0.588466,0.467690
32116,122496,0.588466,0.471986
39364,100871,0.589395,0.502682
66563,39364,0.587286,0.453127
62990,25430,0.589180,0.538191
116278,50161,0.590960,0.574381
50161,111132,0.589180,0.485003
15357,10876,0.588955,0.588105
59981,39364,0.589395,0.537194
49574,53853,0.000000,0.000023
121842,115962,1.000000,0.928853
55071,104384,0.000000,0.000087
8742,49574,0.586934,0.440498
116278,96090,0.588955,0.502434
104965,60560,0.588200,0.454639
62990,95801,0.000000,0.000057
51218,31781,0.000000,0.002936
103133,27077,0.000000,0.000207
21358,103133,0.000000,0.000070
121842,36293,1.000000,0.088580
62083,95801,1.000000,0.957439
66563,55180,0.587286,0.410080
15357,103133,0.000000,0.000254
106296,87801,0.000000,0.000012
38494,66563,0.587286,0.428599
59981,86281,0.589180,0.527081
111132,122496,0.589180,0.491320
42319,81458,0.000000,0.000148
96090,118472,0.588955,0.477926
87801,115962,1.000000,0.980521
100871,104965,0.588200,0.471202
104384,53853,1.000000,0.982106
35950,64262,0.000000,0.000080
11201,9392,0.589180,0.493326
96090,45481,0.587612,0.514180
64215,66292,0.588717,0.485582
43132,49574,0.587612,0.460582
87801,36293,1.000000,0.027605
60560,95801,0.000000,0.000286
55071,95801,0.000000,0.000147
25430,43132,0.589395,0.549222
62083,116278,0.000000,0.000205
64262,109145,0.000000,0.002691
39364,45481,0.587612,0.511472
62083,96090,0.000000,0.000062
49574,115962,0.000000,0.000048
11201,87801,0.000000,0.000008
118472,100871,0.589599,0.494648
9392,116278,0.589981,0.543573
10945,9392,0.587916,0.525295
49391,38494,0.000000,0.002082
121842,62083,1.000000,0.996859
109145,42319,0.590332,0.523408
36293,100871,0.000000,0.003495
55071,118472,0.000000,0.515930
62990,10876,0.588955,0.540899
116278,64262,0.000000,0.002327
49574,81458,0.000000,0.000012
17138,96090,0.588955,0.485589
50161,31781,0.590960,0.586516
27077,109145,0.589180,0.548060
27077,115962,0.000000,0.000066
122496,49391,0.000000,0.000816
8742,59981,0.586934,0.401039
103133,9392,0.000000,0.000535
122496,115962,0.000000,0.000503
5805,117598,0.588200,0.469164
104965,4540,0.588200,0.455319
9392,10945,0.587916,0.519056
43132,119271,0.587286,0.451455
46132,5817,0.663313,0.503161
94431,116048,0.661092,0.492721
38470,76417,0.662926,0.495901
66120,84832,0.662666,0.306482
19769,60880,0.662885,0.551586
98197,67295,0.661926,0.438389
100379,38051,0.000000,0.000074
66995,116048,0.661092,0.455746
5817,33363,0.662459,0.345162
66120,118973,0.662666,0.502565
80883,52325,0.000000,0.000732
118973,48427,0.662926,0.531339
69782,99612,1.000000,0.992125
116274,92899,0.000000,0.000466
74758,33363,0.662459,0.327861
76417,61250,0.662926,0.494060
44916,61250,0.000000,0.001608
46132,9868,0.663666,0.518313
9868,19769,0.663660,0.250547
74758,98960,0.662885,0.488652
86340,94696,0.662499,0.484075
38470,94431,0.662885,0.541709
88991,38051,1.000000,0.974909
92995,2976,0.000000,0.000311
118973,80516,0.661646,0.448316
89817,122870,0.000000,0.000272
67295,74758,0.661926,0.468007
107806,66120,1.000000,0.763461
116048,84832,0.661092,0.238557
94431,83115,0.662885,0.327557
52325,80883,0.000000,0.001488
107806,116274,0.662666,0.467174
38470,82666,0.000000,0.000055
86340,101295,0.662188,0.469910
98197,122870,0.000000,0.000292
66995,98960,0.661646,0.455350
98724,66318,0.000000,0.000079
91133,88991,0.000000,0.000004
80516,118601,0.661646,0.453455
58842,89599,0.662188,0.492369
99612,82666,1.000000,0.985054
9868,33363,0.662459,0.346371
16644,100980,0.662188,0.148000
66995,100980,0.661646,0.126930
100642,84832,0.663093,0.355638
76417,100642,0.662926,0.542771
89599,60880,0.662188,0.148565
10836,116048,0.661092,0.465520
100642,61250,0.663093,0.548518
101295,83115,0.662188,0.280662
66995,80516,1.000000,0.632142
58842,80883,0.663480,0.553114
61250,36644,0.662828,0.514750
116048,100379,0.661092,0.121774
98724,8616,0.662188,0.529338
58842,116048,0.661092,0.474047
89817,66318,0.000000,0.003955
98724,89817,0.662188,0.298405
98960,415,0.663660,0.499934
100642,106530,0.663093,0.549341
89599,82666,0.000000,0.000018
92995,76417,0.000000,0.000194
415,92611,0.664309,0.557250
80883,8140,0.000000,0.000117
98197,116048,0.661092,0.438250
94696,118973,0.663093,0.529259
9868,82666,0.000000,0.000097
107806,94696,0.662666,0.485116
88991,8616,0.000000,0.002662
16644,92611,0.662188,0.465777
16644,76417,0.662188,0.474237
46132,52325,0.000000,0.000528
89817,44916,0.000000,0.007610
9868,1768,0.663093,0.493536
5817,74758,0.662885,0.488807
80516,89599,0.661646,0.456825
101295,99612,0.000000,0.000035
1768,94431,0.662885,0.541944
91133,84832,0.662434,0.314534
19769,16644,0.662188,0.168768
100642,94431,0.662885,0.593941
66120,33363,0.662459,0.321239
89817,80883,0.663832,0.383367
52325,16644,0.000000,0.000148
91133,5817,0.662434,0.537168
100642,66120,0.662666,0.533907
91673,98960,0.663291,0.502171
98960,95527,0.000000,0.000147
44916,80516,0.000000,0.000341
66318,86340,0.000000,0.000129
84832,80883,0.663831,0.403614
1768,69782,0.000000,0.000011
122870,101295,0.000000,0.000046
38470,106530,0.663291,0.503261
92995,99612,1.000000,0.990205
98960,52325,0.000000,0.000371
5817,76417,0.662926,0.496163
91673,38470,1.000000,0.777572
106530,89817,0.663480,0.375656
9868,38470,0.663291,0.499467
14988,110840,0.553297,0.023303
10743,51909,0.553297,0.018252
10743,13639,0.553297,0.009197
79875,16415,0.553988,0.009096
44148,26776,0.554725,0.026294
84818,53879,0.557622,0.283752
54631,100404,0.557622,0.160581
13639,57587,0.556213,0.050724
88604,60588,0.557014,0.106831
73170,77820,0.553825,0.007435
35152,68101,0.560687,0.145812
23162,3881,0.553825,0.023484
48107,1017,0.555911,0.038476
15816,779,0.557014,0.066950
16415,51250,0.559553,0.124762
6685,48107,0.555474,0.051837
100583,44148,0.554725,0.034145
3881,82850,0.558578,0.176282
114394,31509,0.560392,0.143667
35152,18424,0.560687,0.171435
70091,100583,0.558281,0.087909
12949,100404,0.557622,0.261376
82850,39184,0.558578,0.116509
57641,53620,0.554445,0.024371
70091,779,0.557014,0.062723
13639,61838,0.556213,0.065519
119705,2670,0.553480,0.022007
119499,54631,0.559268,0.148940
89968,110840,0.559992,0.151896
13639,15816,0.556213,0.056431
114394,16415,0.559553,0.148224
90415,60588,0.557014,0.101172
107741,10743,0.553297,0.023644
84818,61838,0.557622,0.109281
62597,95856,0.560075,0.274001
84818,88604,0.557622,0.112189
55681,57641,0.557897,0.071066
18424,31026,0.561097,0.167090
39184,73170,0.556115,0.066258
100583,110840,0.560793,0.148130
4543,10743,0.553297,0.009975
81875,14988,0.553297,0.021883
114860,32936,0.561064,0.189102
107501,60588,0.557014,0.107777
3881,35152,0.560687,0.238394
16415,85658,0.559168,0.123748
53620,16415,0.554445,0.023123
10743,119499,0.553297,0.028249
53620,119705,0.554445,0.026171
26776,114860,0.563924,0.223717
54631,107501,0.559268,0.119031
102081,81875,0.555698,0.058338
12816,48957,0.553480,0.013529
102081,31509,0.555698,0.055064
15816,114860,0.557252,0.052421
62597,82249,0.557964,0.116491
68101,3881,0.562511,0.370280
16415,48107,0.555911,0.092879
14988,57587,0.553297,0.021126
110840,31509,0.560392,0.165800
114860,73771,0.553825,0.005138
10743,18424,0.553297,0.006959
4543,73771,0.553825,0.002171
1017,3881,0.556404,0.088013
51250,2670,0.553480,0.022057
12816,26776,0.553480,0.010828
88604,12949,0.559599,0.119476
53081,73771,0.553825,0.042450
70091,31026,0.558281,0.082954
114394,88604,0.561874,0.191398
79875,89968,0.553988,0.006982
119705,779,0.557014,0.107564
100404,10743,0.553297,0.020337
53620,51250,0.554445,0.023288
119499,39184,0.560615,0.277671
119705,88604,0.560430,0.143014
48957,26776,0.560931,0.323167
95543,107741,0.563675,0.142554
100404,95856,0.557622,0.110345
23162,51909,0.553825,0.015906
68101,119499,0.560615,0.166419
114394,32936,0.561064,0.140533
15816,95856,0.557252,0.161131
57641,31509,0.558802,0.101124
82850,107501,0.558578,0.089836
54631,82850,0.558578,0.105304
6685,12949,0.555474,0.027719
1017,55681,0.556404,0.078151
12949,53620,0.554445,0.011429
23162,44148,0.553825,0.025406
10743,60588,0.553297,0.011277
88604,51909,0.561874,0.194575
100404,102081,0.555698,0.065982
26776,54631,0.559268,0.219917
31509,82249,0.557964,0.094004
79875,90415,0.553988,0.004963
89968,77820,0.553825,0.024494
73170,60588,0.556115,0.057016
89968,100583,0.559992,0.142140
86264,82850,0.558578,0.187459
48926,64490,0.589794,0.505484
104962,111621,0.589180,0.495948
44748,47937,0.000000,0.000040
25132,58987,0.588717,0.484946
1269,66169,0.589395,0.497752
36969,20075,0.588717,0.482925
21311,116995,0.589395,0.495909
111621,70621,0.589599,0.501609
121481,58198,0.588466,0.536811
112614,64490,0.590498,0.522661
71287,39995,0.588466,0.478344
109049,14682,0.000000,0.000452
21311,116553,0.000000,0.000220
56786,116995,1.000000,0.742553
98620,663,0.589981,0.527364
61353,56786,0.589395,0.501360
58652,48926,0.589180,0.495446
47368,109049,0.000000,0.000017
59054,58198,0.000000,0.001322
61353,89647,0.589794,0.505655
62839,61353,0.589599,0.509153
9020,71287,0.587916,0.468128
23473,19110,0.588466,0.464074
32094,39995,0.588466,0.450579
47937,116553,1.000000,0.951158
45721,57406,1.000000,0.012065
21311,47937,0.000000,0.000241
108720,44638,0.588717,0.537297
67254,20075,0.588717,0.489946
47937,62839,0.000000,0.000451
113032,85088,0.000000,0.218171
109049,47368,0.000000,0.000033
94340,109810,0.659977,0.767384
32094,108720,0.588955,0.534879
89647,62839,0.589599,0.501237
104962,58198,0.589180,0.484903
58652,116553,0.000000,0.000071
67400,108720,0.000000,0.000030
663,19110,0.590332,0.451593
89647,33270,0.589599,0.501070
62083,73408,0.000000,0.000048
48926,56786,0.589395,0.501360
112614,41792,0.588955,0.473169
94340,98620,0.659977,0.551631
19110,62839,0.589599,0.496664
116995,116416,0.588955,0.488823
54522,67254,0.000000,0.292507
64490,73408,0.588466,0.469451
66169,20075,0.588717,0.483892
58987,70695,0.589395,0.501853
89647,73408,0.588466,0.469543
663,66169,0.589395,0.468634
109049,121481,0.000000,0.000028
104962,109049,0.000000,0.000082
89647,21311,0.590332,0.524651
48926,80049,0.587916,0.464780
23473,64490,0.588466,0.470582
44748,58987,0.588466,0.478927
116553,57406,1.000000,0.069601
113032,112614,0.589395,0.486266
57129,71287,0.589395,0.492414
33270,114920,0.589599,0.504856
116553,51232,0.000000,0.001231
89647,58987,0.589599,0.501280
64490,20075,0.588717,0.473753
41792,66169,0.588955,0.490618
47368,59054,0.000000,0.000021
47368,44748,0.586551,0.437412
71287,80049,0.587916,0.467813
57129,62083,0.000000,0.000350
41792,62839,0.588955,0.489887
32303,112614,0.591104,0.538719
56786,47368,0.586551,0.429983
14682,44638,0.588717,0.477139
62083,45721,1.000000,0.999982
48926,663,0.589794,0.464569
62839,58987,0.659870,0.793144
59054,116553,1.000000,0.978523
48926,32094,0.589794,0.494660
64490,109810,0.589981,0.514798
85088,47937,0.000000,0.000383
104962,51232,0.000000,0.226982
109810,68094,0.588466,0.472987
58198,104962,0.589180,0.484471
57406,67254,0.000000,0.001221
62083,44748,0.000000,0.000048
66169,14682,0.589395,0.497210
39995,14682,0.588466,0.473408
21311,111621,0.589599,0.501643
36969,116995,0.589180,0.497112
62839,51232,0.000000,0.253866
49090,21311,0.588200,0.466380
66169,19110,0.589395,0.489139
58987,45721,0.000000,0.000011
113032,19110,0.589395,0.491101
44638,58198,0.588717,0.473639
48926,49090,0.588200,0.468756
33270,57129,0.589599,0.501114
75092,111621,0.589599,0.498144
59054,112614,0.000000,0.002543
45506,12375,0.000000,0.000010
12375,15088,0.000000,0.000204
61367,119751,0.588200,0.473086
88301,97928,0.000000,0.001948
69538,18546,0.000000,0.000068
19410,82726,0.000000,0.001130
98701,21564,0.000000,0.000387
86666,67876,0.588955,0.479193
101803,88301,0.000000,0.000106
88301,119751,0.000000,0.000395
119751,68619,0.588717,0.482776
20764,73188,0.589395,0.488180
98701,81749,0.000000,0.001009
45506,98701,0.000000,0.000020
86098,92308,0.589599,0.491340
123116,20764,0.588466,0.479477
86098,26539,0.589599,0.493034
78055,86098,0.588200,0.442710
84257,92308,0.588955,0.489376
20764,15737,0.000000,0.495858
18351,57619,0.587916,0.467345
73188,90049,0.589794,0.498438
82161,119751,0.589180,0.492946
21564,45506,0.588955,0.527974
114430,45506,0.589180,0.591463
81749,97928,0.589981,0.541300
20690,57619,1.000000,0.549991
62083,82318,0.000000,0.000087
15088,28888,0.000000,0.477039
119751,114430,0.663727,0.541595
13156,69538,0.000000,0.000135
86666,12375,0.000000,0.000015
18351,77354,0.587916,0.449100
6112,98867,0.588200,0.472410
64542,78055,0.588200,0.468938
81749,6112,0.589395,0.497249
78055,64542,0.588200,0.470307
75112,97928,0.590658,0.559113
26539,45506,0.664812,0.548732
82227,45506,0.589599,0.547818
86098,28888,0.590498,0.522038
97928,101545,0.000000,0.469290
15535,19410,0.000000,0.000061
85977,20690,0.000000,0.000396
101803,114430,0.589180,0.539919
12375,57619,0.000000,0.000392
85977,81461,0.000000,0.000268
31517,86666,0.588955,0.464395
80605,98867,0.588200,0.471561
53150,18351,0.000000,0.466151
64542,62176,0.589794,0.503885
28642,90049,0.589794,0.552862
82318,15737,0.000000,0.550273
21564,28642,0.588955,0.516085
44859,123116,0.588466,0.483554
31517,62083,0.000000,0.000810
62176,6112,0.589395,0.491243
57619,114430,0.589180,0.543710
31517,13156,0.000000,0.000839
98701,82318,0.000000,0.000256
82161,67876,0.589794,0.502905
82161,48533,0.664992,0.772064
18351,90049,0.587916,0.463670
15535,62083,0.000000,0.000161
81461,68619,0.588717,0.536901
44859,82227,0.589794,0.550103
15088,45506,0.000000,0.517179
64542,69538,0.587916,0.463517
82726,90049,0.000000,0.509307
62083,59415,0.000000,0.000078
68619,116008,0.000000,0.000038
57619,84257,0.588955,0.488536
81749,13156,0.000000,0.000109
28642,20764,0.589395,0.540501
62083,101545,0.000000,0.000048
92308,81461,0.588955,0.539744
26539,66860,0.589180,0.495367
28888,61367,0.588200,0.461686
82318,48533,0.589395,0.551069
61676,57619,0.588717,0.485520
28888,20764,0.589395,0.493845
19122,67701,0.000000,0.000020
77354,82161,0.589794,0.507251
20690,61367,0.588200,0.496852
1735,18546,0.000000,0.000468
67701,53150,0.000000,0.000225
66860,77354,0.589180,0.488784
62083,75112,0.000000,0.000157
45506,18546,0.000000,0.000196
67876,80605,0.589180,0.484121
31517,17159,0.000000,0.534509
82318,40108,0.588200,0.497885
80605,6112,0.589180,0.495420
101545,116008,0.000000,0.000030
48533,98867,0.588200,0.468641
69538,18351,1.000000,0.720436
123116,92308,0.588466,0.477955
19122,40108,0.588200,0.427254
68619,48533,0.588717,0.481853
84257,82726,0.000000,0.484941
62083,61652,0.000000,0.000158
925,18128,0.589599,0.553356
39660,98246,0.590160,0.553781
13995,19725,0.589981,0.509067
46885,62083,0.000000,0.000299
14313,502,0.589395,0.516548
112008,38279,0.590332,0.552489
120393,119802,0.590332,0.557233
118341,122566,0.000000,0.000010
40745,88309,0.589794,0.544979
113723,98246,0.000000,0.000021
63941,25108,0.590160,0.589807
59680,51261,0.000000,0.001127
84775,118341,0.590160,0.591425
502,57158,0.590498,0.560486
46885,113723,0.000000,0.000003
114092,2931,0.588955,0.473197
84775,66398,0.667689,0.559579
14534,34128,0.591378,0.551861
42121,36746,0.000000,0.000399
42121,29251,0.000000,0.000950
76199,54776,0.590160,0.519371
59680,32080,0.588955,0.480247
13995,29251,0.590812,0.562781
8899,24668,0.590498,0.517237
24668,4168,0.000000,0.438573
46885,58705,0.589981,0.517104
29251,51261,0.000000,0.001083
76199,49855,0.000000,0.000224
14534,76199,0.590160,0.511265
925,33539,0.589599,0.551769
57158,76199,0.590160,0.519457
63941,120393,0.590960,0.596340
42121,2931,0.000000,0.000315
115315,63941,0.590960,0.560025
88309,98314,0.590160,0.561780
62083,120393,0.000000,0.000238
22296,105853,0.000000,0.000270
114092,122306,0.591243,0.566460
105853,63941,0.590160,0.548581
121158,19379,0.590160,0.505293
88309,36746,0.667642,0.869141
4168,38279,0.000000,0.481133
19379,34128,0.590658,0.533017
42121,8899,0.000000,0.001170
33539,3372,0.591104,0.517626
49855,121158,0.000000,0.001672
35313,36746,0.000000,0.000023
98246,120393,0.590160,0.543902
58705,22296,0.000000,0.000007
120087,19379,0.590658,0.565600
19379,112008,0.590658,0.526822
38279,58613,0.000000,0.000002
54776,36746,0.590332,0.554207
25108,122566,0.000000,0.000002
38279,3372,0.590332,0.546522
84775,98314,1.000000,0.560006
18128,61652,0.590160,0.518290
14534,51261,0.000000,0.002408
103275,13995,0.590332,0.522378
114092,112008,0.591243,0.540868
35313,64891,0.000000,0.000022
105853,40745,0.589794,0.509490
113086,57158,0.590498,0.528575
13995,120393,0.590812,0.561674
25108,103275,0.590160,0.560630
33539,46885,0.590160,0.512942
32080,4168,0.000000,0.477151
62083,925,0.000000,0.000096
88309,114539,0.590160,0.562195
42121,22296,1.000000,0.895931
112008,63941,0.590960,0.561516
119802,120393,0.590332,0.548164
63941,42121,0.000000,0.000598
29251,22296,0.000000,0.000005
29251,4168,0.000000,0.470744
18128,72008,0.589981,0.551855
120393,105853,0.590160,0.552228
105853,51261,0.000000,0.000808
13995,84775,0.590160,0.551648
14534,35313,0.000000,0.000024
35313,39660,0.000000,0.000067
118341,56091,0.589981,0.543938
84775,19379,0.590160,0.559019
105853,72008,0.589981,0.551168
66398,46885,1.000000,0.804820
19379,49855,0.000000,0.000277
33539,19725,0.589981,0.506047
114092,13995,0.590812,0.534520
27778,76199,0.589981,0.558097
22296,122306,0.000000,0.000523
22296,27778,0.000000,0.000079
76199,14534,0.590160,0.510297
925,84775,0.589599,0.590842
98314,49855,0.000000,0.000227
57158,87859,0.590332,0.525385
40745,122306,0.589794,0.527439
87859,36746,1.000000,0.555894
57158,29251,0.590498,0.556218
113086,122306,0.590658,0.552714
10995,109716,0.000000,0.000002
52150,88853,0.000000,0.000924
33221,55289,0.587916,0.477711
71852,8763,0.588955,0.541456
114174,16147,0.590160,0.508793
9628,48724,0.665977,0.491298
31331,1693,0.000000,0.221453
98974,45409,0.588200,0.473454
58618,14668,0.588717,0.496485
17216,31331,0.000000,0.216459
46947,87816,0.000000,0.000012
61052,37571,1.000000,0.548691
48724,52150,0.000000,0.000009
8763,10995,0.588955,0.589732
69189,52150,0.000000,0.000018
23734,17216,0.589981,0.516331
76743,71852,0.588200,0.474143
97852,73099,0.588200,0.469426
1693,308,0.589599,0.539682
58618,17216,0.590332,0.512826
23734,123018,0.589180,0.491295
61052,9003,0.587916,0.469408
1693,36335,0.589599,0.494394
1693,87816,0.000000,0.000026
123018,308,0.589180,0.522457
123018,58028,0.589180,0.487556
2232,52150,0.000000,0.000050
88085,37571,0.000000,0.000027
52150,21929,0.000000,0.000174
76511,76743,0.588200,0.465852
7379,61052,0.589180,0.535948
32278,52150,0.000000,0.000014
52913,112170,0.587916,0.523755
10995,45409,0.588200,0.491435
16147,1693,0.589599,0.490966
76743,88853,0.588200,0.441349
8763,16147,0.588955,0.544986
88085,57363,0.000000,0.000003
1728,109716,0.000000,0.000001
25362,88173,0.588466,0.472974
45409,87816,0.000000,0.000007
92326,46947,0.588717,0.480749
14668,114174,0.588717,0.541551
10995,64028,1.000000,0.552839
87816,55289,0.000000,0.000182
16147,35779,0.590812,0.531074
45409,123018,0.588200,0.473706
27108,52150,0.000000,0.000006
76511,88085,0.000000,0.000005
308,64028,0.589599,0.544160
52467,114174,0.588955,0.485149
69189,25362,0.589395,0.497610
88085,9003,0.000000,0.000004
2232,123018,0.589180,0.486628
123018,23734,0.589180,0.492915
35779,31331,0.000000,0.208302
71852,23320,0.588717,0.537689
53306,37571,0.589794,0.491365
23320,87816,0.000000,0.000003
23320,27108,0.588717,0.587060
53306,1728,0.588717,0.534183
52913,87816,0.000000,0.000002
58618,36335,0.590658,0.512094
52913,88853,0.587916,0.522092
8241,76743,0.588200,0.468148
53306,7379,0.589180,0.487126
46947,32278,0.588717,0.483626
308,92326,0.589794,0.550952
76511,21929,0.589794,0.510497
55289,35779,0.589180,0.548181
14668,31331,0.000000,0.210256
62083,76743,0.000000,0.000042
71852,53306,0.589180,0.487591
55289,52467,0.588955,0.541914
92326,112170,0.663125,0.724628
27108,308,0.589395,0.590119
63608,98974,0.589395,0.480832
36335,7379,0.589180,0.482438
87816,64028,0.000000,0.000530
52150,55289,0.000000,0.000049
48724,58028,0.588717,0.476366
52467,21929,0.588955,0.487763
2232,88853,0.590498,0.523736
25362,52467,0.588955,0.483060
44150,48724,0.588200,0.536581
45409,52150,0.000000,0.000006
92326,33221,0.587916,0.464248
24040,109716,0.000000,0.000056
88085,98974,0.000000,0.000022
21929,88085,0.000000,0.000002
74270,14668,0.000000,0.000066
44150,76511,0.588200,0.530537
112170,88085,0.000000,0.000003
53306,76743,0.588200,0.458371
23320,88173,0.588466,0.531769
74270,58618,0.000000,0.002109
109716,1728,0.000000,0.000141
9628,73099,0.588717,0.502481
48724,62083,0.000000,0.000143
46947,17216,0.588717,0.477514
58877,23262,0.000000,0.044364
42517,13534,0.000000,0.003788
54135,61918,0.565458,0.103233
90562,82427,0.000000,0.007831
122255,77508,0.000000,0.000000
84247,54234,0.000000,0.459331
50796,111654,0.000000,0.133023
106380,34459,0.000000,0.000000
11175,81988,0.000000,0.171975
116540,16939,0.000000,0.056619
77508,50796,0.000000,0.000000
90562,82282,0.000000,0.059901
65625,110976,0.000000,0.082410
32346,110976,0.000000,0.048690
90562,54234,0.000000,0.048999
87590,58877,0.000000,0.024969
110450,193,0.000000,0.007960
110976,37075,0.000000,0.083449
52353,66294,0.000000,0.067635
23583,88464,0.000000,0.129408
106380,116509,0.000000,0.000000
11175,111654,0.000000,0.134893
116509,9950,0.000000,0.178046
23262,116509,0.000000,0.052599
50796,73694,0.000000,0.053784
9950,37075,0.000000,0.043027
13534,193,0.000000,0.006233
55465,77508,0.000000,0.000000
66294,54234,0.000000,0.190718
11175,110976,0.000000,0.101227
77508,71005,0.000000,0.000000
116540,110450,0.000000,0.040861
66294,61918,0.000000,0.033523
106380,11175,0.000000,0.000000
193,110450,0.000000,0.006172
116540,77508,0.000000,0.000000
65625,39428,0.000000,0.062883
122040,52353,0.000000,0.000177
37075,55465,0.000000,0.005122
73674,101648,0.000000,0.002489
34459,116540,0.000000,0.013052
82427,122040,0.000000,0.028694
58528,110450,0.000000,0.009935
22899,32346,0.000000,0.003675
69455,52353,0.000000,0.100085
81988,90562,0.554379,0.103474
58528,82282,0.000000,0.002877
52353,13993,0.000000,0.059479
60415,64731,0.000000,0.033666
5733,64731,0.000000,0.100194
101648,99156,0.000000,0.587246
111654,106380,0.000000,0.000000
90562,13534,0.000000,0.003401
54234,29822,0.000000,0.145639
77508,71107,0.000000,0.000000
69455,110976,0.000000,0.125439
11175,90562,0.000000,0.137580
32800,16939,0.000000,0.972373
122255,59338,0.000000,0.391652
66294,106380,0.000000,0.000000
18350,54234,0.000000,0.443428
106380,29822,0.000000,0.000000
193,29822,0.000000,0.021205
7628,29822,0.000000,0.229766
106380,110450,0.000000,0.000000
81988,32346,0.000000,0.170780
34459,82427,0.000000,0.002096
122516,54234,0.000000,0.040063
16939,116509,0.000000,0.001185
52353,119018,0.000000,0.248363
55465,90562,0.000000,0.093964
108560,59338,0.000000,0.035430
77508,34459,0.000000,0.000000
81988,122516,0.000000,0.051212
32800,7628,0.000000,0.000441
37075,16939,0.000000,0.948598
18350,32346,0.569232,0.465139
101648,106380,0.000000,0.000000
122255,73674,0.000000,0.021500
59338,99156,0.000000,0.132557
78342,58528,0.000000,0.065159
122516,29822,0.000000,0.069979
32346,193,0.000000,0.023094
22899,50796,0.000000,0.001064
122040,59338,0.000000,0.000126
73694,71107,0.000000,0.053755
19157,73674,0.000000,0.004827
108560,7628,0.000000,0.000551
55465,108560,0.000000,0.042892
23262,73694,0.000000,0.009854
111654,71005,0.000000,0.174353
55021,29822,0.000000,0.126874
116509,111654,0.000000,0.037080
73694,82427,0.000000,0.000662
70200,69455,0.000000,0.000000
34459,71107,0.000000,0.021322
81988,108560,0.000000,0.037880
122255,71107,0.000000,0.404760
82282,42517,0.000000,0.027336
111654,32346,0.000000,0.086729
111756,28919,0.545461,0.622563
48842,58197,0.000000,0.001488
27757,102600,0.545461,0.502886
27757,50458,0.543947,0.436582
50458,22160,0.543947,0.568159
30956,43488,0.000000,0.026258
91569,53204,0.544768,0.059279
93289,52524,0.000000,0.000502
27757,43488,0.545461,0.421518
102600,118513,0.544768,0.484043
87131,62083,0.000000,0.000007
337,35547,0.000000,0.017584
47077,20573,0.000000,0.014844
120234,82041,0.000000,0.005633
77365,111756,0.543947,0.450264
99107,87131,0.000000,0.406824
22160,48402,0.543947,0.582631
108835,84682,0.544768,0.101420
20573,87131,0.544768,0.081649
70992,22160,0.000000,0.410566
51856,28919,0.543947,0.575371
52524,82736,0.000000,0.052592
99107,10015,0.000000,0.194249
110193,65051,0.000000,0.109420
62083,118513,0.000000,0.000014
48842,48402,0.000000,0.003008
70992,88088,0.000000,0.012630
10110,62647,0.000000,0.000534
37542,51856,0.000000,0.033772
62083,101703,0.000000,0.000029
35547,99107,0.000000,0.284527
101703,99107,0.000000,0.478621
95370,62647,0.000000,0.000304
5678,82734,0.000000,0.000579
94627,16248,1.000000,0.956331
43488,102600,0.546062,0.524834
92396,62647,0.000000,0.000001
70114,70992,0.000000,0.119748
1407,35380,0.000000,0.028039
35607,70992,0.000000,0.538552
70992,111756,0.000000,0.170652
10015,16248,0.000000,0.514563
22051,30956,0.000000,0.512811
50458,82041,0.000000,0.067599
70992,18865,0.000000,0.003664
85826,5678,0.000000,0.021177
20573,51856,0.543947,0.526686
119778,16248,0.000000,0.000107
35607,92396,0.000000,0.000108
51856,102600,0.543947,0.591475
51856,57583,0.000000,0.085472
84682,35547,0.544768,0.531164
70114,31123,0.000000,0.280692
1407,43488,0.544768,0.249520
18865,82736,0.000000,0.528854
5678,35380,0.000000,0.009172
62083,35380,0.000000,0.000118
62647,85826,0.000000,0.000143
77365,43488,0.543947,0.108080
110193,1407,0.000000,0.571018
22051,88088,0.000000,0.007830
337,82736,0.000000,0.030847
93289,118338,0.000000,0.615259
77365,99107,0.000000,0.105000
9571,53204,0.546592,0.228889
27757,88088,0.000000,0.411327
48402,57583,0.000000,0.015026
120234,47077,0.000000,0.010861
120234,82734,0.000000,0.000470
30956,10110,0.000000,0.432810
10015,18865,0.000000,0.371030
51856,10110,0.000000,0.016755
108835,58197,0.000000,0.002421
101703,27757,0.545461,0.499270
18865,87131,0.000000,0.765892
53204,22160,0.545461,0.220009
118338,53204,0.000000,0.653763
77365,48402,1.000000,0.942599
37504,70992,0.000000,0.539135
99107,77365,0.000000,0.058946
22051,93289,0.000000,0.578892
82734,70114,0.000000,0.000272
111756,88088,0.000000,0.411327
93289,37504,0.000000,0.577215
9571,82736,0.545461,0.574179
93289,1407,0.544768,0.154455
5678,87131,0.000000,0.035489
101703,20573,0.545461,0.510612
101703,52524,0.000000,0.328530
102600,82041,0.000000,0.016902
101703,1407,0.544768,0.484043
10110,37504,0.000000,0.016004
22160,50458,0.543947,0.582631
85826,82736,0.000000,0.138013
53204,37542,0.000000,0.001156
93289,50458,0.543947,0.045646
47077,50458,0.000000,0.280403
48842,101703,0.000000,0.009999
