entity_i,entity_j,exact,predicted
4461,16438,0.561750,0.585329
27114,3918,0.000000,0.000334
3918,19945,0.000000,0.000049
6286,8996,0.000000,0.002940
29875,7972,0.000000,0.009349
13555,19945,0.000000,0.163461
2295,8997,0.000000,0.035084
15781,1955,0.000000,0.420580
25132,15781,0.000000,0.054431
16499,24041,0.000000,0.191109
25645,15781,0.000000,0.342040
2294,18190,0.000000,0.015969
8548,32204,0.000000,0.158341
7802,7864,0.000000,0.077850
18190,20642,0.000000,0.052912
1955,22110,0.566204,0.559793
31811,6462,0.000000,0.219214
1955,20591,0.000000,0.210426
18081,22463,0.561750,0.256272
19861,4059,0.566204,0.616004
8997,6286,0.000000,0.012118
24510,8997,1.000000,0.996185
20669,25645,0.000000,0.049650
2295,12437,0.000000,0.000996
16438,24510,0.000000,0.360178
18081,16499,0.000000,0.020782
8548,24510,0.000000,0.302602
20642,11753,1.000000,0.144039
20669,20642,0.000000,0.065518
37421,18071,0.000000,0.034573
24668,8548,0.000000,0.107929
20642,26712,0.000000,0.286637
4296,8997,0.000000,0.440349
8996,22110,0.000000,0.028068
19945,11753,0.000000,0.181633
7865,2295,0.000000,0.007184
6463,27114,0.000000,0.015331
20928,26712,0.000000,0.231866
22110,7865,0.000000,0.171017
18071,15360,0.563527,0.490262
18071,29875,1.000000,0.177913
7864,15781,0.000000,0.008435
2295,19754,0.000000,0.149625
15781,20669,0.000000,0.056422
24041,12424,0.561750,0.410059
11753,18190,0.000000,0.066265
18071,6462,0.000000,0.232067
6463,10947,0.561750,0.126004
6462,493,0.000000,0.000091
19300,493,0.000000,0.000666
18081,6286,0.000000,0.001095
26712,12437,0.000000,0.139584
8480,24510,0.000000,0.120682
19861,19300,0.000000,0.327701
19300,25132,0.000000,0.261126
9597,3918,0.000000,0.001484
37421,17447,0.000000,0.008107
1955,27114,0.000000,0.584649
1955,20669,0.000000,0.394811
20642,20928,0.563527,0.169868
18081,8480,0.000000,0.085884
18081,18999,0.000000,0.141897
2295,13555,0.000000,0.000167
1955,18071,0.564978,0.526408
4461,18071,0.563527,0.772025
22110,25645,0.561750,0.057905
12334,2294,0.000000,0.107789
31811,15781,0.000000,0.139541
6462,8997,0.000000,0.486354
12334,8480,0.000000,0.120759
4296,10947,1.000000,0.995917
31811,12334,0.000000,0.146637
20591,7864,0.000000,0.030672
25132,2294,1.000000,0.152770
6463,4059,0.564978,0.356280
16499,20255,0.000000,0.147345
25132,37421,0.000000,0.065754
22463,8997,0.000000,0.265167
20928,16499,0.000000,0.040189
19861,18999,0.000000,0.212193
24668,4461,0.563527,0.698644
6087,12334,0.000000,0.057176
6462,7123,0.000000,0.117820
20255,8783,0.000000,0.075000
20255,12424,1.000000,0.168791
7123,15760,0.000000,0.032472
6463,32204,1.000000,0.084356
24510,4657,0.000000,0.379510
25132,6286,0.000000,0.004741
7123,7865,0.000000,0.017589
7802,15360,0.561750,0.174989
8997,32204,0.000000,0.282863
4059,15222,0.000000,0.431673
24668,26712,0.000000,0.367928
16438,17447,1.000000,0.349944
7865,8997,0.000000,0.180579
22463,24041,0.561750,0.334454
14056,17447,1.000000,0.834886
32204,8480,0.000000,0.023116
20591,25645,0.000000,0.032463
5272,14473,0.000000,0.098039
27777,5272,0.000000,0.004507
34174,1099,0.000000,0.015378
35156,10613,0.000000,0.008624
27778,35156,1.000000,0.986496
14473,35156,0.000000,0.076378
8167,1099,1.000000,0.998878
8167,27778,0.671098,0.618774
9468,8167,0.000000,0.182103
27778,1099,0.671098,0.608042
9468,5272,1.000000,0.057297
9468,34174,0.000000,0.071150
27698,34174,0.000000,0.015543
5272,8167,0.000000,0.018890
8167,27698,1.000000,0.998744
1099,10613,0.000000,0.014335
38968,37330,0.671098,0.518982
34174,37330,0.000000,0.006620
7250,35156,0.671098,0.619891
33439,27778,1.000000,0.986503
35156,8167,0.671098,0.608280
14473,33439,0.000000,0.076378
33439,10613,0.000000,0.008624
37330,9468,0.000000,0.139090
27777,10613,0.000000,0.042190
8167,38968,1.000000,0.998878
34174,38968,0.000000,0.015378
10613,9468,1.000000,0.024092
35156,27778,1.000000,0.986503
27778,34174,0.000000,0.005261
7250,5272,0.000000,0.018225
27777,1099,0.000000,0.016832
38968,5272,0.000000,0.018225
10613,38968,0.000000,0.012049
9468,33439,0.000000,0.242328
10613,27777,0.000000,0.039767
27698,27778,0.671098,0.618262
27698,35156,0.671098,0.618983
33439,35156,1.000000,0.992297
14473,27698,0.000000,0.061563
34174,7250,0.000000,0.015378
35156,33439,1.000000,0.992297
27698,33439,0.671098,0.618983
7250,37330,0.671098,0.518982
33439,14473,0.000000,0.128956
7250,27777,0.000000,0.015685
27778,9468,0.000000,0.230608
14473,27778,0.000000,0.076386
27698,7250,1.000000,0.998189
27777,7250,0.000000,0.016832
7250,27778,0.671098,0.619170
38968,10613,0.000000,0.014335
9468,37330,0.000000,0.121416
8167,35156,0.671098,0.619494
5272,9468,1.000000,0.066530
1099,27698,1.000000,0.998192
8167,14473,0.000000,0.094469
33439,27698,0.671098,0.607740
38968,35156,0.671098,0.619891
33439,5272,0.000000,0.015150
7250,27698,1.000000,0.998192
27778,7250,0.671098,0.608042
35156,27777,0.000000,0.006000
37330,5272,0.000000,0.008889
7250,34174,0.000000,0.015263
8167,5272,0.000000,0.018223
37330,1099,0.671098,0.515882
10613,34174,0.000000,0.008321
34174,9468,0.000000,0.052425
14473,9468,0.000000,0.035413
27777,34174,0.661751,0.327846
27698,1099,1.000000,0.998189
38968,27698,1.000000,0.998192
27777,35156,0.000000,0.005420
7250,8167,1.000000,0.998879
35156,9468,0.000000,0.229698
27698,5272,0.000000,0.018220
1099,35156,0.671098,0.619891
5272,1099,0.000000,0.018885
1099,9468,0.000000,0.210666
27778,37330,1.000000,0.655227
27778,27777,0.000000,0.006055
37330,38968,0.671098,0.515882
38968,27778,0.671098,0.619170
14473,34174,0.000000,0.012448
33439,9468,0.000000,0.229698
1099,14473,0.000000,0.094507
34174,27698,0.000000,0.015633
1099,37330,0.671098,0.518982
1099,8167,1.000000,0.998879
8167,27777,0.000000,0.015842
14473,8167,0.000000,0.061515
27777,33439,0.000000,0.005420
14473,27777,0.000000,0.011668
14473,10613,0.000000,0.011372
9468,1099,0.000000,0.182087
27777,27698,0.000000,0.017175
9468,38968,0.000000,0.182087
37330,35156,1.000000,0.684438
27698,27777,0.000000,0.016039
11881,2453,0.000000,0.000567
2453,22208,0.000000,0.006966
40229,3212,0.000000,0.007023
40229,13122,0.000000,0.004607
22208,3212,0.000000,0.002413
11881,13122,0.000000,0.194158
22208,13122,0.000000,0.571538
2453,13122,0.000000,0.714151
40229,11881,0.000000,0.010526
13122,2453,0.000000,0.625975
22208,40229,0.000000,0.011212
3212,40229,0.000000,0.008426
2453,11881,0.000000,0.000330
3212,13122,0.000000,0.003549
13122,22208,0.000000,0.437471
2453,3212,0.000000,0.000030
40229,2453,0.000000,0.001813
2453,40229,0.000000,0.001492
22208,11881,0.000000,0.078339
3212,2453,0.000000,0.000034
13122,11881,0.000000,0.069768
13122,3212,0.000000,0.001426
11881,22208,0.000000,0.071478
40229,22208,0.000000,0.011836
22208,2453,0.000000,0.008428
3212,22208,0.000000,0.001461
13122,40229,0.000000,0.001371
3212,11881,0.000000,0.003068
11881,3212,0.000000,0.002594
11881,40229,0.000000,0.011420
29552,26733,0.000000,0.043476
26733,29552,0.000000,0.074957
26733,29553,0.000000,0.022797
29553,29552,0.000000,0.005977
29553,26733,0.000000,0.030299
29552,29553,0.000000,0.007198
38425,32078,0.000000,0.420154
13742,5376,0.000000,0.062835
21936,8263,0.676030,0.021539
4757,27914,0.673150,0.282736
5376,11023,0.000000,0.089530
39521,17407,0.673150,0.247215
11164,1609,0.000000,0.185559
21936,5375,0.676030,0.021371
35756,11164,0.000000,0.193359
27914,38425,0.000000,0.247302
27914,5375,0.673150,0.518701
32078,39521,0.673150,0.228067
35756,1543,1.000000,0.026461
38426,1543,0.000000,0.024747
35920,25220,0.000000,0.339529
1609,4757,0.000000,0.017650
38425,25220,0.000000,0.059976
5375,39521,0.673150,0.500231
32078,17407,1.000000,0.358933
11022,38208,0.000000,0.039689
27914,2771,0.000000,0.030618
38208,22573,0.000000,0.164391
11023,8263,0.000000,0.040674
5375,22403,0.000000,0.510239
38208,39521,0.673150,0.474468
1543,35756,1.000000,0.023466
1543,22573,0.000000,0.003265
22403,35920,0.000000,0.020496
21936,11164,0.000000,0.245180
22573,24257,0.000000,0.227501
11023,11164,0.000000,0.452495
11022,21936,0.000000,0.039908
2771,11023,0.000000,0.313213
38208,8263,0.676030,0.020494
11164,5375,0.000000,0.038998
32078,13742,0.000000,0.462123
39521,8263,0.673150,0.517552
22403,17407,0.000000,0.059798
8263,32078,1.000000,0.045751
21936,35920,1.000000,0.999032
1543,39521,0.000000,0.005553
17407,9656,0.678066,0.237089
13742,35920,0.000000,0.273663
1543,24257,0.000000,0.126046
35920,1609,0.000000,0.049762
38208,17407,0.676030,0.333324
5375,35920,0.676030,0.026054
17407,35756,0.000000,0.338106
17407,11022,0.000000,0.058444
35920,4757,0.676030,0.194250
17407,1543,0.000000,0.024692
32078,35756,0.000000,0.331690
11023,2771,0.000000,0.336094
38426,38425,0.000000,0.361827
2771,13742,1.000000,0.217461
39521,27914,1.000000,0.994752
32078,5376,0.000000,0.131482
38425,35920,0.000000,0.395182
25220,5375,0.000000,0.001226
4757,22573,0.000000,0.128712
39521,2771,0.000000,0.030618
4757,38426,0.678066,0.256652
35756,21936,0.000000,0.244839
13742,1609,0.000000,0.183341
39521,35920,0.673150,0.458535
11164,13742,0.000000,0.333715
17407,32078,1.000000,0.358483
2771,17407,0.000000,0.316051
11022,25220,0.000000,0.006657
17407,39521,0.673150,0.227273
22403,25220,0.000000,0.001316
27914,5376,0.000000,0.070736
38208,11023,0.000000,0.332259
19453,5375,1.000000,0.041644
9656,11022,0.000000,0.310895
35756,25220,1.000000,0.338258
38426,17407,1.000000,0.347692
39521,4757,0.673150,0.333863
5375,13742,0.000000,0.033697
11023,24257,0.000000,0.461732
27914,22403,0.000000,0.360675
1543,38425,0.000000,0.017002
1543,25220,1.000000,0.164778
38426,38208,0.676030,0.386476
35756,22573,0.000000,0.120004
19453,1609,0.000000,0.087826
2771,11164,0.000000,0.202753
22573,19453,0.000000,0.386380
21936,35756,0.000000,0.267249
11023,38426,0.000000,0.355440
11164,21936,0.000000,0.265964
2771,21936,0.000000,0.516179
2771,38208,0.000000,0.521286
1609,19453,0.000000,0.090217
35920,2771,0.000000,0.554496
38425,4757,0.000000,0.271537
39521,24257,0.000000,0.470094
25220,39521,0.000000,0.010655
22403,11022,0.000000,0.019381
11164,2771,0.000000,0.202616
7240,22065,1.000000,0.022243
4228,12984,0.000000,0.070958
22065,7240,1.000000,0.027755
8620,14653,0.000000,0.054566
31336,23717,0.652890,0.012485
19349,4228,0.000000,0.063655
12984,23717,0.000000,0.009274
22065,11032,0.000000,0.007405
14653,8620,0.000000,0.051660
19349,31336,0.000000,0.028467
22065,12984,0.000000,0.005270
4229,4228,0.000000,0.010477
8620,25182,0.000000,0.071607
23717,25182,0.653589,0.018527
8620,4228,0.000000,0.088713
14653,12984,0.000000,0.019649
4229,22065,0.000000,0.003589
4228,4229,0.000000,0.012021
4228,11032,0.000000,0.028672
23717,31336,0.652890,0.012389
23717,22065,0.000000,0.082831
31336,4228,0.000000,0.073497
11032,14652,0.000000,0.071788
14653,25182,0.652890,0.098589
25182,7240,0.000000,0.008662
12984,4229,0.000000,0.016749
31336,19349,0.000000,0.036197
19349,23717,0.000000,0.006411
4229,14652,0.652890,0.008306
4228,23717,0.000000,0.008424
7240,12984,0.000000,0.002567
7240,23717,0.000000,0.054598
22065,31336,0.000000,0.003598
7240,19349,0.000000,0.001503
14653,14652,0.000000,0.062465
12984,22065,0.000000,0.004712
4229,23717,0.000000,0.004502
14653,19349,0.000000,0.011124
25182,12984,0.000000,0.025256
12984,25182,0.000000,0.019803
4229,19349,0.000000,0.021295
23717,11032,0.000000,0.008605
19349,4229,0.000000,0.025551
7240,4228,0.000000,0.002531
11032,22065,0.000000,0.012714
31336,25182,0.652890,0.063911
7240,4229,0.000000,0.003094
12984,14653,0.000000,0.016638
25182,23717,0.653589,0.018844
14652,23717,0.000000,0.015205
25182,14653,0.652890,0.095467
14652,19349,0.000000,0.007046
12984,11032,0.000000,0.048943
22065,4229,0.000000,0.004642
14652,4228,0.000000,0.011976
25182,11032,0.000000,0.026808
14653,4229,0.000000,0.004669
11032,19349,0.000000,0.052568
4229,12984,0.000000,0.015152
4229,14653,0.000000,0.005064
23717,19349,0.000000,0.006656
4229,25182,0.000000,0.005862
8620,19349,0.000000,0.029638
25182,4228,0.000000,0.034329
12984,14652,0.000000,0.018810
8620,14652,0.000000,0.016368
19349,14653,0.000000,0.008760
8620,31336,0.000000,0.109264
8620,7240,1.000000,0.013601
14653,7240,0.000000,0.010264
22065,14652,0.000000,0.008979
4228,19349,0.000000,0.072579
31336,22065,0.000000,0.003674
14653,11032,0.000000,0.026405
25182,8620,0.000000,0.066502
25182,19349,0.000000,0.014995
22065,4228,0.000000,0.002800
14652,11032,0.000000,0.051668
19349,11032,0.000000,0.044542
14653,31336,1.000000,0.052846
7240,31336,0.000000,0.004065
19349,7240,0.000000,0.001541
12984,4228,0.000000,0.059840
7240,25182,0.000000,0.006323
11032,7240,0.000000,0.034138
23717,4228,0.000000,0.008530
25182,31336,0.652890,0.068783
14652,12984,0.000000,0.017938
4229,11032,0.000000,0.028835
12984,7240,0.000000,0.002430
22065,19349,0.000000,0.003373
14653,4228,0.000000,0.024518
23717,4229,0.000000,0.005679
8620,11032,0.000000,0.017841
4229,8620,0.000000,0.010503
19349,22065,0.000000,0.003109
11032,14653,0.000000,0.034419
31336,14653,1.000000,0.046939
4228,8620,0.000000,0.077623
12984,19349,0.000000,0.045028
10976,1233,0.655222,0.143021
12757,1232,0.000000,0.012082
33657,12758,0.000000,0.015183
33657,12757,0.000000,0.004742
1233,33657,0.000000,0.002957
1233,12758,0.000000,0.031476
7330,10976,0.000000,0.010047
12758,10976,0.000000,0.032439
1232,7330,0.000000,0.027678
1232,12758,0.000000,0.041765
25866,1233,0.651478,0.089633
12758,1233,0.000000,0.041515
1232,5716,0.000000,0.044868
7330,1233,0.000000,0.015803
12757,33657,0.000000,0.003023
5716,12757,0.000000,0.121191
1232,10976,0.000000,0.022304
10976,12757,0.000000,0.024220
12757,5716,0.000000,0.087974
33657,25866,0.000000,0.048717
5716,10976,0.655222,0.024653
5716,1232,0.000000,0.051584
7330,33657,0.000000,0.005311
10976,25866,0.651478,0.056934
5716,33657,0.000000,0.009406
12758,7330,0.000000,0.061406
5716,25866,0.651478,0.203842
7330,25866,0.000000,0.062401
12757,7330,0.000000,0.008771
25866,33657,0.000000,0.051783
1233,12757,0.000000,0.022240
25866,10976,0.651478,0.082094
33657,5716,0.000000,0.011321
25866,12757,0.000000,0.150279
5716,12758,0.000000,0.375873
10976,7330,0.000000,0.011870
25866,7330,0.000000,0.069199
1233,5716,0.656554,0.028816
10976,12758,0.000000,0.024385
12758,25866,0.000000,0.386531
12757,1233,0.000000,0.014346
12757,12758,1.000000,0.101358
7330,1232,0.000000,0.027273
5716,7330,0.000000,0.053884
5716,1233,0.656554,0.033693
12758,1232,0.000000,0.051997
33657,1232,0.000000,0.003949
33657,7330,0.000000,0.007849
10976,1232,0.000000,0.023754
1232,25866,0.000000,0.073205
7330,5716,0.000000,0.055913
1233,10976,0.655222,0.126619
7330,12757,0.000000,0.013580
25866,5716,0.651478,0.263276
1233,1232,0.000000,0.049994
10976,5716,0.655222,0.021797
33657,1233,0.000000,0.003821
1233,7330,0.000000,0.018694
12758,33657,0.000000,0.015315
12758,12757,1.000000,0.153294
33657,10976,0.000000,0.002685
1232,12757,0.000000,0.016386
25866,1232,0.000000,0.097182
12757,10976,0.000000,0.018186
1232,33657,0.000000,0.002442
12758,5716,0.000000,0.369123
12757,25866,0.000000,0.082196
7330,12758,0.000000,0.060535
25866,12758,0.000000,0.460490
10976,33657,0.000000,0.002581
1233,25866,0.651478,0.067317
1232,1233,0.000000,0.043787
265,9305,0.000000,0.030370
39972,9305,0.000000,0.000039
9305,39972,0.000000,0.000011
27964,27963,0.000000,0.117506
265,27964,1.000000,0.980191
9305,27963,0.000000,0.012249
27964,9305,0.000000,0.061183
265,27963,0.000000,0.035956
39972,27963,0.000000,0.000008
39972,265,0.000000,0.003333
27964,39972,0.000000,0.000622
27964,265,1.000000,0.967191
27963,27964,0.000000,0.141456
27963,265,0.000000,0.029968
9305,265,0.000000,0.023403
27963,39972,0.000000,0.000002
27963,9305,0.000000,0.013832
39972,27964,0.000000,0.001117
265,39972,0.000000,0.002654
9305,27964,0.000000,0.060874
2366,3431,0.000000,0.001026
12255,13450,0.000000,0.011295
3068,12874,0.000000,0.153309
7557,10071,0.000000,0.030204
12874,20794,0.000000,0.059551
28936,14503,0.000000,0.143887
12033,14503,0.678968,0.089515
26992,25422,0.000000,0.000960
13450,3067,0.669580,0.006282
10071,26992,0.000000,0.001252
8907,10071,0.000000,0.004673
10071,35777,1.000000,0.519086
3362,2366,0.000000,0.006820
29496,13450,0.000000,0.028910
3362,3068,0.000000,0.372686
25422,29496,0.678968,0.159155
35777,25422,0.678968,0.179276
7557,26992,0.659579,0.002001
3362,3067,0.000000,0.037253
36475,35777,0.676936,0.198425
10071,3431,0.000000,0.001490
3067,14503,0.000000,0.005257
25422,32181,1.000000,0.510851
36475,12255,0.000000,0.019397
3362,12033,0.000000,0.009422
36475,7557,0.000000,0.088922
3431,32181,0.000000,0.001279
2918,12127,0.000000,0.007137
7557,8907,0.000000,0.010713
16420,29496,1.000000,0.350607
36475,10071,0.676936,0.197078
2918,29496,0.000000,0.001812
30012,7557,0.000000,0.032928
14503,13450,0.000000,0.028837
20794,29496,0.678968,0.050891
3068,26992,0.000000,0.000282
35777,2918,0.000000,0.004685
7557,12874,0.000000,0.049004
36475,3431,0.000000,0.006720
3431,3362,0.000000,0.000408
29496,14503,1.000000,0.519151
10071,30012,1.000000,0.515931
36475,3067,0.000000,0.012414
3431,2918,0.000000,0.000512
12127,20794,0.680540,0.020496
12033,8907,0.000000,0.005773
29496,35777,1.000000,0.630860
10071,3068,0.000000,0.011599
30012,13450,0.000000,0.028648
30012,26992,0.000000,0.001288
30012,3362,0.000000,0.001767
3431,20794,0.000000,0.001373
3068,2918,0.000000,0.640799
13450,20794,0.000000,0.018285
3067,7557,0.664598,0.017571
20794,25422,0.681822,0.055725
2366,12255,0.000000,0.013180
7557,25422,0.000000,0.032105
3068,13450,0.000000,0.013011
3431,16420,0.000000,0.001553
20794,3362,0.000000,0.011158
12255,35777,0.000000,0.008079
30012,12033,0.678968,0.092151
8907,12255,0.000000,0.001119
29496,16420,1.000000,0.351000
10071,16420,1.000000,0.459173
28936,8907,0.000000,0.005075
3067,20794,0.000000,0.005392
12874,35777,0.000000,0.022864
35777,30012,1.000000,0.405049
3362,3431,0.000000,0.000578
26992,7557,0.659579,0.002906
2918,26992,0.000000,0.000238
16420,3362,0.000000,0.001754
3431,30012,0.000000,0.001538
7557,12033,0.000000,0.063671
28936,30012,0.000000,0.140521
36475,25422,0.676936,0.111530
25422,3431,0.000000,0.000992
13450,3068,0.000000,0.016640
35777,28936,0.000000,0.113566
25422,7557,0.000000,0.031695
7557,29496,0.000000,0.029785
10071,2918,0.000000,0.004631
2918,3068,0.000000,0.677583
3431,8907,0.000000,0.036266
26992,30012,0.000000,0.001423
14503,29496,1.000000,0.519086
12874,32181,0.000000,0.039531
28936,7557,0.000000,0.030267
3067,29496,0.000000,0.005188
28936,12033,0.000000,0.077449
20794,16420,0.678968,0.050924
3431,35777,0.000000,0.001478
2918,8907,0.000000,0.000330
32181,12874,0.000000,0.031008
12874,8907,0.657188,0.025612
2366,10071,0.678968,0.157924
3431,25422,0.000000,0.001264
3067,16420,0.000000,0.005362
34352,9614,0.000000,0.087121
11844,14089,0.000000,0.028420
6591,11844,0.673769,0.032060
17782,9614,0.673769,0.110658
21854,34352,0.000000,0.257162
9614,34352,0.000000,0.080860
6591,34352,0.000000,0.088933
3397,6591,0.000000,0.000285
24328,6591,0.000000,0.013682
7899,34352,0.000000,0.014802
7899,6592,0.000000,0.007216
14089,11844,0.000000,0.025596
3397,26289,0.000000,0.000112
9614,7899,0.673769,0.043616
24328,9614,0.000000,0.003715
14088,14089,0.000000,0.077615
21854,25184,0.673769,0.010304
3397,14089,0.000000,0.000087
24328,26288,0.000000,0.000316
26289,14088,0.000000,0.048139
6591,26289,0.000000,0.015415
21854,14089,0.000000,0.035290
17782,26288,0.000000,0.002298
6592,34352,0.000000,0.030563
14088,7899,0.000000,0.009418
17782,3397,0.000000,0.000372
14089,34352,0.000000,0.024775
14089,26288,0.000000,0.016874
27962,26288,0.000000,0.002260
17782,7899,0.676647,0.070226
27962,14089,0.000000,0.023176
7899,26289,0.000000,0.029595
7899,26288,0.000000,0.002351
26289,21854,0.000000,0.034033
11844,7899,0.676647,0.072904
9614,3397,0.000000,0.000260
26289,25184,0.000000,0.002904
3397,6592,0.000000,0.000763
27962,3397,1.000000,0.000595
26288,14089,0.000000,0.021124
3397,25184,0.000000,0.025578
27962,6591,0.000000,0.095581
24328,3397,0.000000,0.150117
17782,6591,0.673769,0.031590
6591,24328,0.000000,0.017017
24328,26289,0.000000,0.001809
26289,14089,0.000000,0.094537
9614,6591,1.000000,0.086631
3397,21854,0.000000,0.000089
7899,3397,0.000000,0.000430
14088,17782,0.000000,0.010972
7899,14088,0.000000,0.005990
26288,21854,0.000000,0.007574
25184,26289,0.000000,0.003461
6591,26288,0.000000,0.006618
3397,34352,0.000000,0.000092
9614,17782,0.673769,0.123431
7899,21854,0.675354,0.014352
17782,14088,0.000000,0.008220
26288,7899,0.000000,0.003859
34352,7899,0.000000,0.018494
26289,3397,0.000000,0.000124
14088,26289,0.000000,0.060160
3397,14088,0.000000,0.000023
34352,14088,0.000000,0.029935
11844,26289,0.000000,0.042070
14088,27962,0.000000,0.008566
21854,6591,0.673769,0.091527
21854,26289,0.000000,0.044653
6592,24328,0.000000,0.002022
27962,14088,0.000000,0.007696
25184,26288,0.000000,0.001841
25184,21854,0.673769,0.011256
7899,6591,0.673769,0.011885
7899,27962,0.000000,0.023915
14089,14088,0.000000,0.065859
6592,21854,0.000000,0.030716
9614,11844,0.673769,0.122254
27962,21854,0.000000,0.049344
11844,14088,0.000000,0.009385
17782,34352,0.000000,0.039253
14088,6591,0.000000,0.017209
34352,17782,0.000000,0.052057
25184,7899,0.673769,0.003866
14089,26289,0.000000,0.093374
11844,6591,0.673769,0.029899
21854,11844,0.675354,0.051302
26289,17782,0.000000,0.034976
7899,17782,0.676647,0.061683
14088,25184,0.000000,0.002820
21854,7899,0.675354,0.018012
24328,14088,0.000000,0.000767
6592,27962,0.000000,0.027877
6592,7899,0.000000,0.009962
17782,26289,0.000000,0.037490
25184,11844,0.673769,0.005915
26289,6591,0.000000,0.016218
26288,17782,0.000000,0.002934
11844,27962,0.000000,0.078104
3397,7899,0.000000,0.000373
40168,19444,1.000000,0.999179
19444,14863,1.000000,0.999179
24905,863,0.000000,0.641581
14863,14864,0.000000,0.043226
14863,40168,1.000000,0.999179
863,34155,0.000000,0.028213
863,14863,0.000000,0.028213
863,27647,0.000000,0.003078
24905,34155,0.000000,0.028134
19444,14864,0.000000,0.043226
24906,864,0.000000,0.004222
40168,24906,0.000000,0.034009
14863,27647,0.000000,0.111612
27647,24906,0.000000,0.015822
24905,14864,0.000000,0.003460
24906,14863,0.000000,0.030201
864,14863,0.000000,0.004010
864,24905,0.000000,0.008109
24905,40168,0.000000,0.028134
24906,40168,0.000000,0.030201
24906,14864,0.000000,0.007025
19444,24906,0.000000,0.034009
24906,863,0.000000,0.070775
34155,24906,0.000000,0.034009
863,19444,0.000000,0.028213
40168,27647,0.000000,0.111612
14863,864,0.000000,0.003131
14863,24905,0.000000,0.032358
19444,863,0.000000,0.032504
34155,24905,0.000000,0.032358
863,14864,0.671719,0.003471
24905,864,0.000000,0.010576
27647,864,1.000000,0.001144
24906,19444,0.000000,0.030201
14863,24906,0.000000,0.034009
40168,14863,1.000000,0.999179
24906,34155,0.000000,0.030201
34155,19444,1.000000,0.999179
14864,19444,0.000000,0.046293
864,14864,0.000000,0.001927
27647,40168,0.000000,0.127410
14864,864,0.000000,0.002969
40168,24905,0.000000,0.032358
864,27647,1.000000,0.000972
863,24906,0.000000,0.075268
27647,14864,0.000000,0.075158
19444,24905,0.000000,0.032358
34155,863,0.000000,0.032504
14864,863,0.671719,0.002912
24905,14863,0.000000,0.028134
24905,19444,0.000000,0.028134
34155,27647,0.000000,0.111612
14864,24906,0.000000,0.010344
864,24906,0.000000,0.004019
863,40168,0.000000,0.028213
40168,14864,0.000000,0.043226
14863,863,0.000000,0.032504
24906,24905,0.000000,0.070289
864,863,0.000000,0.008056
19444,40168,1.000000,0.999179
864,40168,0.000000,0.004010
34155,864,0.000000,0.003131
27647,19444,0.000000,0.127410
24906,27647,0.000000,0.011204
14863,34155,1.000000,0.999179
34155,40168,1.000000,0.999179
863,864,0.000000,0.010499
14864,24905,0.000000,0.002901
14864,34155,0.000000,0.046293
40168,863,0.000000,0.032504
19444,34155,1.000000,0.999179
34155,14864,0.000000,0.043226
14864,27647,0.000000,0.070780
863,24905,0.000000,0.641602
24905,27647,0.000000,0.003052
19444,864,0.000000,0.003131
14863,19444,1.000000,0.999179
14864,14863,0.000000,0.046293
40168,864,0.000000,0.003131
27647,24905,0.000000,0.002760
27647,34155,0.000000,0.127410
864,34155,0.000000,0.004010
27647,863,0.000000,0.002782
24905,24906,0.000000,0.074814
864,19444,0.000000,0.004010
40168,34155,1.000000,0.999179
19444,27647,0.000000,0.111612
14864,40168,0.000000,0.046293
34155,14863,1.000000,0.999179
27647,14863,0.000000,0.127410
27091,1019,0.000000,0.009017
1019,12888,0.000000,0.002470
14815,51,0.671719,0.000327
10840,2497,0.000000,0.006661
12570,3141,0.000000,0.006117
9000,51,0.000000,0.064820
40294,3141,0.000000,0.006117
1019,18666,0.000000,0.001668
20989,3141,0.000000,0.040691
2497,9000,0.000000,0.018366
2497,51,0.696101,0.854773
10840,27091,0.000000,0.001928
20989,10840,0.000000,0.002729
20989,40294,0.671719,0.258396
51,19539,0.673769,0.000671
12570,1019,0.000000,0.009017
19539,51,0.673769,0.001180
18666,27091,0.671719,0.473624
3141,19539,0.000000,0.010749
12570,20989,0.671719,0.295591
18666,40294,0.671719,0.473624
27091,19539,0.671719,0.525940
14815,9000,0.000000,0.022283
3141,12888,1.000000,0.186804
10840,9000,0.000000,0.004613
12888,9000,0.000000,0.111882
20989,12570,0.671719,0.258396
3141,10840,0.000000,0.199587
10840,1019,0.000000,0.041162
3141,18666,0.000000,0.010817
35876,9000,0.000000,0.022249
18666,20989,0.673769,0.379202
2497,10840,0.000000,0.003777
12888,51,0.000000,0.121494
14815,19539,0.671719,0.526078
20989,35876,0.671719,0.258396
10840,18666,0.000000,0.000407
10840,3141,0.000000,0.199755
1019,35876,0.000000,0.012531
20989,1019,0.000000,0.000667
14815,40294,1.000000,0.997583
2497,40294,0.671719,0.000049
19539,35876,0.671719,0.472599
9000,18666,0.000000,0.026558
20989,27091,0.671719,0.258396
3141,35876,0.000000,0.005092
3141,20989,0.000000,0.024721
12570,18666,0.671719,0.526863
19539,10840,0.000000,0.001105
20989,14815,0.671719,0.258870
3141,12570,0.000000,0.005092
35876,12570,1.000000,0.998755
9000,19539,0.000000,0.026480
9000,20989,0.000000,0.051872
2497,1019,0.000000,0.000792
14815,27091,1.000000,0.997583
20989,9000,0.000000,0.048372
35876,27091,1.000000,0.998755
3141,2497,0.000000,0.894398
27091,14815,1.000000,0.997589
1019,14815,0.000000,0.012389
12888,1019,0.000000,0.001744
1019,40294,0.000000,0.012531
19539,2497,0.673769,0.000398
27091,2497,0.671719,0.000261
20989,18666,0.673769,0.367980
51,40294,0.671719,0.000209
1019,10840,0.000000,0.048475
2497,3141,0.000000,0.962242
9000,12888,0.000000,0.091817
12888,20989,0.000000,0.016243
51,12570,0.671719,0.000209
20989,19539,0.673769,0.367354
12570,14815,1.000000,0.997589
2497,27091,0.671719,0.000049
35876,19539,0.671719,0.525940
27091,12570,1.000000,0.998755
20989,2497,0.676647,0.001746
35876,2497,0.671719,0.000261
51,27091,0.671719,0.000209
40294,10840,0.000000,0.002404
19539,3141,0.000000,0.015490
12888,12570,0.000000,0.004060
18666,19539,1.000000,0.988436
18666,12570,0.671719,0.473624
35876,18666,0.671719,0.526863
20989,12888,0.000000,0.029606
12570,9000,0.000000,0.022249
19539,1019,0.000000,0.001456
18666,2497,0.673769,0.000399
14815,3141,0.000000,0.006127
12888,10840,0.000000,0.094495
10840,14815,0.000000,0.001894
51,1019,0.000000,0.000363
12888,14815,0.000000,0.004064
35876,3141,0.000000,0.006117
27091,51,0.671719,0.000326
40294,2497,0.671719,0.000261
19539,12888,0.000000,0.014174
40294,20989,0.671719,0.295591
13790,21978,1.000000,0.585823
8578,91,1.000000,0.002944
20256,8578,1.000000,0.003518
16573,22470,0.000000,0.084256
20188,16573,0.000000,0.005752
16573,20256,1.000000,0.031019
20188,8578,0.000000,0.001167
22471,16791,0.000000,0.038317
22471,8578,0.000000,0.005915
20256,16573,1.000000,0.042412
21978,16791,0.000000,0.619389
16573,22471,0.000000,0.124167
22471,152,0.000000,0.026760
16791,8578,0.000000,0.011865
13790,8578,1.000000,0.128438
29733,16791,0.000000,0.002839
22470,8578,0.000000,0.064478
13790,152,0.000000,0.255768
28283,8578,1.000000,0.020981
91,22470,0.000000,0.048394
20188,20256,0.000000,0.019004
28283,20256,1.000000,0.058448
152,21978,0.000000,0.181305
21978,22471,0.000000,0.035602
91,28283,1.000000,0.063128
16791,29733,0.000000,0.003395
29733,21978,0.000000,0.009900
20188,21978,0.000000,0.025524
91,152,0.000000,0.127808
8578,29733,0.000000,0.043615
8578,13790,1.000000,0.172889
20188,29733,0.000000,0.037018
20256,22470,0.000000,0.045465
152,28283,0.000000,0.157797
13790,28283,1.000000,0.324579
13790,91,1.000000,0.128523
8578,16573,1.000000,0.068857
28283,13790,1.000000,0.329820
28283,16573,1.000000,0.053862
28283,91,1.000000,0.071241
21978,152,0.000000,0.204010
152,22470,0.000000,0.046381
152,20188,0.000000,0.076159
21978,91,1.000000,0.126547
28283,29733,0.000000,0.008132
13790,20256,1.000000,0.114801
29733,20188,0.000000,0.031902
91,20188,0.000000,0.036012
152,16791,0.000000,0.156050
20256,20188,0.000000,0.018354
152,8578,0.000000,0.020245
16791,20188,0.000000,0.016629
16573,152,0.000000,0.032014
8578,22471,0.000000,0.005785
16791,28283,0.000000,0.185873
22470,28283,0.000000,0.007948
152,20256,0.000000,0.068189
20256,152,0.000000,0.059401
16791,16573,0.000000,0.017343
22471,13790,0.000000,0.056491
13790,22470,0.000000,0.021725
28283,22470,0.000000,0.006021
29733,16573,0.000000,0.048443
20188,91,0.000000,0.034377
22470,16573,0.000000,0.096075
22471,28283,0.000000,0.078926
20188,22470,0.000000,0.060288
91,22471,0.000000,0.014783
20256,21978,1.000000,0.088521
20256,22471,0.000000,0.015671
28283,22471,0.000000,0.090663
22471,20188,0.000000,0.002560
28283,20188,0.000000,0.010532
8578,20256,1.000000,0.002434
16573,20188,0.000000,0.004688
21978,28283,1.000000,0.203607
29733,22471,0.000000,0.003841
21978,29733,0.000000,0.009982
152,22471,0.000000,0.025858
13790,29733,0.000000,0.160315
22470,22471,0.000000,0.012153
152,29733,0.000000,0.222916
22471,21978,0.000000,0.040021
16573,16791,0.000000,0.022839
22471,16573,0.000000,0.173073
20188,152,0.000000,0.065149
22471,20256,0.000000,0.011090
91,29733,0.000000,0.079713
16573,91,1.000000,0.033670
16573,21978,1.000000,0.032841
22471,91,0.000000,0.010532
29733,20256,0.000000,0.022837
20256,13790,1.000000,0.183432
22471,29733,0.000000,0.004121
91,20256,1.000000,0.123250
152,16573,0.000000,0.043399
91,13790,1.000000,0.206483
16791,22470,0.000000,0.006004
16791,152,0.000000,0.113633
16573,13790,1.000000,0.389357
25392,5417,1.000000,0.906298
299,2994,0.694417,0.360232
5072,21608,0.689637,0.571363
3350,23770,0.689637,0.575657
20311,14375,0.689637,0.567272
9496,3350,0.689637,0.615328
26435,32557,1.000000,0.422692
33371,32557,1.000000,0.490930
22505,9191,1.000000,0.518614
321,20311,0.692438,0.455789
11810,927,0.684815,0.566251
22376,23770,1.000000,0.906298
300,17223,0.000000,0.008954
14703,17037,0.689637,0.544014
19068,18119,0.000000,0.000943
16832,23040,0.000000,0.003987
14700,1412,0.689637,0.566999
20397,1412,1.000000,0.752861
26435,2980,0.689637,0.659256
299,22770,0.689637,0.376436
25328,23804,1.000000,0.805493
11037,2464,0.689637,0.313213
29621,299,0.689637,0.427337
30471,11037,1.000000,0.881297
33371,22146,1.000000,0.915903
17223,11037,1.000000,0.899965
13254,5072,0.000000,0.031246
927,17037,0.689637,0.602385
14700,927,0.691180,0.498917
927,31876,0.689637,0.614629
15572,33462,1.000000,0.833442
13334,25328,0.689637,0.532544
9142,1412,0.000000,0.000231
22505,31876,1.000000,0.681952
23804,2592,1.000000,0.827570
5072,22146,0.689637,0.562345
14700,23804,0.689637,0.568731
13254,21067,0.000000,0.027197
21067,4302,0.000000,0.031289
25392,33462,1.000000,0.577645
26435,2464,0.689637,0.317557
6505,25392,0.689637,0.550914
23040,13334,0.689637,0.569709
6169,21608,1.000000,0.752109
21608,2980,0.689637,0.652938
11037,9142,0.000000,0.000224
9191,6169,1.000000,0.704284
299,300,0.000000,0.010704
10762,30471,0.689637,0.578924
24180,25328,0.000000,0.002426
18119,21067,0.693500,0.265396
33371,5072,0.689637,0.593725
9142,29621,0.000000,0.000231
2994,321,1.000000,0.295442
14375,18753,1.000000,0.849060
14703,15572,0.689637,0.537742
10147,3350,0.691180,0.549082
21608,321,0.689637,0.507575
2994,1698,0.694417,0.348486
321,2464,0.691180,0.168161
10147,5417,0.689637,0.536637
1698,26191,0.689637,0.412654
21954,20123,0.689637,0.646940
31876,29264,1.000000,0.921774
2994,299,0.694417,0.381419
3350,30899,0.691180,0.593075
10762,21067,0.692438,0.444398
22770,6169,1.000000,0.912354
24180,299,0.000000,0.002925
22146,25392,1.000000,0.841203
31876,2592,1.000000,0.907075
9142,11716,0.000000,0.000233
2994,2980,0.691180,0.362977
1698,2980,0.691180,0.373609
26191,22770,1.000000,0.894309
26191,4321,1.000000,0.860144
30899,11810,0.684815,0.510761
6505,23804,0.689637,0.556488
13334,11037,0.689637,0.524116
300,20123,0.000000,0.011721
23040,2980,0.689637,0.651133
20397,22770,1.000000,0.805493
13334,14703,1.000000,0.821958
17037,26435,1.000000,0.704284
21067,23770,0.689637,0.454416
26191,31876,1.000000,0.920375
13254,17223,0.000000,0.039367
23040,14700,0.689637,0.606068
18119,321,0.693500,0.361806
29264,11810,0.684815,0.575297
31876,5072,0.689637,0.599685
11810,3350,0.684815,0.532902
30899,19068,0.000000,0.000613
11716,26435,1.000000,0.912354
22146,23040,1.000000,0.784701
299,4302,0.000000,0.034819
321,22376,0.689637,0.472537
26435,299,0.689637,0.427337
20397,30899,0.689637,0.593415
30471,21954,1.000000,0.856963
427,9328,0.000000,0.035895
427,15691,0.000000,0.060686
15692,9328,0.000000,0.026756
15692,15691,0.000000,0.069171
15691,427,0.000000,0.063538
15691,15692,0.000000,0.066060
15691,9328,0.000000,0.423958
9328,15692,0.000000,0.017789
427,15692,1.000000,0.990715
15692,427,1.000000,0.986556
9328,15691,0.000000,0.427962
9328,427,0.000000,0.033363
2246,9242,0.000000,0.114259
17536,15207,0.000000,0.019639
4541,6141,0.000000,0.000931
39538,30163,1.000000,0.994752
20634,9465,0.000000,0.001288
30163,5977,0.000000,0.092789
4209,25094,0.000000,0.011163
10882,15207,0.000000,0.003770
30053,5684,0.000000,0.046290
22223,10468,0.000000,0.010067
5977,19614,0.000000,0.010615
14738,4006,0.678968,0.052978
2246,6141,0.000000,0.074248
833,16687,0.000000,0.082798
1712,4541,0.000000,0.078977
39538,2256,0.000000,0.043063
7240,10468,0.682903,0.013937
21168,17733,0.000000,0.299945
993,20709,0.000000,0.020741
2256,4541,0.000000,0.067673
5684,19613,0.000000,0.122775
17733,19614,0.000000,0.010094
10468,10882,0.000000,0.004469
1130,14738,0.000000,0.010592
3780,4209,0.000000,0.024692
17062,10882,0.000000,0.005840
1712,833,0.000000,0.022857
4541,19412,0.000000,0.000286
4006,7951,0.682903,0.052936
7240,3780,0.000000,0.096513
4209,833,0.000000,0.015348
39246,4097,0.000000,0.059767
17062,5977,0.682903,0.051954
30163,4541,0.000000,0.002530
1130,1712,0.000000,0.045047
9441,9242,0.000000,0.012970
7951,5684,0.000000,0.031784
2042,5977,0.682903,0.142271
19613,2742,0.000000,0.004852
10882,21189,0.000000,0.033893
4466,25094,0.000000,0.013377
20634,1130,0.000000,0.006493
17676,17062,0.682903,0.013425
9554,2256,0.683838,0.059501
9441,20634,0.000000,0.019200
2042,14009,0.000000,0.070968
1712,19614,0.000000,0.005897
6141,9465,0.000000,0.030967
20634,14738,0.678968,0.011721
25094,17536,0.000000,0.007607
1130,20709,0.000000,0.060380
4097,17536,0.000000,0.004759
19412,17535,0.000000,0.018230
5685,833,0.000000,0.007808
17062,21168,0.000000,0.028861
17536,19412,0.000000,0.153876
833,7951,0.000000,0.019488
24579,21168,0.000000,0.411685
5977,2742,0.681822,0.056715
26557,19412,0.000000,0.025736
4006,30053,0.000000,0.037947
17535,4466,0.000000,0.014530
20634,39538,0.000000,0.034915
9242,2246,0.000000,0.117667
5685,20634,0.000000,0.005897
39246,24579,0.000000,0.257657
10468,1130,0.000000,0.033597
9242,19613,0.000000,0.048269
6141,25094,0.680540,0.014442
14738,1130,0.000000,0.014299
39538,5685,0.000000,0.087913
2742,4006,0.681822,0.035346
17062,4467,0.000000,0.040433
833,25094,0.000000,0.009764
4006,1712,0.686062,0.027910
39538,20709,0.000000,0.519604
15207,21189,0.000000,0.056581
2042,4209,0.000000,0.054237
20709,9441,0.000000,0.049969
993,5978,0.000000,0.014427
4097,17899,0.000000,0.046547
4541,4097,0.000000,0.016495
30163,39538,1.000000,0.994752
9441,2742,0.000000,0.061508
19613,993,0.000000,0.015236
2742,30163,0.000000,0.298242
7240,1712,0.686668,0.110991
15207,1712,0.000000,0.018367
3780,5685,0.000000,0.007253
16687,9465,0.000000,0.047087
4466,1130,0.000000,0.028335
24579,1712,0.678968,0.018710
24579,2742,0.678968,0.030896
2742,19613,0.000000,0.003549
1810,17536,0.000000,0.014244
17899,9554,0.000000,0.014066
25094,17733,0.678968,0.024911
14009,17536,0.000000,0.008795
993,10468,0.000000,0.024287
4466,7951,0.000000,0.017618
30473,17314,0.000000,0.002584
7600,1833,0.000000,0.366480
219,26672,0.000000,0.020467
3052,2205,0.000000,0.021394
7523,7757,0.000000,0.005462
11751,1833,0.000000,0.101810
953,79,0.000000,0.027575
220,26672,0.000000,0.224352
11751,1386,0.000000,0.041322
24125,7325,0.575864,0.035897
32650,953,0.000000,0.003076
1386,11751,0.000000,0.094601
953,15681,0.000000,0.006964
79,286,0.000000,0.006413
220,6679,0.000000,0.097822
7600,79,0.000000,0.067628
11751,953,0.000000,0.005464
11593,9647,0.000000,0.000565
7757,6478,0.000000,0.018597
7325,8361,0.576919,0.010549
1386,15681,0.575864,0.208983
30473,1712,0.000000,0.005631
2479,1047,0.000000,0.020894
17314,9647,0.000000,0.072207
11593,14835,0.000000,0.086262
2479,17383,0.000000,0.027793
6626,15997,0.000000,0.070773
7325,18361,0.000000,0.196212
172,1833,0.000000,0.060496
30473,6504,0.000000,0.068718
7523,1712,0.574645,0.130146
7757,220,0.000000,0.004472
7757,11593,0.000000,0.012778
7350,832,0.000000,0.106587
15681,739,1.000000,0.595540
15997,1699,0.000000,0.146524
11751,2323,0.000000,0.031161
40434,1712,0.000000,0.033436
5040,8860,0.574645,0.635934
220,2607,0.000000,0.004787
79,3052,0.000000,0.214473
11593,8860,0.000000,0.025822
40434,2479,0.000000,0.138363
1833,6504,0.000000,0.329784
27846,6504,0.000000,0.031385
912,14835,0.000000,0.000424
220,79,0.000000,0.118060
11593,1386,0.000000,0.014097
7325,15681,0.000000,0.223918
7600,4090,0.577849,0.424505
1386,2607,0.000000,0.010389
40434,4643,0.000000,0.002005
7350,27846,0.575864,0.011960
10929,27846,0.000000,0.003339
4090,1853,0.577849,0.251019
16,2205,0.000000,0.061581
8860,832,0.574645,0.087925
3052,24125,0.575864,0.024057
1711,16508,0.000000,0.005589
1853,15997,0.000000,0.069390
4787,6679,0.000000,0.320283
11045,16,0.575864,0.306285
6477,1853,0.000000,0.091873
8860,40434,0.000000,0.010686
1617,13328,0.575864,0.058697
11751,11045,0.000000,0.207888
2205,7350,0.575864,0.097562
11045,2607,0.000000,0.039054
30751,20310,0.000000,0.006381
172,6477,0.000000,0.049078
1833,3052,0.000000,0.125730
1712,4090,0.580118,0.650595
21066,20796,0.000000,0.034114
30751,286,0.000000,0.005686
4643,27846,0.000000,0.002919
832,4090,0.580749,0.661229
18361,17383,0.575864,0.138484
7600,7350,0.000000,0.453498
5040,6504,0.575864,0.823970
2205,4787,0.000000,0.123736
739,11045,0.576919,0.130404
3052,27846,0.000000,0.003176
286,7757,0.000000,0.013946
26672,5040,0.000000,0.082620
9647,8361,0.000000,0.003893
172,20796,0.000000,0.119011
7350,11593,0.000000,0.010802
6477,11045,0.000000,0.536365
16508,739,0.576919,0.483839
6626,6477,0.000000,0.081407
27846,1853,0.000000,0.013720
1712,30751,0.575864,0.099557
1617,2205,0.000000,0.069945
6504,15997,0.000000,0.398088
20310,7350,0.000000,0.019154
7523,1711,0.000000,0.106279
1853,16508,0.577849,0.074727
30751,21066,0.000000,0.133516
1833,7523,0.000000,0.140135
30751,7325,0.000000,0.084431
33870,3011,0.000000,0.006604
488,1821,0.000000,0.002129
13028,11116,0.000000,0.019847
3011,1285,0.000000,0.017628
13028,27975,0.000000,0.005798
30737,9574,0.000000,0.142427
13514,34948,0.000000,0.016900
29017,488,0.000000,0.076721
25114,22214,0.000000,0.018139
22798,17611,0.674338,0.112681
488,25114,0.000000,0.026721
15896,23870,0.000000,0.009249
11231,13514,0.000000,0.003128
27975,30737,0.000000,0.049234
30737,4622,0.000000,0.009090
34678,18633,0.000000,0.009995
34678,29780,0.000000,0.023066
30737,1285,0.000000,0.048383
18633,23870,0.000000,0.144240
15896,13514,0.000000,0.060846
1285,15896,0.000000,0.028644
11116,2755,0.000000,0.019902
2756,1285,0.000000,0.018542
10532,4867,0.000000,0.022679
1285,11231,0.000000,0.020073
1677,489,1.000000,0.090167
30737,32266,0.000000,0.224873
1285,23870,0.000000,0.014306
23870,489,0.000000,0.001259
27139,22798,0.000000,0.123209
5935,27139,0.000000,0.019201
30737,18633,0.000000,0.028049
2755,23870,0.000000,0.123216
19920,1677,0.000000,0.005411
22214,10532,0.000000,0.008845
1821,25114,0.000000,0.000440
22214,29017,0.000000,0.012257
32266,11231,0.000000,0.005880
33870,22214,0.000000,0.012291
11116,1821,0.000000,0.000130
1821,12992,0.000000,0.000007
1677,32266,0.000000,0.001067
25114,1285,0.000000,0.014936
3011,30737,0.000000,0.067803
22798,489,0.000000,0.009837
4622,25114,0.000000,0.003451
34948,1677,1.000000,0.097480
11116,1677,0.000000,0.026426
27139,33870,0.000000,0.025069
34678,3011,0.000000,0.041411
23870,12992,0.000000,0.007087
27975,4622,0.000000,0.006448
9574,29017,0.000000,0.025542
4867,4622,0.000000,0.008406
34678,1285,0.000000,0.014772
34678,27139,0.000000,0.121067
25114,13028,0.000000,0.106092
11116,488,0.000000,0.015756
17957,29017,0.000000,0.012761
13028,17957,0.000000,0.034502
4622,1285,0.663382,0.016427
12992,17611,0.674338,0.013132
12992,18633,0.000000,0.019118
34678,1677,0.000000,0.000991
29780,4867,0.000000,0.021345
1677,30737,0.000000,0.006396
23870,15896,0.000000,0.002716
32266,1821,0.000000,0.000464
488,12992,0.000000,0.004166
22214,18633,0.000000,0.003528
30737,27139,0.672290,0.113828
2755,18877,0.000000,0.008678
13514,27139,0.674338,0.107950
10532,17611,0.000000,0.006758
32266,9574,0.679511,0.216405
27975,4867,0.000000,0.009666
11116,30737,0.000000,0.021796
17957,5935,0.655354,0.023004
33870,13514,0.000000,0.012395
22798,22214,0.000000,0.302691
9574,23870,0.681081,0.040987
9574,32266,0.679511,0.184132
32266,25114,1.000000,0.567957
22214,13514,0.000000,0.224721
13514,19920,0.000000,0.016604
4622,29780,0.000000,0.022568
27975,489,0.000000,0.009749
22214,32266,0.000000,0.015421
1677,19920,0.000000,0.003810
22214,4867,0.000000,0.010169
34678,2756,0.000000,0.012395
10532,19920,0.000000,0.009734
11116,4867,0.000000,0.012906
488,33870,0.000000,0.033081
1821,15896,0.000000,0.000606
23870,1285,0.000000,0.005327
2756,19920,0.000000,0.040108
1677,5935,0.000000,0.000877
1677,18633,0.000000,0.043159
19920,4867,0.000000,0.017685
7407,2056,0.000000,0.010662
38198,428,0.000000,0.031974
312,2642,0.000000,0.004052
428,7407,0.000000,0.002570
2141,2641,0.000000,0.012583
38198,2642,0.000000,0.032685
2055,2056,0.000000,0.002245
7408,2641,0.000000,0.028911
312,7407,0.000000,0.006017
428,38198,0.000000,0.025960
7407,2690,0.000000,0.001271
7408,312,0.000000,0.065196
2056,2642,0.000000,0.011161
428,2141,0.000000,0.018524
2141,2055,0.000000,0.003312
2056,7407,0.000000,0.013534
2641,2055,0.000000,0.005537
2056,38198,0.000000,0.005700
2056,2641,0.000000,0.014169
38198,2056,0.000000,0.008672
2055,428,0.000000,0.002497
2690,2689,0.000000,0.028468
7407,2641,0.000000,0.014531
312,2690,0.000000,0.002243
2690,7408,0.000000,0.012435
2689,2141,0.000000,0.001285
7408,428,0.000000,0.004384
428,2642,0.000000,0.004752
2055,2689,0.000000,0.025450
7408,38198,0.000000,0.020027
2055,312,0.000000,0.001559
2055,2141,0.000000,0.003695
7407,2642,0.000000,0.005274
2141,2689,0.000000,0.000879
428,312,0.000000,0.007146
7408,2055,0.000000,0.058662
2141,2642,0.000000,0.019337
2055,7407,0.000000,0.002342
7408,2689,0.000000,0.041226
2690,38198,0.000000,0.016637
38198,2690,0.000000,0.022853
2689,2642,0.000000,0.003208
7407,428,0.000000,0.003669
2690,2641,0.000000,0.002580
2641,2689,0.000000,0.003264
7408,7407,0.000000,0.141665
7408,2141,0.000000,0.073166
2689,7408,0.000000,0.044581
2642,2689,0.000000,0.003038
7407,38198,0.000000,0.004981
2056,2690,0.000000,0.001648
428,2690,0.000000,0.024922
7407,2141,0.000000,0.014596
7408,2056,0.000000,0.101229
2690,2141,0.000000,0.007150
428,2055,0.000000,0.003142
2641,428,0.000000,0.004267
2689,428,0.000000,0.002020
2141,7408,0.000000,0.056380
2056,2689,0.000000,0.000531
2641,2642,0.000000,0.010989
312,2689,0.000000,0.000571
7407,7408,0.000000,0.096935
2690,312,0.000000,0.002752
2642,312,0.000000,0.004013
312,38198,1.000000,0.005945
2055,2642,0.000000,0.011529
2641,2056,0.000000,0.013644
428,2641,0.000000,0.002352
2642,2690,0.000000,0.005824
38198,2055,0.000000,0.016947
2690,2056,0.000000,0.002878
428,7408,0.000000,0.002713
2642,2641,0.000000,0.012590
428,2056,0.000000,0.005981
312,2055,0.000000,0.001716
2641,7408,0.000000,0.033062
2055,2690,0.000000,0.020469
2642,2055,0.000000,0.012869
38198,2141,1.000000,0.023039
312,428,0.000000,0.006350
38198,312,1.000000,0.007628
7407,2689,0.000000,0.000700
312,2056,0.000000,0.008685
2141,38198,1.000000,0.020664
2690,2055,0.000000,0.024236
2141,2056,0.000000,0.053928
2141,312,1.000000,0.010356
7407,2055,0.000000,0.001747
2056,428,0.000000,0.004250
7408,2642,0.000000,0.080266
2689,7407,0.000000,0.000925
7407,312,0.000000,0.007053
2055,38198,0.000000,0.014556
2141,428,0.000000,0.016042
2642,7408,0.000000,0.066640
428,2689,0.000000,0.002007
2690,428,0.000000,0.032053
38198,7407,0.000000,0.005467
2690,7407,0.000000,0.001582
31716,25610,0.000000,0.203961
4123,608,1.000000,0.981422
31716,9415,0.000000,0.000962
7192,20424,0.000000,0.018826
20424,14140,0.000000,0.127616
27538,607,0.000000,0.005943
1166,33296,0.000000,0.001232
33296,27574,1.000000,0.993195
8155,19759,0.678225,0.136441
607,27538,0.000000,0.003602
9415,24496,0.000000,0.009264
11531,9900,0.000000,0.013405
27574,5170,0.000000,0.035100
7817,24496,0.000000,0.013071
19759,21844,0.681822,0.022060
21844,608,0.000000,0.000945
11531,7817,0.000000,0.015415
1461,11531,0.678225,0.017781
6441,12191,0.680253,0.104851
607,11375,0.000000,0.006285
9415,13208,0.000000,0.009095
12191,15358,0.678225,0.068882
1713,27538,0.680253,0.119936
6441,13208,0.000000,0.108508
1166,6441,0.000000,0.030235
24635,13208,0.000000,0.003229
1166,13208,0.000000,0.012271
1713,4123,0.000000,0.001710
13214,19759,1.000000,0.081837
14140,16169,0.683100,0.003816
24635,3940,0.000000,0.003860
31716,24172,0.000000,0.125945
17016,13214,1.000000,0.063174
21844,11375,1.000000,0.040401
607,27574,0.000000,0.001813
24172,14140,1.000000,0.411167
16169,19759,0.683100,0.003051
33296,1461,0.000000,0.020379
5170,6441,0.000000,0.061750
20424,27574,1.000000,0.993195
14140,8986,0.683100,0.071305
608,8986,0.000000,0.000097
4123,27574,0.000000,0.001485
2478,3940,0.000000,0.012250
19759,27574,0.000000,0.141258
1166,9900,0.000000,0.007132
9900,12191,0.000000,0.010349
8155,25610,0.678225,0.233594
6441,1461,0.683100,0.067174
20424,31716,1.000000,0.993195
19759,25610,0.680253,0.163696
8155,9415,0.000000,0.002606
8155,7192,0.678225,0.060855
24496,9900,0.000000,0.009793
9900,3676,0.000000,0.010914
24172,5170,0.000000,0.064598
4123,24635,0.000000,0.000339
13214,16169,0.683100,0.040446
9900,21844,0.000000,0.006121
27538,3940,1.000000,0.332267
17528,9900,0.000000,0.010437
3676,19759,0.681822,0.099596
14140,1166,0.000000,0.006598
11375,20424,0.000000,0.229029
33296,19759,0.000000,0.127739
24635,2478,0.000000,0.006395
608,17016,0.000000,0.000058
33296,12191,0.000000,0.208759
16169,11531,0.678225,0.006429
24172,19759,1.000000,0.398455
1461,7192,0.690351,0.086259
7817,27574,0.000000,0.009130
19759,5170,0.000000,0.062111
9900,3940,0.000000,0.009609
17016,6441,1.000000,0.092396
20424,24172,0.000000,0.125945
11531,8155,1.000000,0.651268
1461,8986,0.687936,0.019183
11375,25610,0.680253,0.155195
8986,9900,0.000000,0.005959
2478,13208,0.000000,0.011194
7192,608,0.000000,0.019809
7192,21844,0.681822,0.017812
8155,13214,0.678225,0.279821
9900,14140,0.000000,0.008566
7192,27538,0.680253,0.013761
5170,17016,0.000000,0.047676
7817,27538,0.000000,0.013758
20424,5170,0.000000,0.035100
6441,1713,0.683100,0.082699
1713,25610,0.680253,0.112279
4123,9415,0.000000,0.888374
5170,8986,0.000000,0.029733
7192,3940,0.680253,0.014109
25610,19759,0.680253,0.187842
608,7817,0.000000,0.001226
33296,5170,0.000000,0.035100
13208,14140,0.000000,0.546103
13214,1166,0.000000,0.052909
7192,3676,0.681822,0.027320
17772,30991,0.000000,0.002214
33627,18396,0.000000,0.037455
13671,17038,0.000000,0.013859
20942,17224,0.000000,0.010234
4838,33627,0.680014,0.011745
21988,15250,0.000000,0.079668
15344,21988,0.000000,0.033015
30991,38229,0.000000,0.045106
33882,9572,0.000000,0.073277
18774,13671,0.000000,0.054296
2643,18396,0.000000,0.009886
10004,17038,0.000000,0.002555
18774,30991,0.000000,0.005464
19765,11157,0.000000,0.000745
18775,21988,0.000000,0.243861
2643,9572,0.000000,0.006952
21988,19604,0.000000,0.025641
20942,17038,0.000000,0.002607
26773,15250,0.000000,0.009293
4838,10700,0.000000,0.001220
2643,33882,0.000000,0.009115
2644,26773,0.000000,0.002878
11239,33882,0.000000,0.027956
19765,17038,0.000000,0.005267
18737,17772,0.000000,0.004283
10004,26773,0.000000,0.406918
11239,30991,0.000000,0.011117
17224,26773,0.000000,0.008542
21988,9572,0.000000,0.054464
11239,18775,0.000000,0.188976
15343,2644,0.000000,0.003142
2644,30991,0.000000,0.014410
4838,2644,0.000000,0.608809
21988,38229,0.000000,0.041098
2643,2644,0.000000,0.024102
2643,15343,0.000000,0.012825
33882,19604,0.000000,0.050848
13000,17224,0.000000,0.003719
15343,18774,0.000000,0.024871
13671,9572,0.000000,0.014963
19765,21988,0.000000,0.036561
18396,18775,0.000000,0.044584
10700,11157,0.000000,0.001133
18774,21988,0.000000,0.009995
17772,13000,0.000000,0.000586
18775,2643,0.000000,0.007882
15343,13000,0.000000,0.008667
13671,20942,0.000000,0.040023
19604,17038,0.000000,0.001704
10004,15249,0.000000,0.047625
17038,13671,0.000000,0.011214
10700,17038,0.000000,0.006292
15343,26773,0.000000,0.057540
9572,33882,0.000000,0.083769
13671,17224,0.000000,0.030339
10700,21988,0.000000,0.027681
18774,13000,0.000000,0.062059
15343,15250,0.000000,0.014683
15249,25889,0.000000,0.099162
18774,15343,0.000000,0.015594
15343,25889,0.000000,0.175013
21988,10700,0.000000,0.016588
9572,4838,0.000000,0.011430
10004,18775,0.000000,0.003373
17224,4838,0.000000,0.006110
19765,13000,0.000000,0.009409
30991,18737,0.000000,0.032465
33882,11157,0.000000,0.002139
17038,15250,0.000000,0.010872
15344,9572,0.000000,0.025923
17224,13000,0.000000,0.004621
11157,20942,0.000000,0.000981
21988,33882,0.000000,0.040781
13000,30991,0.000000,0.003062
15249,15343,0.000000,0.125068
17038,18775,0.000000,0.031436
17038,19604,0.000000,0.001863
18774,19765,0.000000,0.016806
15343,15249,0.000000,0.106362
13000,18774,0.000000,0.053650
26773,25889,0.551706,0.107345
13671,26773,0.000000,0.124353
17772,15344,0.000000,0.005712
38229,17772,0.000000,0.013290
10004,17224,0.000000,0.003639
2644,15343,0.000000,0.002038
9572,10004,0.000000,0.340614
20942,15249,0.000000,0.015977
18396,26773,0.000000,0.040412
30991,19604,1.000000,0.437928
18775,11239,0.000000,0.340366
30991,2643,0.000000,0.019100
38229,15343,0.000000,0.162611
18774,20942,0.000000,0.108950
9572,15250,0.000000,0.032524
26773,17772,0.000000,0.002792
18737,13671,0.000000,0.013025
15249,30991,0.000000,0.121823
30991,2644,0.000000,0.011741
18396,10700,0.000000,0.195887
24560,35923,1.000000,0.812826
1399,17986,0.000000,0.003277
3679,7601,0.000000,0.006191
542,16775,0.000000,0.034694
73,7601,0.000000,0.028873
10258,10257,0.000000,0.060867
7725,20996,0.000000,0.021337
3679,11707,0.000000,0.001893
73,11707,0.000000,0.041860
22097,73,1.000000,0.668227
25474,10258,0.000000,0.172334
20720,11708,0.000000,0.269210
18824,3679,0.000000,0.002476
542,7601,0.000000,0.056038
20720,6869,0.000000,0.031187
16527,36460,0.000000,0.024776
25474,17986,0.000000,0.003058
25027,20720,0.000000,0.003937
28939,25027,0.672290,0.282502
20720,11707,0.000000,0.000292
11707,10258,0.000000,0.595396
542,25027,0.000000,0.055177
25027,10258,0.000000,0.214609
16775,12729,0.000000,0.037877
25027,24560,0.000000,0.063958
25027,28939,0.672290,0.386349
6869,542,0.000000,0.009612
3679,2318,0.000000,0.061906
73,12582,0.000000,0.025875
16775,1399,0.000000,0.313610
10257,10258,0.000000,0.210691
17986,12728,0.000000,0.000574
3678,10257,0.000000,0.000607
28494,6869,0.670417,0.010517
17986,20673,0.000000,0.021728
16775,12728,0.000000,0.041902
2877,12729,0.000000,0.026205
20673,22097,1.000000,0.001137
12729,16527,0.000000,0.058232
17986,25474,0.000000,0.004050
16527,20673,0.000000,0.000341
2877,21094,0.000000,0.029411
24560,3678,0.000000,0.488437
28939,12728,0.000000,0.006691
16775,11707,0.000000,0.000549
2878,17986,0.000000,0.000282
28939,16527,0.672290,0.270569
25474,12729,0.000000,0.041079
6869,73,0.000000,0.573845
7725,25474,0.000000,0.503417
11707,7725,0.000000,0.000672
542,20996,1.000000,0.005066
6869,7601,0.000000,0.002937
16527,12582,0.000000,0.063725
36460,542,1.000000,0.121632
2878,12729,0.000000,0.010238
12729,73,1.000000,0.952623
16775,6869,0.000000,0.001712
35923,12728,0.000000,0.043872
25027,22097,0.000000,0.008958
10258,20996,0.000000,0.005809
6869,12729,0.000000,0.009103
6869,35923,1.000000,0.003383
21094,16527,0.000000,0.012758
17986,11708,0.000000,0.000592
25027,7725,0.674338,0.444915
1399,12729,0.000000,0.008285
35923,28939,0.000000,0.480317
2318,16775,0.000000,0.002247
12728,12729,0.000000,0.000810
12729,2318,0.000000,0.042266
18824,20720,0.000000,0.003340
12729,12728,0.000000,0.000472
36460,20720,1.000000,0.234872
1399,20996,0.000000,0.018406
12582,2877,0.000000,0.470664
28494,2878,0.000000,0.098870
17986,24560,0.000000,0.003982
2877,542,0.000000,0.026762
73,20996,1.000000,0.017044
17986,2878,0.000000,0.000319
36460,10257,0.000000,0.001815
3678,20720,0.000000,0.410067
73,21094,1.000000,0.044322
12582,12728,0.000000,0.043872
28494,35923,0.670417,0.220674
7725,17986,0.000000,0.003382
35923,17986,0.000000,0.003058
3678,11707,0.000000,0.000464
16527,20720,0.000000,0.003720
20673,10257,0.000000,0.018073
16527,18824,0.674338,0.487527
36460,6869,0.000000,0.037722
20673,25474,0.000000,0.000172
12729,17986,0.000000,0.002400
10257,7601,0.000000,0.003624
22097,24560,0.000000,0.010576
20996,16527,0.000000,0.015981
16527,7601,1.000000,0.878398
16775,25027,0.674338,0.485636
607,37323,0.000000,0.000134
1962,8047,0.706744,0.513019
1959,11051,0.000000,0.000328
9100,145,0.000000,0.004811
145,6127,0.000000,0.004542
30136,125,0.000000,0.001700
4562,4563,0.000000,0.048984
4474,19728,0.000000,0.011710
607,6127,0.000000,0.484222
2363,10253,0.000000,0.001594
8047,6846,0.000000,0.000070
25795,7267,0.000000,0.065012
607,37,0.707582,0.353694
9914,20013,0.000000,0.000795
4949,5423,0.000000,0.001706
9914,16811,0.000000,0.013289
18432,1959,0.000000,0.001063
15653,19728,0.000000,0.010547
3934,3929,0.000000,0.053111
16956,1959,0.000000,0.000080
2574,5481,0.000000,0.001610
4143,6846,0.000000,0.005262
4563,11100,0.000000,0.191824
9100,20191,0.000000,0.004021
3275,7267,0.000000,0.018303
607,7811,0.000000,0.125882
14498,8047,0.706744,0.641390
22009,7047,0.000000,0.006375
8356,20191,0.000000,0.000173
14498,9100,0.000000,0.000037
5423,7514,0.706744,0.735234
4562,25795,0.000000,0.037133
7811,4562,0.000000,0.000172
777,4143,0.000000,0.000245
7811,13088,0.000000,0.000170
7474,1043,0.000000,0.020329
11100,6127,0.000000,0.589513
3934,10916,0.000000,0.008138
11100,4562,0.000000,0.000801
6845,22009,0.000000,0.044199
16956,18432,0.000000,0.007415
777,37,0.707582,0.055267
11706,3934,0.706281,0.738264
3934,15653,0.000000,0.000357
608,3275,0.000000,0.027804
2363,20404,0.000000,0.017958
9100,14498,0.000000,0.000088
7267,15653,0.000000,0.029191
836,16811,0.000000,0.000417
3934,4143,0.000000,0.001602
20191,8570,0.000000,0.048393
16811,6846,0.000000,0.013617
7474,3934,0.000000,0.044741
8356,6127,0.000000,0.621429
8356,12505,0.000000,0.208832
8047,3275,0.000000,0.165840
4367,4563,0.000000,0.312108
4563,37,0.000000,0.097233
7267,836,0.000000,0.000485
20191,4143,0.000000,0.122554
777,10916,0.000000,0.011183
25795,9439,0.000000,0.074712
5423,144,0.000000,0.000689
11050,5481,0.000000,0.006244
11051,4143,0.000000,0.081321
6127,125,0.000000,0.581751
8570,15653,0.000000,0.017422
2574,18432,0.000000,0.001823
7811,608,0.000000,0.000857
13088,6845,0.000000,0.125283
10253,12505,0.000000,0.576463
3929,6845,0.000000,0.008994
2074,11100,0.000000,0.001986
30136,20013,0.000000,0.001276
144,6846,0.000000,0.005561
2074,10916,0.000000,0.023886
9100,4367,0.000000,0.000113
3274,18432,0.000000,0.022562
4474,10916,0.000000,0.038383
9914,777,0.000000,0.000471
7514,2574,1.000000,0.669211
25795,4143,0.679011,0.075047
37323,8047,0.000000,0.000110
8570,777,0.000000,0.002038
7474,6127,0.000000,0.002069
7811,4367,0.000000,0.113893
8047,145,0.000000,0.001670
7474,30136,0.000000,0.008388
20013,5423,0.706744,0.603672
7047,7267,0.000000,0.009983
2363,11051,0.000000,0.005371
2074,20404,0.000000,0.029213
16956,12505,0.000000,0.000345
7267,8047,0.000000,0.000158
8570,4474,0.000000,0.010045
2074,7047,0.000000,0.026005
777,2363,0.000000,0.000154
9439,22009,0.000000,0.015483
7514,13088,0.000000,0.000637
144,608,0.000000,0.000088
30866,20234,0.000000,0.000427
30866,1843,0.000000,0.000881
35262,25737,1.000000,0.999224
5866,23652,0.681822,0.483133
33879,7926,0.678225,0.479900
1843,15086,0.680253,0.699845
25737,15290,0.000000,0.008911
34242,26291,0.678225,0.328391
20234,15290,0.000000,0.003345
4160,30866,0.000000,0.002999
35262,26291,0.678225,0.328373
26291,20234,0.680253,0.178903
15077,34242,1.000000,0.680381
25737,4161,0.000000,0.039366
17638,4161,0.000000,0.039366
33879,30186,0.678225,0.258468
30867,512,0.000000,0.002491
29046,4161,0.000000,0.039282
13861,11339,0.000000,0.396725
12634,1244,0.000000,0.167086
30359,35262,0.678225,0.495760
30867,31732,0.678225,0.670658
17638,20234,0.678225,0.478860
30867,29046,1.000000,0.998097
18307,1843,0.680253,0.674170
23377,35262,0.678225,0.413132
12634,26291,0.686668,0.087526
33879,11843,0.675354,0.710705
30866,11843,0.000000,0.001428
1843,11843,0.675354,0.582687
30525,11339,0.000000,0.396131
30525,512,0.000000,0.002508
13861,5866,0.678225,0.457460
35262,11339,0.000000,0.396725
12634,11339,0.000000,0.104286
4161,23652,0.000000,0.063080
4161,29079,0.000000,0.052603
34242,25737,1.000000,0.998730
12634,25737,0.678225,0.320982
34242,23377,0.678225,0.457155
35262,30867,1.000000,0.999224
35262,15086,0.678225,0.670918
25737,23652,0.678225,0.635387
1843,30525,0.678225,0.660545
35262,31732,0.678225,0.670658
26291,30359,0.680253,0.179028
1244,31732,0.000000,0.087318
30866,12634,0.000000,0.007301
17638,13861,1.000000,0.999224
15290,512,0.000000,0.378115
26291,30186,0.680253,0.025093
1843,15077,0.678225,0.483321
7926,15290,0.000000,0.003369
25737,3933,0.678225,0.634700
34242,1244,0.000000,0.022669
3933,25737,0.678225,0.596237
17638,5866,0.678225,0.457460
30186,29046,0.678225,0.281576
4160,1244,0.000000,0.114392
31732,13861,0.678225,0.646093
11843,30866,0.000000,0.003695
12634,30186,0.680253,0.033688
12634,33879,0.678225,0.319625
23652,18307,0.680253,0.617548
26291,11339,0.000000,0.082511
23652,7926,0.680253,0.569386
13861,7926,0.678225,0.480399
3933,1244,0.000000,0.092712
4161,7926,0.000000,0.106049
512,15290,0.000000,0.377175
35262,4160,0.678225,0.527891
1843,30359,0.680253,0.661541
30867,3933,0.678225,0.634700
23652,25737,0.678225,0.596909
30186,13861,0.678225,0.281405
35262,33879,1.000000,0.994101
15077,1843,0.678225,0.559283
1244,30866,0.000000,0.035278
13861,1843,0.678225,0.663603
18307,29079,0.675354,0.615551
30359,4161,0.000000,0.139227
26291,34242,0.678225,0.285382
34242,31732,0.678225,0.670680
18307,30359,1.000000,0.722887
3933,30359,0.680253,0.569448
13861,33879,1.000000,0.994101
3933,30525,0.678225,0.596066
26291,15290,0.000000,0.006800
15077,12634,0.678225,0.433523
3933,23652,1.000000,0.992234
23377,1244,0.000000,0.126898
35262,30525,1.000000,0.998728
15290,30866,0.000000,0.081176
12634,30359,0.680253,0.223686
33879,3933,0.678225,0.633774
23377,29046,0.678225,0.412384
15290,3933,0.000000,0.000478
512,30186,0.000000,0.000377
29046,25737,1.000000,0.998101
34242,15077,1.000000,0.724665
8345,28777,0.000000,0.100904
28777,6806,0.000000,0.016619
20250,21601,0.000000,0.008269
28777,20250,0.000000,0.092657
20250,4417,0.000000,0.005786
20250,28777,0.000000,0.090273
3100,4417,0.000000,0.019443
26690,21601,0.000000,0.144084
28777,6807,0.000000,0.051455
4417,21601,1.000000,0.053890
21601,3100,0.000000,0.017899
6807,28777,0.000000,0.047876
21601,8345,0.000000,0.006668
8345,26690,0.000000,0.010906
4417,20250,0.000000,0.004208
20250,3100,0.000000,0.007217
6806,20250,0.000000,0.013932
6806,4417,0.000000,0.082398
6807,8345,0.000000,0.035742
28777,21601,0.000000,0.011278
4417,8345,0.000000,0.005080
6806,3100,0.000000,0.037055
3100,6806,0.000000,0.030510
21601,26690,0.000000,0.086325
21601,28777,0.000000,0.008409
8345,21601,0.000000,0.009670
8345,3100,0.000000,0.010738
6807,4417,0.000000,0.037047
26690,6806,0.000000,0.009526
26690,28777,0.000000,0.010080
8345,6806,0.000000,0.015900
20250,6806,0.000000,0.015013
20250,8345,0.000000,0.102995
21601,6807,0.000000,0.030181
4417,26690,0.000000,0.173926
4417,3100,0.000000,0.021989
26690,3100,0.000000,0.014104
6807,6806,0.000000,0.035991
6807,26690,0.000000,0.049279
20250,26690,0.000000,0.010598
6806,6807,0.000000,0.040095
20250,6807,0.000000,0.027826
21601,20250,0.000000,0.005239
6806,26690,0.000000,0.009239
6806,28777,0.000000,0.015931
3100,6807,0.000000,0.043648
26690,20250,0.000000,0.009430
8345,4417,0.000000,0.006989
21601,4417,1.000000,0.046049
8345,20250,0.000000,0.103641
6807,3100,0.000000,0.048502
26690,6807,0.000000,0.050580
28777,8345,0.000000,0.101617
6807,21601,0.000000,0.035348
3100,28777,0.000000,0.013148
21601,6806,0.000000,0.089153
3100,20250,0.000000,0.005395
6807,20250,0.000000,0.025995
26690,8345,0.000000,0.009808
28777,3100,0.000000,0.016894
28777,4417,0.000000,0.008389
3100,8345,0.000000,0.008245
6806,21601,0.000000,0.090996
4417,28777,0.000000,0.006077
4417,6806,0.000000,0.066796
28777,26690,0.000000,0.011147
3100,26690,0.000000,0.011274
8345,6807,0.000000,0.038326
4417,6807,0.000000,0.026888
6806,8345,0.000000,0.015033
26690,4417,0.000000,0.194551
3100,21601,0.000000,0.018888
19986,12522,1.000000,0.032352
39164,12522,0.000000,0.001434
6107,12912,0.000000,0.034979
6319,6107,0.000000,0.008448
6318,7994,0.000000,0.034318
40092,12522,1.000000,0.159879
33850,12912,0.000000,0.009727
7994,12912,0.000000,0.009450
12912,7994,0.000000,0.009243
6318,12522,0.000000,0.004566
7994,19986,0.000000,0.002237
6319,33850,0.000000,0.008982
12912,12522,1.000000,0.054341
39164,19986,0.000000,0.000534
12522,12912,1.000000,0.029231
33850,39164,0.000000,0.105544
6319,16852,0.000000,0.002893
6107,40092,0.000000,0.006590
16852,40092,0.000000,0.083026
33850,6319,0.000000,0.009195
6107,16852,0.000000,0.007457
7994,12522,0.000000,0.016085
7994,16852,0.000000,0.007763
6107,39164,0.000000,0.037138
12912,40092,1.000000,0.013854
6318,33850,0.000000,0.068358
39164,16852,0.000000,0.020812
6318,6107,0.000000,0.013286
7994,6107,0.000000,0.045305
16852,6319,0.000000,0.002798
16852,19986,0.000000,0.012359
6318,6319,0.000000,0.021171
19986,6319,0.000000,0.000564
7994,33850,0.000000,0.059421
33850,12522,0.000000,0.006749
12522,16852,0.000000,0.027160
39164,6318,0.000000,0.057543
6319,39164,0.000000,0.011932
12912,19986,1.000000,0.009340
6107,7994,0.000000,0.041197
7994,40092,0.000000,0.003947
6318,19986,0.000000,0.000636
40092,33850,0.000000,0.003082
16852,33850,0.000000,0.012702
39164,7994,0.000000,0.051408
19986,7994,0.000000,0.002262
40092,19986,1.000000,0.024451
6319,19986,0.000000,0.000701
33850,19986,0.000000,0.001115
12522,39164,0.000000,0.001098
40092,7994,0.000000,0.003331
7994,6318,0.000000,0.026775
16852,7994,0.000000,0.009773
40092,6107,0.000000,0.005879
6319,6318,0.000000,0.020465
33850,6318,0.000000,0.074759
12912,33850,0.000000,0.008237
6318,40092,0.000000,0.001721
6318,39164,0.000000,0.053243
39164,33850,0.000000,0.111820
16852,12522,0.000000,0.047733
6319,7994,0.000000,0.007735
33850,16852,0.000000,0.012721
12522,7994,0.000000,0.008863
12522,6319,0.000000,0.001993
19986,6107,0.000000,0.006265
6318,16852,0.000000,0.008042
39164,6319,0.000000,0.010973
12522,33850,0.000000,0.005033
6107,19986,0.000000,0.007008
6319,12912,0.000000,0.008814
12912,6319,0.000000,0.005140
12912,6107,0.000000,0.036332
12912,6318,0.000000,0.004199
33850,40092,0.000000,0.004413
6107,33850,0.000000,0.028780
19986,39164,0.000000,0.000379
16852,6318,0.000000,0.007410
19986,6318,0.000000,0.000485
33850,7994,0.000000,0.069990
6319,12522,0.000000,0.003852
40092,39164,0.000000,0.001269
19986,33850,0.000000,0.000850
40092,6318,0.000000,0.001352
7994,6319,0.000000,0.005383
7994,39164,0.000000,0.051366
19986,40092,1.000000,0.016391
16852,12912,0.000000,0.007697
19986,16852,0.000000,0.010929
40092,12912,1.000000,0.017182
6107,6318,0.000000,0.010114
16852,39164,0.000000,0.022581
40092,6319,0.000000,0.000692
12522,6107,0.000000,0.017371
6318,12912,0.000000,0.005596
6319,40092,0.000000,0.000782
19986,12912,1.000000,0.008201
12522,19986,1.000000,0.027335
39164,40092,0.000000,0.001815
12912,16852,0.000000,0.007400
21369,28674,0.000000,0.007967
21369,40438,0.000000,0.016244
21369,28675,0.000000,0.148686
2170,28675,0.000000,0.037381
28674,28675,0.000000,0.100520
2170,28674,0.000000,0.016642
40438,28675,0.000000,0.073883
28674,2170,0.000000,0.022282
40438,2170,0.000000,0.030654
28674,21369,0.000000,0.017812
40438,28674,0.000000,0.346620
28675,28674,0.000000,0.037963
21369,2170,0.000000,0.015792
40438,21369,0.000000,0.027964
28675,2170,0.000000,0.021493
2170,21369,0.000000,0.037066
28674,40438,0.000000,0.376448
2170,40438,0.000000,0.020100
28675,21369,0.000000,0.187468
28675,40438,0.000000,0.029732
10212,10213,0.000000,0.075788
40198,10213,0.000000,0.075788
23201,10212,0.000000,0.036417
40198,23201,0.000000,0.034952
10213,10212,0.000000,0.077934
10213,32438,0.000000,0.077934
10213,23201,0.000000,0.087462
23201,10213,0.000000,0.094996
32438,10212,1.000000,0.965548
10213,40198,0.000000,0.077934
23201,40198,0.000000,0.036417
32438,23201,0.000000,0.034952
23201,32438,0.000000,0.036417
10212,23201,0.000000,0.034952
40198,32438,1.000000,0.965548
10212,40198,1.000000,0.965548
32438,40198,1.000000,0.965548
40198,10212,1.000000,0.965548
10212,32438,1.000000,0.965548
32438,10213,0.000000,0.075788
38764,18483,0.000000,0.000869
785,17678,0.000000,0.000000
18374,7448,1.000000,0.988423
20580,15430,0.000000,0.001758
2079,17678,1.000000,0.982337
21563,17355,1.000000,0.976451
7448,2079,1.000000,0.996355
11082,17328,1.000000,0.995013
24805,17458,1.000000,0.966217
23318,19397,1.000000,0.982061
2464,29227,0.000000,0.074196
19207,2079,1.000000,0.965220
1611,38764,0.000000,0.000208
19136,2383,1.000000,0.813818
8095,2383,1.000000,0.996714
13608,24305,1.000000,0.990940
19397,7448,1.000000,0.996418
26660,19136,0.000000,0.511671
11082,17870,1.000000,0.996623
38764,2383,0.000000,0.056809
1260,20580,0.000000,0.002451
8095,8428,1.000000,0.998736
9063,18483,0.000000,0.048484
19207,1611,0.000000,0.001493
6211,17458,1.000000,0.982667
15430,26329,0.000000,0.001268
26660,38764,0.000000,0.278171
21293,18374,1.000000,0.942779
18483,5777,0.000000,0.001141
24305,17545,1.000000,0.999318
6211,22521,1.000000,0.946498
4972,800,0.000000,0.006198
13608,3161,1.000000,0.790470
4322,23318,1.000000,0.830889
7448,13608,1.000000,0.997002
32530,18374,0.000000,0.061103
9063,26329,0.000000,0.034531
10236,24805,1.000000,0.999110
800,21262,0.000000,0.163951
26660,17870,0.000000,0.515584
4122,7190,1.000000,0.941749
16452,4365,1.000000,0.959973
19852,23384,0.000000,0.027024
4972,5777,0.000000,0.000082
12212,21293,1.000000,0.978415
38764,18484,0.000000,0.029749
17870,38764,0.000000,0.029535
18484,22521,0.000000,0.078745
10236,12212,1.000000,0.999348
23384,3161,0.000000,0.002506
24305,8095,1.000000,0.999171
9063,4122,1.000000,0.998538
8095,12212,1.000000,0.992246
23384,19397,0.000000,0.013241
4122,19207,1.000000,0.853032
8035,4322,1.000000,0.994802
21262,19154,0.000000,0.000635
4972,2464,1.000000,0.985864
15430,5884,0.000000,0.004002
24305,30765,0.000000,0.011649
3161,1423,1.000000,0.745339
11082,24305,1.000000,0.962453
3161,5777,0.000000,0.000042
8095,19852,1.000000,0.996731
24305,18484,0.000000,0.704370
2383,8428,1.000000,0.995378
4972,17355,1.000000,0.992104
11683,21293,1.000000,0.948100
23318,26329,0.000000,0.020431
2610,17678,1.000000,0.997891
37147,5777,0.000000,0.004392
22521,2610,1.000000,0.555341
3861,7448,0.000000,0.028268
18374,19852,1.000000,0.971065
13608,4972,1.000000,0.995176
18483,22521,0.000000,0.036141
21262,17328,1.000000,0.997700
12212,17545,1.000000,0.999294
6211,4365,1.000000,0.989375
19397,5777,0.000000,0.000136
19397,21262,1.000000,0.996509
17870,1260,1.000000,0.822210
29227,800,0.000000,0.001353
19852,4322,1.000000,0.815707
2383,17870,1.000000,0.794180
17678,5777,0.000000,0.000101
18483,4365,0.000000,0.003183
11082,19397,1.000000,0.982637
5884,18483,0.000000,0.034974
24305,5777,0.000000,0.000641
26660,2464,0.000000,0.566663
19397,17458,1.000000,0.979287
19397,16452,1.000000,0.977398
6211,19207,1.000000,0.980759
4122,24805,1.000000,0.974507
926,17870,1.000000,0.983302
10236,21262,1.000000,0.999030
17355,1260,1.000000,0.727554
1611,800,0.000000,0.061152
16452,15430,0.000000,0.000707
1285,7415,0.668904,0.083870
6728,22056,0.000000,0.012998
35610,6728,0.000000,0.124269
17796,17121,0.665415,0.149291
3996,830,0.000000,0.028680
3996,35610,0.000000,0.042236
33107,830,0.000000,0.007974
1677,33107,0.000000,0.001087
29111,35610,0.674865,0.179263
3996,17129,0.000000,0.010132
11231,1677,0.000000,0.042572
22057,3996,0.000000,0.014726
2375,22057,0.000000,0.020166
29111,830,0.000000,0.010868
6728,6727,0.000000,0.001527
1285,6728,0.000000,0.005924
29111,6727,0.000000,0.016013
33107,17796,0.000000,0.009850
35610,17796,0.000000,0.012980
12177,35610,0.000000,0.078576
830,11231,0.000000,0.006562
37988,29111,0.674865,0.186085
22056,37988,0.000000,0.220901
22056,2375,0.000000,0.023970
17121,6727,0.664452,0.006182
2375,1677,0.000000,0.076208
7415,6728,0.000000,0.173645
6728,29111,0.000000,0.060677
37988,1285,0.000000,0.018539
17796,6727,0.664452,0.042770
12177,22056,0.000000,0.018111
17121,1677,0.000000,0.045624
830,3996,0.000000,0.023086
7415,6727,0.664452,0.001232
3996,7415,0.000000,0.002250
22056,830,0.000000,0.006665
17796,22056,0.000000,0.007291
17796,6728,0.000000,0.004588
1285,2375,0.667021,0.104454
6727,33107,0.000000,0.012364
35610,2375,0.000000,0.079067
3996,1677,1.000000,0.002056
11231,12177,0.000000,0.003844
17796,35610,0.000000,0.015730
830,1677,0.000000,0.002623
17121,3996,0.000000,0.012884
6727,7415,0.664452,0.001386
11231,2375,0.000000,0.035657
17796,22057,0.000000,0.008393
6727,17129,0.000000,0.006444
7415,17796,0.665415,0.003300
6727,29111,0.000000,0.018984
7415,11231,0.000000,0.241540
3996,1285,0.000000,0.016703
6727,17121,0.664452,0.016356
12177,2375,0.663339,0.024604
17796,33107,0.000000,0.010246
7415,12177,0.663339,0.002339
1285,11231,0.000000,0.020073
35610,29111,0.674865,0.186085
29111,17129,0.000000,0.134620
1677,22056,0.000000,0.001687
33107,22056,0.000000,0.093626
2375,17129,0.000000,0.035522
35610,22056,0.000000,0.193498
1677,22057,0.000000,0.003088
830,17796,0.665415,0.024923
35610,37988,1.000000,0.995100
3996,33107,0.000000,0.016959
29111,6728,0.000000,0.075317
35610,22057,0.000000,0.153233
6728,1285,0.000000,0.004445
3996,22056,0.000000,0.007350
12177,6727,0.663339,0.042041
830,22057,0.000000,0.004385
7415,830,0.667706,0.003001
12177,7415,0.663339,0.002630
22057,17129,0.656329,0.034551
2375,29111,0.000000,0.043338
6727,37988,0.000000,0.022340
12177,17121,0.663339,0.034416
37988,7415,0.000000,0.005507
17796,1677,0.000000,0.007404
1285,17129,0.000000,0.009333
11231,17129,0.000000,0.007908
12177,17796,0.663339,0.017681
830,6727,0.664452,0.039820
2375,1285,0.667021,0.127253
1677,7415,0.000000,0.372470
12177,830,0.663339,0.015426
2375,35610,0.000000,0.074671
12177,37988,0.000000,0.078576
2375,7415,0.667021,0.023043
1677,29111,0.000000,0.002136
17129,37988,0.000000,0.026879
22057,35610,0.000000,0.166558
6727,12177,0.663339,0.037240
11231,29111,0.000000,0.021328
1677,1285,0.000000,0.075645
22057,11231,0.000000,0.019629
30439,25844,0.000000,0.022262
30439,26325,0.000000,0.036500
26325,25473,0.000000,0.039902
30439,12931,0.649134,0.154129
30439,34354,0.000000,0.022262
25844,26325,0.000000,0.020467
26325,30439,0.000000,0.031731
25844,25473,0.000000,0.033865
34354,12931,0.000000,0.010300
26325,25844,0.000000,0.020671
34354,30439,0.000000,0.016796
12931,30439,0.649134,0.149759
34354,25473,0.000000,0.033865
26325,34354,0.000000,0.020671
12931,25473,0.000000,0.051777
25473,34354,0.000000,0.038578
12931,34354,0.000000,0.013003
34354,25844,1.000000,0.989885
30439,25473,0.000000,0.066829
34354,26325,0.000000,0.020467
25473,30439,0.000000,0.059738
25844,34354,1.000000,0.989885
12931,25844,0.000000,0.013003
25473,12931,0.000000,0.044275
25473,26325,0.000000,0.031043
25844,30439,0.000000,0.016796
12931,26325,0.000000,0.019541
26325,12931,0.000000,0.017506
25844,12931,0.000000,0.010300
25473,25844,0.000000,0.038578
1098,37924,0.000000,0.016534
5767,15027,0.000000,0.005963
28603,15026,0.674200,0.447367
29879,14136,0.000000,0.003344
4175,37924,0.000000,0.002533
22406,15026,0.674200,0.235504
15027,5767,0.000000,0.005539
5767,35844,0.000000,0.015836
32163,15027,0.000000,0.039589
1098,27652,0.000000,0.015540
1098,15087,0.000000,0.028300
1929,26738,0.000000,0.012116
34591,1929,0.000000,0.010495
27652,22161,0.000000,0.078613
27652,32163,0.676242,0.506841
27652,28621,0.000000,0.000999
35515,37924,0.000000,0.164042
14136,1929,1.000000,0.966689
37924,29879,0.000000,0.004478
37924,35844,0.000000,0.000357
28603,28621,0.000000,0.002318
1099,8746,0.000000,0.007913
15027,23568,0.000000,0.009452
28621,4175,0.000000,0.001058
28621,6987,0.000000,0.007503
6402,15027,0.000000,0.039589
15087,4175,0.676242,0.412125
27652,5767,0.677821,0.328364
1929,34591,0.000000,0.012116
34591,28603,0.000000,0.022543
6402,15087,1.000000,0.971203
28603,29879,0.000000,0.855979
28603,32163,1.000000,0.733545
27652,15026,0.674200,0.410988
22161,1099,0.000000,0.017632
14136,27652,0.000000,0.003127
26738,23568,0.000000,0.020287
35844,28621,0.000000,0.224905
6402,35515,0.674200,0.450100
1098,6402,0.000000,0.028300
28621,22161,0.000000,0.000433
1929,29879,0.000000,0.022435
6987,6402,0.000000,0.043201
15026,22161,0.000000,0.100344
15087,35515,0.674200,0.450100
5767,34591,0.000000,0.008613
15026,26738,0.000000,0.023776
6402,27652,0.676242,0.512757
26745,1929,0.000000,0.018543
15026,15087,0.674200,0.371599
35515,1929,0.000000,0.015476
1929,6402,0.000000,0.022609
26745,6987,0.000000,0.044283
15087,27652,0.676242,0.512757
6987,35844,0.000000,0.046732
29879,4175,0.000000,0.407917
22406,29879,0.000000,0.447326
15087,1098,0.000000,0.022230
22406,6402,0.676242,0.451432
1099,22406,0.000000,0.011285
28621,1099,0.000000,0.000400
6987,22406,0.000000,0.009013
35515,22161,0.000000,0.098842
28621,1098,0.000000,0.000500
23568,29879,0.000000,0.439015
28621,27652,0.000000,0.000872
6402,28603,1.000000,0.734037
15087,5767,0.676242,0.337138
32163,22161,0.000000,0.052228
1929,1099,1.000000,0.387262
15026,23568,0.674200,0.179192
1929,15026,0.000000,0.018488
26738,15027,0.669663,0.002833
14136,28621,0.000000,0.002553
37924,32163,0.000000,0.004537
5767,6402,0.676242,0.410832
23568,14136,0.000000,0.000883
15026,29879,0.000000,0.365823
4175,23568,0.680194,0.486972
22406,32163,0.676242,0.451432
37924,27652,0.000000,0.005222
6987,15087,0.000000,0.043201
37924,28603,0.000000,0.004377
6402,29879,0.000000,0.919998
27652,15087,0.676242,0.506841
35515,34591,0.000000,0.023567
6987,23568,0.000000,0.011341
1099,5767,0.000000,0.004639
5767,22406,0.681133,0.357143
15027,6987,0.000000,0.078905
22406,35844,0.000000,0.007072
27652,6402,0.676242,0.506841
37924,34591,0.000000,0.422890
15026,1098,0.000000,0.555692
15026,14136,0.000000,0.012462
29879,1929,0.000000,0.018374
14136,26745,0.000000,0.005734
5767,14136,0.000000,0.000241
5767,37924,0.000000,0.001145
37924,14136,0.000000,0.003940
4410,6537,0.000000,0.005070
24385,23200,0.668819,0.099599
10842,4410,0.000000,0.099829
18708,11135,0.000000,0.049969
6769,6536,0.000000,0.009820
24385,6769,0.668819,0.065041
23200,11135,0.000000,0.136994
6769,19466,0.000000,0.015455
6537,23200,0.000000,0.387187
18708,10842,0.000000,0.040606
15854,6769,0.000000,0.010887
6537,6536,0.000000,0.017300
15854,11445,0.000000,0.007369
6537,11135,0.000000,0.139119
6769,6537,0.000000,0.087550
6769,15854,0.000000,0.015446
11135,6536,0.000000,0.013260
4410,11135,0.000000,0.003062
6536,4410,0.000000,0.007629
11135,6769,0.000000,0.075746
6537,18708,0.000000,0.104860
11445,6536,0.000000,0.016867
19466,23200,0.000000,0.026006
11445,4410,0.000000,0.008055
6537,6769,0.000000,0.081333
22522,15854,0.000000,0.005389
6537,15854,0.000000,0.005379
18708,19466,0.000000,0.168381
6769,24385,0.668819,0.074625
11445,15854,0.000000,0.006978
15854,4410,0.000000,0.078749
11135,18708,0.000000,0.048772
6537,22522,0.000000,0.121926
11445,11135,0.000000,0.033999
18708,6536,0.000000,0.061264
18708,4410,0.000000,0.025641
4410,19466,0.000000,0.019311
24385,11135,0.000000,0.069518
4410,6769,0.000000,0.012628
19466,6769,0.000000,0.011798
10842,11135,0.000000,0.004277
24385,22522,0.668819,0.060444
19466,11135,0.000000,0.018577
15854,22522,0.000000,0.005723
22522,6536,0.000000,0.014249
6536,19466,0.000000,0.063658
6769,4410,0.000000,0.018203
15854,18708,0.000000,0.022331
23200,24385,0.668819,0.096654
10842,6536,0.000000,0.013074
11135,6537,0.000000,0.131139
11135,4410,0.000000,0.003699
10842,19466,0.000000,0.034328
6769,11135,0.000000,0.090121
23200,4410,0.000000,0.006913
23200,15854,0.000000,0.005445
10842,23200,0.000000,0.005410
6536,6537,0.000000,0.013480
24385,6537,0.000000,0.097583
23200,10842,0.000000,0.007062
6536,23200,0.000000,0.013820
6537,4410,0.000000,0.006871
4410,22522,0.000000,0.005272
11445,19466,0.000000,0.016416
4410,23200,0.000000,0.005111
22522,24385,0.668819,0.063405
24385,19466,0.000000,0.141589
24385,11445,0.000000,0.032035
4410,10842,0.000000,0.116672
23200,6536,0.000000,0.017726
22522,11135,0.000000,0.107453
22522,19466,0.000000,0.028614
24385,4410,0.000000,0.011958
6536,15854,0.000000,0.011253
4410,18708,0.000000,0.021634
15854,19466,0.000000,0.029122
18708,6769,0.671719,0.087929
11135,11445,0.000000,0.041359
23200,22522,0.673769,0.122906
24385,15854,0.000000,0.013523
6537,10842,0.000000,0.006984
11135,23200,0.000000,0.128899
6769,18708,0.671719,0.098861
23200,19466,0.000000,0.027815
10842,15854,0.000000,0.090406
6769,23200,0.673769,0.087037
10842,24385,0.000000,0.017842
6536,6769,0.000000,0.005971
22522,10842,0.000000,0.007665
6769,22522,0.675354,0.051770
15854,24385,0.000000,0.011721
11445,6537,0.651252,0.037339
6769,10842,0.000000,0.018229
6536,22522,0.000000,0.012997
6536,10842,0.000000,0.012910
18708,24385,0.668819,0.472605
11135,24385,0.000000,0.067680
6536,11445,0.000000,0.021535
15854,10842,0.000000,0.078927
24385,6536,0.000000,0.088823
37237,4077,0.000000,0.000156
5724,24201,0.000000,0.047248
39,893,0.000000,0.015670
2918,19012,0.000000,0.001714
4077,37237,0.000000,0.000052
14525,37237,0.000000,0.001882
5724,39,0.000000,0.040983
18680,32123,0.000000,0.008914
8265,39800,0.000000,0.001559
8265,35772,0.000000,0.065343
4076,15157,0.000000,0.004409
28486,39800,1.000000,0.989841
32123,5724,0.000000,0.810967
8265,14915,0.000000,0.449147
8265,4077,0.000000,0.565717
5723,32732,0.000000,0.006930
39,39800,0.000000,0.069679
39800,14915,0.000000,0.073325
32123,4077,0.000000,0.090875
893,14915,0.000000,0.159359
4076,18680,0.000000,0.000059
5724,28486,0.000000,0.007255
18680,39800,0.000000,0.003045
2918,4077,1.000000,0.007277
5724,15157,0.000000,0.004534
14525,32123,0.000000,0.454876
18680,5724,0.000000,0.000411
5724,39800,0.000000,0.007357
24201,39800,0.000000,0.003939
28486,4077,0.000000,0.008540
32123,2918,0.000000,0.985649
14915,28486,0.000000,0.084367
28486,14525,0.000000,0.025515
39,32732,0.000000,0.003710
4076,24201,0.000000,0.584831
4077,5723,0.000000,0.001769
24201,14525,1.000000,0.005036
18680,24201,0.000000,0.000104
39800,37237,0.000000,0.003748
39,18680,0.000000,0.001267
32732,14915,0.000000,0.004716
32123,39800,0.000000,0.057319
37237,18680,0.000000,0.083471
39,24201,1.000000,0.023516
893,32732,0.000000,0.019991
5723,32123,0.000000,0.043238
32732,4076,0.000000,0.037577
4076,8265,0.000000,0.630039
35772,4077,0.000000,0.192026
2918,4076,0.000000,0.004394
4077,8265,0.000000,0.594174
5723,5724,0.000000,0.007389
14915,32732,0.000000,0.001823
4077,39,1.000000,0.018080
32732,35772,0.000000,0.002750
893,35772,0.000000,0.044220
28486,14915,0.000000,0.073603
14525,15157,0.000000,0.009346
14915,5723,0.000000,0.032058
37237,5723,0.000000,0.003525
39,5723,0.000000,0.066822
35772,5724,0.000000,0.036992
18680,4076,0.000000,0.000156
4077,28486,0.000000,0.003934
5724,35772,0.000000,0.029036
5724,4077,0.000000,0.047275
5724,18680,0.000000,0.000351
14525,4077,1.000000,0.005709
4076,5723,0.000000,0.003534
18680,28486,0.000000,0.003041
2918,39800,0.000000,0.008072
24201,8265,0.000000,0.594662
5723,39800,0.000000,0.264940
8265,893,0.000000,0.472953
18680,5723,0.000000,0.002454
4077,2918,1.000000,0.007130
2918,28486,0.000000,0.008038
18680,37237,0.000000,0.082504
14525,28486,0.000000,0.020734
35772,39,0.000000,0.615194
32732,893,0.000000,0.077046
35772,15157,0.000000,0.203809
32732,5724,0.000000,0.063959
24201,37237,0.000000,0.000051
18680,39,0.000000,0.001433
2918,32732,0.000000,0.001389
28486,32123,0.000000,0.033647
15157,5724,0.000000,0.003932
18680,14525,0.000000,0.001414
15157,37237,0.000000,0.002099
35772,18680,0.000000,0.005284
2918,14915,1.000000,0.006526
4076,39800,0.000000,0.005705
39800,32732,0.000000,0.007460
24201,4077,1.000000,0.989041
14525,18680,0.000000,0.001419
28486,5724,0.000000,0.006151
35772,8265,0.000000,0.061270
14915,2918,1.000000,0.007944
37237,4076,0.000000,0.000239
34984,32801,0.674200,0.451903
3795,3796,0.000000,0.008683
3795,21345,0.000000,0.007855
11293,14466,0.000000,0.030222
26852,9186,0.671311,0.029706
34984,9186,0.674200,0.001566
14466,3796,0.000000,0.040338
34984,7550,0.671311,0.482385
24379,31663,0.671311,0.561056
3796,1508,0.000000,0.094034
24379,7550,1.000000,0.994269
35471,11294,0.000000,0.002658
14466,3795,0.000000,0.030358
9186,14466,0.674200,0.014364
11294,1508,0.000000,0.002071
35471,26852,1.000000,0.994269
9186,11293,0.000000,0.004863
14466,35471,0.671311,0.550421
11293,26852,0.000000,0.037629
1508,34984,0.000000,0.002876
21345,12282,0.000000,0.049247
24379,34984,0.671311,0.550664
32801,34984,0.674200,0.467877
11293,7550,0.000000,0.037629
12282,32801,1.000000,0.114434
3795,11294,0.000000,0.000960
32801,7550,0.671311,0.170743
14466,7550,0.671311,0.550421
11294,24379,0.000000,0.003187
11294,21345,0.000000,0.002479
11294,26852,0.000000,0.003187
14466,26852,0.671311,0.550421
3796,11294,0.000000,0.001646
3796,14466,0.000000,0.032242
26852,24379,1.000000,0.994269
12282,31663,0.674200,0.342000
1508,11293,0.000000,0.009543
7550,24379,1.000000,0.994269
9186,21345,0.000000,0.005735
11294,7550,0.000000,0.003187
3795,9186,0.000000,0.090001
21345,1508,0.000000,0.058516
9186,11294,0.000000,0.000127
3796,31663,0.000000,0.032242
26852,11293,0.000000,0.034382
21345,9186,0.000000,0.005886
34984,1508,0.000000,0.000679
11293,35471,0.000000,0.037629
37681,35471,0.671311,0.549983
3795,34984,0.000000,0.032446
12282,37681,0.674200,0.342466
37681,1508,0.000000,0.004317
21345,32801,0.000000,0.023559
11293,37681,0.000000,0.030237
34984,35471,0.671311,0.482385
21345,37681,0.000000,0.031875
34984,3795,0.000000,0.010249
31663,34984,1.000000,0.586032
3795,37681,0.000000,0.030711
32801,14466,0.674200,0.200740
21345,3796,0.000000,0.036504
37681,3795,0.000000,0.030351
31663,21345,0.000000,0.035531
11293,9186,0.000000,0.004950
1508,24379,0.000000,0.002087
37681,7550,0.671311,0.549983
9186,34984,0.674200,0.000905
31663,24379,0.671311,0.550421
34984,12282,0.674200,0.375119
32801,37681,0.674200,0.200592
26852,3796,0.000000,0.019738
35471,3795,0.000000,0.015586
31663,37681,1.000000,0.997164
24379,26852,1.000000,0.994269
1508,12282,0.000000,0.018703
3795,1508,0.662663,0.135145
7550,9186,0.671311,0.029706
34984,14466,1.000000,0.547836
31663,35471,0.671311,0.550421
26852,35471,1.000000,0.994269
31663,14466,1.000000,0.997867
35471,9186,0.671311,0.029706
35471,24379,1.000000,0.994269
32801,24379,0.671311,0.170743
26852,31663,0.671311,0.561056
12282,35471,0.671311,0.305652
7550,11293,0.000000,0.034382
1508,3796,0.000000,0.137517
37681,31663,1.000000,0.997161
35471,14466,0.671311,0.561056
34984,11293,0.000000,0.012688
21345,14466,0.000000,0.031813
1508,3795,0.662663,0.198463
3796,34984,0.000000,0.078971
31663,32801,0.674200,0.199200
35471,7550,1.000000,0.994269
24379,3796,0.000000,0.019738
12282,1508,0.000000,0.008803
21345,34984,0.000000,0.074250
24379,32801,0.671311,0.135253
26869,2070,1.000000,0.999114
35902,2070,1.000000,0.997815
2071,184,0.000000,0.276847
1651,4682,0.678380,0.091298
9172,1906,0.000000,0.074884
4682,37989,0.676345,0.382367
30804,35902,1.000000,0.997810
10622,17113,1.000000,0.649331
32031,29413,1.000000,0.994166
19021,35902,1.000000,0.997810
4750,26869,1.000000,0.999114
1651,26869,0.676345,0.110965
2231,1989,0.000000,0.002218
1989,38169,0.673466,0.696559
31193,1989,1.000000,0.998758
35424,1989,1.000000,0.996913
35902,35424,1.000000,0.997815
2071,19021,0.000000,0.023467
31910,1989,1.000000,0.994136
4682,32031,0.676345,0.381487
4682,38169,0.673466,0.389704
38169,2070,0.673466,0.681621
184,2070,0.000000,0.023247
2231,32031,0.000000,0.002218
1906,29413,0.000000,0.122808
32031,24278,1.000000,0.998759
17113,38169,0.673466,0.695511
26869,184,0.000000,0.021032
4750,4682,0.676345,0.425229
31910,4750,1.000000,0.998313
31193,2070,1.000000,0.997815
24278,9172,1.000000,0.998758
35424,37989,1.000000,0.999114
31910,26869,1.000000,0.998313
1906,38169,0.000000,0.094941
24278,1651,0.676345,0.114495
24278,29413,1.000000,0.995853
30804,19021,1.000000,0.999114
4682,2070,0.676345,0.382367
31910,38169,0.673466,0.694968
1989,31412,0.000000,0.000278
17113,2231,0.000000,0.003029
17113,30804,1.000000,0.999114
31910,2231,0.000000,0.003044
32031,19021,1.000000,0.996924
2071,2070,0.000000,0.023467
17113,1906,0.000000,0.073501
32031,35424,1.000000,0.996924
26869,31193,1.000000,0.997810
17113,19021,1.000000,0.999114
1906,1651,0.000000,0.003950
9172,4682,0.676345,0.423858
2071,37989,0.000000,0.023467
29413,10622,1.000000,0.656208
19021,1651,0.676345,0.114274
35902,2231,0.000000,0.003009
2231,4750,0.000000,0.002234
30804,35424,1.000000,0.999114
35424,9172,1.000000,0.996913
9172,32031,1.000000,0.999121
1989,2231,0.000000,0.003001
184,2231,1.000000,0.176570
2071,30804,0.000000,0.023467
8656,4682,0.678380,0.409193
17113,1651,0.676345,0.114274
1906,17113,0.000000,0.124178
24278,4750,1.000000,0.997815
37989,31910,1.000000,0.998316
29413,2231,0.000000,0.003044
30804,184,0.000000,0.021032
10622,31193,1.000000,0.649270
9172,24278,1.000000,0.998759
26869,31412,0.000000,0.000276
29413,31412,0.000000,0.000274
2070,1651,0.676345,0.114274
2070,9172,1.000000,0.996913
8656,26869,0.676345,0.613881
26869,1906,0.000000,0.073501
29413,17113,1.000000,0.998313
31910,2070,1.000000,0.998313
9172,4750,1.000000,0.996924
26869,8656,0.676345,0.646302
1906,9172,0.000000,0.126850
2070,184,0.000000,0.021032
38169,35424,0.673466,0.681621
184,26869,0.000000,0.023247
37989,1651,0.676345,0.114274
24278,37989,1.000000,0.997815
30804,29413,1.000000,0.998316
9172,2071,0.000000,0.029786
1906,31910,0.000000,0.122808
8656,19021,0.676345,0.613881
38169,24278,0.673466,0.682211
30804,26869,1.000000,0.999114
19021,37989,1.000000,0.999114
8656,4750,0.676345,0.613881
31193,35902,1.000000,0.999119
184,37989,0.000000,0.023247
31193,1906,0.000000,0.074501
29413,35902,1.000000,0.995836
29126,34002,0.693890,0.553898
12341,5201,0.692635,0.586992
17596,10019,0.692635,0.585201
10269,31000,1.000000,0.833878
4083,10269,0.692635,0.585476
10179,31000,0.692635,0.587332
10179,296,0.000000,0.026597
7706,23020,1.000000,0.603117
1341,29126,0.692635,0.587184
1073,5721,0.000000,0.539588
3470,15236,0.692635,0.569160
2540,34082,0.000000,0.574333
2018,17700,0.692635,0.597064
5721,4990,0.000000,0.002173
4990,12341,0.000000,0.005550
19052,1073,0.693890,0.550129
17596,1828,0.000000,0.567488
13183,19074,0.693890,0.531376
4083,2593,0.692635,0.585532
12558,23572,0.000000,0.634586
15236,3470,0.692635,0.587063
34002,12341,0.692635,0.568099
2540,29905,0.000000,0.579326
2593,296,0.000000,0.018811
19074,8579,0.692635,0.598370
2110,25566,0.000000,0.008404
1828,23572,0.000000,0.546728
23974,1827,0.000000,0.326811
10019,3429,1.000000,0.833910
19074,23423,0.693890,0.510378
10019,9542,0.693890,0.577299
12868,9983,0.692635,0.570265
23423,10179,0.692635,0.564840
295,10269,1.000000,0.863468
295,2018,0.693890,0.521297
13183,23974,0.000000,0.277225
1723,17596,0.692635,0.528953
20678,5701,0.692635,0.568704
10179,17549,0.692635,0.583059
3636,5701,0.692635,0.598051
3636,5201,0.693890,0.505506
2540,9983,0.000000,0.810789
29905,5721,0.000000,0.563578
1839,296,0.000000,0.005926
8579,4512,0.692635,0.583706
5201,17596,0.692635,0.566027
15236,22974,0.692635,0.587063
4512,12868,1.000000,0.755689
29126,15236,0.692635,0.573218
15236,17549,0.692635,0.587063
13183,12341,0.692635,0.565712
32468,3636,0.693890,0.519626
31000,2110,0.000000,0.013707
4512,26338,0.000000,0.354701
3663,1723,1.000000,0.823037
32468,17700,0.692635,0.571044
23776,35999,0.692635,0.585123
1827,10179,0.692635,0.600726
1828,35999,0.000000,0.542319
17549,5201,1.000000,0.925341
10389,14610,1.000000,0.962861
11956,23776,0.692635,0.534850
15236,14610,1.000000,0.932949
296,1341,0.000000,0.030591
2018,3429,0.693890,0.512180
39,23743,0.000000,0.009394
296,2593,0.000000,0.024183
23020,32468,0.692635,0.602585
17596,23743,0.692635,0.611686
5701,23423,0.692635,0.585196
9542,10389,0.692635,0.575954
34002,1828,0.000000,0.550109
5701,23776,1.000000,0.867259
20678,17549,1.000000,0.862571
1723,10389,0.692635,0.530088
29905,5701,0.692635,0.569681
2593,3663,0.693890,0.541167
25566,1827,0.694948,0.503810
26337,9983,0.000000,0.661600
1839,11956,0.692635,0.482835
5174,4990,0.000000,0.002253
25566,15664,0.692635,0.533555
5701,5721,0.000000,0.849218
25566,5174,0.692635,0.535319
29126,39,0.000000,0.005315
23743,3636,1.000000,0.889035
5174,23743,0.692635,0.613707
5721,295,0.000000,0.581586
1723,10269,0.693890,0.527623
13183,5174,0.692635,0.567257
12341,17596,1.000000,0.913042
296,23974,0.000000,0.031825
25566,1341,0.692635,0.533119
2540,12868,0.000000,0.574333
295,13183,1.000000,0.904823
8579,3663,0.692635,0.558944
11956,10019,0.693890,0.529802
10179,3429,0.692635,0.576919
17549,1827,0.693890,0.524423
14610,1073,0.692635,0.568581
1513,1044,0.573276,0.339430
26440,7511,0.573276,0.352757
1919,5151,1.000000,0.999962
7273,6932,1.000000,0.999512
121,2174,0.000000,0.000201
6932,3122,1.000000,0.994391
8369,25880,0.000000,0.025366
24029,6864,0.573276,0.819082
22180,6133,0.573276,0.486834
19489,443,0.000000,0.041314
6568,3864,1.000000,0.542367
8369,121,0.000000,0.000776
2174,3506,1.000000,0.539841
10062,6568,0.570997,0.592781
6864,4798,1.000000,0.999934
6718,3685,1.000000,0.655242
25880,22696,0.000000,0.004573
10391,1858,0.000000,0.066963
6266,6438,1.000000,0.999972
10052,3685,0.000000,0.466048
7511,3306,1.000000,0.998276
10062,8369,0.000000,0.013259
915,10062,0.570997,0.551831
2883,1919,1.000000,0.999962
5199,25209,0.570997,0.551853
1091,10052,0.000000,0.027808
4774,22696,0.000000,0.002354
19402,1858,0.573276,0.815595
19402,5151,0.573276,0.811430
8369,3620,0.000000,0.012286
26440,3864,0.573276,0.345805
3864,22180,0.573276,0.269753
5277,4649,0.000000,0.015360
443,25880,0.573276,0.528363
4804,1044,0.573276,0.334905
1242,1919,1.000000,0.999983
19402,6932,0.573276,0.806383
6438,6266,1.000000,0.999972
6718,22180,0.573276,0.281143
6998,10052,0.000000,0.271814
121,3506,0.000000,0.000198
1136,121,0.000000,0.091659
2174,10391,0.000000,0.113661
6266,30918,0.573276,0.546396
1091,25880,0.573276,0.562137
2174,19489,0.000000,0.022594
3685,443,1.000000,0.648746
26440,1919,0.573276,0.346171
3502,3506,1.000000,0.555512
22696,4774,0.000000,0.003240
2883,3685,1.000000,0.656635
8214,6764,0.573276,0.539763
37281,10052,0.000000,0.007504
1284,3506,1.000000,0.555621
6007,6266,1.000000,0.999765
6864,3502,1.000000,0.999456
6568,6266,1.000000,0.542367
6133,6266,1.000000,0.655635
915,10052,0.000000,0.272853
31707,10052,0.000000,0.000658
26440,5277,0.000000,0.000565
6438,7273,1.000000,0.999891
5151,6764,1.000000,0.999899
6718,7273,1.000000,0.999955
7273,3122,1.000000,0.999798
7511,695,1.000000,0.999345
3685,1858,1.000000,0.672627
3864,3620,0.000000,0.001587
1858,3306,1.000000,0.998874
5277,25209,0.000000,0.014897
30918,6272,0.573276,0.540234
5277,2174,0.000000,0.025431
1513,5199,1.000000,0.999935
121,6568,0.000000,0.016529
19402,6272,0.573276,0.809407
4774,4804,1.000000,0.999846
6764,1136,0.000000,0.000984
1091,5199,1.000000,0.854649
25880,1242,0.573276,0.539894
3016,4774,1.000000,0.999956
3685,3864,1.000000,0.672367
2883,7021,0.573276,0.545569
2206,1136,0.000000,0.000952
4804,22180,0.573276,0.273960
31707,5199,0.000000,0.015419
25209,1136,0.000000,0.000953
5277,2883,0.000000,0.015402
6718,2883,1.000000,0.999935
10391,6438,0.000000,0.064936
6007,3864,1.000000,0.999765
3122,10391,0.000000,0.099348
6177,1284,1.000000,0.999884
8369,6007,0.000000,0.015430
6177,3685,1.000000,0.656501
915,4649,1.000000,0.999886
26440,10391,0.000000,0.002002
1044,31707,0.000000,0.000341
6932,6864,1.000000,0.994391
10052,1919,0.000000,0.314312
1513,3016,1.000000,0.999966
39552,37833,0.000000,0.066569
23088,37833,0.000000,0.105079
10952,37833,0.000000,0.100013
10953,19721,0.000000,0.025465
14990,23618,0.000000,0.010139
19721,17331,0.000000,0.016991
24103,23618,0.000000,0.004072
11467,19721,0.000000,0.020070
31230,39552,1.000000,0.993989
11467,3614,0.000000,0.011703
39552,11467,0.000000,0.001602
24926,16301,0.000000,0.030397
31230,24926,0.000000,0.013181
12447,19868,0.000000,0.013456
10953,23618,0.000000,0.017004
25106,17331,0.000000,0.025374
19868,10953,0.000000,0.003884
22675,24926,0.000000,0.014826
21017,3614,0.000000,0.017013
23618,21017,0.000000,0.077885
19721,17332,0.000000,0.032905
39552,12447,0.000000,0.008777
23089,21017,0.000000,0.059227
24103,14991,0.000000,0.005162
10953,22675,0.000000,0.024474
34999,11467,0.000000,0.004072
10952,23618,0.000000,0.011354
17331,29796,0.000000,0.008376
21017,23088,0.000000,0.026637
23618,37833,0.000000,0.034655
23089,24926,0.000000,0.010491
14990,17332,0.000000,0.011058
19721,11467,0.000000,0.013630
12447,34999,0.000000,0.008511
34999,21017,0.000000,0.015424
14990,14991,0.000000,0.005347
25106,29796,0.000000,0.024925
3614,17331,0.000000,0.058886
19721,21017,0.000000,0.041766
19868,14990,0.000000,0.021022
31230,25106,0.000000,0.012424
21017,10953,0.000000,0.013477
29796,3614,0.000000,0.006671
3614,10953,0.000000,0.007794
13136,16301,0.000000,0.000834
23088,29796,0.000000,0.027865
29796,22675,0.000000,0.026633
39552,25106,0.000000,0.012424
14990,23088,0.000000,0.021620
17331,19868,0.000000,0.042875
14991,29796,0.000000,0.020861
19868,3614,0.000000,0.036355
24926,21017,0.000000,0.006599
29796,24103,0.000000,0.002248
25106,10953,0.000000,0.246769
29796,19721,0.000000,0.025440
19721,29796,0.000000,0.023048
14991,10953,0.000000,0.020608
19868,16301,0.000000,0.000395
10953,17332,0.000000,0.019312
23088,3614,0.000000,0.062552
17332,16301,0.000000,0.000618
12447,22675,0.000000,0.032433
16301,34999,0.000000,0.001702
19721,34999,0.000000,0.019733
31230,19868,0.000000,0.033709
37833,25106,0.000000,0.009112
17331,13136,0.000000,0.024894
21017,16301,0.000000,0.001071
23088,17332,0.000000,0.007554
17331,21017,0.000000,0.011979
14991,24103,0.000000,0.005165
12447,10952,0.000000,0.006714
39552,23089,0.000000,0.006740
17331,24103,0.000000,0.166299
21017,17331,0.000000,0.013185
37833,3614,0.000000,0.100960
23088,25106,0.000000,0.023568
17332,23088,0.000000,0.006765
10952,16301,0.000000,0.001009
12447,21017,0.000000,0.058472
14991,3614,0.000000,0.011806
12447,25106,0.000000,0.064952
17332,31230,0.000000,0.004625
29796,23089,0.000000,0.029586
23618,17331,0.000000,0.020118
34999,24103,0.000000,0.025093
17331,31230,0.000000,0.389984
14990,31230,0.000000,0.100580
11467,19868,0.000000,0.005686
10952,25106,0.000000,0.032374
31230,23088,0.000000,0.048979
23089,11467,0.000000,0.018709
16301,39552,0.000000,0.001321
25106,19721,0.000000,0.047869
24103,12447,0.000000,0.002970
34999,39552,0.000000,0.115288
17331,3614,0.000000,0.050547
19721,14991,0.000000,0.052778
37833,23618,0.000000,0.029895
7671,26610,0.000000,0.021403
26610,7670,0.000000,0.016046
8386,7671,0.000000,0.009563
33326,7671,0.000000,0.003397
7670,14256,0.000000,0.040744
26610,16080,0.000000,0.030748
26610,3546,0.000000,0.026918
7671,8386,0.000000,0.011479
7671,33326,0.000000,0.004741
14256,16080,0.000000,0.025348
3546,7671,0.000000,0.007200
3546,33326,0.652890,0.040585
26610,8386,0.000000,0.016450
7670,16080,0.000000,0.019215
14256,26610,0.000000,0.075728
7671,16080,0.000000,0.009585
26610,33326,0.000000,0.008955
8386,33326,0.000000,0.018134
3546,16080,0.000000,0.054199
33326,7670,0.000000,0.008377
7671,14256,0.000000,0.036962
33326,14256,0.000000,0.010521
3546,8386,0.000000,0.053291
16080,26610,0.000000,0.036645
7670,8386,0.000000,0.023639
26610,14256,0.000000,0.074827
8386,26610,0.000000,0.018438
3546,7670,0.000000,0.025073
33326,26610,0.000000,0.007795
14256,7671,0.000000,0.039194
16080,8386,1.000000,0.454381
16080,7671,0.000000,0.010132
8386,14256,0.000000,0.020498
7671,3546,0.000000,0.009929
7671,7670,0.000000,0.034470
7670,33326,0.000000,0.015257
14256,7670,0.000000,0.049329
16080,7670,0.000000,0.021785
3546,14256,0.000000,0.022683
33326,16080,0.000000,0.030295
26610,7671,0.000000,0.022146
14256,8386,0.000000,0.021320
8386,3546,0.000000,0.049408
8386,16080,1.000000,0.445959
33326,3546,0.652890,0.019237
7670,3546,0.000000,0.026609
33326,8386,0.000000,0.015604
7670,26610,0.000000,0.012257
16080,14256,0.000000,0.029103
16080,33326,0.000000,0.033515
7670,7671,0.000000,0.027273
14256,33326,0.000000,0.020367
14256,3546,0.000000,0.026586
8386,7670,0.000000,0.025760
3546,26610,0.000000,0.024559
16080,3546,0.000000,0.056755
5991,30008,0.000000,0.013223
16864,18518,0.000000,0.061107
873,25327,0.678680,0.021688
8686,18518,0.000000,0.024593
14005,8686,0.000000,0.011856
873,21954,0.000000,0.001898
39993,17727,0.000000,0.081671
12810,25327,1.000000,0.014415
14006,17728,0.000000,0.000977
873,17728,0.000000,0.001710
35633,8685,0.000000,0.004914
14005,35633,0.000000,0.116297
12810,3401,0.000000,0.035008
9494,5991,1.000000,0.004468
8686,25327,0.000000,0.036723
874,17430,0.000000,0.014218
874,9494,0.000000,0.013994
40499,14006,0.000000,0.042378
17727,17728,0.000000,0.000871
34347,5991,0.000000,0.033341
14005,21954,0.000000,0.000828
5991,21954,0.000000,0.033936
5991,35633,0.000000,0.033152
30008,17728,0.000000,0.002536
16864,34347,0.000000,0.023520
21954,12810,0.000000,0.163981
18518,12810,0.000000,0.112953
40499,12810,0.670878,0.049449
16864,8685,0.000000,0.021849
5991,8686,1.000000,0.002172
8686,39993,0.000000,0.014414
3401,25327,0.000000,0.239291
34347,14006,0.000000,0.042378
12810,40499,0.670878,0.046878
14005,17430,0.000000,0.181757
17727,39993,0.000000,0.069678
9494,16436,0.000000,0.007242
17728,873,0.000000,0.000843
34347,40499,1.000000,0.993989
874,35833,0.000000,0.020483
3401,8685,0.000000,0.013655
14006,5991,0.000000,0.004268
14005,14006,0.000000,0.079731
34347,14005,0.000000,0.110736
12810,874,0.000000,0.050618
16436,8686,0.000000,0.009314
16436,34347,0.670878,0.140888
30008,12810,0.000000,0.021305
16436,18518,0.000000,0.043131
35633,8686,0.000000,0.012544
17727,35633,0.000000,0.083267
8685,21954,0.000000,0.000380
17728,17430,0.000000,0.000606
35833,16864,0.000000,0.021930
40499,39993,0.670878,0.665692
17430,30008,0.000000,0.119048
874,35633,0.000000,0.020483
35833,17430,0.000000,0.083216
35633,12810,0.670878,0.049449
3401,18518,0.000000,0.024065
16436,873,0.675812,0.141838
17727,35833,0.000000,0.083267
17728,40499,0.000000,0.002717
3401,14005,0.000000,0.014288
12810,35633,0.670878,0.046878
25327,35633,0.670878,0.047171
39993,5991,0.000000,0.033229
17728,21954,0.000000,0.079671
40499,874,0.000000,0.019629
17430,12810,0.000000,0.032306
12810,14006,0.000000,0.020728
16436,8685,0.000000,0.007609
39993,35833,0.670878,0.675909
874,873,0.000000,0.011300
9494,873,0.000000,0.007293
25327,40499,0.670878,0.047171
12810,35833,0.670878,0.046878
17430,39993,0.000000,0.073005
8686,9494,1.000000,0.027121
21954,18518,0.000000,0.026534
874,8685,0.000000,0.012001
35833,21954,0.000000,0.014265
30008,8685,0.000000,0.006462
874,3401,0.000000,0.044615
5991,3401,0.000000,0.066722
40499,18518,0.000000,0.010645
39993,35633,0.670878,0.675909
34347,8686,0.000000,0.012544
17727,18518,0.000000,0.043526
16864,17728,0.000000,0.000532
39993,14005,0.000000,0.120235
17727,14006,0.000000,0.086463
5991,35833,0.000000,0.033152
40499,21954,0.000000,0.014265
17728,30008,0.000000,0.001002
30008,873,0.000000,0.118992
17728,5991,1.000000,0.022476
30008,18518,0.000000,0.009535
16864,874,0.000000,0.008237
21954,30008,0.000000,0.003325
14820,914,0.000000,0.000393
20333,5108,0.000000,0.136333
14268,19506,0.000000,0.000003
1784,13008,0.000000,0.040692
15867,20333,0.000000,0.012331
3794,1784,0.000000,0.150946
13970,170,0.000000,0.016555
30248,22607,0.000000,0.154802
7638,15867,0.000000,0.120552
13008,11037,0.000000,0.022481
33977,6411,0.000000,0.119946
524,7059,0.000000,0.059751
7411,19506,0.000000,0.012983
14268,13544,1.000000,0.000175
20333,608,0.000000,0.003984
4839,7059,0.000000,0.060794
8596,38149,0.000000,0.011652
8596,35768,0.000000,0.006976
5108,25394,0.000000,0.030382
35768,204,0.000000,0.000976
10742,19427,0.000000,0.247870
4205,17062,0.000000,0.126293
12331,19617,0.000000,0.068502
20333,1784,0.000000,0.025962
22607,16076,0.000000,0.398646
31625,12331,0.000000,0.064920
30248,300,0.000000,0.171453
16816,7059,0.000000,0.084393
20333,4839,0.575492,0.070955
6228,9190,0.000000,0.010126
15867,11037,0.000000,0.466964
16816,10742,0.000000,0.014797
8596,204,0.000000,0.008610
2586,25394,0.000000,0.017159
6411,8317,0.000000,0.064382
524,30248,0.000000,0.044704
6411,35768,0.000000,0.015354
48,9190,0.576423,0.006259
7411,9103,0.000000,0.373116
7059,6228,0.000000,0.056596
6227,14564,0.000000,0.041816
19617,6496,0.000000,0.119754
608,20333,0.000000,0.000919
1547,48,0.575492,0.008274
20490,8596,0.000000,0.034594
25394,16076,0.000000,0.018316
11018,38149,0.000000,0.077373
31625,6411,0.000000,0.066992
12355,19506,0.000000,0.032709
5108,12331,0.000000,0.024889
16926,608,0.000000,0.000658
14636,14041,0.000000,0.060943
170,14268,0.000000,0.000073
14564,7411,0.000000,0.012928
33977,1547,0.000000,0.165193
14636,1784,0.000000,0.008994
2586,13970,0.000000,0.126319
13970,15867,0.000000,0.019347
170,13970,0.000000,0.030130
15867,7611,0.574436,0.067993
1784,16816,0.000000,0.022015
8317,14268,0.000000,0.000083
6228,16076,0.000000,0.099292
6227,608,0.000000,0.005983
204,1547,0.000000,0.015649
14041,11038,0.000000,0.136862
3794,19506,0.000000,0.040191
2586,14268,0.000000,0.000257
15693,8317,0.000000,0.020687
38149,7411,0.000000,0.188296
11018,300,0.000000,0.054550
48,11037,0.000000,0.045169
16926,20333,0.000000,0.029359
25394,30248,0.000000,0.725061
15867,6228,0.000000,0.025041
10742,13008,0.000000,0.034842
3794,19427,0.000000,0.217114
300,13970,0.000000,0.074905
17062,20333,0.574436,0.110554
9103,1547,0.575492,0.727965
254,1784,0.000000,0.082191
8317,19617,0.000000,0.086579
8596,6496,0.000000,0.008221
20490,17062,0.000000,0.076017
19617,4839,0.000000,0.068183
16076,11038,0.000000,0.129640
11037,6411,0.000000,0.016915
12355,15867,0.000000,0.026756
38149,11038,0.000000,0.075252
33977,20490,0.000000,0.030291
7611,38149,0.000000,0.047559
14041,8298,0.000000,0.185978
16816,1784,0.000000,0.029466
16816,7638,0.574436,0.042199
300,8317,0.000000,0.005688
300,170,0.000000,0.005077
8298,35768,0.000000,0.020251
914,1547,0.000000,0.000651
19427,10742,0.000000,0.333485
16816,16076,0.000000,0.036718
23870,25114,0.679511,0.018984
35560,1767,0.000000,0.321776
10532,15896,0.000000,0.005729
2756,2204,0.000000,0.007137
22490,10532,0.000000,0.004868
34678,2204,0.000000,0.128573
22490,30916,0.000000,0.101192
29734,22155,0.000000,0.003996
17957,22490,0.000000,0.030289
3011,23405,0.000000,0.100486
3011,2756,0.000000,0.140147
11231,13028,0.656329,0.008064
5935,32266,0.000000,0.106009
13028,2755,0.000000,0.031590
1677,2205,0.000000,0.001677
23405,3011,0.000000,0.073856
34678,17144,0.000000,0.054248
2756,10532,0.000000,0.112694
2205,18877,0.000000,0.006733
18877,13028,0.000000,0.008133
17957,10532,0.656329,0.181978
22155,1677,0.000000,0.001606
23405,13028,0.000000,0.008206
13028,34678,0.000000,0.021897
15896,3011,0.000000,0.040420
2756,18877,0.000000,0.016795
32266,11231,0.000000,0.005880
2756,22155,0.000000,0.064556
832,22155,0.000000,0.004302
35560,9574,0.000000,0.013876
30916,3011,0.000000,0.023368
9574,23405,0.000000,0.013941
15896,27975,0.661757,0.061543
17957,27975,0.000000,0.014507
2755,4867,0.000000,0.022290
5935,2204,0.000000,0.086151
17957,2756,0.000000,0.098397
6450,22155,0.000000,0.050776
172,3011,0.000000,0.146436
9574,19920,0.000000,0.095740
19920,11231,0.663076,0.027236
35560,10532,0.000000,0.002210
13028,30916,0.000000,0.003180
4867,35560,0.000000,0.007336
29734,17144,0.667511,0.048314
25114,29734,0.000000,0.116533
30916,9574,0.000000,0.009063
23870,23405,0.000000,0.042573
9574,172,0.000000,0.058467
29734,2755,0.000000,0.059033
1767,9574,0.000000,0.009827
18877,17144,0.000000,0.009544
27975,1767,0.000000,0.004414
2204,32266,0.000000,0.123692
832,1767,0.000000,0.058039
29734,25114,0.000000,0.121462
22490,1767,0.000000,0.555848
23405,22490,0.000000,0.110015
13028,35560,0.000000,0.006450
30916,15896,0.000000,0.049710
29734,3011,0.000000,0.021867
4867,15896,0.000000,0.006789
1767,35560,0.000000,0.343638
13028,4867,0.000000,0.128101
13028,19920,0.656329,0.024005
15896,17144,0.000000,0.050160
10532,4867,0.000000,0.022679
25114,34678,0.000000,0.076707
25114,23405,0.000000,0.011770
9574,2756,0.000000,0.033617
1677,34678,0.000000,0.000529
17957,832,0.000000,0.020184
832,5935,0.000000,0.007638
27975,10609,0.000000,0.017089
23405,5935,0.000000,0.004985
10609,172,0.000000,0.034342
13028,1767,0.000000,0.002155
6450,10609,0.000000,0.006218
25114,22155,0.000000,0.010614
34678,5935,0.000000,0.043512
10609,2756,0.000000,0.008406
27975,2204,0.000000,0.082662
3011,832,0.000000,0.022733
2756,172,0.000000,0.948854
25114,17957,0.000000,0.051995
22490,2204,0.000000,0.054823
1767,23870,0.000000,0.002353
172,832,0.000000,0.262179
9574,17144,0.000000,0.007921
10609,17957,0.000000,0.005777
22155,172,0.000000,0.009681
10609,18877,0.000000,0.010050
22490,3011,0.000000,0.027425
17144,29734,0.667511,0.049427
5935,6450,0.000000,0.018627
10609,11231,0.000000,0.004665
32266,2755,0.000000,0.061216
29734,4867,0.000000,0.053715
22155,2204,0.000000,0.001844
17144,35560,0.000000,0.015154
14149,5672,0.000000,0.040838
5672,31525,0.000000,0.026912
34594,14149,0.000000,0.010401
21693,31524,0.000000,0.016700
11670,5672,0.000000,0.004902
21693,31525,0.000000,0.027941
34594,31524,0.000000,0.024723
15674,31524,0.000000,0.030492
34594,11670,0.000000,0.001384
15674,21693,1.000000,0.039826
11670,14149,0.000000,0.007099
21693,34594,0.000000,0.014629
15674,11670,0.654377,0.013845
31525,21693,0.000000,0.025889
31525,34594,0.000000,0.058001
31525,31524,0.000000,0.071751
15674,34594,0.000000,0.002222
5672,14149,0.000000,0.037967
5672,34594,0.000000,0.028972
14149,15674,0.000000,0.005715
31525,11670,0.000000,0.001323
11670,31524,0.000000,0.002210
11670,15674,0.654377,0.019935
11670,34594,0.000000,0.001856
21693,14149,0.000000,0.096588
5672,21693,0.000000,0.050980
34594,31525,0.000000,0.048748
14149,11670,0.000000,0.005784
31524,31525,0.000000,0.071764
31525,14149,0.000000,0.030116
14149,34594,0.000000,0.009968
31524,15674,0.000000,0.033531
14149,21693,0.000000,0.118945
31524,34594,0.000000,0.026488
21693,15674,1.000000,0.056202
15674,31525,0.000000,0.005112
34594,15674,0.000000,0.003858
11670,21693,0.654377,0.070545
11670,31525,0.000000,0.001775
34594,21693,0.000000,0.015145
5672,15674,0.000000,0.007376
5672,31524,0.000000,0.019987
5672,11670,0.000000,0.004040
34594,5672,0.000000,0.032639
31524,5672,0.000000,0.017990
31525,15674,0.000000,0.008473
14149,31524,0.000000,0.015378
31524,11670,0.000000,0.001986
31525,5672,0.000000,0.031231
15674,14149,0.000000,0.005081
15674,5672,0.000000,0.006016
31524,21693,0.000000,0.018387
31524,14149,0.000000,0.017344
14149,31525,0.000000,0.029781
21693,11670,0.654377,0.044434
21693,5672,0.000000,0.050359
11040,4663,0.000000,0.009943
4663,14924,0.000000,0.000859
10465,28977,0.000000,0.249031
28977,37179,0.000000,0.077146
7174,20643,0.000000,0.013411
20643,28977,0.000000,0.010268
7175,10465,0.000000,0.119982
14924,18446,0.000000,0.005329
28977,7174,0.000000,0.135947
13003,7175,0.000000,0.024762
14924,10465,0.000000,0.004713
11039,28977,0.000000,0.018725
37179,11040,0.000000,0.012499
11040,13003,0.000000,0.017289
19319,28977,0.000000,0.053414
18446,20643,0.000000,0.004088
20643,10465,0.000000,0.005676
19319,11039,0.000000,0.035864
4663,11039,0.000000,0.007155
7174,1270,0.000000,0.002651
19319,37179,0.000000,0.039869
11040,18446,0.000000,0.018112
37179,7174,0.000000,0.038005
1270,19319,0.000000,0.001061
20643,7175,0.000000,0.003576
10465,4663,0.000000,0.008979
14924,11040,0.656329,0.026698
11040,1270,0.659283,0.002628
13003,20643,0.000000,0.003188
7175,14924,0.000000,0.001596
11039,7174,0.000000,0.016342
37179,13003,0.000000,0.029954
14924,7174,0.000000,0.009076
11040,7174,0.000000,0.017436
18446,1270,0.000000,0.005380
20643,7174,0.000000,0.009862
20643,19319,0.000000,0.024111
18446,19319,0.000000,0.030566
37179,28977,0.000000,0.095057
13003,28977,0.000000,0.066810
20643,14924,0.656329,0.091323
7174,14924,0.000000,0.011117
13003,19319,1.000000,0.011894
18446,4663,0.000000,0.007914
4663,13003,1.000000,0.022031
7174,19319,0.000000,0.103853
13003,10465,0.000000,0.032250
1270,10465,0.000000,0.003372
4663,28977,0.000000,0.020564
7174,10465,0.000000,0.063886
14924,7175,0.000000,0.002373
14924,19319,0.000000,0.020262
20643,13003,0.000000,0.004514
37179,4663,0.000000,0.054894
20643,11039,0.000000,0.019346
1270,13003,0.000000,0.008599
13003,11039,0.000000,0.019937
7175,18446,0.000000,0.094453
4663,20643,0.000000,0.001345
4663,37179,0.000000,0.040004
11040,7175,0.000000,0.011075
13003,18446,0.000000,0.021442
7174,11039,0.000000,0.019362
10465,7175,0.000000,0.138162
19319,10465,0.000000,0.029008
7175,28977,0.000000,0.208529
7174,7175,0.000000,0.054753
37179,7175,0.000000,0.041597
10465,11040,0.000000,0.012569
19319,4663,1.000000,0.006022
10465,11039,0.000000,0.014169
11039,18446,0.000000,0.015243
18446,7175,0.000000,0.078217
7175,1270,0.000000,0.005950
7175,4663,0.000000,0.010023
10465,20643,0.000000,0.006778
7175,13003,0.000000,0.023645
7174,13003,0.000000,0.021807
4663,11040,0.000000,0.006036
11039,7175,0.000000,0.010502
19319,1270,0.000000,0.001300
7175,20643,0.000000,0.003623
11040,19319,0.000000,0.035290
1270,28977,0.000000,0.081107
19319,11040,0.000000,0.039994
7174,28977,0.000000,0.138639
11040,37179,0.000000,0.012678
11039,13003,0.000000,0.020591
7174,4663,0.000000,0.005937
11039,37179,0.000000,0.012548
1270,18446,0.000000,0.005881
10465,7174,0.000000,0.068824
37179,18446,0.000000,0.025828
10465,37179,0.000000,0.065655
20643,4663,0.000000,0.001974
20643,18446,0.000000,0.004374
1270,37179,0.000000,0.125612
18446,37179,0.000000,0.029542
13003,1270,0.000000,0.008737
19319,7174,0.000000,0.087013
3402,2899,0.000000,0.003672
7702,23781,1.000000,0.220876
840,6997,0.000000,0.075833
3807,7702,0.000000,0.739199
4785,16235,0.000000,0.080505
5142,3033,0.000000,0.000025
11800,15512,0.000000,0.219929
5930,5142,0.000000,0.021577
18529,9254,1.000000,0.144862
29476,16235,0.000000,0.642039
30082,2714,0.000000,0.005003
2930,16235,0.000000,0.075425
121,4170,0.000000,0.526386
13795,3402,0.000000,0.022157
188,1312,0.000000,0.618900
5930,23285,0.000000,0.005662
24823,29476,0.553448,0.526665
19493,2713,0.000000,0.000148
11252,11034,0.000000,0.055179
2930,2899,0.000000,0.003706
3033,1605,0.563994,0.002456
4041,1326,0.000000,0.000090
29476,188,0.553448,0.078624
1164,29476,0.000000,0.328510
1312,3560,1.000000,0.020715
3402,188,0.560765,0.033003
774,1137,0.000000,0.000000
1773,2713,0.000000,0.000028
4042,8336,0.000000,0.063945
1326,1773,0.000000,0.214567
36692,2899,0.000000,0.034292
11500,2713,0.000000,0.000151
11500,3807,0.000000,0.433806
11252,13795,0.000000,0.094854
1773,188,0.000000,0.092926
10944,2510,0.000000,0.028828
6997,3033,0.559925,0.012944
3277,5443,1.000000,0.009936
15899,23285,0.000000,0.017120
11252,22655,0.000000,0.376083
4785,1938,0.000000,0.326901
442,10944,0.000000,0.055672
1164,1773,0.000000,0.000312
8335,24823,0.000000,0.000640
2510,3188,0.000000,0.502028
188,442,0.000000,0.003295
19493,8335,0.000000,0.000003
7702,3560,1.000000,0.033603
11252,1605,0.000000,0.351548
121,5443,1.000000,0.000156
15899,36692,0.000000,0.143516
6804,4170,0.558985,0.162983
188,11034,0.556689,0.110194
9254,36692,0.000000,0.135920
6997,19493,0.000000,0.004144
11841,188,0.560765,0.095656
36692,11252,0.000000,0.010286
3188,23285,0.571335,0.001678
4785,2714,0.557920,0.007863
3247,5443,0.000000,0.023674
1312,13795,1.000000,0.096287
271,15899,0.556689,0.015014
3188,11034,0.000000,0.058640
1605,7645,0.555232,0.293380
1773,6804,0.000000,0.000333
1938,1918,1.000000,0.441061
4170,24823,0.557920,0.024218
15899,3188,0.000000,0.086274
2713,23781,0.000000,0.022187
19493,4785,0.000000,0.120393
36692,6804,0.000000,0.014543
18529,10944,0.000000,0.154076
1312,11252,0.000000,0.009056
23781,8335,0.000000,0.000105
3807,2714,0.559925,0.006024
3277,3560,1.000000,0.021112
29476,442,0.000000,0.216373
4170,12279,0.000000,0.000470
6517,3402,0.556689,0.003481
18529,1137,0.000000,0.000122
30082,17040,0.000000,0.236907
188,1605,0.560765,0.001251
12279,4041,0.000000,0.000088
11034,6517,1.000000,0.006547
1773,22655,0.000000,0.014740
11841,1312,0.000000,0.069644
7645,1326,0.000000,0.063689
9254,2713,0.000000,0.001156
3033,30082,0.000000,0.000077
1918,8336,1.000000,0.809094
774,1605,0.000000,0.000007
29476,7645,0.553448,0.565713
9254,5443,1.000000,0.001506
3033,9482,0.558985,0.001067
121,4785,0.000000,0.992373
30082,3188,0.000000,0.028432
9482,121,0.000000,0.586471
1773,9254,0.000000,0.002717
3560,121,1.000000,0.025976
6804,8335,0.000000,0.000561
14444,34817,1.000000,0.813277
16842,33343,0.000000,0.014850
11428,17969,0.000000,0.013586
35996,26277,0.000000,0.043154
37461,23,0.000000,0.232813
3317,37461,0.000000,0.000729
8848,25221,0.000000,0.035612
18363,23,0.000000,0.361619
10421,26550,0.000000,0.013411
22,10421,0.000000,0.042945
26550,29987,0.000000,0.056193
16842,37286,0.548528,0.159400
33343,17969,0.000000,0.024053
14444,17969,0.000000,0.023348
7088,16842,0.000000,0.043013
3317,11428,0.000000,0.002994
37530,37286,0.000000,0.055420
3317,33343,0.000000,0.001017
37530,14818,0.000000,0.001790
23,7088,0.000000,0.336737
26550,18363,0.000000,0.278889
14818,18442,0.000000,0.001121
26550,25221,0.000000,0.046989
37286,37530,0.000000,0.056446
12862,34817,0.000000,0.007638
3317,8848,0.000000,0.000753
35996,34817,0.000000,0.056323
29987,25221,0.000000,0.086534
26550,26277,0.000000,0.043378
16842,14817,0.548528,0.159400
33343,17321,0.000000,0.007737
14817,29987,0.000000,0.183133
37530,14444,0.000000,0.055420
11428,7088,0.000000,0.028288
14817,10421,0.548528,0.147087
34817,16538,0.000000,0.193711
16538,18363,0.000000,0.021451
17233,23,0.000000,0.340003
10421,14818,0.000000,0.001878
14818,23,0.000000,0.000976
8848,23,0.000000,0.149271
3317,14817,0.000000,0.002619
28457,23,0.000000,0.351140
14818,25221,0.000000,0.000277
17321,37461,0.000000,0.042759
3317,14818,0.000000,0.100069
18363,8848,0.679511,0.184438
17321,26277,0.552618,0.240611
22,37461,0.000000,0.002708
8848,18233,0.000000,0.008723
37461,26550,0.000000,0.035642
28457,37530,0.555309,0.463021
37530,16538,0.000000,0.022372
17321,22,0.000000,0.013903
23,12862,0.000000,0.091914
33343,26277,0.000000,0.014962
25221,8848,0.000000,0.030816
22,7088,0.000000,0.007394
34817,17233,0.000000,0.055162
12862,18233,0.000000,0.017672
18233,37461,0.000000,0.015812
34817,7088,0.000000,0.057560
26550,14818,0.000000,0.001813
11428,37530,0.000000,0.027697
28457,22,0.000000,0.004782
3317,16538,0.000000,0.003284
37286,28457,0.000000,0.057871
26277,28457,0.000000,0.028048
12862,10421,0.000000,0.012275
37286,12862,0.000000,0.023063
37530,17321,0.000000,0.022581
16538,37286,0.000000,0.121122
14444,8848,0.000000,0.032891
14817,33343,0.000000,0.041477
7088,35996,1.000000,0.634423
18442,34817,0.000000,0.120586
37461,29987,0.000000,0.068727
18363,16842,0.000000,0.044800
22,26550,0.000000,0.007436
28457,17233,0.000000,0.311139
26277,18442,0.000000,0.179181
14818,22,0.000000,0.005920
37286,14444,1.000000,0.813277
16538,26550,0.000000,0.020602
17321,18363,0.000000,0.021583
29987,10421,0.000000,0.063077
37461,12862,0.000000,0.004337
11428,29987,0.000000,0.149889
37530,17233,0.000000,0.472113
26277,14817,0.548528,0.159445
11428,16842,0.000000,0.351602
18363,28457,0.000000,0.281124
14817,37530,0.000000,0.056446
25221,14817,0.000000,0.166219
14444,16842,0.548528,0.230537
17233,35996,0.000000,0.342867
3317,18442,0.000000,0.022931
35996,12862,0.000000,0.002691
25221,23,0.000000,0.367901
28457,18363,0.000000,0.278889
18730,7008,0.000000,0.054993
18731,1853,0.000000,0.098978
29832,1853,0.000000,0.022040
29554,21226,0.682275,0.034972
1853,7625,0.687936,0.023471
9515,18358,1.000000,0.310768
4157,15827,0.000000,0.008873
29832,9515,0.000000,0.178116
9673,9515,0.685112,0.094028
5605,9673,0.000000,0.006446
7625,21226,0.682275,0.073034
5605,27620,0.000000,0.015749
37084,16005,0.000000,0.004832
12665,5605,0.000000,0.009729
13391,1319,0.683838,0.134532
1319,39727,0.682275,0.107184
5605,40452,0.000000,0.014214
29159,20539,0.683838,0.036307
9673,5605,0.000000,0.006873
20539,4157,0.000000,0.003881
7148,27620,0.683838,0.340134
7849,20539,0.685112,0.189570
40452,15259,0.677392,0.590492
29554,29159,0.683838,0.056838
33437,13391,0.000000,0.013831
11069,1590,0.686188,0.197056
18358,479,0.000000,0.070015
13893,28068,0.685112,0.125754
32275,16005,0.680253,0.632935
9476,5605,0.000000,0.012333
37084,15827,0.000000,0.009820
4156,1590,0.000000,0.005403
27620,15229,0.683838,0.484294
4156,3327,0.000000,0.013494
32275,15827,0.680253,0.614770
12665,20539,0.683838,0.215863
20539,20719,0.680253,0.184943
7999,29554,0.683838,0.049325
15827,19684,0.000000,0.004499
21226,40452,0.677392,0.402192
479,25165,0.000000,0.017568
27620,4156,0.000000,0.013627
20539,18731,0.000000,0.013642
18730,7999,0.000000,0.064944
15259,40452,0.677392,0.568119
37084,29832,0.000000,0.035165
28176,7148,0.685112,0.186432
12665,16005,0.682275,0.380083
4157,28176,0.000000,0.003454
7148,7008,0.685112,0.189212
16005,4157,0.000000,0.006251
22931,18730,0.000000,0.029985
7625,3327,0.689329,0.058889
33437,11069,0.000000,0.019108
31274,1590,0.680253,0.101330
3027,18358,0.685112,0.133243
20719,25165,0.680253,0.167328
28068,20539,1.000000,0.116062
7849,19683,0.000000,0.044479
7625,9515,0.685112,0.094163
479,20236,0.000000,0.012091
19684,4157,0.000000,0.000340
29554,9673,0.688668,0.115151
12665,15827,1.000000,0.395837
4157,15259,0.000000,0.007750
37084,1319,0.000000,0.032252
9673,1590,0.689329,0.064002
4157,20236,0.000000,0.002220
29159,1590,0.683838,0.044379
25165,19683,0.000000,0.044535
29554,18358,0.685112,0.348428
15827,25165,0.683838,0.159256
13165,3027,0.686188,0.198697
19684,27620,0.000000,0.003123
7149,15827,0.000000,0.071880
19684,4156,0.000000,0.001287
1590,13391,0.687936,0.134438
7999,29832,0.000000,0.194567
15259,33437,0.000000,0.010293
31274,9673,0.680253,0.124304
33437,3327,0.000000,0.013540
11069,18731,0.000000,0.019182
7008,31274,0.680253,0.066802
11069,9515,0.685112,0.169338
7149,20539,0.000000,0.006730
1590,479,0.000000,0.065679
18730,13165,0.000000,0.018082
7008,39727,0.682275,0.048335
31274,3027,0.680253,0.041348
9515,29554,0.685112,0.050661
19684,19683,0.000000,0.045328
28068,9476,0.685112,0.104138
13391,20539,0.685112,0.086050
18731,28068,0.000000,0.053576
22931,37084,0.000000,0.019698
11069,3027,0.686188,0.198703
32275,3027,0.680253,0.041498
29554,32275,0.680253,0.358357
4156,21226,0.000000,0.008395
19683,22931,0.000000,0.042919
27524,10564,0.673769,0.109218
7793,9067,0.000000,0.027425
7794,3134,0.000000,0.122549
26026,27524,0.675354,0.051446
26026,3134,0.000000,0.051814
3135,9067,0.000000,0.032330
4725,7794,0.000000,0.007781
27524,39265,0.673769,0.109218
11225,7794,0.000000,0.377077
26026,11225,0.673769,0.086640
7794,9067,0.000000,0.063477
10564,4725,0.000000,0.015057
9067,7794,0.000000,0.064642
39265,4725,0.000000,0.015057
4725,10564,0.000000,0.007781
7794,10564,0.000000,0.454645
9067,10564,0.000000,0.064642
9067,27524,0.000000,0.069233
10564,11225,1.000000,0.377222
11225,9067,0.000000,0.063110
11225,4725,0.000000,0.015286
10564,3134,0.000000,0.122549
4725,3134,0.000000,0.007429
9067,39265,0.000000,0.064642
26026,7793,0.000000,0.016941
7793,27524,0.000000,0.055894
7794,3135,0.000000,0.010540
3134,7793,0.000000,0.043758
9067,3135,0.000000,0.033615
11225,27524,0.673769,0.122932
39265,3134,0.000000,0.122549
9067,11225,0.000000,0.064210
26026,7794,0.000000,0.087237
9067,4725,0.000000,0.172633
3134,4725,0.000000,0.017822
4725,7793,0.000000,0.000385
26026,10564,0.673769,0.087237
7794,4725,0.000000,0.015057
27524,3135,0.000000,0.008335
26026,4725,0.000000,0.081329
3135,10564,0.000000,0.010862
4725,3135,0.000000,0.052538
7793,7794,0.000000,0.035556
27524,7793,0.000000,0.043777
11225,26026,0.673769,0.080206
11225,3135,0.000000,0.010486
3135,4725,0.000000,0.251981
11225,7793,0.000000,0.028495
26026,3135,0.000000,0.027942
4725,11225,0.000000,0.007906
10564,7793,0.000000,0.028477
7794,26026,0.000000,0.080870
11225,3134,0.000000,0.123424
39265,7793,0.000000,0.028477
10564,3135,0.000000,0.010540
26026,39265,0.673769,0.087237
11225,10564,1.000000,0.377077
27524,3134,0.000000,0.295780
39265,9067,0.000000,0.063477
7794,11225,0.000000,0.377222
9067,26026,0.000000,0.118801
3135,39265,0.000000,0.010862
7793,4725,0.000000,0.002276
39265,27524,0.673769,0.121756
3134,27524,0.000000,0.295980
4725,26026,0.000000,0.023704
3135,3134,0.000000,0.009224
9067,7793,0.000000,0.021340
7794,7793,0.000000,0.028477
4725,39265,0.000000,0.007781
39265,10564,1.000000,0.454645
26026,9067,0.000000,0.132513
7793,3134,0.000000,0.055761
7793,26026,0.000000,0.021822
3134,7794,0.000000,0.109901
3134,39265,0.000000,0.109901
10564,27524,0.673769,0.121756
7793,39265,0.000000,0.035556
3135,26026,0.000000,0.027843
4725,9067,0.000000,0.043407
7794,39265,0.000000,0.454645
7793,11225,0.000000,0.035611
27524,7794,0.000000,0.109218
27524,4725,0.000000,0.018289
3135,11225,0.000000,0.010775
39265,3135,0.000000,0.010540
10564,39265,1.000000,0.454645
27524,9067,0.000000,0.054601
10564,26026,0.673769,0.080870
39265,7794,0.000000,0.454645
11225,39265,1.000000,0.377077
10564,9067,0.000000,0.063477
10564,7794,0.000000,0.454645
3135,7794,0.000000,0.010862
7794,27524,0.000000,0.121756
9067,3134,0.000000,0.069237
3134,10564,0.000000,0.109901
27524,11225,0.673769,0.110231
4725,27524,0.000000,0.007607
7793,10564,0.000000,0.035556
9063,33217,0.000000,0.003238
8522,35338,0.000000,0.239408
2450,21315,0.000000,0.048310
25867,35338,0.000000,0.209748
6572,34639,0.000000,0.032687
1819,9253,0.000000,0.005805
18535,26033,0.000000,0.020963
26458,34639,1.000000,0.997007
680,30971,0.000000,0.006458
5514,11091,0.000000,0.010137
24217,25867,0.000000,0.047143
5514,33729,0.000000,0.010051
29599,21909,0.000000,0.125156
1323,24217,1.000000,0.872427
21909,35857,0.000000,0.037618
7210,2074,0.000000,0.009595
1323,26033,1.000000,0.818172
34639,6572,0.000000,0.016944
18313,10785,0.000000,0.002103
2074,34639,0.000000,0.009906
2449,2074,0.000000,0.008076
28791,38116,0.000000,0.012064
29599,22342,1.000000,0.960363
1223,9063,0.000000,0.000005
1819,31247,0.000000,0.238841
28791,34639,0.000000,0.040400
7715,31247,0.000000,0.016133
5540,9063,1.000000,0.999083
7210,33492,0.000000,0.019743
29599,11091,0.000000,0.317554
33729,1223,0.000000,0.000046
34639,7210,0.000000,0.005728
24269,27478,0.000000,0.008047
25861,29599,0.000000,0.070349
18313,9295,0.000000,0.002181
1323,18313,0.000000,0.000748
1917,24217,1.000000,0.070656
14568,21885,0.000000,0.104267
21315,7715,0.000000,0.045865
24269,680,0.000000,0.000385
28791,22342,0.000000,0.151948
14568,26033,1.000000,0.635984
26458,4653,0.000000,0.023268
34639,10785,1.000000,0.745003
33729,21885,0.000000,0.112336
28791,1917,0.000000,0.014559
11091,31673,0.000000,0.317999
5540,5514,0.000000,0.070795
25867,9295,0.000000,0.084186
9295,17406,1.000000,0.992414
31673,9063,1.000000,0.981443
33217,24808,0.000000,0.002087
11187,11091,0.000000,0.027842
7210,21909,0.000000,0.069126
9063,1449,1.000000,0.993415
2450,34192,0.000000,0.002505
1449,14568,1.000000,0.997058
24217,2074,0.000000,0.004127
28791,35338,0.000000,0.014540
1223,34639,0.000000,0.000145
28791,25861,0.000000,0.024288
34192,31673,0.000000,0.101595
5514,9063,0.000000,0.151939
6530,35857,0.000000,0.031361
274,38116,0.000000,0.185386
7715,33217,0.000000,0.000236
21885,26033,0.000000,0.126797
24217,35857,1.000000,0.799057
4652,26458,0.000000,0.081578
2618,4652,0.000000,0.040482
24217,21885,0.000000,0.109519
35338,129,0.000000,0.010487
7210,17480,0.000000,0.029303
7906,22342,1.000000,0.837976
18535,26458,0.000000,0.023588
21885,11187,0.674200,0.437876
5540,35338,0.000000,0.045092
34192,6530,0.000000,0.021200
7715,12214,0.000000,0.073453
25861,1917,0.000000,0.032398
7715,35338,0.000000,0.001584
6245,35857,0.000000,0.005920
21885,274,0.000000,0.012320
25861,35338,0.000000,0.044242
10785,6572,0.000000,0.016989
26458,8522,0.000000,0.243050
33492,35857,0.000000,0.003567
5514,1102,0.000000,0.011414
24808,25867,0.000000,0.017033
21909,1449,0.000000,0.080641
9253,39671,0.000000,0.002651
34192,9063,0.000000,0.011557
7906,2074,0.000000,0.012028
35857,39671,0.000000,0.001576
21909,1323,0.000000,0.027753
1449,1819,1.000000,0.003391
35857,8522,0.000000,0.165068
24217,12214,0.000000,0.118334
22342,21909,0.000000,0.076164
34639,274,1.000000,0.627182
7564,51,0.000000,0.003815
5062,14593,0.000000,0.001971
26321,37022,0.693318,0.664249
13223,21658,0.693318,0.698448
10690,8657,1.000000,0.998608
11330,7598,0.691335,0.685329
5062,19806,0.691335,0.712970
37022,9098,0.691335,0.655514
4605,13490,0.693318,0.665526
51,278,0.000000,0.943480
16946,37022,0.693318,0.760254
39425,17359,0.000000,0.077685
13223,33166,1.000000,0.996990
1179,3241,1.000000,0.997212
7598,3241,0.691335,0.655514
26294,10246,0.691335,0.693386
5062,27631,0.691335,0.699838
28994,22646,0.691335,0.693386
4702,4605,0.691335,0.681699
10246,11330,1.000000,0.998662
3241,6072,1.000000,0.997998
7586,2616,0.691335,0.712970
23402,9098,0.691335,0.689652
7299,28818,0.691335,0.712931
11160,22646,1.000000,0.998659
10153,1996,1.000000,0.998783
25706,13475,0.000000,0.744312
13223,37022,1.000000,0.912641
39425,25706,0.000000,0.754787
21658,28994,0.693318,0.692845
1259,23402,0.691335,0.699909
13223,26321,0.693318,0.669997
11330,5392,1.000000,0.998659
25126,7564,0.691335,0.693132
7564,7299,1.000000,0.999185
27631,8657,0.691335,0.689448
37022,1309,0.691335,0.655514
10153,23402,0.691335,0.699932
7564,13223,0.691335,0.713097
50,3773,1.000000,0.998004
10382,10690,0.691335,0.693347
7598,5062,0.691335,0.655514
7768,7299,0.691335,0.689537
17359,28594,0.000000,0.038949
28994,9000,0.000000,0.014772
7598,1179,0.691335,0.655700
17359,3773,0.000000,0.637575
16946,1309,0.691335,0.689723
19806,21892,0.693318,0.699331
11160,7586,1.000000,0.999185
8657,517,1.000000,0.999182
1309,28994,0.691335,0.712931
2616,10822,0.693318,0.670068
11330,6072,1.000000,0.997998
21658,6662,0.691335,0.693819
7564,907,0.691335,0.702808
278,1996,0.000000,0.139793
160,2616,0.693318,0.197381
1309,14593,0.000000,0.001971
10246,2616,0.691335,0.713030
26321,4702,0.691335,0.652592
5062,25126,0.691335,0.712783
1309,30927,0.691335,0.704830
160,10153,0.691335,0.170304
39425,4702,0.000000,0.654305
7586,21658,0.691335,0.704982
7299,11330,1.000000,0.999185
9098,7586,1.000000,0.999185
16862,6072,0.691335,0.689990
6662,5899,0.691335,0.704814
22646,7768,0.691335,0.700218
16862,7299,0.691335,0.689956
13223,10382,1.000000,0.996990
16862,25706,1.000000,0.997097
13223,7586,0.691335,0.693585
10246,27631,0.691335,0.699848
9098,26321,0.691335,0.662970
14593,25706,0.000000,0.002448
9066,7586,1.000000,0.999185
7598,26321,0.693318,0.647363
4702,10690,1.000000,0.999185
51,10382,0.000000,0.007118
28818,517,0.691335,0.693203
10690,2616,0.691335,0.712970
7299,5899,0.691335,0.704814
39425,7598,0.000000,0.927551
5392,278,0.000000,0.122140
28594,28818,0.693318,0.685447
14593,18149,0.000000,0.003382
26321,9066,0.691335,0.652592
7598,10246,0.691335,0.655588
28994,18321,1.000000,0.997615
6072,2616,0.691335,0.713071
11160,28818,0.691335,0.712931
21892,10690,0.691335,0.689668
14593,21892,0.000000,0.002433
28818,9098,0.691335,0.693391
2616,3241,0.691335,0.693347
10153,8657,1.000000,0.996685
10690,17359,0.000000,0.651345
23816,13145,0.000000,0.092362
13145,38036,0.000000,0.053388
38036,23817,0.000000,0.057088
7676,13145,0.000000,0.019089
38036,13145,0.000000,0.070641
7676,7675,0.000000,0.029481
38036,7675,0.000000,0.070426
13145,7675,0.656214,0.009908
23816,7675,0.000000,0.106598
23817,7676,0.000000,0.018164
23816,23817,0.000000,0.079186
38036,7676,0.000000,0.045109
9787,7675,0.000000,0.012275
7675,7676,0.000000,0.027510
13145,9787,0.000000,0.005295
7675,13145,0.656214,0.009593
23817,38036,0.000000,0.045504
23817,9787,0.000000,0.003958
13145,23816,0.000000,0.075308
9787,23816,0.000000,0.102538
23816,9787,0.000000,0.149837
38036,23816,0.642654,0.356026
7676,23816,0.000000,0.054149
23817,23816,0.000000,0.068302
23817,13145,0.000000,0.055484
9787,23817,0.000000,0.003473
38036,9787,0.000000,0.054019
9787,13145,0.000000,0.004784
7676,23817,0.000000,0.019431
9787,38036,0.000000,0.031786
7675,9787,0.000000,0.011910
23816,38036,0.642654,0.403654
13145,7676,0.000000,0.014638
7675,38036,0.000000,0.044376
9787,7676,0.000000,0.024663
7675,23816,0.000000,0.070115
13145,23817,0.000000,0.046200
7676,38036,0.000000,0.030910
7676,9787,0.000000,0.028177
23817,7675,0.000000,0.008810
7675,23817,0.000000,0.005932
23816,7676,0.000000,0.076689
11443,16689,0.000000,0.256808
16059,24468,0.551134,0.132070
16414,73,0.000000,0.001840
14737,35314,0.000000,0.004416
5167,31548,0.000000,0.000015
17348,18055,0.000000,0.541212
18055,3421,0.000000,0.475687
37011,16296,0.000000,0.053227
20787,14737,0.556677,0.360382
16414,18055,0.000000,0.196921
18764,28501,0.000000,0.534072
2595,13012,0.000000,0.005251
3984,13012,0.000000,0.242444
3884,24468,0.000000,0.022067
3421,17348,1.000000,0.571347
3421,31548,0.000000,0.173622
14737,4,0.000000,0.071825
12784,15459,0.000000,0.006337
35314,35397,0.000000,0.056623
24468,16295,0.000000,0.011613
31892,16059,0.000000,0.111325
5167,4938,0.551134,0.000042
73,14712,0.000000,0.000470
18055,8698,0.000000,0.342814
16295,22195,0.000000,0.079572
8698,16007,0.000000,0.220172
3884,37011,0.000000,0.005402
31548,18764,0.000000,0.267103
13012,11443,0.000000,0.061813
31548,28501,0.000000,0.109329
8698,4938,0.000000,0.399297
9359,18938,0.551134,0.397346
35314,3884,0.000000,0.040777
7379,16007,0.000000,0.014755
35314,24468,0.000000,0.040254
13012,31548,0.000000,0.023924
5167,5,0.000000,0.000059
4938,16007,0.000000,0.100624
7379,37011,1.000000,0.626763
15459,3421,0.551134,0.106628
31892,16007,0.000000,0.144856
15459,7379,0.553436,0.311622
14712,17348,0.551134,0.519948
31892,14712,1.000000,0.225810
14712,12784,0.000000,0.033738
8989,31892,1.000000,0.362020
16296,4567,0.000000,0.010116
24468,14712,0.000000,0.275817
18938,73,0.000000,0.007034
13012,14712,0.000000,0.018254
18938,3421,1.000000,0.710656
16059,15459,0.000000,0.040579
16007,3984,0.000000,0.227664
11443,4567,0.553436,0.291491
31892,35314,0.000000,0.179312
8989,18055,0.000000,0.543473
12784,20787,0.000000,0.100865
9359,13012,0.000000,0.030929
5,11443,0.000000,0.040277
13012,37011,0.000000,0.018287
14737,35397,0.551134,0.121074
13012,2634,0.000000,0.024866
31548,2595,0.000000,0.002297
28501,13012,0.000000,0.289045
14737,18764,0.553436,0.485168
12784,2595,0.000000,0.088460
28501,24468,1.000000,0.858411
5167,7379,0.553436,0.000309
18764,16296,0.000000,0.001235
73,22195,0.000000,0.000394
15459,5,0.000000,0.016294
16689,31548,0.000000,0.049867
31548,13012,0.000000,0.027292
24468,16059,0.551134,0.233645
3984,16414,0.556677,0.442086
20787,13012,0.000000,0.014486
28501,31548,0.000000,0.152742
16007,14737,0.000000,0.161158
8989,3984,0.553436,0.250861
73,35397,0.000000,0.001328
16007,14712,0.000000,0.016452
8698,3883,0.000000,0.008590
4567,24468,0.000000,0.382045
18055,22195,0.000000,0.279878
16414,5,0.000000,0.007087
16689,22195,0.000000,0.131830
28501,4938,0.000000,0.551894
2634,35314,0.000000,0.039283
18764,18938,0.551134,0.404629
8698,4,0.000000,0.053536
22195,16689,0.000000,0.205292
15459,13012,0.000000,0.031590
8698,2634,0.000000,0.004058
12784,11443,0.000000,0.002580
5,8698,0.000000,0.015547
3984,9359,0.553436,0.391003
13012,31892,0.000000,0.037243
16296,18764,0.000000,0.002301
8698,3884,0.000000,0.008305
3883,3884,0.000000,0.077258
6776,25793,0.000000,0.346471
29977,15080,0.000000,0.004620
27577,838,0.000000,0.008896
21979,23961,0.000000,0.006668
20682,31450,0.000000,0.019968
29508,23961,0.000000,0.005976
13785,36828,0.000000,0.003443
2324,29977,0.000000,0.010989
38038,24603,0.000000,0.019168
7186,13785,0.000000,0.002951
13073,7187,0.000000,0.011474
2191,21978,0.000000,0.033768
31450,12638,0.000000,0.019057
21978,32130,0.000000,0.055756
428,25775,0.000000,0.009690
24603,13073,0.000000,0.003679
31993,36828,0.000000,0.057306
2324,20682,0.000000,0.036946
7186,2324,0.000000,0.005402
2324,21979,0.000000,0.045310
21978,2191,0.000000,0.043386
6776,7187,0.000000,0.080853
21978,38038,0.000000,0.009239
428,29508,1.000000,0.866937
36828,31865,0.000000,0.149125
29977,21979,0.000000,0.004829
24603,21979,0.000000,0.074400
12638,838,0.000000,0.007773
36828,838,0.000000,0.025044
13073,36828,0.000000,0.001582
428,31450,0.000000,0.001326
6777,7187,0.000000,0.015865
32130,20682,0.000000,0.131488
6776,13785,0.000000,0.063905
2191,27577,0.000000,0.010451
24603,31993,0.000000,0.028846
21979,24675,0.000000,0.010348
6777,23961,0.000000,0.020161
428,7945,1.000000,0.561765
6777,21978,0.000000,0.003849
25775,23961,0.000000,0.014869
29508,20682,0.000000,0.002600
29977,12638,0.000000,0.446279
36828,6777,0.000000,0.069185
31993,7945,0.000000,0.039393
25775,25793,0.671311,0.186853
428,2324,0.000000,0.001533
7945,38038,0.000000,0.012452
2191,31450,0.000000,0.058691
428,36828,0.000000,0.004134
27577,31993,0.000000,0.052230
25775,27577,0.000000,0.034635
7187,13073,0.000000,0.025202
20682,38038,0.000000,0.048837
12638,24603,0.000000,0.034568
29977,838,0.000000,0.004189
13785,7187,0.000000,0.284868
29508,428,1.000000,0.777008
12638,13785,0.000000,0.035902
31993,7186,0.000000,0.528226
32130,6776,0.000000,0.020050
6776,21978,0.000000,0.019952
20682,12638,0.000000,0.043121
13785,7186,0.000000,0.002182
23961,36828,0.541865,0.558903
31993,23961,0.000000,0.016966
21978,24675,0.000000,0.007203
7186,13073,0.000000,0.007404
15080,13073,0.000000,0.001779
31865,32130,0.000000,0.155240
29977,27577,0.000000,0.029976
6776,2191,0.000000,0.330764
7186,428,0.000000,0.001938
31450,25775,0.000000,0.013840
7186,31993,0.000000,0.478254
31993,15080,0.000000,0.030518
36828,24603,0.000000,0.021426
7945,29508,1.000000,0.163784
12638,21979,0.000000,0.133030
29977,21978,0.000000,0.009862
2324,13073,0.000000,0.002413
21978,23961,0.000000,0.002542
21979,31450,0.000000,0.002682
24603,2324,0.000000,0.003215
38038,7186,0.000000,0.346479
25793,428,0.000000,0.098969
32130,24603,0.000000,0.014260
31993,6777,0.000000,0.047787
7186,7945,0.000000,0.009208
29977,2191,0.000000,0.006024
428,13073,0.000000,0.021400
25775,13785,0.000000,0.012513
31993,25775,0.671311,0.548835
31993,12638,1.000000,0.991365
21979,31865,0.000000,0.144944
13785,27577,0.000000,0.002591
7186,12638,0.000000,0.479721
21978,31450,0.000000,0.004185
7186,20682,0.000000,0.009905
23961,2191,0.000000,0.002797
26030,3016,0.570997,0.561220
4774,5277,0.000000,0.013913
3685,1136,0.000000,0.225385
31546,26030,1.000000,0.999999
1513,18939,0.570997,0.552522
5199,1136,0.000000,0.000975
24857,5151,0.570997,0.561535
3016,20517,0.000000,0.055973
36408,443,0.570997,0.585833
3502,3306,1.000000,0.999945
31546,1919,0.570997,0.561628
2714,30918,0.000000,0.002852
7021,6568,0.573276,0.687467
1858,30918,0.573276,0.544544
3620,4804,0.000000,0.002083
8214,2206,0.573276,0.540188
3306,443,1.000000,0.676468
14869,3506,0.570997,0.565645
2174,19402,0.573276,0.837712
121,26030,0.000000,0.000147
14869,8369,0.000000,0.013327
2883,22696,0.000000,0.002337
5151,4798,1.000000,0.999926
443,5277,0.000000,0.022351
24029,19489,0.000000,0.013174
6568,4804,1.000000,0.546919
6568,1284,1.000000,0.538373
2206,3122,1.000000,0.999207
3620,1242,0.000000,0.002072
3506,3834,0.570997,0.577350
1858,19489,0.000000,0.014606
1773,5277,1.000000,0.721118
37281,20517,0.000000,0.009609
2714,6568,0.000000,0.000483
26440,20517,0.000000,0.001211
25880,1284,0.573276,0.540089
14869,5277,0.000000,0.013327
2206,1858,1.000000,0.999479
2883,24857,0.570997,0.552497
1044,3502,0.573276,0.400945
1284,1242,1.000000,0.999954
1136,8214,0.000000,0.002963
1773,3834,0.000000,0.784740
25987,22696,0.000000,0.003315
1136,1242,0.000000,0.001641
25880,2883,0.573276,0.539728
30918,2206,0.573276,0.540188
20517,1919,0.000000,0.054133
19489,6568,0.000000,0.009711
25880,3502,0.573276,0.539855
26440,19402,0.575042,0.119945
24857,20517,0.000000,0.016074
24857,25987,1.000000,0.999999
25987,3620,0.000000,0.001344
7518,8369,0.000000,0.013920
1513,4798,1.000000,0.999962
31707,3016,0.000000,0.015454
8382,3122,0.570997,0.561216
1773,24857,0.000000,0.784740
1284,4798,1.000000,0.999563
3620,18939,0.000000,0.001647
1284,1919,1.000000,0.999954
4804,4774,1.000000,0.999848
24029,3620,0.000000,0.001783
14869,33619,1.000000,0.999999
1044,7021,1.000000,0.503204
3620,33619,0.000000,0.001647
25987,31546,1.000000,0.999999
1242,22696,0.000000,0.002330
2174,1858,1.000000,0.640592
25987,4774,0.570997,0.561296
33619,31707,0.000000,0.013327
20517,4798,0.000000,0.056581
7431,2883,0.570997,0.561535
121,30918,0.000000,0.000166
8577,1044,0.570997,0.273728
1858,4804,1.000000,0.999777
1136,915,0.000000,0.001645
14869,3834,1.000000,0.999999
5199,1044,0.573276,0.336932
18939,3864,0.570997,0.561652
4798,8214,0.573276,0.545046
1091,443,1.000000,0.907509
3864,1136,0.000000,0.000952
36408,30918,0.570997,0.573311
121,2713,0.000000,0.000010
695,2206,1.000000,0.999979
6568,7518,1.000000,0.562503
1284,4804,1.000000,0.999912
22696,31546,0.000000,0.003718
8577,22180,0.570997,0.503606
14869,4649,0.570997,0.561824
8369,31546,0.000000,0.014994
3502,10391,0.000000,0.097420
5444,20517,0.000000,0.098695
26030,24029,0.570997,0.759382
3834,8214,0.570997,0.573311
5151,3122,1.000000,0.999708
1919,7021,0.573276,0.546008
20517,3834,0.000000,0.022799
15265,24293,0.682863,0.515991
38523,8966,0.000000,0.046591
13835,1434,0.000000,0.002792
4283,22859,0.000000,0.532139
18831,19261,1.000000,0.854874
35366,8966,0.000000,0.046177
22859,30444,0.000000,0.942701
22859,8966,0.000000,0.046591
5029,3410,0.000000,0.002978
19246,24157,1.000000,0.843211
19246,14736,0.000000,0.032280
4830,30135,1.000000,0.901496
8966,30444,0.000000,0.046690
22858,18242,0.000000,0.264454
8966,5029,0.000000,0.036807
15265,5319,1.000000,0.870407
4830,5029,1.000000,0.869232
3410,8965,0.000000,0.004133
8966,13835,0.000000,0.036918
25212,4283,0.680014,0.515371
1434,4283,0.000000,0.001642
14736,2935,0.000000,0.025628
23395,38523,0.675114,0.500494
19261,1434,0.000000,0.002796
22858,25212,0.000000,0.002246
19474,8966,0.000000,0.006019
5319,19246,0.680014,0.530502
4830,18116,0.000000,0.000690
13835,38523,0.680014,0.535808
38523,30135,0.680014,0.551718
4830,18714,0.680014,0.540361
19474,24293,0.682863,0.488565
38523,18116,0.000000,0.000688
18714,14042,1.000000,0.963319
24293,22859,0.000000,0.489575
19261,24293,0.681584,0.541950
2935,14042,0.680014,0.532967
5029,30444,0.680014,0.540468
38523,19261,0.680014,0.555709
23395,35366,0.675114,0.500700
35366,14736,0.000000,0.032947
30135,2318,0.000000,0.004824
3410,8966,0.000000,0.006469
18242,24157,0.000000,0.646057
38523,14736,0.000000,0.033137
1434,18714,0.000000,0.003663
15265,4283,1.000000,0.828870
8965,2935,0.682863,0.457491
14042,30135,0.680014,0.550778
30135,25212,0.680014,0.535731
24157,3410,0.000000,0.003392
4812,1434,0.000000,0.002008
24157,18242,0.000000,0.647986
6947,24157,1.000000,0.884368
2318,18714,0.000000,0.003274
35366,30444,1.000000,0.981456
19246,2318,0.000000,0.004561
22859,4812,0.000000,0.534179
35009,2318,0.000000,0.004572
4283,4830,0.681584,0.522313
8966,38523,0.000000,0.047009
8965,18831,0.681584,0.460834
23395,19261,0.675114,0.424970
19246,8966,0.000000,0.046193
8965,18116,0.000000,0.001102
6947,30444,1.000000,0.981456
25212,5319,0.680014,0.520691
30444,4830,0.680014,0.551142
15265,25212,0.680014,0.534392
18714,15265,0.680014,0.522640
4283,38523,0.680014,0.532139
8965,8966,0.000000,0.005946
38523,4830,0.680014,0.555195
19474,38523,0.680014,0.423183
18831,18116,0.000000,0.000678
25212,5029,0.680014,0.549193
4812,18116,0.000000,0.000692
2935,6947,0.680014,0.530735
1434,4830,0.000000,0.002231
24157,2318,0.000000,0.004578
2318,18831,0.000000,0.003558
24293,35009,0.680014,0.483121
30135,22858,0.000000,0.002911
5319,4830,0.681584,0.526151
4283,8965,0.682863,0.433121
35009,8966,0.000000,0.046242
30444,25212,1.000000,0.945078
4283,18714,0.680014,0.528993
1434,5319,0.000000,0.001642
18714,4283,0.680014,0.516342
18831,1434,0.000000,0.002792
4283,14736,0.000000,0.027500
24293,2318,0.000000,0.005720
24293,8966,0.000000,0.019463
8965,1434,0.000000,0.000611
18714,25212,1.000000,0.973397
18242,22859,0.000000,0.645727
25212,19474,0.680014,0.292967
14042,3410,0.000000,0.003351
4283,8966,0.000000,0.026976
15329,26902,0.658650,0.001867
15329,147,0.661594,0.001817
26902,33090,0.000000,0.056187
18368,34441,0.000000,0.009734
14102,7649,0.000000,0.001014
15329,34441,0.000000,0.003444
3997,29203,0.000000,0.014735
29203,32641,0.000000,0.034802
2655,26902,0.658650,0.024950
11853,7649,0.000000,0.052958
26902,11853,0.000000,0.004097
9365,13494,0.000000,0.009669
7649,34441,0.000000,0.005789
34441,33090,0.000000,0.400797
26902,29203,0.000000,0.073019
32641,13494,0.000000,0.080799
9365,29203,0.000000,0.018582
3997,9365,0.000000,0.036746
15329,18368,1.000000,0.036807
26902,18368,0.658650,0.005000
7649,29203,0.000000,0.001296
29203,147,0.000000,0.042460
14102,32641,0.000000,0.014106
3997,34441,0.000000,0.027146
32641,147,0.000000,0.034927
9365,32641,0.000000,0.009385
33090,29203,0.000000,0.045516
11853,9365,0.000000,0.002914
15329,32641,0.000000,0.001889
18368,26902,0.658650,0.004490
33090,14102,0.000000,0.016797
9365,147,0.000000,0.027385
29203,11853,0.000000,0.002925
14102,2655,0.660272,0.015697
9365,18368,0.000000,0.013528
3997,2655,0.664526,0.191905
13494,26902,0.000000,0.006640
33090,9365,0.000000,0.013148
15329,14102,0.660272,0.016609
3997,13494,0.000000,0.014422
15329,11853,0.000000,0.000223
29203,14102,0.000000,0.070517
14102,3997,0.660272,0.014898
11853,13494,0.000000,0.083950
34441,14102,0.000000,0.061809
7649,32641,0.000000,0.001321
11853,29203,0.000000,0.001681
33090,34441,0.000000,0.426343
15329,13494,0.000000,0.000971
29203,13494,0.678066,0.005570
15329,3997,0.661594,0.003097
14102,33090,0.000000,0.019364
29203,33090,0.000000,0.045309
26902,3997,0.658650,0.017930
18368,29203,0.000000,0.006731
2655,14102,0.660272,0.012627
32641,14102,0.000000,0.013046
2655,34441,0.000000,0.006138
14102,18368,0.660272,0.037986
13494,15329,0.000000,0.001293
147,33090,0.000000,0.053867
15329,33090,0.000000,0.003781
11853,3997,0.000000,0.006660
26902,9365,0.000000,0.015561
29203,9365,0.000000,0.020516
2655,11853,0.000000,0.280378
7649,11853,0.000000,0.058282
11853,26902,0.000000,0.002449
18368,2655,0.661594,0.014808
2655,18368,0.661594,0.017304
2655,13494,0.000000,0.093340
147,13494,0.000000,0.016066
147,14102,0.660272,0.028835
13494,7649,0.000000,0.006998
33090,32641,0.536751,0.217550
32641,15329,0.000000,0.002676
3997,11853,0.000000,0.009521
7649,2655,0.000000,0.086361
18368,33090,0.000000,0.006900
33090,26902,0.000000,0.057508
13494,3997,0.000000,0.012717
147,18368,0.661594,0.005640
29203,3997,0.000000,0.017628
147,29203,0.000000,0.038677
34441,147,0.000000,0.198784
29203,2655,0.000000,0.019396
32641,18368,0.000000,0.005637
18368,3997,0.661594,0.005604
2655,3997,0.664526,0.180518
7649,13494,0.000000,0.007611
2655,15329,0.661594,0.011858
147,9365,0.000000,0.028701
18368,32641,0.000000,0.003913
32641,2655,0.000000,0.011612
3997,14102,0.660272,0.012137
9365,2655,0.000000,0.079846
34441,26902,0.000000,0.298579
2655,7649,0.000000,0.021732
13494,14102,0.000000,0.001241
147,7649,0.000000,0.022489
17717,34691,0.000000,0.000169
17645,17717,0.000000,0.000426
30350,6783,0.000000,0.005204
17644,33798,0.000000,0.002741
6783,5193,0.000000,0.086330
17644,17717,0.000000,0.272908
17645,34691,0.000000,0.076140
34691,17717,0.000000,0.000266
17644,3212,0.000000,0.010454
6782,6783,0.000000,0.143019
17644,6782,0.000000,0.000206
6783,34691,0.000000,0.057824
6782,34691,0.000000,0.096908
6783,6782,0.000000,0.143924
3212,33798,0.000000,0.008267
6782,3212,0.000000,0.011212
5193,6783,0.000000,0.097740
5193,17645,0.000000,0.219192
17645,33798,0.000000,0.086355
5193,6782,0.000000,0.059917
33798,17644,0.000000,0.002222
17717,6782,0.000000,0.000031
5193,17717,0.000000,0.000417
17644,5193,0.000000,0.001676
34691,3212,0.666754,0.008344
6783,33798,0.000000,0.095929
5193,3212,0.670417,0.010476
34691,33798,0.000000,0.086207
17717,17645,0.000000,0.000202
5193,17644,0.000000,0.001426
30350,17644,0.000000,0.003899
34691,6782,0.000000,0.099772
17717,5193,0.000000,0.000197
33798,17645,0.000000,0.084222
34691,6783,0.000000,0.061767
17717,17644,0.000000,0.182203
30350,3212,0.000000,0.003808
3212,30350,0.000000,0.002627
3212,17644,0.000000,0.009018
17717,33798,0.000000,0.000266
30350,17717,0.000000,0.001148
17645,6782,0.000000,0.060261
33798,6782,0.000000,0.035147
17645,5193,0.000000,0.218435
3212,5193,0.670417,0.007403
5193,33798,0.000000,0.084757
3212,6783,0.000000,0.008829
34691,30350,0.000000,0.012392
30350,33798,0.000000,0.025581
33798,3212,0.000000,0.014165
17645,6783,0.000000,0.099412
6782,17717,0.000000,0.000052
3212,17645,0.000000,0.007605
33798,34691,0.000000,0.081216
30350,17645,0.000000,0.010084
6782,17645,0.000000,0.063012
33798,30350,0.000000,0.019175
34691,17645,0.000000,0.068112
6783,30350,0.000000,0.008153
6783,17645,0.000000,0.088112
3212,34691,0.666754,0.007783
17717,30350,0.000000,0.000864
30350,34691,0.000000,0.007974
6782,33798,0.000000,0.035281
17644,34691,0.000000,0.000954
3212,6782,0.000000,0.011596
17645,30350,0.000000,0.017050
17644,30350,0.000000,0.005629
6783,17717,0.000000,0.000221
17717,6783,0.000000,0.000138
6783,17644,0.000000,0.000635
6783,3212,0.000000,0.009605
6782,5193,0.000000,0.062532
34691,5193,0.666754,0.066747
17645,3212,0.000000,0.010708
6782,17644,0.000000,0.000220
17644,17645,0.000000,0.001729
17717,3212,0.000000,0.000631
30350,5193,0.000000,0.009913
34691,17644,0.000000,0.000732
33798,17717,0.000000,0.000497
17645,17644,0.000000,0.001466
33798,5193,0.000000,0.081434
6782,30350,0.000000,0.003729
30350,6782,0.000000,0.002208
5193,30350,0.000000,0.016984
33798,6783,0.000000,0.094441
3212,17717,0.000000,0.001185
17644,6783,0.000000,0.000858
5193,34691,0.666754,0.074835
7564,5062,1.000000,0.999185
10517,5392,0.691335,0.660163
6662,5392,1.000000,0.998659
7598,7564,0.691335,0.655514
3773,10690,1.000000,0.999185
15833,7768,0.691335,0.700211
51,7598,0.000000,0.009897
9000,1996,0.000000,0.011024
10153,37022,0.691335,0.685627
21892,5392,0.691335,0.689686
25706,9066,0.691335,0.689863
160,16946,0.694851,0.166837
15833,517,1.000000,0.998608
16946,9098,0.691335,0.689723
1259,33166,0.691335,0.712970
7586,9066,1.000000,0.999185
7586,13223,0.691335,0.713097
7598,27631,0.693318,0.663630
10246,37022,0.691335,0.685493
10246,51,0.000000,0.003798
9066,26294,0.691335,0.712931
5062,7598,0.691335,0.685329
13490,3773,0.691335,0.694466
10517,1309,0.691335,0.660103
13490,517,0.691335,0.694706
6072,11330,1.000000,0.998004
1309,11696,1.000000,0.999185
22932,8657,0.691335,0.655547
28994,26294,1.000000,0.998293
10382,7768,0.693318,0.689109
4702,1259,1.000000,0.999185
160,10382,0.693318,0.197381
30927,6662,0.691335,0.689956
3241,23402,0.691335,0.699909
10517,3773,0.691335,0.660103
2616,1179,0.691335,0.693451
19806,25706,0.693318,0.700217
4702,907,0.691335,0.702808
10246,10382,0.691335,0.713030
13223,16862,0.693318,0.700039
6662,18321,0.691335,0.712970
1259,9098,1.000000,0.999185
28818,3773,0.691335,0.693391
28818,11330,0.691335,0.693391
1179,11696,1.000000,0.997212
33166,1259,0.691335,0.693347
7586,4605,0.691335,0.681699
292,33166,0.000000,0.246534
21892,1259,0.691335,0.689668
13475,4702,0.000000,0.598566
11330,2616,0.691335,0.712970
907,7586,0.691335,0.680191
10382,13475,0.000000,0.627542
19806,9066,0.691335,0.693347
5899,3241,0.691335,0.689787
22932,10153,0.691335,0.655649
1259,10822,0.691335,0.662688
160,7768,0.697155,0.180683
9098,11696,1.000000,0.999185
11696,6662,1.000000,0.999185
6662,7768,0.691335,0.700211
4702,10517,0.691335,0.674283
292,10690,0.000000,0.128859
2616,5899,0.693318,0.699873
7564,16862,0.691335,0.704830
1309,7564,1.000000,0.999185
11696,4605,0.691335,0.681699
517,39425,0.691335,0.684233
33166,16946,0.693318,0.699583
10153,13223,0.691335,0.713129
8657,7768,0.691335,0.700161
2616,30927,0.693318,0.700654
50,28818,0.691335,0.712985
21658,3241,0.691335,0.693819
1259,37022,0.691335,0.685329
3241,517,1.000000,0.998608
907,5062,0.691335,0.680191
19806,21892,0.693318,0.699331
9000,160,0.000000,0.022874
28818,907,0.693318,0.666193
15833,9098,1.000000,0.999185
25706,13223,0.693318,0.684036
9098,37022,0.691335,0.685329
30927,292,0.000000,0.238169
50,1259,1.000000,0.998004
292,30927,0.000000,0.240628
1309,11160,1.000000,0.999185
27631,37022,0.693318,0.660755
10246,28994,0.691335,0.712970
13475,5899,0.000000,0.754957
517,10822,0.691335,0.662889
160,1259,0.691335,0.170798
1259,19806,0.691335,0.712970
10517,6072,0.691335,0.660211
9000,7564,0.000000,0.011038
37022,1179,0.691335,0.655700
9098,13223,0.691335,0.713097
160,6662,0.691335,0.170798
25126,10690,0.691335,0.693132
30927,50,0.691335,0.689990
7411,48,1.000000,0.019073
254,5821,0.000000,0.046455
3982,24935,0.000000,0.013805
38149,22607,0.000000,0.146913
31591,16816,0.000000,0.004075
4839,29823,0.000000,0.001970
4839,16926,0.000000,0.014916
21656,13008,0.000000,0.002756
29823,24935,0.000000,0.010109
13008,19506,0.000000,0.022115
7611,9103,0.580454,0.669798
22345,5108,0.000000,0.195937
18234,7411,0.000000,0.037821
34208,5821,0.675812,0.028585
13008,7611,0.578694,0.198207
19384,48,0.000000,0.003420
9189,22607,0.000000,0.069917
9103,21656,0.000000,0.006653
15693,11018,0.576423,0.050718
20390,18234,0.000000,0.003298
254,5108,0.000000,0.267117
13544,7411,0.575492,0.137076
15693,524,0.574436,0.030883
1228,6411,0.000000,0.233770
33977,204,0.000000,0.221104
7059,20390,0.000000,0.002592
7411,19506,0.000000,0.012983
34208,19506,0.000000,0.020721
254,3794,0.000000,0.070991
6227,25394,0.000000,0.032187
21656,8298,0.000000,0.005254
19506,33040,0.000000,0.139676
524,15693,0.574436,0.031433
9642,22607,0.000000,0.017782
22607,13544,0.573216,0.119182
1784,2586,0.000000,0.016236
32033,29823,0.000000,0.013449
18234,23484,0.000000,0.118350
22607,25394,0.000000,0.082779
13970,1228,0.000000,0.095798
7611,14636,0.576423,0.065339
5821,16816,0.000000,0.049020
48,20390,0.000000,0.003749
19506,34208,0.000000,0.014720
22642,8298,0.000000,0.246203
12355,20333,0.000000,0.144242
8317,25394,0.000000,0.020582
4839,33040,0.000000,0.046510
12379,16816,0.000000,0.017441
19384,9189,0.000000,0.004949
9103,16926,0.000000,0.010124
6228,7611,0.000000,0.264493
3794,22607,0.000000,0.349248
20390,12331,0.000000,0.000994
8298,1228,0.000000,0.332941
14268,914,0.000000,0.000000
32033,12355,0.000000,0.093355
524,14268,0.574436,0.000311
48,22345,0.000000,0.005892
33977,22641,0.000000,0.000948
29823,14636,0.000000,0.003481
3981,24935,0.000000,0.012591
38149,12331,0.567719,0.500946
170,7411,0.000000,0.039695
9103,15693,0.576423,0.133702
32033,7059,0.000000,0.014057
13008,1784,0.000000,0.048666
7611,6227,0.000000,0.281551
24935,6411,0.000000,0.145405
12355,31591,0.000000,0.003072
9190,15693,1.000000,0.005869
1784,2237,0.000000,0.009058
18234,19506,0.000000,0.136776
9642,31591,0.000000,0.030645
25394,13544,0.000000,0.074479
254,12355,0.000000,0.209797
32033,5108,0.000000,0.022651
13970,3982,0.000000,0.012451
8317,32033,0.000000,0.062968
254,16816,0.000000,0.121472
5108,13544,0.575492,0.103090
7059,3794,0.000000,0.072043
15693,4839,0.575492,0.027568
7059,5821,0.000000,0.065633
32033,6227,0.000000,0.087873
8596,4839,0.000000,0.015424
19384,25394,0.000000,0.004703
8317,2586,0.000000,0.072351
29823,3981,0.000000,0.015028
22642,7059,0.000000,0.037634
13544,254,0.000000,0.243041
9642,16816,0.000000,0.005056
19384,3171,0.678680,0.027147
1784,6228,0.000000,0.012514
14636,914,0.000000,0.000455
13970,5108,0.581890,0.163663
22641,20333,0.000000,0.000265
22642,18234,0.000000,0.082315
11018,20390,0.000000,0.000417
914,3982,0.000000,0.007184
7060,7689,0.000000,0.033448
4125,11809,1.000000,0.027120
4125,7689,0.000000,0.011094
37512,8499,0.000000,0.028738
37735,5108,0.000000,0.004989
503,37512,0.000000,0.039564
5108,8499,0.000000,0.001907
37512,7138,0.000000,0.465974
7059,914,0.000000,0.010458
503,7256,0.000000,0.023256
4125,503,0.000000,0.023726
503,7689,0.000000,0.023584
7059,37735,0.000000,0.012851
11809,8047,0.000000,0.307730
8499,37735,0.000000,0.054912
7256,7689,0.000000,0.018903
8047,37512,0.000000,0.211243
8498,37735,0.000000,0.019129
37735,914,0.000000,0.000242
8499,5108,0.000000,0.001684
7689,8499,0.000000,0.065436
13970,3246,0.000000,0.013547
7689,914,0.000000,0.000184
8499,7060,0.655088,0.016935
5108,7689,0.000000,0.000863
7256,37512,0.000000,0.015410
7060,7256,0.656214,0.095830
8047,8498,0.000000,0.040030
4125,5108,0.000000,0.563583
7256,3246,0.000000,0.006064
7256,503,0.000000,0.028319
914,11809,1.000000,0.018814
503,3246,0.000000,0.010471
8499,7138,0.000000,0.063598
7138,7059,0.000000,0.005879
503,914,0.000000,0.005009
11809,8499,0.000000,0.011297
3246,37735,0.000000,0.071103
7689,7256,0.000000,0.023266
11809,8498,0.000000,0.318561
7059,7060,0.000000,0.004115
8047,8499,0.000000,0.000251
503,8498,0.000000,0.011918
8499,13970,0.000000,0.001894
7689,4125,0.000000,0.010230
7059,37512,0.000000,0.056871
5108,7060,0.000000,0.003009
7059,8499,0.000000,0.007030
37735,7256,0.000000,0.018155
914,7059,0.000000,0.003875
13970,5108,0.000000,0.163663
13970,37735,0.000000,0.004158
37735,3246,0.000000,0.077389
37512,5108,0.000000,0.022700
13970,11809,0.000000,0.025137
7059,8498,0.000000,0.057877
37735,7060,0.000000,0.032582
8498,8047,0.000000,0.046166
8498,4125,0.000000,0.009008
11809,4125,1.000000,0.082987
13970,914,0.000000,0.002215
3246,503,0.000000,0.015112
11809,37735,0.000000,0.012913
7060,914,0.000000,0.000833
7689,5108,0.000000,0.000969
37512,7059,0.000000,0.032932
13970,7060,0.000000,0.002215
7689,503,0.000000,0.034647
8498,7689,0.000000,0.011162
8498,7059,0.000000,0.059762
11809,37512,1.000000,0.048538
11809,5108,0.000000,0.079065
8498,13970,0.000000,0.038579
8047,13970,0.000000,0.097427
8047,7689,0.000000,0.000087
37512,3246,0.000000,0.045563
3246,5108,0.000000,0.014389
5108,7138,0.000000,0.001870
914,37735,0.000000,0.000182
914,13970,0.000000,0.001994
7689,37512,0.000000,0.060768
7138,13970,0.000000,0.002324
7060,503,0.000000,0.058857
7256,8047,0.000000,0.000219
8498,7138,0.000000,0.052421
914,7689,0.000000,0.000126
7138,8498,0.000000,0.038582
37735,13970,0.000000,0.004589
7689,37735,0.000000,0.067035
5108,7256,0.000000,0.003876
4125,13970,0.000000,0.407090
7256,914,0.000000,0.000671
914,8047,0.000000,0.036802
5108,8498,0.000000,0.014207
3246,914,0.000000,0.001153
11809,13970,0.000000,0.076807
7689,7060,0.000000,0.037325
13970,7256,0.000000,0.002603
11809,7060,0.000000,0.006011
8047,7060,0.000000,0.000099
1784,10742,0.000000,0.001815
9103,418,0.000000,0.005408
22607,23771,0.000000,0.541201
19478,6228,0.000000,0.009560
9942,3794,0.000000,0.057275
1784,7611,0.000000,0.141901
23771,7059,0.000000,0.018702
951,1592,0.000000,0.074826
13970,22607,0.573216,0.016970
1591,13544,0.000000,0.015845
25072,16926,0.000000,0.002987
33462,23771,0.000000,0.084660
16816,4839,0.575492,0.134014
7611,17170,0.000000,0.023474
33462,1228,0.000000,0.022432
204,1591,0.000000,0.000885
419,25444,0.660138,0.013452
8298,6227,0.000000,0.389722
6685,1210,0.000000,0.004165
9190,7469,0.000000,0.004084
6228,22345,0.000000,0.045614
1228,38149,0.000000,0.092617
300,7059,0.000000,0.061507
11018,12331,0.000000,0.063002
5108,254,0.000000,0.243526
8596,419,0.000000,0.005349
7469,25444,0.000000,0.031684
25072,33462,0.000000,0.001869
25444,14913,0.000000,0.057512
17170,13008,0.000000,0.072085
951,14913,0.000000,0.010200
20333,16816,1.000000,0.089861
6411,33977,0.000000,0.043886
10742,19478,0.000000,0.011491
17240,1210,0.000000,0.003709
13008,254,0.000000,0.150385
951,12331,0.000000,0.019583
9103,2586,0.000000,0.638927
300,1592,0.000000,0.005507
33462,25444,0.000000,0.005039
914,48,0.000000,0.000005
11018,7611,0.580454,0.050110
14913,9103,0.000000,0.003580
3794,20311,0.000000,0.210690
33977,20311,0.000000,0.234032
7469,7411,0.000000,0.006412
25072,22607,0.000000,0.016377
38149,16816,0.000000,0.183862
14913,8596,0.000000,0.022773
412,418,0.000000,0.008268
23771,5108,0.000000,0.055563
13970,1591,0.000000,0.002060
1784,1591,0.000000,0.000473
1547,38149,0.000000,0.082243
6685,25444,0.000000,0.006132
22607,10742,0.000000,0.339920
418,300,0.000000,0.000761
13544,9190,0.575492,0.018699
22345,3794,0.000000,0.083978
8596,4839,0.000000,0.015424
6227,17170,0.000000,0.049158
20333,13970,0.578694,0.116178
418,8596,0.000000,0.009639
412,17170,0.000000,0.004476
19478,1591,0.000000,0.019791
1210,6685,0.000000,0.007354
11018,25394,0.000000,0.038890
8596,2586,0.000000,0.018388
31037,7469,0.000000,0.027369
22607,8596,0.000000,0.018944
7469,418,0.000000,0.014167
3794,3053,0.000000,0.236070
20333,6227,0.000000,0.109297
5108,16926,0.000000,0.004906
23771,8298,0.000000,0.128610
13544,8596,0.000000,0.031387
8298,48,0.576423,0.005333
1784,28896,0.000000,0.000480
19478,1210,0.000000,0.003062
22607,6227,0.000000,0.174384
13544,13970,0.575492,0.137299
1228,300,0.000000,0.053881
5108,8596,0.000000,0.065330
48,20333,0.578007,0.059517
2586,1228,0.575492,0.130358
16816,12331,0.000000,0.046618
300,17240,0.000000,0.054538
13970,1784,0.000000,0.047459
25394,31037,0.000000,0.000581
16926,1592,0.000000,0.006591
13970,6411,0.578694,0.048952
8317,22345,0.000000,0.043077
6227,1547,0.000000,0.127208
28896,9942,0.000000,0.008252
7469,1592,0.000000,0.030589
12355,300,0.000000,0.029400
4839,12331,0.000000,0.072129
254,7411,0.000000,0.100797
20333,204,0.000000,0.074228
17170,7411,0.000000,0.061971
21868,38853,0.000000,0.040036
31282,26220,0.000000,0.019473
18064,7280,0.000000,0.045109
26220,441,0.000000,0.017131
15117,18798,0.000000,0.242212
15117,31282,0.000000,0.092352
25547,9104,0.000000,0.006227
441,18064,0.000000,0.039635
441,7281,0.000000,0.008006
7280,18798,0.000000,0.000552
129,7281,0.000000,0.004339
25547,7280,0.000000,0.033310
26118,397,0.000000,0.026153
7280,441,0.000000,0.015545
26118,26220,0.000000,0.058702
7280,21868,0.000000,0.010559
129,33982,0.000000,0.030948
38853,441,0.000000,0.009099
441,7280,0.000000,0.011920
7281,441,0.000000,0.012147
18798,441,0.000000,0.005065
7281,33982,0.000000,0.088655
397,18798,0.000000,0.002156
33982,21868,0.000000,0.048324
397,15117,0.000000,0.017946
38853,31282,0.000000,0.057713
18798,26118,0.000000,0.006326
15117,441,0.000000,0.008364
7281,21868,0.000000,0.046358
33982,7281,0.000000,0.126986
7280,18064,0.000000,0.037042
33982,9104,0.000000,0.009828
129,397,1.000000,0.076641
129,25547,0.000000,0.004257
18798,21868,0.000000,0.014814
129,18064,0.000000,0.003641
18064,33982,0.000000,0.003172
7281,129,0.000000,0.010102
397,26118,0.000000,0.026399
18798,7280,0.000000,0.000452
9104,25547,0.000000,0.004141
18798,38853,0.000000,0.005708
33982,129,0.000000,0.066537
25547,26118,0.000000,0.029419
9104,18798,0.000000,0.001053
25547,18064,0.000000,0.019978
26220,21868,0.000000,0.037091
33982,38853,0.000000,0.173289
26118,129,0.000000,0.006582
397,21868,1.000000,0.017375
441,15117,0.000000,0.009569
26220,38853,0.000000,0.059850
21868,33982,0.000000,0.049561
18064,21868,0.000000,0.038920
25547,397,0.000000,0.032518
9104,7281,0.000000,0.000280
397,9104,0.000000,0.031376
18798,397,0.000000,0.001535
7281,18064,0.000000,0.009847
26118,38853,0.000000,0.143086
21868,7280,0.000000,0.013600
38853,26220,0.000000,0.106632
7280,31282,0.000000,0.011596
26220,15117,0.000000,0.187444
38853,33982,0.000000,0.207524
26220,7280,0.000000,0.003967
26220,25547,0.000000,0.004475
33982,26220,0.000000,0.179689
397,441,1.000000,0.051075
33982,15117,0.000000,0.198255
9104,397,0.000000,0.023105
441,18798,0.000000,0.006436
31282,397,0.000000,0.183078
15117,129,0.000000,0.023879
38853,21868,0.000000,0.044493
25547,7281,0.000000,0.010924
21868,397,1.000000,0.015901
18798,9104,0.000000,0.001579
26118,18064,0.000000,0.006100
26118,7281,0.000000,0.064702
15117,21868,0.000000,0.078713
129,26118,0.000000,0.003320
31282,25547,0.000000,0.016515
26118,7280,0.000000,0.012524
397,7281,0.000000,0.015448
397,7280,0.000000,0.069159
38853,18798,0.000000,0.013501
441,33982,0.000000,0.014867
129,38853,0.000000,0.002743
21868,129,1.000000,0.160968
129,9104,0.000000,0.394685
18064,397,0.000000,0.021380
21868,15117,0.000000,0.072058
7281,15117,0.000000,0.116355
33982,7280,0.000000,0.006062
15117,26220,0.000000,0.265369
31282,441,0.000000,0.044357
26220,33982,0.000000,0.100152
15117,18064,0.000000,0.002527
38853,9104,0.000000,0.001277
5198,71,0.000000,0.003319
14285,6734,0.694049,0.637400
6673,24813,1.000000,0.988111
24813,30404,0.694049,0.678423
16036,24096,1.000000,0.986991
18770,23874,0.694049,0.679490
30404,4005,0.694049,0.658506
284,8249,0.000000,0.035462
965,10899,0.000000,0.074708
9940,6673,0.692069,0.708874
8246,1854,1.000000,0.987137
3840,5198,0.000000,0.000966
35472,23136,0.692069,0.654962
16414,965,0.000000,0.019726
3230,38972,0.692069,0.709980
24130,23874,0.692069,0.654503
1440,9396,0.694049,0.677811
18846,9940,1.000000,0.999197
19787,5190,0.694049,0.654861
14479,23874,0.694049,0.679490
24096,9396,0.694049,0.678306
6673,965,0.000000,0.105265
4005,9396,0.694049,0.677155
6673,8246,1.000000,0.987157
5494,2925,0.692069,0.708207
5198,2963,0.000000,0.003007
5281,2925,1.000000,0.991579
22689,18344,1.000000,0.934072
2659,24130,0.692069,0.707567
22689,2963,0.694049,0.660077
19499,35472,0.692069,0.699582
38972,5281,1.000000,0.988089
38972,30404,0.694049,0.678423
4005,6917,1.000000,0.982296
71,23136,0.695581,0.222147
14479,3840,1.000000,0.989724
14285,18770,0.694049,0.637450
8396,30729,0.692069,0.697566
965,9940,0.000000,0.229963
24813,23136,0.694049,0.678306
30404,35472,0.692069,0.641414
24813,2963,1.000000,0.994468
30604,23874,0.694049,0.679490
2963,18344,0.694049,0.678040
18846,5198,0.000000,0.000447
23874,24096,0.694049,0.661952
8249,4772,0.694049,0.678395
71,10471,0.694049,0.268580
2925,9940,0.692069,0.697566
15226,7666,0.694049,0.661281
16414,24096,0.000000,0.012303
8249,24813,1.000000,0.988111
38245,6734,1.000000,0.988981
8246,965,0.000000,0.105750
30404,9940,0.692069,0.641414
10899,5198,0.000000,0.001182
284,5494,0.000000,0.087745
4772,37996,0.692069,0.641599
5281,24130,0.692069,0.698288
21570,8057,0.692069,0.625049
2694,23136,0.694049,0.678395
16636,8249,1.000000,0.988089
5494,4005,0.692069,0.709502
5190,10899,0.694049,0.674722
5198,16636,0.000000,0.003007
15226,38245,0.694049,0.659486
3230,2694,0.692069,0.708874
2659,8246,1.000000,0.713131
19499,9562,1.000000,0.983797
38245,9794,0.694049,0.624123
8653,16636,1.000000,0.988111
16414,4772,0.000000,0.010216
23874,8653,0.694049,0.661915
4005,14479,1.000000,0.989726
4772,21570,0.692069,0.641599
5494,71,0.692069,0.299639
283,9794,0.694049,0.624690
38245,71,0.694049,0.270277
19787,9396,1.000000,0.934026
4343,21570,0.692069,0.699582
8246,14285,0.694049,0.652071
38972,24130,0.692069,0.699582
18846,8396,0.692069,0.708207
4005,6673,1.000000,0.987137
2694,15226,0.694049,0.679315
5494,24096,0.692069,0.709980
3840,1440,1.000000,0.882215
2962,8057,0.000000,0.005341
7666,4005,1.000000,0.924045
38245,6895,1.000000,0.882215
38245,6673,1.000000,0.987137
19499,16036,1.000000,0.986996
6929,1854,1.000000,0.989841
9396,38245,0.694049,0.658207
9940,9396,0.692069,0.654962
16036,2925,1.000000,0.972944
30729,18770,0.692069,0.709980
38245,19787,0.694049,0.676889
965,2659,0.000000,0.041498
24813,10471,1.000000,0.989724
4798,6764,1.000000,0.999977
6016,4649,0.570997,0.561578
34149,36122,1.000000,0.999999
4774,6764,1.000000,0.999978
31956,30918,0.570997,0.573219
22696,22174,0.000000,0.003745
1242,19489,0.000000,0.014456
2174,30918,0.573276,0.528233
30718,121,0.000000,0.000124
5199,2174,1.000000,0.669793
1242,26440,0.573276,0.291172
22180,2525,0.000000,0.121149
3016,2525,0.000000,0.198184
4649,3506,1.000000,0.555690
915,24029,0.573276,0.757265
3122,1513,1.000000,0.999971
3016,3620,0.000000,0.001612
24029,22174,0.570997,0.830829
443,3685,1.000000,0.616460
1136,3506,0.000000,0.003508
2883,31500,0.570997,0.552250
8214,121,0.000000,0.000144
22696,3408,0.000000,0.000000
10391,31956,0.000000,0.067064
1513,30718,0.570997,0.552285
22180,3122,0.573276,0.373036
2525,1136,0.000000,0.000191
22174,30918,0.570997,0.573219
3122,8369,0.000000,0.013919
4798,5277,0.000000,0.013908
36122,4798,0.570997,0.561115
26440,3306,0.573276,0.344436
16297,1919,1.000000,0.999771
1242,28192,1.000000,0.387014
34074,32809,0.570997,0.561077
2883,8214,0.573276,0.545846
7021,3864,0.573276,0.539936
22174,22754,1.000000,0.999999
3502,30441,0.570997,0.552244
34074,34149,1.000000,0.999999
31956,1091,0.570997,0.871666
6764,1284,1.000000,0.999400
24029,37281,0.000000,0.460830
3685,3506,1.000000,0.657466
4804,1091,1.000000,0.797628
3306,5199,1.000000,0.999739
2174,31956,0.570997,0.572772
2174,28192,1.000000,0.467497
22754,34074,1.000000,0.999999
31500,30718,1.000000,0.999999
4804,3864,1.000000,0.999959
19489,1242,0.000000,0.020247
2525,30718,0.000000,0.181429
1858,31707,0.000000,0.013916
443,28192,1.000000,0.465908
16297,3016,1.000000,0.999943
1513,1284,1.000000,0.999010
3306,36122,0.570997,0.552234
16297,695,1.000000,0.999771
2206,26440,0.573276,0.290678
24029,22696,0.000000,0.000616
2525,31956,0.000000,0.181429
25880,8369,0.000000,0.021348
22233,3506,0.570997,0.565390
22233,5277,0.000000,0.013302
3306,22233,0.570997,0.552234
28192,1513,1.000000,0.452280
5151,3685,1.000000,0.656635
121,3620,0.000000,0.026944
5151,6016,0.570997,0.552250
22233,3685,0.570997,0.653393
34149,19489,0.000000,0.010146
24029,2174,0.573276,0.888438
1919,8369,0.000000,0.013890
7021,3122,0.573276,0.539430
34074,22180,0.570997,0.500319
1136,4649,0.000000,0.001605
3506,4798,1.000000,0.582240
3122,22233,0.570997,0.552296
19489,34149,0.000000,0.013156
30924,22233,1.000000,0.999999
16297,19489,0.000000,0.014583
31707,443,0.000000,0.025454
10391,7021,0.000000,0.079992
31500,120,0.570997,0.561290
120,8369,0.000000,0.013896
6016,1284,0.570997,0.561494
7021,32809,0.573276,0.539514
26440,2206,0.573276,0.345805
19489,22174,0.000000,0.013156
2206,1513,1.000000,0.999542
7021,3502,0.573276,0.539855
1284,26440,0.573276,0.288833
4798,4774,1.000000,0.999970
1284,19402,0.573276,0.748184
3408,6016,0.000000,0.000007
4798,19489,0.000000,0.014572
3685,1513,1.000000,0.672615
6764,2206,1.000000,0.999719
120,2206,1.000000,0.999953
8742,4237,0.000000,0.008581
6582,14527,0.000000,0.036654
29882,22175,0.000000,0.035039
15540,34503,0.678380,0.002788
22175,34503,0.000000,0.001990
6582,7365,0.000000,0.038141
31381,3787,0.000000,0.012390
28121,3786,0.000000,0.008433
7803,3786,0.000000,0.014034
16896,14527,0.681236,0.036833
16896,32816,0.679953,0.070091
22175,3787,0.000000,0.004187
3786,14527,0.000000,0.013699
15540,3786,0.000000,0.001697
8592,15540,0.000000,0.026993
7803,17560,0.681236,0.158187
14527,7803,1.000000,0.372502
6582,8742,0.000000,0.010222
1897,31381,0.000000,0.011367
31381,1329,0.678380,0.018719
1329,33669,0.000000,0.010710
1329,6582,0.000000,0.008974
15540,14527,0.678380,0.008886
7188,3787,0.000000,0.028045
34503,32571,0.679953,0.012077
29882,4237,0.678380,0.209426
22175,31381,0.000000,0.034603
1329,31381,0.678380,0.016290
33669,1798,0.000000,0.030444
3787,31381,0.000000,0.009232
7365,13329,0.678380,0.172472
4237,7365,0.678380,0.195308
4237,34503,1.000000,0.018114
33669,6582,0.000000,0.039504
6582,15540,0.000000,0.006085
16896,33669,0.000000,0.051792
7803,7365,0.678380,0.147657
1798,28121,0.000000,0.007174
34503,1329,0.679953,0.137509
13329,31381,0.678380,0.152313
34503,7365,0.678380,0.017495
17560,3786,0.000000,0.013793
8742,1897,0.000000,0.171329
3786,22175,0.000000,0.005750
34503,15540,0.678380,0.002038
8592,3787,0.000000,0.315649
7365,3787,0.000000,0.012163
4237,32571,0.679953,0.021347
1329,29882,0.678380,0.015831
28121,7365,0.678380,0.024584
33669,32816,0.000000,0.273487
1798,6582,0.000000,0.019934
16896,1329,0.685480,0.010938
6582,3787,0.000000,0.066511
15540,28121,0.678380,0.037154
13329,3786,0.000000,0.013490
7188,15540,0.000000,0.006805
1329,1897,0.000000,0.433148
3787,32816,0.000000,0.084614
33669,17560,0.000000,0.041547
1897,1329,0.000000,0.145012
6582,34503,0.000000,0.089974
7803,3787,0.000000,0.014268
4237,28121,0.679953,0.017064
8742,1798,0.000000,0.022059
7803,33669,0.000000,0.058994
32816,7365,0.678380,0.365548
31381,14527,0.678380,0.170776
7188,1897,0.000000,0.091378
3787,29882,0.000000,0.008916
15540,1798,0.000000,0.002974
7803,29882,0.678380,0.149631
4237,7188,0.000000,0.044031
32571,13329,0.681236,0.021887
16896,29882,0.678380,0.041116
3787,13329,0.000000,0.011958
8592,6582,0.000000,0.041961
13329,16896,0.681236,0.039618
22175,29882,0.000000,0.033431
17560,7365,0.678380,0.087213
22175,6582,0.000000,0.013145
7188,17560,0.000000,0.077394
16896,15540,0.678380,0.005854
7365,32816,0.678380,0.425562
31381,16896,0.678380,0.048180
14527,32571,0.681236,0.021160
29882,3787,0.000000,0.011928
15540,33669,0.000000,0.005924
1897,3786,0.000000,0.017441
7803,8592,0.000000,0.046460
28121,14527,0.681236,0.013799
1329,8592,0.000000,0.029708
4237,33669,0.000000,0.113895
8592,32816,0.000000,0.267652
7188,8742,0.000000,0.068327
32816,16896,0.679953,0.069079
7803,6582,0.000000,0.042645
8592,29882,0.000000,0.031396
1897,7803,0.000000,0.017835
28121,1897,0.000000,0.188151
29971,27148,0.000000,0.022699
17142,27148,0.000000,0.027779
17142,17839,0.000000,0.009046
21055,9026,1.000000,0.127805
27148,9952,0.000000,0.025730
27148,11040,0.000000,0.060525
29971,11040,0.000000,0.013597
11040,21448,0.000000,0.051073
9952,21448,0.000000,0.006164
27148,16977,0.000000,0.021420
27148,21448,0.000000,0.021765
17142,21055,0.000000,0.013464
21055,11040,0.000000,0.020515
9026,29971,0.000000,0.101740
17141,16977,0.000000,0.019994
17141,17142,0.000000,0.030410
11040,17839,0.000000,0.013193
17141,17839,0.000000,0.032203
9952,21055,0.000000,0.036422
17839,29971,0.000000,0.044877
21055,17142,0.000000,0.016179
27148,29971,0.000000,0.026904
17141,11040,0.000000,0.035780
27148,17839,0.000000,0.011097
29971,21055,0.000000,0.044960
27148,17141,0.000000,0.011635
17839,16977,0.000000,0.105051
17142,17141,0.000000,0.016251
21055,17839,0.000000,0.055243
17141,9026,0.000000,0.011850
17141,21448,0.000000,0.056187
9952,17142,0.000000,0.004825
16977,21055,0.000000,0.039415
11040,17142,0.000000,0.054933
9026,16977,0.000000,0.131474
17141,29971,0.000000,0.028700
9952,17141,0.000000,0.033770
16977,9026,0.000000,0.102145
9026,9952,0.000000,0.056785
17141,9952,0.000000,0.064208
17839,11040,0.000000,0.013655
9026,17141,0.000000,0.006210
16977,27148,0.000000,0.017431
11040,21055,0.000000,0.018810
21448,9952,0.000000,0.007243
9026,27148,1.000000,0.048450
21448,17142,0.000000,0.049592
21448,17839,0.000000,0.012684
17839,27148,0.000000,0.010224
17142,9952,0.000000,0.006843
17142,9026,0.000000,0.013524
17839,21448,0.000000,0.017055
29971,9952,0.000000,0.024139
11040,29971,0.000000,0.013554
21448,29971,0.000000,0.011865
27148,21055,1.000000,0.031232
16977,17141,0.000000,0.015880
21055,16977,0.000000,0.057854
9952,29971,0.000000,0.021877
17142,11040,0.000000,0.058425
17142,16977,0.000000,0.027555
17839,9026,0.000000,0.051662
27148,9026,1.000000,0.051116
21055,9952,0.000000,0.045968
9026,17839,0.000000,0.052390
21448,11040,0.000000,0.048818
9952,17839,0.000000,0.023228
11040,9026,0.000000,0.017419
17141,27148,0.000000,0.024201
29971,9026,0.000000,0.125728
9952,27148,0.000000,0.016835
17839,17141,0.000000,0.016966
9952,9026,0.000000,0.051309
11040,9952,0.000000,0.012031
21055,17141,0.000000,0.010834
11040,16977,0.000000,0.022452
29971,21448,0.000000,0.012616
16977,17142,0.000000,0.023429
27148,17142,0.000000,0.030494
29971,17142,0.000000,0.017530
9952,11040,0.000000,0.009289
17839,17142,0.000000,0.010467
21448,17141,0.000000,0.031714
21448,16977,0.000000,0.027770
17141,21055,0.000000,0.024166
9026,17142,0.000000,0.013266
29971,17141,0.000000,0.021951
16977,29971,0.000000,0.117195
17142,21448,0.000000,0.056491
9952,16977,0.000000,0.047885
29971,16977,0.000000,0.127032
17142,29971,0.000000,0.022182
16977,11040,0.000000,0.015190
17839,21055,0.000000,0.049201
11040,27148,0.000000,0.052681
16977,17839,0.000000,0.076938
21055,27148,1.000000,0.033152
11040,17141,0.000000,0.017765
21448,21055,0.000000,0.010335
21055,21448,0.000000,0.012947
29808,25477,0.000000,0.004379
7651,13158,0.000000,0.487128
15809,2686,0.681535,0.497914
6043,36129,0.000000,0.014527
31028,33722,0.681535,0.550899
10817,7819,1.000000,0.805256
3640,13571,0.000000,0.025244
27745,13571,0.000000,0.512582
39302,6244,0.000000,0.513452
17255,7818,0.000000,0.152298
8947,19853,0.681535,0.537779
15809,9031,0.685453,0.152641
35346,7652,0.000000,0.565363
2687,36129,0.000000,0.178027
35346,6244,0.681535,0.546584
27001,4043,0.679511,0.120989
28228,28231,0.681535,0.528368
33722,2687,0.000000,0.134535
1594,7819,0.683100,0.538837
25477,37581,0.000000,0.693692
3640,1594,0.000000,0.016858
32709,2686,0.000000,0.031473
21830,36910,1.000000,0.984994
7819,1594,0.683100,0.544169
36910,21015,1.000000,0.972283
4043,37581,0.000000,0.073647
4043,19853,0.681535,0.450406
6244,7651,0.000000,0.521161
13571,7819,1.000000,0.824544
8080,7651,0.000000,0.463821
27745,29358,1.000000,0.210334
28466,13158,1.000000,0.908743
19853,13078,1.000000,0.984822
3239,2686,0.681535,0.097124
2687,9031,0.000000,0.000688
20808,36910,1.000000,0.955651
37581,37959,1.000000,0.999213
2518,33722,0.000000,0.006752
32709,7819,0.000000,0.022697
278,8947,0.000000,0.029738
6244,9031,0.683100,0.097524
12262,28466,0.681535,0.500215
13078,27745,0.000000,0.643648
35346,17255,0.681535,0.535665
28231,3239,0.684376,0.143025
32709,8947,0.000000,0.016192
35346,31028,0.681535,0.551307
31028,13158,0.681535,0.540653
6244,15809,0.683100,0.548260
1594,37959,0.000000,0.151793
31028,25477,0.000000,0.004662
20808,7651,0.000000,0.465585
8947,6043,0.684376,0.389513
25477,6244,0.000000,0.004142
35346,36910,1.000000,0.972266
24241,10817,0.683100,0.528827
37581,32709,0.000000,0.688376
2687,6244,0.000000,0.105977
3640,10246,1.000000,0.117494
21830,21015,1.000000,0.972283
20808,35346,1.000000,0.975473
2518,13078,0.000000,0.006700
6244,4043,0.683100,0.451785
7652,32709,0.000000,0.688376
29358,28228,0.000000,0.034221
10817,21830,0.681535,0.545406
2686,28228,1.000000,0.984822
10817,17255,0.683100,0.542918
29808,10817,0.679511,0.503827
20808,36129,0.000000,0.001844
10246,13078,0.000000,0.493400
20808,7818,0.000000,0.263704
1478,39302,0.000000,0.177128
19853,7818,0.000000,0.261854
3239,10817,0.683100,0.129632
8947,4702,0.000000,0.152958
10246,29358,1.000000,0.336088
19382,2687,0.000000,0.055958
4702,19853,0.000000,0.492700
27001,28466,0.679511,0.592879
13571,39302,0.000000,0.550580
7651,2518,0.000000,0.000531
29808,24241,0.679511,0.310924
28228,12262,0.681535,0.484377
28231,29808,0.679511,0.498730
4043,28466,0.681535,0.452448
28466,25477,0.000000,0.002975
32709,35346,0.000000,0.031473
13708,1478,0.000000,0.004794
29358,27001,0.000000,0.047775
31028,7652,0.000000,0.294953
10817,29358,0.000000,0.023150
27001,7819,0.679511,0.503138
36910,28466,1.000000,0.948708
3239,21015,0.681535,0.097124
24241,9031,0.686384,0.179245
15809,8947,0.684376,0.507500
7819,8080,1.000000,0.549933
15809,2687,0.000000,0.043191
27001,9031,0.679511,0.003839
16107,29703,1.000000,0.672521
22452,909,0.000000,0.000331
7612,474,0.554119,0.431157
4926,38008,0.554119,0.509724
26895,29703,0.557359,0.082892
22452,31932,0.000000,0.009659
30414,21003,0.554119,0.677779
32073,21003,1.000000,0.667711
32310,12964,1.000000,0.999406
4926,22586,0.000000,0.001188
33676,31874,1.000000,0.999406
475,20611,0.000000,0.000178
21003,475,0.000000,0.044324
2307,5184,0.000000,0.017234
9555,13559,1.000000,0.999406
8972,9783,0.000000,0.001380
24950,31932,0.000000,0.009659
11419,13109,0.554119,0.509724
31932,22586,0.682863,0.469034
7374,33676,0.000000,0.002542
11419,24940,1.000000,0.999406
29509,1933,0.000000,0.013763
17893,7612,0.554119,0.463630
1054,17893,0.000000,0.024560
32073,37792,0.554119,0.473536
27051,33676,1.000000,0.999406
15532,1933,0.000000,0.007800
31874,37336,0.000000,0.011346
22452,33676,1.000000,0.999406
18176,20839,0.554119,0.473536
15532,2307,0.000000,0.000244
29498,18176,0.554119,0.509724
34941,38246,0.000000,0.003744
31932,19338,0.000000,0.004142
1909,26895,0.554119,0.294399
22586,32520,0.000000,0.001347
37792,474,1.000000,0.999406
15532,33723,1.000000,0.895477
32520,22452,1.000000,0.999406
33676,6797,0.000000,0.011346
20465,2307,0.000000,0.000244
8415,1054,0.000000,0.007294
34941,2307,0.000000,0.000244
31874,17893,1.000000,0.999406
19338,20839,1.000000,0.999406
7612,26853,0.557359,0.410323
32073,27834,0.554119,0.473536
909,40219,0.682863,0.109590
1054,6797,0.000000,0.100371
6797,1909,0.000000,0.004871
31159,27834,1.000000,0.999406
33723,7612,0.557359,0.433663
1909,909,0.000000,0.000331
27834,32156,0.554119,0.509724
31874,15719,0.554119,0.509724
7374,7612,0.000000,0.000849
1054,33969,0.000000,0.016247
909,29509,0.000000,0.000308
2307,34941,0.000000,0.000377
7612,26895,0.559654,0.410394
19338,21003,0.554119,0.677779
27464,7612,0.554119,0.463630
2307,475,0.000000,0.010150
33723,475,0.000000,0.000260
8972,20839,0.000000,0.001380
20839,40219,0.000000,0.009659
40219,18176,0.000000,0.001016
31874,15532,0.554119,0.509724
37336,20839,0.000000,0.004871
474,37792,1.000000,0.999406
21401,31159,0.000000,0.002310
13559,29703,0.554119,0.671959
21401,30414,0.000000,0.002310
24950,1909,1.000000,0.999406
12964,15532,0.554119,0.509724
909,33723,0.000000,0.000133
5184,32156,0.000000,0.000314
4926,2307,0.000000,0.000651
7374,31159,0.000000,0.002542
30034,32156,0.554119,0.509724
24940,5184,0.000000,0.000431
40219,17893,0.000000,0.004142
8972,21401,0.685698,0.412749
11419,29509,1.000000,0.999406
24950,29509,1.000000,0.999406
27051,9783,1.000000,0.999406
37336,5184,0.685698,0.588991
15719,13559,0.554119,0.473536
20465,1054,0.000000,0.007294
21003,15532,1.000000,0.708846
13559,26853,0.554119,0.509724
32310,24940,1.000000,0.999406
7374,19338,0.000000,0.002542
24156,27051,0.554119,0.431157
4926,29703,0.554119,0.671959
21401,475,0.000000,0.021793
15719,21003,1.000000,0.667711
1933,37336,0.000000,0.083466
8415,29703,1.000000,0.672521
24940,21401,0.000000,0.007606
32533,10985,1.000000,0.953667
32533,29629,0.000000,0.012615
13624,10737,1.000000,0.001149
10985,18601,0.000000,0.006705
10737,10985,0.000000,0.000580
13624,18601,0.000000,0.003678
10985,29630,1.000000,0.232289
32243,32533,0.669923,0.129591
32533,13624,0.000000,0.033564
18601,32243,0.000000,0.064214
10985,37645,0.667861,0.200520
37645,10985,0.667861,0.205137
32533,23258,0.000000,0.009090
32243,10737,0.000000,0.000082
29629,37645,0.000000,0.009924
23258,10737,0.000000,0.001824
10985,13624,0.000000,0.033591
10985,32243,0.669923,0.139070
5406,32243,0.671518,0.154443
29630,37645,0.667861,0.608081
13624,32533,0.000000,0.018264
13624,29630,0.000000,0.087425
29629,13624,0.000000,0.005564
37645,18601,0.000000,0.004827
37645,35226,0.000000,0.188859
15078,23258,0.000000,0.067230
5406,29630,0.669923,0.088925
23258,15078,0.000000,0.047729
29630,10985,1.000000,0.194530
29629,10737,0.000000,0.021470
35226,10737,0.000000,0.000719
5406,37645,0.667861,0.114727
35226,23258,0.000000,0.043698
29629,5406,0.000000,0.006102
32243,10985,0.669923,0.129561
32533,10737,0.000000,0.001163
13624,23258,0.000000,0.038451
35226,18601,0.000000,0.009020
37645,10737,0.000000,0.000500
23258,29629,0.676936,0.025591
10985,15078,0.000000,0.038940
32243,35226,0.000000,0.397633
10737,29630,0.000000,0.000213
18601,13624,0.000000,0.007883
18601,10985,0.000000,0.008989
23258,10985,0.000000,0.005161
15078,35226,0.000000,0.254398
32533,37645,0.667861,0.200605
29629,23258,0.676936,0.026043
23258,29630,0.000000,0.001123
35226,5406,0.000000,0.142962
29629,29630,0.000000,0.004072
18601,29629,0.000000,0.001771
29629,32243,0.000000,0.001467
37645,15078,0.000000,0.170301
5406,32533,0.669923,0.053229
23258,32243,0.000000,0.002711
13624,35226,0.000000,0.137873
32243,23258,0.000000,0.004145
10737,5406,0.000000,0.000058
10737,35226,0.000000,0.000371
15078,32533,0.000000,0.036114
29630,29629,0.000000,0.004577
29630,32533,1.000000,0.194389
37645,32243,0.667861,0.122164
29630,5406,0.669923,0.058583
13624,32243,0.000000,0.067902
18601,37645,0.000000,0.012095
37645,29629,0.000000,0.010309
29630,10737,0.000000,0.000375
10985,10737,0.000000,0.001165
37645,32533,0.667861,0.204931
35226,32243,0.000000,0.282653
10737,37645,0.000000,0.000291
29630,32243,0.669923,0.224574
29629,35226,0.000000,0.010985
10985,29629,0.000000,0.012634
15078,37645,0.000000,0.194928
23258,35226,0.000000,0.044015
32533,29630,1.000000,0.232258
32243,15078,0.000000,0.156575
18601,5406,0.000000,0.016224
32243,29629,0.000000,0.002555
15078,10985,0.000000,0.036048
10737,18601,0.000000,0.000035
32533,18601,0.000000,0.006701
32533,15078,0.000000,0.039046
32243,37645,0.667861,0.205244
5406,10737,0.000000,0.000226
13624,37645,0.000000,0.061721
29629,18601,0.000000,0.000634
13624,29629,0.000000,0.004631
13624,10985,0.000000,0.018295
13624,5406,0.000000,0.052340
15078,29630,0.000000,0.321579
29630,15078,0.000000,0.256268
37645,5406,0.667861,0.072950
29629,32533,0.000000,0.009144
5406,13624,0.000000,0.070824
15078,13624,1.000000,0.429238
16926,14041,0.000000,0.014454
6411,20333,1.000000,0.042930
1228,23484,0.000000,0.107446
524,204,0.000000,0.081547
8317,6411,0.000000,0.080862
14820,10705,0.000000,0.049153
8298,6227,0.000000,0.389722
33977,25394,0.000000,0.557716
30743,16926,0.000000,0.004226
22345,1228,0.000000,0.078081
29753,1784,0.000000,0.003562
11018,6227,0.000000,0.067590
9103,914,0.000000,0.000112
20333,12355,0.000000,0.123199
15867,1036,0.000000,0.159076
1547,1036,0.000000,0.069823
3794,14636,0.000000,0.133553
170,30743,0.000000,0.017856
8596,14713,0.000000,0.056553
1547,13008,0.575492,0.171123
10742,6411,0.000000,0.060823
25394,19232,0.000000,0.001238
32079,20333,0.000000,0.008729
14041,22607,0.000000,0.336692
13008,7411,0.000000,0.100232
7059,48,0.000000,0.002571
19232,6411,0.000000,0.011440
4205,9103,0.000000,0.395350
22607,1036,0.000000,0.115119
7638,12331,0.000000,0.069057
7638,16926,0.000000,0.011326
22607,204,0.000000,0.012395
2586,12331,0.000000,0.049557
9190,14820,0.574436,0.021742
19232,14268,0.000000,0.000003
22345,14713,0.000000,0.027428
19232,32079,0.000000,0.015065
8596,1784,0.000000,0.007391
524,6227,0.000000,0.305818
5108,14636,0.576423,0.053473
16816,9103,0.578694,0.611495
22607,14268,0.573216,0.000100
15867,6227,0.000000,0.071287
7059,8596,0.000000,0.033563
3794,48,0.000000,0.012515
6411,254,0.000000,0.126848
19506,14636,0.000000,0.073593
6228,13544,0.000000,0.183677
14636,7611,0.576423,0.097597
8317,19232,0.000000,0.007660
15693,14636,1.000000,0.027972
12355,25394,0.000000,0.017992
19927,13970,0.000000,0.004028
914,5108,0.000000,0.015151
19232,6496,0.000000,0.012261
1547,5108,0.575492,0.252401
14564,16926,0.000000,0.008242
14268,17782,0.000000,0.000006
14820,25394,0.000000,0.013297
20333,29753,0.000000,0.010201
14820,19232,0.000000,0.013989
19506,9103,0.000000,0.024780
10705,1784,0.000000,0.064640
38149,10705,0.000000,0.068168
14713,4839,0.000000,0.013937
22345,11038,0.000000,0.015404
7411,254,0.000000,0.103854
38149,2586,0.000000,0.177412
7611,29753,0.000000,0.027865
6227,29753,0.000000,0.014437
23484,10705,0.000000,0.019389
6411,1228,0.000000,0.234440
170,3794,0.000000,0.091055
12331,4205,0.000000,0.090368
16926,30743,0.000000,0.006118
8596,9103,0.000000,0.104424
12355,6227,0.000000,0.259143
6496,24454,0.000000,0.019745
9190,1784,0.000000,0.003622
6227,4839,0.000000,0.195906
19232,13970,0.000000,0.003891
15867,48,0.574436,0.001226
524,17782,0.000000,0.006613
13008,4839,0.575492,0.184711
6411,204,0.000000,0.014010
8317,4839,0.000000,0.107038
15867,10742,0.000000,0.058033
4205,14041,0.576423,0.118219
14564,14041,0.000000,0.135316
14820,23484,0.574436,0.131133
12331,22345,0.000000,0.061197
7611,12331,0.000000,0.028649
16816,170,0.000000,0.029473
524,14268,0.574436,0.000311
8298,14564,0.000000,0.092911
1784,17782,0.000000,0.000264
33977,5108,0.000000,0.150047
13970,9190,0.576423,0.004430
8298,11018,0.576423,0.351498
1784,19232,0.000000,0.001020
29237,29494,0.671719,0.958946
1872,7047,0.000000,0.005841
19839,32338,0.675354,0.358297
2607,26716,0.674338,0.007020
10313,3654,0.000000,0.029126
877,6271,0.000000,0.015008
20700,21868,0.675700,0.014645
8439,29664,0.000000,0.020762
1641,18962,0.679312,0.069842
9522,8439,0.000000,0.020186
13973,7724,0.680540,0.046105
9647,7965,0.000000,0.001126
9522,2606,0.680540,0.020065
9647,32338,0.676647,0.009144
21868,27075,0.000000,0.011701
19793,20700,0.000000,0.466679
8431,7797,0.000000,0.022185
1872,1641,0.000000,0.058036
39904,1873,0.000000,0.036923
1872,29237,0.000000,0.274897
2624,11794,0.000000,0.013711
21868,35360,0.000000,0.049333
1378,19793,0.676936,0.083526
1378,21868,0.000000,0.005632
29202,39904,0.000000,0.025999
8439,11593,0.000000,0.003421
2624,7966,0.000000,0.012458
19369,8431,0.000000,0.028883
14027,23095,0.000000,0.015146
13973,33058,0.676936,0.122176
29494,2701,0.671719,0.200284
7724,29237,0.678968,0.033369
10313,9647,0.000000,0.007933
29237,7332,0.000000,0.009606
7332,19369,0.000000,0.116296
1873,2624,0.000000,0.012508
28927,26716,0.000000,0.260385
8431,19793,0.000000,0.239889
7797,1365,0.000000,0.025851
1378,25556,0.676936,0.001030
39904,2606,0.674059,0.187591
23095,1873,0.000000,0.044814
1378,7332,0.000000,0.070457
33058,9522,0.676936,0.034593
20021,35760,0.671719,0.252627
29494,20021,1.000000,0.473318
21868,10313,0.680596,0.007419
877,29237,0.000000,0.001613
877,35760,0.000000,0.000348
29202,35360,0.000000,0.008362
13973,10313,0.000000,0.018450
2701,10313,0.000000,0.018784
18962,1690,0.000000,0.020798
13973,20021,0.671719,0.014868
28927,1378,0.676936,0.002634
877,25556,0.000000,0.000348
20021,20700,0.000000,0.379005
35760,8431,0.000000,0.042814
27075,8431,0.000000,0.004278
23095,9647,0.000000,0.003832
7724,26716,0.000000,0.084118
198,1872,0.680816,0.113277
11846,877,0.000000,0.000555
20021,29494,1.000000,0.510938
4434,7797,0.652117,0.093679
1690,30526,0.000000,0.005530
16285,21868,0.000000,0.020652
38726,1873,0.000000,0.096013
7724,30526,0.000000,0.081956
7724,9647,0.680540,0.014435
35760,9522,0.676936,0.034593
7724,1641,0.000000,0.044480
18962,11794,0.000000,0.025792
10313,1872,0.000000,0.046311
8439,2701,0.000000,0.075387
198,8439,0.672290,0.064219
35360,29664,0.678968,0.059489
35760,8439,0.000000,0.165892
1872,1690,0.000000,0.160516
25556,29059,0.000000,0.006779
7724,11048,1.000000,0.009118
9522,27075,0.000000,0.012241
19839,33058,0.675354,0.071791
23095,33690,0.000000,0.011076
25556,29664,0.676936,0.073003
20700,8431,0.675700,0.168135
2701,8439,0.000000,0.069208
26716,28927,0.000000,0.292433
1378,29664,0.682097,0.000851
21655,34711,0.000000,0.002358
14027,1873,0.000000,0.024566
29202,20700,0.000000,0.043439
39904,26716,0.000000,0.178878
32338,11593,0.676647,0.003631
1690,198,0.000000,0.039447
20021,4434,0.000000,0.046088
2701,39904,0.674059,0.212145
1365,4434,0.000000,0.043158
30526,11593,0.000000,0.023418
7724,21868,0.000000,0.032207
26203,18504,0.000000,0.006704
18800,37185,0.000000,0.010157
5675,9515,0.660138,0.191089
21989,13729,0.000000,0.020509
9356,37185,0.000000,0.028527
17450,9356,0.000000,0.018347
18800,17450,0.660138,0.491364
11565,9515,0.000000,0.038014
21989,8406,0.000000,0.077787
21989,11565,0.000000,0.018134
8276,21989,0.000000,0.031939
26203,37185,0.000000,0.066814
9515,26015,0.000000,0.027378
13729,5675,0.000000,0.010992
26015,37185,0.000000,0.054747
21989,26015,0.000000,0.150381
9356,29689,0.000000,0.003119
8406,5675,0.000000,0.039896
13729,26203,0.000000,0.010757
8406,17450,0.000000,0.129779
12441,9356,0.000000,0.038977
13729,8406,0.000000,0.004465
26015,26203,0.671719,0.168987
18800,29689,0.000000,0.032950
8406,13729,0.000000,0.003319
13729,37185,0.655088,0.044942
8406,9356,0.000000,0.003032
26203,5675,0.000000,0.016402
17450,11565,0.000000,0.349329
5675,29689,0.000000,0.011443
26203,26015,0.671719,0.157591
18504,17450,0.000000,0.016676
12441,11565,0.000000,0.005518
13729,12441,0.000000,0.047788
11565,18800,0.000000,0.493185
26015,8406,0.000000,0.012050
11565,26015,0.000000,0.012958
29689,18800,0.000000,0.030815
17450,26203,0.000000,0.007166
17450,21989,0.000000,0.037729
29689,13729,0.000000,0.003569
5675,18800,0.660138,0.024050
12441,5675,0.000000,0.006311
11565,8406,0.000000,0.126187
29689,18504,0.000000,0.002835
26203,8406,0.000000,0.052552
11565,13729,0.000000,0.007239
11565,5675,0.000000,0.008062
9515,12441,0.000000,0.016997
37185,18504,0.000000,0.032752
11565,9356,0.000000,0.011884
9356,8406,0.000000,0.003147
12441,13729,0.000000,0.077142
37185,8276,0.000000,0.018842
21989,8276,0.000000,0.028831
29689,21989,0.000000,0.031069
37185,29689,0.000000,0.013615
18504,5675,0.000000,0.004413
21989,5675,0.000000,0.341685
13729,9356,0.000000,0.096749
9515,18504,0.000000,0.003117
13729,8276,0.000000,0.014468
9356,18504,1.000000,0.203598
8406,37185,0.000000,0.014312
8276,13729,0.000000,0.014657
29689,5675,0.000000,0.012582
5675,26203,0.000000,0.013739
8406,9515,0.000000,0.015494
9356,26015,0.000000,0.005741
37185,21989,0.000000,0.050450
18800,18504,0.000000,0.017591
18504,9356,1.000000,0.203528
37185,18800,0.000000,0.011747
13729,9515,0.000000,0.002298
21989,26203,0.000000,0.144903
9356,8276,0.000000,0.016010
8276,26015,0.000000,0.004839
18504,13729,0.000000,0.089463
18504,26203,0.000000,0.006986
5675,12441,0.000000,0.004325
9356,17450,0.000000,0.016562
8406,8276,0.000000,0.017566
21989,9515,0.000000,0.100543
9515,13729,0.000000,0.002173
12441,26015,0.000000,0.052668
17450,8276,0.661257,0.046978
26015,17450,0.000000,0.020881
26015,8276,0.000000,0.005202
17450,5675,0.661257,0.016242
21989,37185,0.000000,0.040024
5675,8276,0.663076,0.025260
9356,21989,0.000000,0.008556
18800,9515,1.000000,0.083793
9356,26203,0.000000,0.006850
8276,11565,0.000000,0.047667
17450,8406,0.000000,0.112853
18800,26203,0.000000,0.007196
37185,17450,0.000000,0.011073
21989,17450,0.000000,0.030606
26203,21989,0.000000,0.146949
25653,26723,0.675812,0.067778
495,27267,0.000000,0.011371
10189,30482,0.000000,0.016545
23566,10750,0.675812,0.123960
2732,26723,0.675812,0.009137
494,32651,0.000000,0.067234
26723,23566,0.675812,0.139543
10945,8078,0.000000,0.008096
8078,495,0.000000,0.023777
2732,32952,0.000000,0.303366
27267,10750,0.670878,0.129025
25653,10945,0.675812,0.067387
23566,495,0.000000,0.012028
494,23566,0.000000,0.012235
10945,10090,0.000000,0.008887
4025,8078,0.000000,0.241262
10090,27267,0.000000,0.046751
495,26723,0.000000,0.007194
26723,4025,0.675812,0.015868
10090,4025,0.000000,0.096891
30481,25653,0.000000,0.047185
30482,495,0.000000,0.019283
494,2732,0.000000,0.106408
495,4025,0.000000,0.011474
32952,10945,0.000000,0.029058
4025,10189,0.678680,0.355185
25653,10090,0.000000,0.024857
32952,4025,0.000000,0.146232
30481,2732,0.000000,0.005183
494,10189,0.000000,0.108016
494,27399,0.000000,0.172450
4025,32952,0.000000,0.176809
23566,10189,1.000000,0.005065
27267,10090,0.000000,0.073119
25653,23566,1.000000,0.076170
2732,30482,0.000000,0.014988
32952,495,0.000000,0.004496
10945,23566,0.675812,0.140578
494,10945,0.000000,0.011179
495,494,0.000000,0.008813
26723,27399,0.675812,0.026587
8078,30482,0.000000,0.013052
4025,10750,0.675812,0.014668
27267,10189,0.670878,0.044735
10945,32651,0.673769,0.053245
29962,495,0.000000,0.010720
25653,29962,0.675812,0.066415
10090,8078,1.000000,0.030262
32952,10189,0.000000,0.297203
25653,32651,0.673769,0.133122
26723,30481,0.000000,0.126935
27267,32651,0.670878,0.346186
30482,32651,0.000000,0.064311
10945,27399,0.675812,0.027048
27399,10189,0.678680,0.076873
30481,27267,0.000000,0.213036
495,32651,0.000000,0.012332
2732,27267,0.670878,0.045944
27267,494,0.000000,0.020572
10945,30481,0.000000,0.127350
495,30481,0.000000,0.010773
4025,10090,0.000000,0.177178
4025,32651,0.673769,0.203177
32651,30481,0.000000,0.046752
30481,27399,0.000000,0.033890
29962,10750,1.000000,0.283644
30482,23566,0.000000,0.047564
10090,23566,0.000000,0.006351
26723,25653,0.675812,0.067395
2732,4025,1.000000,0.251299
26723,29962,1.000000,0.323338
10945,27267,0.670878,0.136764
10189,29962,0.675812,0.012736
10090,495,0.000000,0.012650
32651,23566,0.673769,0.034549
10189,32952,0.000000,0.307196
30482,10189,0.000000,0.013611
10750,32952,0.000000,0.024325
29962,32651,0.673769,0.054266
27267,30481,0.000000,0.199168
32952,26723,0.000000,0.029117
10189,26723,0.675812,0.012430
25653,10750,0.675812,0.068092
30481,23566,0.000000,0.060410
32651,27399,0.673769,0.158336
30482,10750,0.000000,0.040304
10750,10189,0.675812,0.011151
30481,10750,0.000000,0.123609
8078,10945,0.000000,0.006071
10189,2732,0.678680,0.439322
23566,10090,0.000000,0.006883
10189,25653,1.000000,0.074197
495,29962,0.000000,0.007400
30481,26723,0.000000,0.123846
8078,27399,0.000000,0.103734
26723,32651,0.673769,0.052816
10750,10945,1.000000,0.402302
29962,27399,0.675812,0.028108
10750,32651,0.673769,0.052456
10945,32952,0.000000,0.024233
24505,10285,0.000000,0.036623
20362,6099,0.679312,0.401853
17376,6099,0.000000,0.002236
18797,17375,0.000000,0.398051
17376,28892,0.000000,0.000683
17376,26818,0.000000,0.000341
18797,27194,0.000000,0.031138
5473,9421,0.676936,0.244339
18797,29542,0.673310,0.011632
10284,6099,0.673310,0.085048
24505,10284,0.673310,0.244441
17375,29542,0.000000,0.016930
29542,24505,0.673310,0.221064
28892,21172,1.000000,0.405000
25890,27194,0.000000,0.034272
28892,20362,0.676936,0.244890
9421,6099,0.679312,0.401853
25890,21172,0.673310,0.219318
6099,5473,0.676936,0.350814
17376,10284,0.000000,0.000326
29542,6099,0.673310,0.085048
18797,9421,0.678225,0.022490
28892,24505,1.000000,0.472623
27194,20362,0.000000,0.026101
24505,29158,0.000000,0.073408
17376,5473,0.000000,0.000679
28892,26818,0.675354,0.471049
26818,10285,0.000000,0.084317
21172,20362,0.676936,0.245686
29542,26818,0.673310,0.316151
6099,10285,0.000000,0.007648
10285,17375,0.000000,0.003427
29542,10285,0.000000,0.442263
29158,17375,0.000000,0.023637
5473,10284,0.673310,0.245569
21172,10285,0.000000,0.036726
24505,27194,0.000000,0.103724
29542,17376,0.000000,0.000415
5473,29542,0.673310,0.245569
29158,25890,0.000000,0.129173
9421,27194,0.000000,0.024447
29158,10284,0.000000,0.129173
28892,5473,1.000000,0.433225
9421,5473,0.676936,0.247184
29542,29158,0.000000,0.110857
20362,27194,0.000000,0.024447
28892,18797,0.676936,0.037729
10284,28892,0.673310,0.221064
17376,10285,0.000000,0.000025
26818,27194,0.000000,0.140593
17375,21172,0.000000,0.027605
25890,5473,0.673310,0.222030
17375,24505,0.000000,0.027489
21172,29158,0.000000,0.072449
29158,9421,0.000000,0.031128
24505,26818,0.675354,0.471049
26818,10284,0.673310,0.367147
18797,10284,0.673310,0.011632
20362,25890,0.673310,0.054076
25890,17375,0.000000,0.013906
10285,26818,0.000000,0.069078
9421,25890,0.673310,0.054076
17375,26818,0.000000,0.033103
17376,18797,0.000000,0.003822
24505,21172,1.000000,0.405000
9421,17375,0.000000,0.023908
17376,27194,0.000000,0.000766
18797,29158,0.000000,0.007753
29158,5473,0.000000,0.128560
9421,17376,0.000000,0.002463
21172,29542,0.673310,0.242678
5473,18797,0.676936,0.037523
26818,5473,0.675354,0.476007
20362,21172,0.676936,0.247651
27194,26818,0.000000,0.152823
5473,21172,1.000000,0.368390
21172,27194,0.000000,0.106731
24505,18797,0.676936,0.037729
29542,5473,0.673310,0.222030
25890,6099,0.673310,0.085048
25890,28892,0.673310,0.221064
10285,29542,0.000000,0.440071
20362,10284,0.673310,0.054076
29158,6099,0.000000,0.048499
9421,29158,0.000000,0.022435
25890,9421,0.673310,0.054788
10284,10285,0.000000,0.442263
27194,10284,0.000000,0.033729
5473,28892,1.000000,0.433263
6099,29542,0.673310,0.080239
10285,21172,0.000000,0.035655
10284,17375,0.000000,0.013906
9421,18797,0.678225,0.032359
21172,5473,1.000000,0.368209
21172,18797,0.676936,0.037992
18797,20362,0.678225,0.022490
26818,6099,0.675354,0.221562
10284,5473,0.673310,0.222030
29542,9421,0.673310,0.054788
27194,24505,0.000000,0.115081
17251,30569,1.000000,0.672851
26497,13787,0.676936,0.516769
31181,5588,0.000000,0.338478
5587,17357,0.000000,0.000192
17251,35965,0.000000,0.686180
14790,17357,0.673310,0.327881
8753,26497,0.675354,0.618216
12169,17251,0.000000,0.597414
17357,14790,0.673310,0.422639
8753,39,0.000000,0.014007
35965,17252,0.000000,0.037628
19177,17251,0.000000,0.597414
17251,38291,0.000000,0.699949
19622,5588,0.000000,0.226221
12170,31181,0.000000,0.418967
35965,14790,0.000000,0.148344
5588,19177,0.000000,0.090948
22524,39,0.000000,0.002965
22524,12169,0.000000,0.582486
14790,17252,0.000000,0.030873
38291,35965,1.000000,0.050078
1399,14790,0.000000,0.080268
5588,12169,0.000000,0.090948
13787,17251,0.673310,0.538994
17252,8753,0.000000,0.064536
14790,35965,0.000000,0.148226
12170,13787,0.000000,0.418967
14790,8753,0.673310,0.330300
38291,14790,0.000000,0.031911
5588,17252,0.000000,0.076045
17251,17357,0.673310,0.609134
5587,1399,0.000000,0.000769
17357,12170,0.000000,0.611883
1399,31181,0.000000,0.361206
39,30569,0.000000,0.019432
19622,31181,0.000000,0.246592
22524,31181,0.000000,0.533157
8753,5198,0.000000,0.005002
5587,26497,0.000000,0.675812
5588,5198,0.000000,0.005042
35965,31181,0.000000,0.319176
35965,38291,1.000000,0.045161
5198,17252,0.000000,0.007743
14790,13787,0.673310,0.252094
17252,17357,0.000000,0.064661
22524,14790,0.673310,0.410084
39,22524,0.000000,0.002465
5587,31181,0.000000,0.000223
39,19177,0.000000,0.017366
8753,38291,0.000000,0.611720
5588,17357,0.000000,0.093308
35965,17357,0.000000,0.426425
39,13787,0.000000,0.011637
26497,5198,0.000000,0.000146
22524,35965,0.000000,0.433066
19622,5198,0.000000,0.000664
19622,17251,1.000000,0.587225
8753,19622,0.673310,0.416319
19177,5198,0.000000,0.004985
17252,31181,0.000000,0.042705
38291,17357,0.000000,0.581317
26497,5587,0.000000,0.582481
30569,12170,0.000000,0.027832
1399,5588,0.000000,0.260794
13787,17357,0.675354,0.500894
31181,14790,0.000000,0.378793
39,8753,0.000000,0.017377
5198,31181,0.000000,0.008653
26497,38291,0.000000,0.073292
8753,19177,0.000000,0.953728
22524,26497,0.675354,0.562909
5587,17251,0.000000,0.000730
12169,17357,0.000000,0.956616
19177,38291,0.000000,0.611810
17252,22524,0.000000,0.012050
39,5588,0.000000,0.017374
5587,5588,0.000000,0.000262
17357,13787,0.675354,0.506742
5588,12170,0.000000,0.612317
26497,17251,0.673310,0.338277
31181,1399,0.000000,0.310272
1399,30569,0.000000,0.079073
12170,19177,0.000000,0.581056
31181,12169,0.000000,0.501869
26497,19622,0.673310,0.027434
13787,26497,0.676936,0.628887
30569,5198,0.000000,0.000662
1399,35965,0.000000,0.104720
19622,30569,1.000000,0.997851
30569,14790,1.000000,0.997218
19622,5587,0.000000,0.000280
26497,12170,0.000000,0.073292
12169,5588,0.000000,0.088776
13787,5198,0.000000,0.004828
12169,12170,0.000000,0.611810
5587,5198,0.000000,0.001213
19177,8753,0.000000,0.953645
19177,17252,0.000000,0.071132
14790,12170,0.000000,0.027904
26497,35965,0.000000,0.034088
24974,32004,0.000000,0.008397
6897,24974,0.000000,0.011264
11093,24974,0.000000,0.029433
15132,24974,0.671098,0.150844
24974,11093,0.000000,0.043846
6897,15131,0.000000,0.008649
15131,24974,0.000000,0.021588
15131,11093,0.000000,0.000923
32004,24974,0.000000,0.006826
6897,11093,1.000000,0.009638
6897,15132,0.000000,0.012540
11093,15132,0.000000,0.020391
11093,32004,0.000000,0.013813
32004,11093,0.000000,0.011475
11093,15131,0.000000,0.000722
15131,15132,0.000000,0.023172
15131,6897,0.000000,0.010403
32004,15131,0.000000,0.090009
15132,15131,0.000000,0.022332
15132,6897,0.000000,0.012076
15132,32004,0.000000,0.477414
11093,6897,1.000000,0.008212
6897,32004,0.000000,0.005382
15132,11093,0.000000,0.035051
32004,15132,0.000000,0.418678
24974,15132,0.671098,0.155721
24974,6897,0.000000,0.013565
32004,6897,0.000000,0.003536
24974,15131,0.000000,0.016180
15131,32004,0.000000,0.116592
31642,33444,0.681727,0.689586
4123,13709,0.000000,0.945060
4174,17104,0.000000,0.006707
31642,32968,0.681727,0.689586
25804,25273,1.000000,0.996239
17752,38032,1.000000,0.787432
32968,24573,0.681727,0.740088
30357,14602,0.000000,0.002429
1740,17104,0.681727,0.641810
35626,38736,1.000000,0.996239
18915,12043,0.000000,0.044029
5167,11767,0.000000,0.000132
1488,21086,0.681727,0.537032
14601,13874,0.000000,0.254192
31642,9360,0.684568,0.387109
8079,31642,0.000000,0.040836
12435,31642,0.684568,0.411574
20695,34406,0.681727,0.660604
5947,14602,0.000000,0.001222
17104,4123,0.000000,0.006258
11767,16207,0.681727,0.600242
18,31642,0.000000,0.044567
18915,19738,0.000000,0.327097
18,18915,0.680816,0.090411
12043,32968,0.000000,0.408173
30357,1740,0.686575,0.434867
37680,20695,0.681727,0.670498
29403,25524,0.681727,0.531749
39110,17752,1.000000,0.253331
12043,18834,0.000000,0.403584
25804,13874,0.681727,0.655077
1488,30357,1.000000,0.269035
19738,25804,0.000000,0.061380
16909,39683,0.000000,0.016349
40407,30300,0.681727,0.450196
39369,4123,0.000000,0.006258
13709,38736,0.000000,0.007451
10538,1708,0.000000,0.000842
17104,4174,0.000000,0.004209
38032,13709,0.000000,0.004428
25524,30357,0.681727,0.475998
37680,1708,0.000000,0.001623
1740,37680,0.681727,0.641810
13709,16439,0.000000,0.018931
1708,8079,0.000000,0.002513
32968,608,0.000000,0.002500
608,38736,0.000000,0.000959
40532,6021,0.000000,0.015040
19738,12435,0.000000,0.129051
21086,30300,0.681727,0.450196
14601,35626,0.000000,0.358223
38032,40407,0.681727,0.523589
39369,38032,0.681727,0.485155
11767,6020,0.000000,0.120587
25524,36613,1.000000,0.996239
17752,18,0.000000,0.058179
1708,32714,0.000000,0.001185
13709,21086,0.000000,0.007451
24573,4174,0.000000,0.001954
40407,31642,0.681727,0.753286
40407,13899,0.681727,0.661406
39110,8079,0.000000,0.010270
37680,37600,0.000000,0.429434
25524,17166,0.681727,0.498204
20695,16909,0.000000,0.006324
17166,38736,0.681727,0.534055
608,13709,0.691745,0.233805
6020,14602,0.000000,0.006639
39683,34406,1.000000,0.996239
18,290,0.000000,0.002119
21086,1740,0.681727,0.660138
19738,5947,0.000000,0.071499
37680,6021,0.000000,0.015040
12435,24573,0.684568,0.509184
37600,39110,0.000000,0.033339
38032,1488,1.000000,0.514390
13709,8079,0.685671,0.006060
4174,1740,0.000000,0.017876
39369,29032,0.681727,0.739712
15347,31642,0.684568,0.405505
13709,15347,0.000000,0.002713
290,21086,0.000000,0.002518
40196,17104,1.000000,0.996239
21086,13874,0.681727,0.655077
17104,39369,1.000000,0.996239
1708,4174,1.000000,0.000170
21086,15347,0.681727,0.486387
11767,35626,1.000000,0.996239
6020,16909,0.000000,0.004405
25524,11767,1.000000,0.996239
16207,13874,0.684568,0.589517
17752,16439,0.000000,0.030269
38736,38032,0.681727,0.485155
6020,9911,0.000000,0.027752
14602,31080,0.000000,0.002094
40407,6020,0.000000,0.120587
40532,39369,1.000000,0.996239
25804,39110,0.681727,0.471664
18834,14601,0.000000,0.481828
25273,13709,0.000000,0.012382
24435,8003,0.686311,0.061445
35313,5246,0.679892,0.522240
15872,8941,0.000000,0.244293
40143,21504,0.679892,0.428652
8362,38850,0.684754,0.424174
36733,8941,0.000000,0.017650
21504,32656,0.684754,0.146355
28035,35313,1.000000,0.197227
8941,24865,0.000000,0.016945
40143,13483,0.679892,0.430624
4569,5246,0.000000,0.028320
21504,8941,0.000000,0.022292
35313,11682,0.682741,0.480719
38742,9518,0.682741,0.295723
6583,15872,0.682741,0.049636
21504,7108,0.684754,0.127644
8003,10449,0.684754,0.258959
26749,8003,0.682741,0.090274
22842,11682,1.000000,0.499670
4257,27419,0.679892,0.656973
6138,4569,0.000000,0.159071
38742,5246,0.679892,0.576068
4811,2021,0.000000,0.015354
28652,22842,0.684754,0.262571
2020,38437,0.679892,0.318291
32386,35313,0.682741,0.146129
5246,22842,0.679892,0.438258
1171,4257,0.679892,0.393859
29273,5246,0.679892,0.583072
14926,5246,1.000000,0.996052
34725,26008,0.687580,0.168432
24435,24865,1.000000,0.093546
37010,25503,0.679892,0.576226
37047,38850,0.679892,0.339803
13483,14926,0.679892,0.481106
6138,5246,0.679892,0.053808
6138,2020,0.688650,0.035403
32656,28035,0.682741,0.122423
37047,34725,0.679892,0.275858
24865,37047,0.679892,0.471088
5246,32386,0.679892,0.428652
11682,27385,1.000000,0.457302
2021,35313,0.000000,0.022441
28624,35313,0.679892,0.516011
2020,22842,0.684754,0.117498
35313,14926,0.679892,0.522240
34954,28652,0.679892,0.358133
33812,27419,0.682741,0.478510
8724,38850,0.686311,0.391510
4811,1126,0.684754,0.202160
8003,14926,0.679892,0.383939
8003,5544,0.000000,0.008762
34954,18023,0.679892,0.290517
4257,20474,0.679892,0.408799
25503,7576,0.679892,0.430624
11682,4413,0.684754,0.113117
38742,6138,0.682741,0.046889
6583,1126,0.689576,0.073753
5246,39253,0.679892,0.517401
13483,32656,0.684754,0.147361
7108,25503,0.679892,0.322673
28563,18023,0.684754,0.146032
28624,18023,0.679892,0.290517
28624,4413,0.679892,0.220847
39253,40143,0.679892,0.523116
34725,8362,0.684754,0.122088
37047,34954,1.000000,0.996052
39253,8003,0.682741,0.090518
9518,28563,0.684754,0.288570
11682,1171,0.684754,0.235468
9518,7108,0.687580,0.152490
2020,2021,0.000000,0.028804
5544,6583,0.000000,0.004968
38742,37010,1.000000,0.981210
21504,9518,0.684754,0.342087
28652,8941,0.000000,0.010282
24865,29273,1.000000,0.318306
9518,35313,0.682741,0.073800
5544,33812,0.000000,0.476290
14926,8003,0.679892,0.353724
15872,26749,1.000000,0.886878
40143,38437,1.000000,0.996052
24865,4569,0.000000,0.010011
8003,8362,0.684754,0.077216
18023,40143,0.679892,0.379555
14926,13483,0.679892,0.430624
24865,7576,0.684754,0.325002
32386,18023,0.684754,0.150001
25503,38742,0.679892,0.563940
7576,38850,0.684754,0.091922
26749,35313,1.000000,0.783364
29273,8724,0.686311,0.678065
4811,8724,0.684754,0.340986
29273,8362,0.684754,0.405294
4257,2020,0.679892,0.269021
33812,4569,0.000000,0.044998
32386,9518,0.684754,0.342087
7576,15872,0.682741,0.147515
29273,4811,0.684754,0.336728
32656,38850,1.000000,0.189766
8170,25470,0.000000,0.038509
33928,16419,0.000000,0.012309
16619,16609,0.000000,0.010420
16419,37994,0.000000,0.576823
16609,25469,0.000000,0.148198
16609,16619,0.000000,0.010916
25470,16609,0.000000,0.011576
32883,25470,0.000000,0.021385
33928,32883,0.540012,0.341322
37124,16419,0.000000,0.010657
37994,33928,0.000000,0.017389
16619,25470,0.000000,0.006845
37124,32883,0.000000,0.342869
33928,25470,0.000000,0.032141
2403,33928,0.540012,0.330368
37994,25469,0.000000,0.036468
33928,16609,0.000000,0.230304
32883,16619,0.000000,0.011129
8170,37124,0.000000,0.004403
16609,33928,0.000000,0.164723
25469,8170,0.000000,0.017444
28316,16619,0.000000,0.074803
2403,25469,0.000000,0.387797
25470,25469,0.000000,0.023900
16619,37124,0.000000,0.014607
2403,8170,0.000000,0.001375
8170,37994,0.000000,0.090721
37124,2403,0.000000,0.339184
25470,32883,0.000000,0.020413
25470,33928,0.000000,0.038044
33928,16619,0.000000,0.013135
25469,28316,0.000000,0.049328
32883,16419,0.000000,0.001446
8170,16609,0.000000,0.005261
37124,33928,0.000000,0.413774
37994,2403,0.000000,0.006577
25470,28316,0.000000,0.061520
37994,37124,0.000000,0.015950
32883,37124,0.000000,0.369180
16619,33928,0.000000,0.014618
33928,28316,0.000000,0.030551
32883,2403,0.542324,0.281230
37994,16609,0.000000,0.002084
25469,16609,0.000000,0.207473
2403,25470,0.000000,0.017906
28316,2403,0.000000,0.007757
8170,25469,0.000000,0.014330
28316,16609,0.000000,0.010223
25469,16619,0.000000,0.027866
25469,33928,0.000000,0.471020
16609,37994,0.000000,0.003298
2403,37124,0.000000,0.341472
33928,25469,0.000000,0.523742
37994,32883,0.000000,0.002653
37994,16619,0.000000,0.015277
16609,37124,0.000000,0.155244
32883,28316,0.000000,0.007089
16419,16619,0.000000,0.005360
16609,32883,0.000000,0.162735
8170,16619,0.000000,0.008515
16609,25470,0.000000,0.004795
32883,33928,0.540012,0.369341
16619,2403,0.000000,0.005338
28316,16419,1.000000,0.032731
25470,37994,0.000000,0.033468
8170,16419,1.000000,0.053656
37994,8170,0.000000,0.073599
8170,2403,0.000000,0.000709
2403,16609,0.000000,0.148614
33928,37994,0.000000,0.030856
2403,37994,0.000000,0.015790
16619,16419,0.000000,0.006860
25469,37994,0.000000,0.049026
8170,28316,1.000000,0.124192
25470,37124,0.000000,0.037252
37994,28316,0.000000,0.041483
37994,16419,0.000000,0.563881
37124,16619,0.000000,0.013881
25470,8170,0.000000,0.088213
37124,25469,0.000000,0.509831
16419,28316,1.000000,0.034989
37994,25470,0.000000,0.018849
28316,33928,0.000000,0.024124
28316,25469,0.000000,0.045777
16419,2403,0.000000,0.000975
2403,16619,0.000000,0.006627
32883,37994,0.000000,0.005842
37124,25470,0.000000,0.031912
32883,25469,0.000000,0.216826
25470,16619,0.000000,0.010496
16609,2403,0.000000,0.116200
28316,37994,0.000000,0.047249
37124,16609,0.000000,0.214965
8170,33928,0.000000,0.005558
25469,2403,0.000000,0.266551
16609,16419,0.000000,0.003325
16619,28316,0.000000,0.056188
25470,16419,0.000000,0.079385
16619,25469,0.000000,0.036841
37124,37994,0.000000,0.029004
17068,9738,0.000000,0.146169
26099,35421,1.000000,0.998604
9738,9697,0.668819,0.182448
14458,10906,0.000000,0.202877
30600,24731,0.000000,0.000434
35421,14458,0.000000,0.000119
10206,13653,0.000000,0.000171
13653,24731,0.000000,0.001322
23597,14459,1.000000,0.999182
17068,26099,0.000000,0.088168
9697,26099,1.000000,0.998604
33551,14459,1.000000,0.999182
30600,26099,0.000000,0.458503
1027,10906,0.000000,0.000437
24731,10207,0.000000,0.000054
33551,17068,1.000000,0.001187
17068,9697,0.000000,0.088168
17068,30600,0.000000,0.097921
9738,30601,0.670878,0.203556
9738,13653,0.000000,0.062132
30501,10906,0.000000,0.000205
13653,14458,0.000000,0.000096
30501,26099,1.000000,0.998604
14459,23597,1.000000,0.999182
17068,1027,1.000000,0.027401
35421,14459,0.000000,0.000080
10207,10906,0.000000,0.000074
26099,1027,0.000000,0.008954
24731,14458,0.000000,0.487455
17068,30501,0.000000,0.088168
24731,23597,1.000000,0.999182
30501,9738,0.668819,0.170805
24731,26099,0.000000,0.000109
1027,17068,1.000000,0.024582
10906,24731,0.000000,0.037375
10207,14458,0.000000,0.000036
10207,35421,0.000000,0.032714
33551,30600,0.000000,0.000522
23597,30601,0.000000,0.002699
30501,10206,0.000000,0.000034
14459,1027,1.000000,0.091828
10206,9738,0.000000,0.000032
9738,10206,0.000000,0.000133
33551,24731,1.000000,0.999182
23597,9738,0.000000,0.001316
14458,26099,0.000000,0.000040
10206,14459,0.000000,0.699795
30501,13653,0.000000,0.012313
10207,9697,0.000000,0.032714
1027,10207,0.000000,0.005214
10207,33551,0.000000,0.000040
24731,13653,0.000000,0.001857
23597,17068,1.000000,0.001187
30501,10207,0.000000,0.037380
30600,33551,0.000000,0.000434
35421,30601,0.668819,0.298174
13653,33551,0.000000,0.001322
10206,9697,0.000000,0.000009
33551,10906,0.000000,0.014689
23597,30501,0.000000,0.000109
1027,30600,0.000000,0.004386
30600,9738,0.000000,0.098824
23597,26099,0.000000,0.000109
17068,13653,0.000000,0.045177
30600,23597,0.000000,0.000434
26099,24731,0.000000,0.000080
30601,17068,0.000000,0.024468
26099,9738,0.668819,0.170805
30600,14458,0.000000,0.000093
9738,35421,0.668819,0.182448
24731,10906,0.000000,0.014689
10207,13653,0.000000,0.016476
14458,14459,0.000000,0.504272
1027,14459,1.000000,0.107378
10207,30601,0.000000,0.157580
14458,24731,0.000000,0.504272
10906,26099,0.000000,0.000534
35421,17068,0.000000,0.131966
30600,35421,0.000000,0.458503
10206,35421,0.000000,0.000009
10906,14458,0.000000,0.274489
1027,23597,1.000000,0.107378
14458,9738,0.000000,0.000023
1027,30501,0.000000,0.009288
14458,10207,0.000000,0.000010
30501,9697,1.000000,0.998604
30601,23597,0.000000,0.002163
33551,1027,1.000000,0.091828
30501,1027,0.000000,0.008954
23597,10207,0.000000,0.000054
9697,1027,0.000000,0.008954
1027,26099,0.000000,0.009288
35421,23597,0.000000,0.000080
9738,14458,0.000000,0.000085
10206,33551,0.000000,0.699795
33551,13653,0.000000,0.001857
24731,30601,0.000000,0.002699
26099,10206,0.000000,0.000034
10207,10206,0.000000,0.000010
24731,14459,1.000000,0.999182
4161,1244,1.000000,0.465350
39773,27997,0.000000,0.000004
39773,1244,0.000000,0.005921
27997,4161,0.000000,0.032040
39773,18307,0.000000,0.002128
18307,27997,0.000000,0.000603
18306,1244,0.000000,0.013883
18307,4161,0.000000,0.053913
1244,4161,1.000000,0.576757
4161,39773,0.000000,0.003286
39773,18306,0.000000,0.000020
27997,18306,0.000000,0.074533
4161,27997,0.000000,0.019211
1244,18307,0.000000,0.087318
18306,27997,0.000000,0.059540
1244,18306,0.000000,0.020586
18306,4161,0.000000,0.024031
18306,39773,0.000000,0.000005
4161,18307,0.000000,0.056734
1244,27997,0.000000,0.035316
39773,4161,0.000000,0.003594
27997,18307,0.000000,0.000165
27997,39773,0.000000,0.000001
18307,39773,0.000000,0.001592
4161,18306,0.000000,0.026097
18306,18307,0.000000,0.000524
27997,1244,0.000000,0.028826
1244,39773,0.000000,0.005696
18307,18306,0.000000,0.001452
18307,1244,0.000000,0.077454
7801,3639,0.686384,0.553054
24858,18692,0.686384,0.541587
29011,13141,0.686384,0.485149
16728,12266,0.687936,0.514437
10209,14470,1.000000,0.929812
2645,36174,0.687936,0.514967
36308,8287,0.686384,0.553556
1593,3410,0.000000,0.001085
34348,27103,0.686384,0.524917
825,34348,0.691192,0.440099
13141,12266,0.692731,0.451242
4896,5442,0.686384,0.504345
28923,3410,0.000000,0.001401
10083,18113,0.691192,0.451882
30798,29011,0.686384,0.600538
36308,14326,0.686384,0.539429
36308,10209,1.000000,0.946187
16728,19635,0.000000,0.132671
4896,26682,0.686384,0.503810
19865,7818,0.689201,0.491823
13141,11832,0.687936,0.492822
18444,23751,0.690269,0.456512
4529,825,0.689201,0.513969
23027,1593,0.686384,0.587586
19865,10209,0.686384,0.545961
24858,12266,0.690269,0.487351
14470,4482,0.686384,0.559493
2318,12266,0.000000,0.005472
23617,4896,0.687936,0.543914
34348,7362,0.691192,0.433206
21982,11832,0.687936,0.530740
20205,23027,0.686384,0.608773
18692,20205,0.686384,0.601155
12266,21982,0.692005,0.435338
7818,19635,0.000000,0.042929
2252,10209,1.000000,0.826417
7362,14326,0.691192,0.431622
26715,18113,0.686384,0.546796
20205,12433,0.686384,0.608030
24391,26682,1.000000,0.980838
33944,24858,0.686384,0.548408
16820,13141,0.692005,0.430034
32150,19865,0.686384,0.577803
825,19030,0.686384,0.477342
29011,18692,1.000000,0.912172
26715,2252,1.000000,0.978795
11167,4529,0.686384,0.588262
7276,16820,0.000000,0.130310
16728,1593,0.687936,0.510791
26682,30798,0.686384,0.605933
15005,16728,1.000000,0.831284
24391,13598,0.686384,0.559791
26682,15005,0.686384,0.637121
5442,28923,1.000000,0.974107
5442,24858,0.686384,0.560789
24858,19030,0.686384,0.530048
7818,11832,0.687936,0.471686
19030,16728,0.686384,0.623637
13598,24391,0.686384,0.549584
1593,36308,0.686384,0.565538
7818,36308,0.686384,0.447135
24391,18692,1.000000,0.839298
12433,18113,0.686384,0.557224
27103,30798,0.686384,0.604270
18444,19865,0.689201,0.477443
1593,18444,0.689201,0.491582
36308,30798,0.686384,0.579857
5442,21982,0.686384,0.543013
1593,7362,0.689201,0.493597
18692,13598,0.686384,0.552877
19865,30798,0.687936,0.544901
10083,11167,0.686384,0.488458
21982,9575,0.686384,0.503185
32150,14326,0.686384,0.554090
33944,15005,0.686384,0.629259
23617,5442,0.686384,0.616862
11832,4482,0.687936,0.582968
15005,15150,0.687936,0.341179
19635,3639,0.000000,0.076395
23027,11167,1.000000,0.973072
4529,7818,0.689201,0.490075
2733,2318,0.000000,0.006593
26715,1593,0.686384,0.573332
25255,3640,0.000000,0.034084
8287,18692,0.686384,0.549573
36174,24391,0.686384,0.629359
16728,3640,0.000000,0.023589
2318,3410,0.000000,0.009707
27103,33944,1.000000,0.902288
36308,19030,1.000000,0.900873
10083,13141,0.692731,0.448328
19030,2735,0.686384,0.520383
4888,7362,0.000000,0.466915
15150,16820,0.692005,0.462544
35844,18113,0.687936,0.550686
2252,30798,0.686384,0.591390
11167,19635,0.000000,0.104332
19865,19030,0.686384,0.548336
4482,23027,0.686384,0.560897
12266,2735,0.692731,0.452758
9893,8875,0.000000,0.010821
10013,9893,0.000000,0.003321
10013,26740,0.000000,0.032524
8583,10013,0.000000,0.006644
26739,10013,0.000000,0.043533
8583,9893,0.000000,0.007975
26740,9893,0.000000,0.275420
26740,4475,0.000000,0.007618
8875,8583,0.000000,0.109382
10013,8875,0.000000,0.004251
10013,4475,0.000000,0.001061
8875,9893,0.000000,0.005111
4475,26740,0.000000,0.004551
8875,26739,0.649134,0.008934
9893,26740,0.000000,0.249477
26739,26740,0.000000,0.005471
4475,8583,1.000000,0.077215
8875,10013,0.000000,0.004620
26739,8583,0.000000,0.015529
8583,26739,0.000000,0.010511
26740,8875,0.000000,0.063328
8583,4475,1.000000,0.023011
8875,4475,0.000000,0.003877
4475,10013,0.000000,0.001561
26740,10013,0.000000,0.058711
4475,26739,0.000000,0.002835
9893,26739,0.000000,0.010922
9893,10013,0.000000,0.003426
26739,4475,0.000000,0.002079
8583,8875,0.000000,0.144469
26740,8583,0.000000,0.367618
8875,26740,0.000000,0.021117
4475,9893,0.000000,0.000032
26739,8875,0.649134,0.014714
26739,9893,0.000000,0.009951
26740,26739,0.000000,0.013452
4475,8875,0.000000,0.009281
8583,26740,0.000000,0.144247
10013,8583,0.000000,0.009510
9893,4475,0.000000,0.000029
10013,26739,0.000000,0.038448
9893,8583,0.000000,0.019449
16488,9609,0.542967,0.484962
738,8811,0.000000,0.109116
25961,13690,0.000000,0.093716
21222,8383,0.000000,0.013422
2833,28135,0.000000,0.005165
35313,737,0.000000,0.257290
8811,9609,0.000000,0.091245
13690,8811,0.000000,0.482323
13690,28097,0.000000,0.033314
22005,35313,0.000000,0.121935
8384,25961,0.000000,0.074016
13689,8383,0.000000,0.023818
21222,738,0.000000,0.177174
19938,16488,0.000000,0.038290
22005,16488,0.000000,0.018987
19938,25961,0.673310,0.245218
2833,8811,1.000000,0.962071
39852,8384,0.000000,0.008848
28135,8384,0.000000,0.001022
32052,39852,0.666754,0.253050
19938,35313,0.000000,0.042246
8383,21222,0.000000,0.010112
22005,738,0.000000,0.048392
25961,19938,0.673310,0.238398
32052,16488,0.000000,0.070825
39852,2833,0.000000,0.006720
16488,19938,0.000000,0.055423
738,32052,0.000000,0.117063
13689,28097,0.000000,0.008695
8811,738,0.000000,0.091245
9609,39852,0.000000,0.281671
35313,9609,0.542967,0.440267
28135,21222,0.000000,0.123574
2833,35313,0.000000,0.028129
738,21222,0.000000,0.234135
737,16488,0.000000,0.110253
13690,21222,0.000000,0.022358
8811,21222,0.000000,0.018142
13689,25961,1.000000,0.005094
32052,13689,0.671719,0.063878
8811,737,0.000000,0.000055
737,2833,0.000000,0.000041
35313,39852,0.000000,0.199630
28135,13689,0.000000,0.009731
738,39852,0.000000,0.281671
16488,8384,0.000000,0.000828
2833,39852,0.000000,0.007433
28135,737,0.000000,0.136193
32052,28097,0.000000,0.080730
28097,8383,0.000000,0.016028
737,35313,0.000000,0.270844
28135,8811,0.000000,0.008231
8811,25961,0.000000,0.589694
13689,13690,0.000000,0.006581
16488,25961,0.000000,0.011369
32052,8383,0.000000,0.079245
13689,32052,0.671719,0.050029
13689,21222,0.000000,0.006767
13689,28135,0.000000,0.008213
21222,13689,0.000000,0.008747
8384,19938,0.000000,0.020854
738,737,0.000000,0.120363
738,22005,0.000000,0.115388
738,28135,0.542967,0.511554
16488,13690,0.000000,0.027978
28135,25961,0.000000,0.014868
8383,19938,0.000000,0.017541
32052,28135,0.000000,0.078277
8383,13689,0.000000,0.026494
13689,22005,0.000000,0.003938
2833,737,0.000000,0.000023
8383,16488,0.000000,0.011257
737,8384,0.000000,0.000059
25961,22005,0.000000,0.027398
28097,2833,0.000000,0.008247
737,9609,0.000000,0.104368
25961,738,0.000000,0.016210
8384,13689,0.000000,0.003338
28097,9609,0.000000,0.517884
39852,25961,0.666754,0.018982
8383,35313,0.000000,0.018212
8384,35313,0.000000,0.001069
22005,737,0.000000,0.014268
2833,9609,0.000000,0.166038
35313,8383,0.000000,0.017060
22005,32052,0.000000,0.011501
22005,9609,0.000000,0.048392
39852,22005,0.000000,0.003952
28135,8383,0.000000,0.015241
9609,737,0.000000,0.120363
8384,39852,0.000000,0.005869
28097,16488,0.000000,0.499628
2833,13689,0.000000,0.000279
28097,32052,0.000000,0.073904
737,39852,0.000000,0.003762
25961,35313,0.000000,0.024994
35313,738,0.542967,0.440267
35313,13690,0.000000,0.071527
9609,13690,0.000000,0.102285
13689,39852,0.666754,0.047821
23092,27887,0.666754,0.079538
39064,23092,1.000000,0.991239
39064,25798,0.000000,0.086130
39064,10933,0.000000,0.043799
39064,8203,0.666754,0.533963
19971,2572,0.000000,0.182130
23092,19971,0.666754,0.006232
10933,2571,0.000000,0.354275
2571,8203,0.669663,0.121499
27887,23092,0.666754,0.074096
8203,23092,0.666754,0.504028
25798,39064,0.000000,0.086881
27887,25798,0.000000,0.079132
19971,10933,0.000000,0.052129
10933,27887,0.000000,0.023566
23092,2571,0.666754,0.199848
25798,27887,0.000000,0.100339
10933,8203,0.000000,0.008797
10933,19971,0.000000,0.052770
2572,25798,0.000000,0.028460
2572,10933,0.000000,0.192141
23092,10933,0.000000,0.043799
19971,39064,0.666754,0.007012
10933,25798,1.000000,0.452024
23092,39064,1.000000,0.991239
10933,23092,0.000000,0.033599
10933,2572,0.000000,0.174157
25798,2571,0.000000,0.175523
8203,10933,0.000000,0.011827
27887,2571,1.000000,0.082524
2571,10933,0.000000,0.457301
2571,23092,0.666754,0.203231
2572,2571,0.000000,0.035533
19971,25798,0.000000,0.012738
19971,23092,0.666754,0.007012
2572,27887,0.000000,0.003997
19971,2571,0.671719,0.011035
27887,2572,0.000000,0.004791
25798,19971,0.000000,0.019629
25798,10933,1.000000,0.531188
2571,27887,1.000000,0.093290
39064,2571,0.666754,0.199848
8203,19971,0.669663,0.012685
39064,19971,0.666754,0.006232
25798,8203,0.000000,0.056189
39064,2572,0.000000,0.021356
8203,39064,0.666754,0.504028
2571,19971,0.671719,0.015496
27887,10933,0.000000,0.040419
10933,39064,0.000000,0.033599
8203,25798,0.000000,0.034210
2572,23092,0.000000,0.021194
23092,2572,0.000000,0.021356
2572,19971,0.000000,0.171774
19971,8203,0.669663,0.019479
27887,8203,0.669663,0.043773
8203,27887,0.669663,0.036189
2572,39064,0.000000,0.021194
27887,39064,0.666754,0.074096
23092,8203,0.666754,0.533963
23092,25798,0.000000,0.086130
39064,27887,0.666754,0.079538
19971,27887,0.671719,0.002136
2571,39064,0.666754,0.203231
25798,23092,0.000000,0.086881
2572,8203,0.000000,0.045302
25798,2572,0.000000,0.045877
8203,2571,0.669663,0.089849
2571,2572,0.000000,0.051859
27887,19971,0.671719,0.002784
8203,2572,0.000000,0.042635
2571,25798,0.000000,0.209832
10994,12564,0.674865,0.050890
29181,15461,0.000000,0.167287
38866,15461,0.672818,0.497736
2384,598,0.000000,0.000459
6431,598,0.000000,0.000507
6432,21480,0.000000,0.004748
32185,598,0.000000,0.000470
598,38866,0.000000,0.001228
6432,15245,0.000000,0.008011
32185,10994,0.000000,0.007840
2384,26463,0.000000,0.008976
21480,15461,0.672818,0.410568
15245,38866,0.000000,0.200842
6432,29181,0.000000,0.011918
15461,2384,0.000000,0.008083
26463,10994,0.669923,0.148446
34044,6431,0.000000,0.214719
10994,2384,0.000000,0.026106
38866,6431,0.669923,0.549859
26463,6432,0.000000,0.024166
10994,26463,0.669923,0.141347
6431,21480,0.669923,0.436428
26463,21480,0.669923,0.436428
10994,38866,0.672818,0.050085
34044,21480,0.000000,0.049286
34044,15461,0.000000,0.067622
29181,21480,0.000000,0.049986
12564,598,0.000000,0.003660
38866,26463,0.669923,0.549859
15245,21480,0.000000,0.135122
10994,32185,0.000000,0.006928
12564,6431,0.669923,0.013946
15461,10994,0.674865,0.023739
6431,38866,0.669923,0.574477
26463,12564,0.669923,0.013801
32185,21480,0.000000,0.049613
15245,10994,0.000000,0.034927
598,34044,0.000000,0.000016
29181,38866,0.000000,0.212766
15461,21480,0.672818,0.304213
29181,26463,0.000000,0.114682
15245,6432,0.000000,0.012899
6432,12564,0.000000,0.449815
10994,598,0.000000,0.000303
26463,34044,0.000000,0.264480
12564,10994,0.674865,0.032214
598,15245,0.000000,0.000007
29181,598,0.000000,0.000154
2384,34044,1.000000,0.020985
6431,15461,0.669923,0.463440
34044,12564,0.000000,0.053811
21480,29181,0.000000,0.071460
34044,2384,1.000000,0.018095
10994,15245,0.000000,0.033675
32185,38866,0.000000,0.042088
15461,6432,0.000000,0.019543
6432,598,0.000000,0.006003
15461,26463,0.669923,0.436272
15461,32185,0.000000,0.053247
26463,32185,0.000000,0.069425
34044,598,0.000000,0.000048
34044,32185,0.000000,0.006823
10994,15461,0.674865,0.036000
15461,598,0.000000,0.001892
26463,6431,1.000000,0.993461
6432,34044,0.000000,0.014928
26463,38866,0.669923,0.574477
29181,6432,0.000000,0.017435
34044,29181,1.000000,0.052664
6431,26463,1.000000,0.993461
38866,6432,0.000000,0.041777
29181,6431,0.000000,0.114682
6432,32185,0.000000,0.002152
2384,10994,0.000000,0.029181
6431,29181,0.000000,0.154919
34044,6432,0.000000,0.032079
38866,29181,0.000000,0.210705
21480,34044,0.000000,0.068374
598,15461,0.000000,0.000736
29181,10994,0.000000,0.026733
6431,32185,0.000000,0.069425
598,10994,0.000000,0.000131
34044,26463,0.000000,0.214719
6432,2384,0.000000,0.020141
21480,2384,0.000000,0.012944
34044,38866,0.000000,0.098718
15461,15245,0.000000,0.178471
2384,6431,0.000000,0.008976
15245,32185,0.000000,0.005151
21480,38866,1.000000,0.463534
6432,15461,0.000000,0.016622
15245,34044,1.000000,0.272416
12564,32185,0.000000,0.001525
21480,32185,0.000000,0.050160
32185,26463,0.000000,0.068394
10994,6431,0.669923,0.141347
2384,12564,0.000000,0.002920
26463,29181,0.000000,0.154919
6431,12564,0.669923,0.013801
38866,598,0.000000,0.002196
7153,12917,0.000000,0.004310
10163,12917,0.000000,0.007501
10163,7153,0.000000,0.082950
12457,12917,0.000000,0.020254
798,7154,0.000000,0.003621
7153,31964,0.000000,0.035872
12917,12456,0.000000,0.005422
7154,20209,0.000000,0.007344
12457,17150,0.000000,0.012015
3790,7154,0.000000,0.052278
5616,7153,0.000000,0.022085
17241,798,0.000000,0.075647
10163,31964,0.000000,0.034373
5616,7154,0.000000,0.012840
798,3791,0.000000,0.004999
19357,17150,0.000000,0.006022
10163,7154,0.000000,0.012526
31964,20209,0.000000,0.069382
19357,798,0.000000,0.172401
3791,798,0.000000,0.008256
5616,3790,0.000000,0.013877
12456,3791,0.000000,0.018822
10163,12456,0.000000,0.160464
19357,31964,0.000000,0.033267
17241,17150,0.000000,0.029449
31964,17150,0.000000,0.024886
7153,5616,0.000000,0.019001
12457,31964,0.000000,0.004454
3790,798,0.000000,0.004751
10163,798,0.000000,0.006768
17150,3790,0.000000,0.031395
3790,10163,0.000000,0.027628
12456,3790,0.000000,0.027101
7154,17241,0.000000,0.061002
20209,12917,0.000000,0.005238
7153,12456,0.000000,0.077242
19357,12917,0.000000,0.005344
12457,19357,0.000000,0.014053
3791,10163,0.000000,0.013859
20209,10163,0.000000,0.161748
17150,7153,0.000000,0.018379
20209,12456,0.674338,0.108438
12456,31964,0.000000,0.052872
12917,17241,0.000000,0.031049
3791,7153,0.000000,0.009435
12457,17241,0.000000,0.063081
12456,7153,0.000000,0.088744
7154,798,0.000000,0.003821
3791,19357,0.000000,0.002472
7153,20209,0.000000,0.094972
7154,12457,0.000000,0.034559
3791,17241,0.000000,0.002895
19357,5616,0.000000,0.104577
19357,3791,0.000000,0.001853
798,12456,0.000000,0.003198
3791,17150,0.000000,0.057042
7153,17241,0.000000,0.052890
3791,31964,0.000000,0.169170
3791,12457,0.000000,0.004682
12456,5616,0.000000,0.011516
19357,7153,0.000000,0.022247
17150,3791,0.000000,0.060748
17241,12456,0.000000,0.051389
12917,12457,0.000000,0.020488
17241,12917,0.000000,0.028054
3790,5616,0.000000,0.013845
12457,798,0.000000,0.005176
7153,12457,0.000000,0.010654
3790,3791,0.000000,0.005310
10163,5616,0.000000,0.018493
7153,10163,0.000000,0.076406
12457,20209,0.000000,0.009419
798,7153,0.000000,0.006274
3790,12456,0.000000,0.019758
17241,10163,0.000000,0.066988
12456,19357,0.000000,0.022477
20209,7153,0.000000,0.106933
5616,12456,0.000000,0.013599
5616,3791,0.000000,0.007342
12457,12456,0.000000,0.010826
12917,7153,0.000000,0.004642
20209,5616,0.000000,0.012046
7154,31964,0.000000,0.004237
7153,19357,0.000000,0.031937
17150,17241,0.000000,0.023922
31964,7154,0.000000,0.004948
7154,19357,0.000000,0.010431
5616,12917,1.000000,0.023718
31964,798,0.000000,0.031135
798,5616,0.000000,0.252916
12457,7154,0.000000,0.032902
10163,20209,0.000000,0.145456
7153,17150,0.000000,0.012652
7154,3790,0.000000,0.045441
12456,10163,0.000000,0.175959
5616,19357,0.000000,0.158161
17150,19357,0.000000,0.010502
31964,7153,0.000000,0.041516
20209,17241,0.000000,0.039342
5616,10163,0.000000,0.020207
2993,38080,0.000000,0.029304
13346,33748,0.000000,0.001418
13346,2993,1.000000,0.007410
13346,13345,0.000000,0.006321
38080,2993,0.000000,0.028357
33748,11686,0.000000,0.014165
11686,2993,1.000000,0.008659
38080,33748,0.000000,0.157955
13345,2993,0.000000,0.009631
11686,38080,0.000000,0.018390
13346,38080,0.000000,0.001551
2993,13346,1.000000,0.013482
11686,13345,0.000000,0.031520
11686,13346,1.000000,0.067177
2993,11686,1.000000,0.008685
13345,11686,0.000000,0.032712
33748,2993,0.000000,0.031187
13346,11686,1.000000,0.039008
33748,38080,0.000000,0.158512
38080,11686,0.000000,0.021346
33748,13345,0.000000,0.006916
13345,33748,0.000000,0.006829
11686,33748,0.000000,0.012085
33748,13346,0.000000,0.002615
2993,13345,0.000000,0.010463
13345,13346,0.000000,0.012098
38080,13346,0.000000,0.002589
2993,33748,0.000000,0.030420
13345,38080,0.000000,0.025939
38080,13345,0.000000,0.031257
