entity_i,entity_j,exact,predicted
4461,16438,0.561750,0.491623
27114,3918,0.000000,0.001095
3918,19945,0.000000,0.000458
6286,8996,0.000000,0.000491
29875,7972,0.000000,0.004724
13555,19945,0.000000,0.055094
2295,8997,0.000000,0.005599
15781,1955,0.000000,0.061384
25132,15781,0.000000,0.031023
16499,24041,0.000000,0.029775
25645,15781,0.000000,0.007865
2294,18190,0.000000,0.000746
8548,32204,0.000000,0.017808
7802,7864,0.000000,0.043741
18190,20642,0.000000,0.002254
1955,22110,0.566204,0.101318
31811,6462,0.000000,0.001537
1955,20591,0.000000,0.002253
18081,22463,0.561750,0.116620
19861,4059,0.566204,0.083146
8997,6286,0.000000,0.000435
24510,8997,1.000000,0.461869
20669,25645,0.000000,0.013534
2295,12437,0.000000,0.168764
16438,24510,0.000000,0.005163
18081,16499,0.000000,0.040610
8548,24510,0.000000,0.001360
20642,11753,1.000000,0.010915
20669,20642,0.000000,0.053534
37421,18071,0.000000,0.037364
24668,8548,0.000000,0.008295
20642,26712,0.000000,0.591423
4296,8997,0.000000,0.013934
8996,22110,0.000000,0.000716
19945,11753,0.000000,0.013572
7865,2295,0.000000,0.009267
6463,27114,0.000000,0.006072
20928,26712,0.000000,0.578138
22110,7865,0.000000,0.014106
18071,15360,0.563527,0.336084
18071,29875,1.000000,0.198564
7864,15781,0.000000,0.011724
2295,19754,0.000000,0.012059
15781,20669,0.000000,0.027448
24041,12424,0.561750,0.067136
11753,18190,0.000000,0.000886
18071,6462,0.000000,0.002098
6463,10947,0.561750,0.491534
6462,493,0.000000,0.000025
19300,493,0.000000,0.000001
18081,6286,0.000000,0.002239
26712,12437,0.000000,0.407980
8480,24510,0.000000,0.005746
19861,19300,0.000000,0.000259
19300,25132,0.000000,0.000905
9597,3918,0.000000,0.000638
37421,17447,0.000000,0.108414
1955,27114,0.000000,0.006090
1955,20669,0.000000,0.065764
20642,20928,0.563527,0.376242
18081,8480,0.000000,0.071415
18081,18999,0.000000,0.355776
2295,13555,0.000000,0.096628
1955,18071,0.564978,0.496676
4461,18071,0.563527,0.573238
22110,25645,0.561750,0.020654
12334,2294,0.000000,0.091611
31811,15781,0.000000,0.003531
6462,8997,0.000000,0.002699
12334,8480,0.000000,0.017597
4296,10947,1.000000,0.719661
31811,12334,0.000000,0.033568
20591,7864,0.000000,0.003601
25132,2294,1.000000,0.255949
6463,4059,0.564978,0.358276
16499,20255,0.000000,0.100254
25132,37421,0.000000,0.004861
22463,8997,0.000000,0.024452
20928,16499,0.000000,0.101612
19861,18999,0.000000,0.243815
24668,4461,0.563527,0.541754
6087,12334,0.000000,0.107631
6462,7123,0.000000,0.082440
20255,8783,0.000000,0.174204
20255,12424,1.000000,0.128361
7123,15760,0.000000,0.321082
6463,32204,1.000000,0.336108
24510,4657,0.000000,0.042502
25132,6286,0.000000,0.000823
7123,7865,0.000000,0.115864
7802,15360,0.561750,0.233935
8997,32204,0.000000,0.059781
4059,15222,0.000000,0.000785
24668,26712,0.000000,0.355074
16438,17447,1.000000,0.156978
7865,8997,0.000000,0.002749
22463,24041,0.561750,0.156849
14056,17447,1.000000,0.246708
32204,8480,0.000000,0.096987
20591,25645,0.000000,0.000997
5272,14473,0.000000,0.014878
27777,5272,0.000000,0.013698
34174,1099,0.000000,0.034233
35156,10613,0.000000,0.004037
27778,35156,1.000000,0.999984
14473,35156,0.000000,0.012605
8167,1099,1.000000,0.999987
8167,27778,0.671098,0.705572
9468,8167,0.000000,0.003512
27778,1099,0.671098,0.704856
9468,5272,1.000000,0.177370
9468,34174,0.000000,0.014866
27698,34174,0.000000,0.031845
5272,8167,0.000000,0.072729
8167,27698,1.000000,0.999986
1099,10613,0.000000,0.004909
38968,37330,0.671098,0.700497
34174,37330,0.000000,0.057552
7250,35156,0.671098,0.706734
33439,27778,1.000000,0.999984
35156,8167,0.671098,0.714980
14473,33439,0.000000,0.012605
33439,10613,0.000000,0.004037
37330,9468,0.000000,0.000718
27777,10613,0.000000,0.083162
8167,38968,1.000000,0.999987
34174,38968,0.000000,0.034233
10613,9468,1.000000,0.012332
35156,27778,1.000000,0.999984
27778,34174,0.000000,0.031387
7250,5272,0.000000,0.179956
27777,1099,0.000000,0.020357
38968,5272,0.000000,0.179956
10613,38968,0.000000,0.004095
9468,33439,0.000000,0.003993
10613,27777,0.000000,0.079928
27698,27778,0.671098,0.710692
27698,35156,0.671098,0.716845
33439,35156,1.000000,0.999989
14473,27698,0.000000,0.009521
34174,7250,0.000000,0.034233
35156,33439,1.000000,0.999989
27698,33439,0.671098,0.716845
7250,37330,0.671098,0.700497
33439,14473,0.000000,0.012325
7250,27777,0.000000,0.007505
27778,9468,0.000000,0.005765
14473,27778,0.000000,0.012663
27698,7250,1.000000,0.999982
27777,7250,0.000000,0.020357
7250,27778,0.671098,0.704125
38968,10613,0.000000,0.004909
9468,37330,0.000000,0.000499
8167,35156,0.671098,0.711253
5272,9468,1.000000,0.067804
1099,27698,1.000000,0.999982
8167,14473,0.000000,0.008373
33439,27698,0.671098,0.720353
38968,35156,0.671098,0.706734
33439,5272,0.000000,0.217504
7250,27698,1.000000,0.999982
27778,7250,0.671098,0.704856
35156,27777,0.000000,0.006796
37330,5272,0.000000,0.110232
7250,34174,0.000000,0.031987
8167,5272,0.000000,0.179603
37330,1099,0.671098,0.676313
10613,34174,0.000000,0.033239
34174,9468,0.000000,0.019956
14473,9468,0.000000,0.002396
27777,34174,0.661751,0.046449
27698,1099,1.000000,0.999982
38968,27698,1.000000,0.999982
27777,35156,0.000000,0.018324
7250,8167,1.000000,0.999987
35156,9468,0.000000,0.005760
27698,5272,0.000000,0.179148
1099,35156,0.671098,0.706734
5272,1099,0.000000,0.072799
1099,9468,0.000000,0.004474
27778,37330,1.000000,0.691379
27778,27777,0.000000,0.006784
37330,38968,0.671098,0.676313
38968,27778,0.671098,0.704125
14473,34174,0.000000,0.005678
33439,9468,0.000000,0.005760
1099,14473,0.000000,0.008312
34174,27698,0.000000,0.034274
1099,37330,0.671098,0.700497
1099,8167,1.000000,0.999987
8167,27777,0.000000,0.007479
14473,8167,0.000000,0.009461
27777,33439,0.000000,0.018324
14473,27777,0.000000,0.020014
14473,10613,0.000000,0.004618
9468,1099,0.000000,0.003507
27777,27698,0.000000,0.020271
9468,38968,0.000000,0.003507
37330,35156,1.000000,0.666223
27698,27777,0.000000,0.007446
11881,2453,0.000000,0.010080
2453,22208,0.000000,0.511696
40229,3212,0.000000,0.155297
40229,13122,0.000000,0.329992
22208,3212,0.000000,0.027318
11881,13122,0.000000,0.625327
22208,13122,0.000000,0.379135
2453,13122,0.000000,0.014485
40229,11881,0.000000,0.062769
13122,2453,0.000000,0.080302
22208,40229,0.000000,0.001062
3212,40229,0.000000,0.166878
2453,11881,0.000000,0.004202
3212,13122,0.000000,0.642134
13122,22208,0.000000,0.413986
2453,3212,0.000000,0.001208
40229,2453,0.000000,0.000115
2453,40229,0.000000,0.000029
22208,11881,0.000000,0.245605
3212,2453,0.000000,0.002346
13122,11881,0.000000,0.518550
13122,3212,0.000000,0.654670
11881,22208,0.000000,0.300400
40229,22208,0.000000,0.002403
22208,2453,0.000000,0.591693
3212,22208,0.000000,0.038374
13122,40229,0.000000,0.411165
3212,11881,0.000000,0.678839
11881,3212,0.000000,0.661690
11881,40229,0.000000,0.137798
29552,26733,0.000000,0.040915
26733,29552,0.000000,0.048943
26733,29553,0.000000,0.042078
29553,29552,0.000000,0.017216
29553,26733,0.000000,0.049812
29552,29553,0.000000,0.012921
38425,32078,0.000000,0.181442
13742,5376,0.000000,0.570697
21936,8263,0.676030,0.537947
4757,27914,0.673150,0.639656
5376,11023,0.000000,0.426886
39521,17407,0.673150,0.570764
11164,1609,0.000000,0.076879
21936,5375,0.676030,0.583421
35756,11164,0.000000,0.356094
27914,38425,0.000000,0.239333
27914,5375,0.673150,0.531996
32078,39521,0.673150,0.550682
35756,1543,1.000000,0.031265
38426,1543,0.000000,0.105795
35920,25220,0.000000,0.497255
1609,4757,0.000000,0.080195
38425,25220,0.000000,0.063227
5375,39521,0.673150,0.498643
32078,17407,1.000000,0.634010
11022,38208,0.000000,0.336556
27914,2771,0.000000,0.102738
38208,22573,0.000000,0.350712
11023,8263,0.000000,0.542521
5375,22403,0.000000,0.476695
38208,39521,0.673150,0.654637
1543,35756,1.000000,0.022124
1543,22573,0.000000,0.060459
22403,35920,0.000000,0.550041
21936,11164,0.000000,0.301437
22573,24257,0.000000,0.173848
11023,11164,0.000000,0.489761
11022,21936,0.000000,0.339173
2771,11023,0.000000,0.168737
38208,8263,0.676030,0.538502
11164,5375,0.000000,0.513711
32078,13742,0.000000,0.189731
39521,8263,0.673150,0.607181
22403,17407,0.000000,0.524049
8263,32078,1.000000,0.532814
21936,35920,1.000000,0.999997
1543,39521,0.000000,0.067111
17407,9656,0.678066,0.543787
13742,35920,0.000000,0.322276
1543,24257,0.000000,0.246209
35920,1609,0.000000,0.090632
38208,17407,0.676030,0.605926
5375,35920,0.676030,0.580310
17407,35756,0.000000,0.255322
17407,11022,0.000000,0.222415
35920,4757,0.676030,0.692352
17407,1543,0.000000,0.689495
32078,35756,0.000000,0.299678
11023,2771,0.000000,0.261085
38426,38425,0.000000,0.199778
2771,13742,1.000000,0.018336
39521,27914,1.000000,0.999999
32078,5376,0.000000,0.460236
38425,35920,0.000000,0.045981
25220,5375,0.000000,0.070802
4757,22573,0.000000,0.515527
39521,2771,0.000000,0.102738
4757,38426,0.678066,0.579417
35756,21936,0.000000,0.264464
13742,1609,0.000000,0.040740
39521,35920,0.673150,0.682860
11164,13742,0.000000,0.411309
17407,32078,1.000000,0.640209
2771,17407,0.000000,0.069771
11022,25220,0.000000,0.026064
17407,39521,0.673150,0.553047
22403,25220,0.000000,0.181710
27914,5376,0.000000,0.522777
38208,11023,0.000000,0.417186
19453,5375,1.000000,0.592630
9656,11022,0.000000,0.409478
35756,25220,1.000000,0.062976
38426,17407,1.000000,0.654600
39521,4757,0.673150,0.659979
5375,13742,0.000000,0.064607
11023,24257,0.000000,0.145021
27914,22403,0.000000,0.577219
1543,38425,0.000000,0.138922
1543,25220,1.000000,0.352670
38426,38208,0.676030,0.509316
35756,22573,0.000000,0.475680
19453,1609,0.000000,0.074092
2771,11164,0.000000,0.063726
22573,19453,0.000000,0.469993
21936,35756,0.000000,0.105913
11023,38426,0.000000,0.518526
11164,21936,0.000000,0.383467
2771,21936,0.000000,0.199581
2771,38208,0.000000,0.200349
1609,19453,0.000000,0.068607
35920,2771,0.000000,0.179701
38425,4757,0.000000,0.311958
39521,24257,0.000000,0.203570
25220,39521,0.000000,0.359556
22403,11022,0.000000,0.127681
11164,2771,0.000000,0.047100
7240,22065,1.000000,0.019102
4228,12984,0.000000,0.024354
22065,7240,1.000000,0.052398
8620,14653,0.000000,0.286243
31336,23717,0.652890,0.010996
19349,4228,0.000000,0.066740
12984,23717,0.000000,0.010978
22065,11032,0.000000,0.010621
14653,8620,0.000000,0.252534
19349,31336,0.000000,0.345241
22065,12984,0.000000,0.057533
4229,4228,0.000000,0.039474
8620,25182,0.000000,0.052179
23717,25182,0.653589,0.018008
8620,4228,0.000000,0.051544
14653,12984,0.000000,0.023162
4229,22065,0.000000,0.012406
4228,4229,0.000000,0.047675
4228,11032,0.000000,0.117959
23717,31336,0.652890,0.012552
23717,22065,0.000000,0.022214
31336,4228,0.000000,0.183863
11032,14652,0.000000,0.006706
14653,25182,0.652890,0.017988
25182,7240,0.000000,0.091174
12984,4229,0.000000,0.018925
31336,19349,0.000000,0.264714
19349,23717,0.000000,0.011499
4229,14652,0.652890,0.018166
4228,23717,0.000000,0.018945
7240,12984,0.000000,0.009058
7240,23717,0.000000,0.005709
22065,31336,0.000000,0.043906
7240,19349,0.000000,0.003869
14653,14652,0.000000,0.010297
12984,22065,0.000000,0.125677
4229,23717,0.000000,0.013467
14653,19349,0.000000,0.035945
25182,12984,0.000000,0.017952
12984,25182,0.000000,0.018681
4229,19349,0.000000,0.039323
23717,11032,0.000000,0.006362
19349,4229,0.000000,0.040629
7240,4228,0.000000,0.001609
11032,22065,0.000000,0.021357
31336,25182,0.652890,0.034566
7240,4229,0.000000,0.001570
12984,14653,0.000000,0.029590
25182,23717,0.653589,0.010266
14652,23717,0.000000,0.007437
25182,14653,0.652890,0.014203
14652,19349,0.000000,0.010645
12984,11032,0.000000,0.023531
22065,4229,0.000000,0.007003
14652,4228,0.000000,0.005296
25182,11032,0.000000,0.011901
14653,4229,0.000000,0.024139
11032,19349,0.000000,0.067027
4229,12984,0.000000,0.020323
4229,14653,0.000000,0.019947
23717,19349,0.000000,0.007196
4229,25182,0.000000,0.031365
8620,19349,0.000000,0.039173
25182,4228,0.000000,0.010777
12984,14652,0.000000,0.011389
8620,14652,0.000000,0.015758
19349,14653,0.000000,0.039807
8620,31336,0.000000,0.513949
8620,7240,1.000000,0.042637
14653,7240,0.000000,0.027282
22065,14652,0.000000,0.007112
4228,19349,0.000000,0.054654
31336,22065,0.000000,0.064990
14653,11032,0.000000,0.018093
25182,8620,0.000000,0.036120
25182,19349,0.000000,0.026434
22065,4228,0.000000,0.016031
14652,11032,0.000000,0.004690
19349,11032,0.000000,0.073615
14653,31336,1.000000,0.127329
7240,31336,0.000000,0.006013
19349,7240,0.000000,0.008107
12984,4228,0.000000,0.024787
7240,25182,0.000000,0.072054
11032,7240,0.000000,0.002910
23717,4228,0.000000,0.020927
25182,31336,0.652890,0.027608
14652,12984,0.000000,0.009265
4229,11032,0.000000,0.037484
12984,7240,0.000000,0.016216
22065,19349,0.000000,0.029372
14653,4228,0.000000,0.016298
23717,4229,0.000000,0.012235
8620,11032,0.000000,0.026831
4229,8620,0.000000,0.013439
19349,22065,0.000000,0.058423
11032,14653,0.000000,0.018985
31336,14653,1.000000,0.095095
4228,8620,0.000000,0.032222
12984,19349,0.000000,0.042899
10976,1233,0.655222,0.022885
12757,1232,0.000000,0.018153
33657,12758,0.000000,0.044904
33657,12757,0.000000,0.023483
1233,33657,0.000000,0.011224
1233,12758,0.000000,0.007505
7330,10976,0.000000,0.013323
12758,10976,0.000000,0.004567
1232,7330,0.000000,0.036423
1232,12758,0.000000,0.006983
25866,1233,0.651478,0.025096
12758,1233,0.000000,0.004870
1232,5716,0.000000,0.025908
7330,1233,0.000000,0.037615
12757,33657,0.000000,0.016429
5716,12757,0.000000,0.014138
1232,10976,0.000000,0.027013
10976,12757,0.000000,0.013839
12757,5716,0.000000,0.008056
33657,25866,0.000000,0.018256
5716,10976,0.655222,0.028996
5716,1232,0.000000,0.022086
7330,33657,0.000000,0.034708
10976,25866,0.651478,0.010390
5716,33657,0.000000,0.012032
12758,7330,0.000000,0.017919
5716,25866,0.651478,0.015267
7330,25866,0.000000,0.013359
12757,7330,0.000000,0.071634
25866,33657,0.000000,0.030066
1233,12757,0.000000,0.017797
25866,10976,0.651478,0.018575
33657,5716,0.000000,0.012291
25866,12757,0.000000,0.018580
5716,12758,0.000000,0.009939
10976,7330,0.000000,0.010083
25866,7330,0.000000,0.023455
1233,5716,0.656554,0.028961
10976,12758,0.000000,0.005728
12758,25866,0.000000,0.007318
12757,1233,0.000000,0.009009
12757,12758,1.000000,0.035615
7330,1232,0.000000,0.029268
5716,7330,0.000000,0.033663
5716,1233,0.656554,0.028973
12758,1232,0.000000,0.004499
33657,1232,0.000000,0.012588
33657,7330,0.000000,0.036285
10976,1232,0.000000,0.018845
1232,25866,0.000000,0.019326
7330,5716,0.000000,0.027495
1233,10976,0.655222,0.032275
7330,12757,0.000000,0.106601
25866,5716,0.651478,0.017184
1233,1232,0.000000,0.022935
10976,5716,0.655222,0.021309
33657,1233,0.000000,0.009883
1233,7330,0.000000,0.044063
12758,33657,0.000000,0.038593
12758,12757,1.000000,0.029355
33657,10976,0.000000,0.011041
1232,12757,0.000000,0.038708
25866,1232,0.000000,0.022427
12757,10976,0.000000,0.010531
1232,33657,0.000000,0.015931
12758,5716,0.000000,0.008734
12757,25866,0.000000,0.006296
7330,12758,0.000000,0.028208
25866,12758,0.000000,0.020551
10976,33657,0.000000,0.008420
1233,25866,0.651478,0.020564
1232,1233,0.000000,0.026227
265,9305,0.000000,0.000009
39972,9305,0.000000,0.001837
9305,39972,0.000000,0.002763
27964,27963,0.000000,0.018701
265,27964,1.000000,0.740138
9305,27963,0.000000,0.034496
27964,9305,0.000000,0.003324
265,27963,0.000000,0.000826
39972,27963,0.000000,0.009199
39972,265,0.000000,0.053208
27964,39972,0.000000,0.000927
27964,265,1.000000,0.343475
27963,27964,0.000000,0.009137
27963,265,0.000000,0.000327
9305,265,0.000000,0.000002
27963,39972,0.000000,0.011733
27963,9305,0.000000,0.120487
39972,27964,0.000000,0.000651
265,39972,0.000000,0.316608
9305,27964,0.000000,0.003669
2366,3431,0.000000,0.235554
12255,13450,0.000000,0.012581
3068,12874,0.000000,0.033580
7557,10071,0.000000,0.029374
12874,20794,0.000000,0.007618
28936,14503,0.000000,0.082084
12033,14503,0.678968,0.458119
26992,25422,0.000000,0.152949
13450,3067,0.669580,0.094278
10071,26992,0.000000,0.422193
8907,10071,0.000000,0.017506
10071,35777,1.000000,0.826799
3362,2366,0.000000,0.003885
29496,13450,0.000000,0.014266
3362,3068,0.000000,0.464542
25422,29496,0.678968,0.677663
35777,25422,0.678968,0.758982
7557,26992,0.659579,0.133558
3362,3067,0.000000,0.018929
36475,35777,0.676936,0.782721
10071,3431,0.000000,0.062874
3067,14503,0.000000,0.016300
25422,32181,1.000000,0.398870
36475,12255,0.000000,0.022522
3362,12033,0.000000,0.005051
36475,7557,0.000000,0.023822
3431,32181,0.000000,0.227514
2918,12127,0.000000,0.000096
7557,8907,0.000000,0.045403
16420,29496,1.000000,0.636115
36475,10071,0.676936,0.660788
2918,29496,0.000000,0.000123
30012,7557,0.000000,0.028985
14503,13450,0.000000,0.012839
20794,29496,0.678968,0.239272
3068,26992,0.000000,0.017332
35777,2918,0.000000,0.000114
7557,12874,0.000000,0.048472
36475,3431,0.000000,0.040784
3431,3362,0.000000,0.001880
29496,14503,1.000000,0.775229
10071,30012,1.000000,0.702996
36475,3067,0.000000,0.020683
3431,2918,0.000000,0.000025
12127,20794,0.680540,0.112623
12033,8907,0.000000,0.035499
29496,35777,1.000000,0.808904
10071,3068,0.000000,0.027490
30012,13450,0.000000,0.035896
30012,26992,0.000000,0.270281
30012,3362,0.000000,0.009578
3431,20794,0.000000,0.636156
3068,2918,0.000000,0.003035
13450,20794,0.000000,0.197789
3067,7557,0.664598,0.443003
20794,25422,0.681822,0.065547
2366,12255,0.000000,0.014054
7557,25422,0.000000,0.018416
3068,13450,0.000000,0.031395
3431,16420,0.000000,0.040888
20794,3362,0.000000,0.011199
12255,35777,0.000000,0.018666
30012,12033,0.678968,0.397505
8907,12255,0.000000,0.003864
29496,16420,1.000000,0.655627
10071,16420,1.000000,0.590624
28936,8907,0.000000,0.028466
3067,20794,0.000000,0.205903
12874,35777,0.000000,0.015607
35777,30012,1.000000,0.820213
3362,3431,0.000000,0.002185
26992,7557,0.659579,0.119635
2918,26992,0.000000,0.000015
16420,3362,0.000000,0.008094
3431,30012,0.000000,0.048973
7557,12033,0.000000,0.019196
28936,30012,0.000000,0.123827
36475,25422,0.676936,0.787469
25422,3431,0.000000,0.085646
13450,3068,0.000000,0.028444
35777,28936,0.000000,0.207503
25422,7557,0.000000,0.027546
7557,29496,0.000000,0.011788
10071,2918,0.000000,0.000142
2918,3068,0.000000,0.001777
3431,8907,0.000000,0.025434
26992,30012,0.000000,0.212271
14503,29496,1.000000,0.772726
12874,32181,0.000000,0.032653
28936,7557,0.000000,0.115637
3067,29496,0.000000,0.016494
28936,12033,0.000000,0.177566
20794,16420,0.678968,0.234072
3431,35777,0.000000,0.078356
2918,8907,0.000000,0.000425
32181,12874,0.000000,0.038142
12874,8907,0.657188,0.014947
2366,10071,0.678968,0.686215
3431,25422,0.000000,0.055875
3067,16420,0.000000,0.025909
34352,9614,0.000000,0.280781
11844,14089,0.000000,0.004902
6591,11844,0.673769,0.103983
17782,9614,0.673769,0.032129
21854,34352,0.000000,0.042051
9614,34352,0.000000,0.218290
6591,34352,0.000000,0.062427
3397,6591,0.000000,0.002098
24328,6591,0.000000,0.015448
7899,34352,0.000000,0.040564
7899,6592,0.000000,0.169334
14089,11844,0.000000,0.017185
3397,26289,0.000000,0.000535
9614,7899,0.673769,0.026359
24328,9614,0.000000,0.010689
14088,14089,0.000000,0.016858
21854,25184,0.673769,0.010403
3397,14089,0.000000,0.003937
24328,26288,0.000000,0.002644
26289,14088,0.000000,0.032265
6591,26289,0.000000,0.004319
21854,14089,0.000000,0.011536
17782,26288,0.000000,0.007743
6592,34352,0.000000,0.011999
14088,7899,0.000000,0.012201
17782,3397,0.000000,0.014853
14089,34352,0.000000,0.027047
14089,26288,0.000000,0.007963
27962,26288,0.000000,0.014054
17782,7899,0.676647,0.050064
27962,14089,0.000000,0.021933
7899,26289,0.000000,0.004197
7899,26288,0.000000,0.006436
26289,21854,0.000000,0.009021
11844,7899,0.676647,0.023915
9614,3397,0.000000,0.001269
26289,25184,0.000000,0.011432
3397,6592,0.000000,0.007295
27962,3397,1.000000,0.003010
26288,14089,0.000000,0.003009
3397,25184,0.000000,0.080104
27962,6591,0.000000,0.036019
24328,3397,0.000000,0.010761
17782,6591,0.673769,0.071390
6591,24328,0.000000,0.025526
24328,26289,0.000000,0.000760
26289,14089,0.000000,0.006562
9614,6591,1.000000,0.163335
3397,21854,0.000000,0.002037
7899,3397,0.000000,0.119696
14088,17782,0.000000,0.017428
7899,14088,0.000000,0.005662
26288,21854,0.000000,0.011241
25184,26289,0.000000,0.005749
6591,26288,0.000000,0.013833
3397,34352,0.000000,0.001499
9614,17782,0.673769,0.024691
7899,21854,0.675354,0.065445
17782,14088,0.000000,0.009111
26288,7899,0.000000,0.008918
34352,7899,0.000000,0.038456
26289,3397,0.000000,0.000586
14088,26289,0.000000,0.037285
3397,14088,0.000000,0.000414
34352,14088,0.000000,0.018187
11844,26289,0.000000,0.004088
14088,27962,0.000000,0.010588
21854,6591,0.673769,0.177564
21854,26289,0.000000,0.004208
6592,24328,0.000000,0.012390
27962,14088,0.000000,0.008942
25184,26288,0.000000,0.009542
25184,21854,0.673769,0.011756
7899,6591,0.673769,0.059170
7899,27962,0.000000,0.035473
14089,14088,0.000000,0.024051
6592,21854,0.000000,0.018535
9614,11844,0.673769,0.007924
27962,21854,0.000000,0.020609
11844,14088,0.000000,0.005294
17782,34352,0.000000,0.031856
14088,6591,0.000000,0.028004
34352,17782,0.000000,0.028403
25184,7899,0.673769,0.017279
14089,26289,0.000000,0.011128
11844,6591,0.673769,0.111383
21854,11844,0.675354,0.055379
26289,17782,0.000000,0.005214
7899,17782,0.676647,0.074606
14088,25184,0.000000,0.013050
21854,7899,0.675354,0.056782
24328,14088,0.000000,0.001365
6592,27962,0.000000,0.017835
6592,7899,0.000000,0.074743
17782,26289,0.000000,0.003500
25184,11844,0.673769,0.015415
26289,6591,0.000000,0.012101
26288,17782,0.000000,0.006973
11844,27962,0.000000,0.010036
3397,7899,0.000000,0.064984
40168,19444,1.000000,0.999997
19444,14863,1.000000,0.999997
24905,863,0.000000,0.585624
14863,14864,0.000000,0.009481
14863,40168,1.000000,0.999997
863,34155,0.000000,0.002949
863,14863,0.000000,0.002949
863,27647,0.000000,0.032305
24905,34155,0.000000,0.007924
19444,14864,0.000000,0.009481
24906,864,0.000000,0.000473
40168,24906,0.000000,0.012219
14863,27647,0.000000,0.138404
27647,24906,0.000000,0.006714
24905,14864,0.000000,0.012182
24906,14863,0.000000,0.012366
864,14863,0.000000,0.000120
864,24905,0.000000,0.000066
24905,40168,0.000000,0.007924
24906,40168,0.000000,0.012366
24906,14864,0.000000,0.003051
19444,24906,0.000000,0.012219
24906,863,0.000000,0.000646
34155,24906,0.000000,0.012219
863,19444,0.000000,0.002949
40168,27647,0.000000,0.138404
14863,864,0.000000,0.000478
14863,24905,0.000000,0.007902
19444,863,0.000000,0.002237
34155,24905,0.000000,0.007902
863,14864,0.671719,0.012875
24905,864,0.000000,0.000142
27647,864,1.000000,0.001548
24906,19444,0.000000,0.012366
14863,24906,0.000000,0.012219
40168,14863,1.000000,0.999997
24906,34155,0.000000,0.012366
34155,19444,1.000000,0.999997
14864,19444,0.000000,0.008003
864,14864,0.000000,0.000131
27647,40168,0.000000,0.208976
14864,864,0.000000,0.000389
40168,24905,0.000000,0.007902
864,27647,1.000000,0.000805
863,24906,0.000000,0.000802
27647,14864,0.000000,0.052102
19444,24905,0.000000,0.007902
34155,863,0.000000,0.002237
14864,863,0.671719,0.013682
24905,14863,0.000000,0.007924
24905,19444,0.000000,0.007924
34155,27647,0.000000,0.138404
14864,24906,0.000000,0.002847
864,24906,0.000000,0.000136
863,40168,0.000000,0.002949
40168,14864,0.000000,0.009481
14863,863,0.000000,0.002237
24906,24905,0.000000,0.001906
864,863,0.000000,0.000388
19444,40168,1.000000,0.999997
864,40168,0.000000,0.000120
34155,864,0.000000,0.000478
27647,19444,0.000000,0.208976
24906,27647,0.000000,0.009200
14863,34155,1.000000,0.999997
34155,40168,1.000000,0.999997
863,864,0.000000,0.000586
14864,24905,0.000000,0.010222
14864,34155,0.000000,0.008003
40168,863,0.000000,0.002237
19444,34155,1.000000,0.999997
34155,14864,0.000000,0.009481
14864,27647,0.000000,0.035884
863,24905,0.000000,0.573389
24905,27647,0.000000,0.024279
19444,864,0.000000,0.000478
14863,19444,1.000000,0.999997
14864,14863,0.000000,0.008003
40168,864,0.000000,0.000478
27647,24905,0.000000,0.026405
27647,34155,0.000000,0.208976
864,34155,0.000000,0.000120
27647,863,0.000000,0.018522
24905,24906,0.000000,0.002481
864,19444,0.000000,0.000120
40168,34155,1.000000,0.999997
19444,27647,0.000000,0.138404
14864,40168,0.000000,0.008003
34155,14863,1.000000,0.999997
27647,14863,0.000000,0.208976
27091,1019,0.000000,0.002362
1019,12888,0.000000,0.000001
14815,51,0.671719,0.047988
10840,2497,0.000000,0.000970
12570,3141,0.000000,0.149483
9000,51,0.000000,0.238357
40294,3141,0.000000,0.149483
1019,18666,0.000000,0.001087
20989,3141,0.000000,0.231160
2497,9000,0.000000,0.004306
2497,51,0.696101,0.257988
10840,27091,0.000000,0.005000
20989,10840,0.000000,0.003947
20989,40294,0.671719,0.749294
51,19539,0.673769,0.059294
12570,1019,0.000000,0.002362
19539,51,0.673769,0.131131
18666,27091,0.671719,0.762024
3141,19539,0.000000,0.420586
12570,20989,0.671719,0.766146
18666,40294,0.671719,0.762024
27091,19539,0.671719,0.793430
14815,9000,0.000000,0.012159
3141,12888,1.000000,0.017420
10840,9000,0.000000,0.000104
12888,9000,0.000000,0.006726
20989,12570,0.671719,0.749294
3141,10840,0.000000,0.006872
10840,1019,0.000000,0.010253
3141,18666,0.000000,0.420221
35876,9000,0.000000,0.012122
18666,20989,0.673769,0.549336
2497,10840,0.000000,0.001278
12888,51,0.000000,0.251590
14815,19539,0.671719,0.792369
20989,35876,0.671719,0.749294
10840,18666,0.000000,0.003578
10840,3141,0.000000,0.003228
1019,35876,0.000000,0.002125
20989,1019,0.000000,0.001231
14815,40294,1.000000,0.997668
2497,40294,0.671719,0.055355
19539,35876,0.671719,0.762944
9000,18666,0.000000,0.035693
20989,27091,0.671719,0.749294
3141,35876,0.000000,0.383874
3141,20989,0.000000,0.356257
12570,18666,0.671719,0.792655
19539,10840,0.000000,0.005049
20989,14815,0.671719,0.748408
3141,12570,0.000000,0.383874
35876,12570,1.000000,0.998172
9000,19539,0.000000,0.035527
9000,20989,0.000000,0.025508
2497,1019,0.000000,0.000003
14815,27091,1.000000,0.997668
20989,9000,0.000000,0.019332
35876,27091,1.000000,0.998172
3141,2497,0.000000,0.092530
27091,14815,1.000000,0.997672
1019,14815,0.000000,0.002129
12888,1019,0.000000,0.000000
1019,40294,0.000000,0.002125
19539,2497,0.673769,0.170429
27091,2497,0.671719,0.037153
20989,18666,0.673769,0.550875
51,40294,0.671719,0.015499
1019,10840,0.000000,0.016946
2497,3141,0.000000,0.104112
9000,12888,0.000000,0.010348
12888,20989,0.000000,0.013382
51,12570,0.671719,0.015499
20989,19539,0.673769,0.550826
12570,14815,1.000000,0.997672
2497,27091,0.671719,0.055355
35876,19539,0.671719,0.793430
27091,12570,1.000000,0.998172
20989,2497,0.676647,0.132499
35876,2497,0.671719,0.037153
51,27091,0.671719,0.015499
40294,10840,0.000000,0.007420
19539,3141,0.000000,0.323166
12888,12570,0.000000,0.008903
18666,19539,1.000000,0.976436
18666,12570,0.671719,0.762024
35876,18666,0.671719,0.792655
20989,12888,0.000000,0.008724
12570,9000,0.000000,0.012122
19539,1019,0.000000,0.001626
18666,2497,0.673769,0.169900
14815,3141,0.000000,0.149335
12888,10840,0.000000,0.000134
10840,14815,0.000000,0.004975
51,1019,0.000000,0.000000
12888,14815,0.000000,0.008920
35876,3141,0.000000,0.149483
27091,51,0.671719,0.048046
40294,2497,0.671719,0.037153
19539,12888,0.000000,0.010956
40294,20989,0.671719,0.766146
13790,21978,1.000000,0.135819
8578,91,1.000000,0.006511
20256,8578,1.000000,0.030715
16573,22470,0.000000,0.047981
20188,16573,0.000000,0.025530
16573,20256,1.000000,0.010294
20188,8578,0.000000,0.006945
22471,16791,0.000000,0.020431
22471,8578,0.000000,0.022948
20256,16573,1.000000,0.012855
21978,16791,0.000000,0.023065
16573,22471,0.000000,0.007971
22471,152,0.000000,0.007035
16791,8578,0.000000,0.009748
13790,8578,1.000000,0.092960
29733,16791,0.000000,0.760656
22470,8578,0.000000,0.015386
13790,152,0.000000,0.071515
28283,8578,1.000000,0.026752
91,22470,0.000000,0.018842
20188,20256,0.000000,0.003935
28283,20256,1.000000,0.034701
152,21978,0.000000,0.218373
21978,22471,0.000000,0.019580
91,28283,1.000000,0.003631
16791,29733,0.000000,0.762132
29733,21978,0.000000,0.027473
20188,21978,0.000000,0.007311
91,152,0.000000,0.008545
8578,29733,0.000000,0.008013
8578,13790,1.000000,0.040457
20188,29733,0.000000,0.142840
20256,22470,0.000000,0.004712
152,28283,0.000000,0.084272
13790,28283,1.000000,0.397294
13790,91,1.000000,0.027789
8578,16573,1.000000,0.018717
28283,13790,1.000000,0.442121
28283,16573,1.000000,0.020507
28283,91,1.000000,0.003700
21978,152,0.000000,0.255691
152,22470,0.000000,0.008129
152,20188,0.000000,0.002147
21978,91,1.000000,0.009655
28283,29733,0.000000,0.032593
13790,20256,1.000000,0.025184
29733,20188,0.000000,0.189886
91,20188,0.000000,0.015666
152,16791,0.000000,0.037053
20256,20188,0.000000,0.003916
152,8578,0.000000,0.067872
16791,20188,0.000000,0.047826
16573,152,0.000000,0.023647
8578,22471,0.000000,0.008036
16791,28283,0.000000,0.002242
22470,28283,0.000000,0.008127
152,20256,0.000000,0.031567
20256,152,0.000000,0.041568
16791,16573,0.000000,0.031870
22471,13790,0.000000,0.105523
13790,22470,0.000000,0.030228
28283,22470,0.000000,0.012476
29733,16573,0.000000,0.276380
20188,91,0.000000,0.012888
22470,16573,0.000000,0.069799
22471,28283,0.000000,0.022294
20188,22470,0.000000,0.136978
91,22471,0.000000,0.023039
20256,21978,1.000000,0.026223
20256,22471,0.000000,0.010298
28283,22471,0.000000,0.024493
22471,20188,0.000000,0.017046
28283,20188,0.000000,0.003944
8578,20256,1.000000,0.011414
16573,20188,0.000000,0.030502
21978,28283,1.000000,0.273871
29733,22471,0.000000,0.010708
21978,29733,0.000000,0.013875
152,22471,0.000000,0.006026
13790,29733,0.000000,0.524396
22470,22471,0.000000,0.029101
152,29733,0.000000,0.157101
22471,21978,0.000000,0.032457
16573,16791,0.000000,0.032057
22471,16573,0.000000,0.008505
20188,152,0.000000,0.003157
22471,20256,0.000000,0.008709
91,29733,0.000000,0.040113
16573,91,1.000000,0.022578
16573,21978,1.000000,0.010104
22471,91,0.000000,0.015676
29733,20256,0.000000,0.029870
20256,13790,1.000000,0.014358
22471,29733,0.000000,0.008180
91,20256,1.000000,0.005969
152,16573,0.000000,0.025691
91,13790,1.000000,0.015498
16791,22470,0.000000,0.091508
16791,152,0.000000,0.022233
16573,13790,1.000000,0.192354
25392,5417,1.000000,0.822274
299,2994,0.694417,0.437587
5072,21608,0.689637,0.782048
3350,23770,0.689637,0.522813
20311,14375,0.689637,0.750432
9496,3350,0.689637,0.753516
26435,32557,1.000000,0.795168
33371,32557,1.000000,0.813058
22505,9191,1.000000,0.845612
321,20311,0.692438,0.761554
11810,927,0.684815,0.656130
22376,23770,1.000000,0.882166
300,17223,0.000000,0.036475
14703,17037,0.689637,0.372543
19068,18119,0.000000,0.026003
16832,23040,0.000000,0.671128
14700,1412,0.689637,0.185498
20397,1412,1.000000,0.880976
26435,2980,0.689637,0.708323
299,22770,0.689637,0.316692
25328,23804,1.000000,0.823921
11037,2464,0.689637,0.421329
29621,299,0.689637,0.142456
30471,11037,1.000000,0.766022
33371,22146,1.000000,0.639696
17223,11037,1.000000,0.845385
13254,5072,0.000000,0.001508
927,17037,0.689637,0.638374
14700,927,0.691180,0.952976
927,31876,0.689637,0.670557
15572,33462,1.000000,0.818377
13334,25328,0.689637,0.829367
9142,1412,0.000000,0.042111
22505,31876,1.000000,0.818775
23804,2592,1.000000,0.836804
5072,22146,0.689637,0.777103
14700,23804,0.689637,0.687132
13254,21067,0.000000,0.008845
21067,4302,0.000000,0.207569
25392,33462,1.000000,0.825275
26435,2464,0.689637,0.516572
6505,25392,0.689637,0.627788
23040,13334,0.689637,0.767210
6169,21608,1.000000,0.818419
21608,2980,0.689637,0.930916
11037,9142,0.000000,0.076727
9191,6169,1.000000,0.809460
299,300,0.000000,0.025663
10762,30471,0.689637,0.526159
24180,25328,0.000000,0.224317
18119,21067,0.693500,0.047101
33371,5072,0.689637,0.790511
9142,29621,0.000000,0.027067
2994,321,1.000000,0.587607
14375,18753,1.000000,0.704373
14703,15572,0.689637,0.227903
10147,3350,0.691180,0.114795
21608,321,0.689637,0.771342
2994,1698,0.694417,0.330131
321,2464,0.691180,0.521424
10147,5417,0.689637,0.226697
1698,26191,0.689637,0.093001
21954,20123,0.689637,0.855114
31876,29264,1.000000,0.786735
2994,299,0.694417,0.489395
3350,30899,0.691180,0.441369
10762,21067,0.692438,0.101245
22770,6169,1.000000,0.601424
24180,299,0.000000,0.208657
22146,25392,1.000000,0.747841
31876,2592,1.000000,0.805483
9142,11716,0.000000,0.025799
2994,2980,0.691180,0.798804
1698,2980,0.691180,0.622666
26191,22770,1.000000,0.141341
26191,4321,1.000000,0.724016
30899,11810,0.684815,0.134453
6505,23804,0.689637,0.669064
13334,11037,0.689637,0.750379
300,20123,0.000000,0.055870
23040,2980,0.689637,0.824737
20397,22770,1.000000,0.759061
13334,14703,1.000000,0.736271
17037,26435,1.000000,0.795252
21067,23770,0.689637,0.058444
26191,31876,1.000000,0.705810
13254,17223,0.000000,0.001801
23040,14700,0.689637,0.243869
18119,321,0.693500,0.275875
29264,11810,0.684815,0.677013
31876,5072,0.689637,0.792413
11810,3350,0.684815,0.733627
30899,19068,0.000000,0.173372
11716,26435,1.000000,0.821345
22146,23040,1.000000,0.514892
299,4302,0.000000,0.026391
321,22376,0.689637,0.602722
26435,299,0.689637,0.486381
20397,30899,0.689637,0.671867
30471,21954,1.000000,0.734860
427,9328,0.000000,0.000047
427,15691,0.000000,0.005947
15692,9328,0.000000,0.003082
15692,15691,0.000000,0.036520
15691,427,0.000000,0.003554
15691,15692,0.000000,0.057118
15691,9328,0.000000,0.016537
9328,15692,0.000000,0.004195
427,15692,1.000000,0.930190
15692,427,1.000000,0.629348
9328,15691,0.000000,0.010231
9328,427,0.000000,0.000026
2246,9242,0.000000,0.006671
17536,15207,0.000000,0.008451
4541,6141,0.000000,0.002157
39538,30163,1.000000,0.999794
20634,9465,0.000000,0.000017
30163,5977,0.000000,0.006043
4209,25094,0.000000,0.055550
10882,15207,0.000000,0.044776
30053,5684,0.000000,0.026368
22223,10468,0.000000,0.005229
5977,19614,0.000000,0.004332
14738,4006,0.678968,0.037768
2246,6141,0.000000,0.019010
833,16687,0.000000,0.018640
1712,4541,0.000000,0.003168
39538,2256,0.000000,0.071334
7240,10468,0.682903,0.029616
21168,17733,0.000000,0.126748
993,20709,0.000000,0.002896
2256,4541,0.000000,0.001929
5684,19613,0.000000,0.071858
17733,19614,0.000000,0.005350
10468,10882,0.000000,0.075524
1130,14738,0.000000,0.031093
3780,4209,0.000000,0.037996
17062,10882,0.000000,0.014087
1712,833,0.000000,0.037565
4541,19412,0.000000,0.011219
4006,7951,0.682903,0.137381
7240,3780,0.000000,0.026755
4209,833,0.000000,0.025741
39246,4097,0.000000,0.059870
17062,5977,0.682903,0.482348
30163,4541,0.000000,0.000168
1130,1712,0.000000,0.021927
9441,9242,0.000000,0.004381
7951,5684,0.000000,0.018585
2042,5977,0.682903,0.022776
19613,2742,0.000000,0.033067
10882,21189,0.000000,0.018453
4466,25094,0.000000,0.019707
20634,1130,0.000000,0.000263
17676,17062,0.682903,0.030505
9554,2256,0.683838,0.046201
9441,20634,0.000000,0.002605
2042,14009,0.000000,0.009608
1712,19614,0.000000,0.016643
6141,9465,0.000000,0.027546
20634,14738,0.678968,0.000064
25094,17536,0.000000,0.232669
1130,20709,0.000000,0.142145
4097,17536,0.000000,0.030129
19412,17535,0.000000,0.021908
5685,833,0.000000,0.201437
17062,21168,0.000000,0.203667
17536,19412,0.000000,0.784440
833,7951,0.000000,0.033778
24579,21168,0.000000,0.109493
5977,2742,0.681822,0.027196
26557,19412,0.000000,0.013879
4006,30053,0.000000,0.029206
17535,4466,0.000000,0.083305
20634,39538,0.000000,0.000123
9242,2246,0.000000,0.007432
5685,20634,0.000000,0.000027
39246,24579,0.000000,0.007525
10468,1130,0.000000,0.013606
9242,19613,0.000000,0.061767
6141,25094,0.680540,0.093269
14738,1130,0.000000,0.022059
39538,5685,0.000000,0.008526
2742,4006,0.681822,0.090268
17062,4467,0.000000,0.011340
833,25094,0.000000,0.023936
4006,1712,0.686062,0.095167
39538,20709,0.000000,0.008232
15207,21189,0.000000,0.010568
2042,4209,0.000000,0.014618
20709,9441,0.000000,0.031765
993,5978,0.000000,0.003437
4097,17899,0.000000,0.090269
4541,4097,0.000000,0.004904
30163,39538,1.000000,0.999794
9441,2742,0.000000,0.036010
19613,993,0.000000,0.024759
2742,30163,0.000000,0.014514
7240,1712,0.686668,0.020947
15207,1712,0.000000,0.047306
3780,5685,0.000000,0.027271
16687,9465,0.000000,0.008985
4466,1130,0.000000,0.037326
24579,1712,0.678968,0.038553
24579,2742,0.678968,0.028233
2742,19613,0.000000,0.021994
1810,17536,0.000000,0.007706
17899,9554,0.000000,0.003427
25094,17733,0.678968,0.270366
14009,17536,0.000000,0.051846
993,10468,0.000000,0.004127
4466,7951,0.000000,0.030665
30473,17314,0.000000,0.003595
7600,1833,0.000000,0.148621
219,26672,0.000000,0.000721
3052,2205,0.000000,0.015356
7523,7757,0.000000,0.000446
11751,1833,0.000000,0.026243
953,79,0.000000,0.108570
220,26672,0.000000,0.002509
11751,1386,0.000000,0.021621
24125,7325,0.575864,0.007719
32650,953,0.000000,0.019077
1386,11751,0.000000,0.023327
953,15681,0.000000,0.051700
79,286,0.000000,0.000136
220,6679,0.000000,0.032306
7600,79,0.000000,0.010016
11751,953,0.000000,0.038747
11593,9647,0.000000,0.000209
7757,6478,0.000000,0.000508
7325,8361,0.576919,0.009560
1386,15681,0.575864,0.233399
30473,1712,0.000000,0.001069
2479,1047,0.000000,0.049189
17314,9647,0.000000,0.056207
11593,14835,0.000000,0.000040
2479,17383,0.000000,0.007301
6626,15997,0.000000,0.001947
7325,18361,0.000000,0.013943
172,1833,0.000000,0.006126
30473,6504,0.000000,0.000453
7523,1712,0.574645,0.558909
7757,220,0.000000,0.000707
7757,11593,0.000000,0.000016
7350,832,0.000000,0.021822
15681,739,1.000000,0.160351
15997,1699,0.000000,0.013767
11751,2323,0.000000,0.089768
40434,1712,0.000000,0.066043
5040,8860,0.574645,0.670292
220,2607,0.000000,0.004040
79,3052,0.000000,0.278965
11593,8860,0.000000,0.000725
40434,2479,0.000000,0.288605
1833,6504,0.000000,0.029440
27846,6504,0.000000,0.004585
912,14835,0.000000,0.002711
220,79,0.000000,0.027423
11593,1386,0.000000,0.003205
7325,15681,0.000000,0.013582
7600,4090,0.577849,0.031444
1386,2607,0.000000,0.017542
40434,4643,0.000000,0.032046
7350,27846,0.575864,0.006874
10929,27846,0.000000,0.017549
4090,1853,0.577849,0.189634
16,2205,0.000000,0.008954
8860,832,0.574645,0.144444
3052,24125,0.575864,0.171839
1711,16508,0.000000,0.058644
1853,15997,0.000000,0.361617
4787,6679,0.000000,0.082265
11045,16,0.575864,0.125744
6477,1853,0.000000,0.016993
8860,40434,0.000000,0.150721
1617,13328,0.575864,0.170156
11751,11045,0.000000,0.014802
2205,7350,0.575864,0.247932
11045,2607,0.000000,0.003944
30751,20310,0.000000,0.006408
172,6477,0.000000,0.009698
1833,3052,0.000000,0.055152
1712,4090,0.580118,0.040111
21066,20796,0.000000,0.002301
30751,286,0.000000,0.002049
4643,27846,0.000000,0.002610
832,4090,0.580749,0.085874
18361,17383,0.575864,0.087211
7600,7350,0.000000,0.006403
5040,6504,0.575864,0.753930
2205,4787,0.000000,0.026161
739,11045,0.576919,0.024698
3052,27846,0.000000,0.003671
286,7757,0.000000,0.000012
26672,5040,0.000000,0.000745
9647,8361,0.000000,0.003533
172,20796,0.000000,0.068855
7350,11593,0.000000,0.000149
6477,11045,0.000000,0.114917
16508,739,0.576919,0.070344
6626,6477,0.000000,0.001864
27846,1853,0.000000,0.034740
1712,30751,0.575864,0.069467
1617,2205,0.000000,0.012662
6504,15997,0.000000,0.016920
20310,7350,0.000000,0.012557
7523,1711,0.000000,0.025142
1853,16508,0.577849,0.123564
30751,21066,0.000000,0.011356
1833,7523,0.000000,0.238391
30751,7325,0.000000,0.005540
33870,3011,0.000000,0.005330
488,1821,0.000000,0.006678
13028,11116,0.000000,0.009196
3011,1285,0.000000,0.036577
13028,27975,0.000000,0.074104
30737,9574,0.000000,0.069163
13514,34948,0.000000,0.006430
29017,488,0.000000,0.355790
25114,22214,0.000000,0.150751
22798,17611,0.674338,0.018740
488,25114,0.000000,0.042679
15896,23870,0.000000,0.050069
11231,13514,0.000000,0.000531
27975,30737,0.000000,0.003132
30737,4622,0.000000,0.002510
34678,18633,0.000000,0.058213
34678,29780,0.000000,0.002156
30737,1285,0.000000,0.002892
18633,23870,0.000000,0.129150
15896,13514,0.000000,0.002028
1285,15896,0.000000,0.020248
11116,2755,0.000000,0.004439
2756,1285,0.000000,0.116092
10532,4867,0.000000,0.018914
1285,11231,0.000000,0.276885
1677,489,1.000000,0.030776
30737,32266,0.000000,0.003133
1285,23870,0.000000,0.138819
23870,489,0.000000,0.012010
27139,22798,0.000000,0.017286
5935,27139,0.000000,0.005354
30737,18633,0.000000,0.009561
2755,23870,0.000000,0.078789
19920,1677,0.000000,0.014721
22214,10532,0.000000,0.033463
1821,25114,0.000000,0.002037
22214,29017,0.000000,0.055847
32266,11231,0.000000,0.003371
33870,22214,0.000000,0.022409
11116,1821,0.000000,0.006918
1821,12992,0.000000,0.003488
1677,32266,0.000000,0.000178
25114,1285,0.000000,0.028479
3011,30737,0.000000,0.000972
22798,489,0.000000,0.017065
4622,25114,0.000000,0.003164
34948,1677,1.000000,0.094782
11116,1677,0.000000,0.001600
27139,33870,0.000000,0.022921
34678,3011,0.000000,0.067786
23870,12992,0.000000,0.032486
27975,4622,0.000000,0.005912
9574,29017,0.000000,0.129677
4867,4622,0.000000,0.003630
34678,1285,0.000000,0.030141
34678,27139,0.000000,0.004316
25114,13028,0.000000,0.043504
11116,488,0.000000,0.022061
17957,29017,0.000000,0.042895
13028,17957,0.000000,0.005780
4622,1285,0.663382,0.012756
12992,17611,0.674338,0.012357
12992,18633,0.000000,0.050166
34678,1677,0.000000,0.021714
29780,4867,0.000000,0.002561
1677,30737,0.000000,0.000661
23870,15896,0.000000,0.054278
32266,1821,0.000000,0.001931
488,12992,0.000000,0.239836
22214,18633,0.000000,0.027881
30737,27139,0.672290,0.066264
2755,18877,0.000000,0.003911
13514,27139,0.674338,0.070002
10532,17611,0.000000,0.002956
32266,9574,0.679511,0.757449
27975,4867,0.000000,0.429917
11116,30737,0.000000,0.001564
17957,5935,0.655354,0.100792
33870,13514,0.000000,0.019720
22798,22214,0.000000,0.550386
9574,23870,0.681081,0.151346
9574,32266,0.679511,0.765339
32266,25114,1.000000,0.263836
22214,13514,0.000000,0.024975
13514,19920,0.000000,0.003939
4622,29780,0.000000,0.000463
27975,489,0.000000,0.018114
22214,32266,0.000000,0.142781
1677,19920,0.000000,0.007720
22214,4867,0.000000,0.250532
34678,2756,0.000000,0.040783
10532,19920,0.000000,0.037567
11116,4867,0.000000,0.086270
488,33870,0.000000,0.049716
1821,15896,0.000000,0.005585
23870,1285,0.000000,0.118518
2756,19920,0.000000,0.025181
1677,5935,0.000000,0.001145
1677,18633,0.000000,0.316074
19920,4867,0.000000,0.207830
7407,2056,0.000000,0.068353
38198,428,0.000000,0.013705
312,2642,0.000000,0.000168
428,7407,0.000000,0.201099
2141,2641,0.000000,0.010141
38198,2642,0.000000,0.003923
2055,2056,0.000000,0.017837
7408,2641,0.000000,0.086484
312,7407,0.000000,0.000803
428,38198,0.000000,0.018003
7407,2690,0.000000,0.043564
7408,312,0.000000,0.000624
2056,2642,0.000000,0.026743
428,2141,0.000000,0.114672
2141,2055,0.000000,0.004663
2056,7407,0.000000,0.084258
2641,2055,0.000000,0.160494
2056,38198,0.000000,0.017347
2056,2641,0.000000,0.132400
38198,2056,0.000000,0.014940
2055,428,0.000000,0.092809
2690,2689,0.000000,0.026630
7407,2641,0.000000,0.255971
312,2690,0.000000,0.008604
2690,7408,0.000000,0.083200
2689,2141,0.000000,0.004784
7408,428,0.000000,0.017424
428,2642,0.000000,0.027185
2055,2689,0.000000,0.058265
7408,38198,0.000000,0.009036
2055,312,0.000000,0.001662
2055,2141,0.000000,0.004875
7407,2642,0.000000,0.247887
2141,2689,0.000000,0.004737
428,312,0.000000,0.030834
7408,2055,0.000000,0.073925
2141,2642,0.000000,0.002208
2055,7407,0.000000,0.201852
7408,2689,0.000000,0.422212
2690,38198,0.000000,0.053117
38198,2690,0.000000,0.060411
2689,2642,0.000000,0.193434
7407,428,0.000000,0.151193
2690,2641,0.000000,0.023514
2641,2689,0.000000,0.108475
7408,7407,0.000000,0.133038
7408,2141,0.000000,0.001262
2689,7408,0.000000,0.509169
2642,2689,0.000000,0.170123
7407,38198,0.000000,0.014797
2056,2690,0.000000,0.038375
428,2690,0.000000,0.026186
7407,2141,0.000000,0.005427
7408,2056,0.000000,0.029344
2690,2141,0.000000,0.014912
428,2055,0.000000,0.145364
2641,428,0.000000,0.129324
2689,428,0.000000,0.024901
2141,7408,0.000000,0.001353
2056,2689,0.000000,0.125253
2641,2642,0.000000,0.033660
312,2689,0.000000,0.001017
7407,7408,0.000000,0.145264
2690,312,0.000000,0.009192
2642,312,0.000000,0.000383
312,38198,1.000000,0.009890
2055,2642,0.000000,0.064500
2641,2056,0.000000,0.101087
428,2641,0.000000,0.129501
2642,2690,0.000000,0.041549
38198,2055,0.000000,0.008181
2690,2056,0.000000,0.025911
428,7408,0.000000,0.015897
2642,2641,0.000000,0.030166
428,2056,0.000000,0.362415
312,2055,0.000000,0.001520
2641,7408,0.000000,0.067574
2055,2690,0.000000,0.051814
2642,2055,0.000000,0.074573
38198,2141,1.000000,0.019121
312,428,0.000000,0.038045
38198,312,1.000000,0.004798
7407,2689,0.000000,0.445079
312,2056,0.000000,0.001197
2141,38198,1.000000,0.043299
2690,2055,0.000000,0.055268
2141,2056,0.000000,0.043764
2141,312,1.000000,0.011230
7407,2055,0.000000,0.215255
2056,428,0.000000,0.295614
7408,2642,0.000000,0.088040
2689,7407,0.000000,0.553401
7407,312,0.000000,0.001186
2055,38198,0.000000,0.009788
2141,428,0.000000,0.122306
2642,7408,0.000000,0.096531
428,2689,0.000000,0.029257
2690,428,0.000000,0.018589
38198,7407,0.000000,0.011203
2690,7407,0.000000,0.038075
31716,25610,0.000000,0.000835
4123,608,1.000000,0.011438
31716,9415,0.000000,0.000569
7192,20424,0.000000,0.000465
20424,14140,0.000000,0.000211
27538,607,0.000000,0.019755
1166,33296,0.000000,0.000337
33296,27574,1.000000,0.999999
8155,19759,0.678225,0.367899
607,27538,0.000000,0.072458
9415,24496,0.000000,0.272604
11531,9900,0.000000,0.002824
27574,5170,0.000000,0.000212
7817,24496,0.000000,0.007575
19759,21844,0.681822,0.539507
21844,608,0.000000,0.021659
11531,7817,0.000000,0.015099
1461,11531,0.678225,0.671909
6441,12191,0.680253,0.493185
607,11375,0.000000,0.193946
9415,13208,0.000000,0.410056
12191,15358,0.678225,0.583949
1713,27538,0.680253,0.678658
6441,13208,0.000000,0.284030
1166,6441,0.000000,0.699607
24635,13208,0.000000,0.033278
1166,13208,0.000000,0.623001
1713,4123,0.000000,0.155384
13214,19759,1.000000,0.619387
14140,16169,0.683100,0.453446
24635,3940,0.000000,0.060214
31716,24172,0.000000,0.002089
17016,13214,1.000000,0.691584
21844,11375,1.000000,0.559934
607,27574,0.000000,0.000175
24172,14140,1.000000,0.612088
16169,19759,0.683100,0.352963
33296,1461,0.000000,0.000687
5170,6441,0.000000,0.038262
20424,27574,1.000000,0.999999
14140,8986,0.683100,0.362612
608,8986,0.000000,0.023523
4123,27574,0.000000,0.000131
2478,3940,0.000000,0.021727
19759,27574,0.000000,0.001508
1166,9900,0.000000,0.000321
9900,12191,0.000000,0.005274
8155,25610,0.678225,0.583949
6441,1461,0.683100,0.597899
20424,31716,1.000000,0.999999
19759,25610,0.680253,0.570829
8155,9415,0.000000,0.062201
8155,7192,0.678225,0.149746
24496,9900,0.000000,0.002548
9900,3676,0.000000,0.003638
24172,5170,0.000000,0.018439
4123,24635,0.000000,0.007982
13214,16169,0.683100,0.307795
9900,21844,0.000000,0.002506
27538,3940,1.000000,0.493230
17528,9900,0.000000,0.000823
3676,19759,0.681822,0.528722
14140,1166,0.000000,0.531247
11375,20424,0.000000,0.000596
33296,19759,0.000000,0.002574
24635,2478,0.000000,0.015044
608,17016,0.000000,0.006232
33296,12191,0.000000,0.001242
16169,11531,0.678225,0.686204
24172,19759,1.000000,0.525586
1461,7192,0.690351,0.109442
7817,27574,0.000000,0.000749
19759,5170,0.000000,0.035525
9900,3940,0.000000,0.003386
17016,6441,1.000000,0.365290
20424,24172,0.000000,0.002089
11531,8155,1.000000,0.398653
1461,8986,0.687936,0.639597
11375,25610,0.680253,0.639332
8986,9900,0.000000,0.000877
2478,13208,0.000000,0.127365
7192,608,0.000000,0.013192
7192,21844,0.681822,0.632739
8155,13214,0.678225,0.703718
9900,14140,0.000000,0.002723
7192,27538,0.680253,0.512899
5170,17016,0.000000,0.150610
7817,27538,0.000000,0.020172
20424,5170,0.000000,0.000212
6441,1713,0.683100,0.489174
1713,25610,0.680253,0.684538
4123,9415,0.000000,0.537770
5170,8986,0.000000,0.002465
7192,3940,0.680253,0.389466
25610,19759,0.680253,0.484203
608,7817,0.000000,0.009177
33296,5170,0.000000,0.000212
13208,14140,0.000000,0.681264
13214,1166,0.000000,0.641679
7192,3676,0.681822,0.503309
17772,30991,0.000000,0.002876
33627,18396,0.000000,0.008061
13671,17038,0.000000,0.099277
20942,17224,0.000000,0.017481
4838,33627,0.680014,0.006591
21988,15250,0.000000,0.022870
15344,21988,0.000000,0.024152
30991,38229,0.000000,0.047457
33882,9572,0.000000,0.012089
18774,13671,0.000000,0.035684
2643,18396,0.000000,0.023296
10004,17038,0.000000,0.026841
18774,30991,0.000000,0.001870
19765,11157,0.000000,0.014084
18775,21988,0.000000,0.024964
2643,9572,0.000000,0.188705
21988,19604,0.000000,0.012954
20942,17038,0.000000,0.024674
26773,15250,0.000000,0.076084
4838,10700,0.000000,0.003435
2643,33882,0.000000,0.303612
2644,26773,0.000000,0.013377
11239,33882,0.000000,0.002489
19765,17038,0.000000,0.279673
18737,17772,0.000000,0.059987
10004,26773,0.000000,0.024043
11239,30991,0.000000,0.003530
17224,26773,0.000000,0.020423
21988,9572,0.000000,0.036913
11239,18775,0.000000,0.005559
15343,2644,0.000000,0.019524
2644,30991,0.000000,0.005479
4838,2644,0.000000,0.001846
21988,38229,0.000000,0.011524
2643,2644,0.000000,0.152943
2643,15343,0.000000,0.023581
33882,19604,0.000000,0.003104
13000,17224,0.000000,0.076517
15343,18774,0.000000,0.025059
13671,9572,0.000000,0.035862
19765,21988,0.000000,0.030261
18396,18775,0.000000,0.035461
10700,11157,0.000000,0.035395
18774,21988,0.000000,0.028246
17772,13000,0.000000,0.004697
18775,2643,0.000000,0.358463
15343,13000,0.000000,0.019408
13671,20942,0.000000,0.019255
19604,17038,0.000000,0.006480
10004,15249,0.000000,0.025214
17038,13671,0.000000,0.118041
10700,17038,0.000000,0.032754
15343,26773,0.000000,0.019086
9572,33882,0.000000,0.013781
13671,17224,0.000000,0.023121
10700,21988,0.000000,0.052195
18774,13000,0.000000,0.016206
15343,15250,0.000000,0.244673
15249,25889,0.000000,0.033193
18774,15343,0.000000,0.026573
15343,25889,0.000000,0.080240
21988,10700,0.000000,0.041415
9572,4838,0.000000,0.001275
10004,18775,0.000000,0.210153
17224,4838,0.000000,0.016312
19765,13000,0.000000,0.029316
30991,18737,0.000000,0.003948
33882,11157,0.000000,0.003419
17038,15250,0.000000,0.280445
15344,9572,0.000000,0.011596
17224,13000,0.000000,0.060321
11157,20942,0.000000,0.017039
21988,33882,0.000000,0.012120
13000,30991,0.000000,0.011725
15249,15343,0.000000,0.238553
17038,18775,0.000000,0.052188
17038,19604,0.000000,0.001690
18774,19765,0.000000,0.075022
15343,15249,0.000000,0.203830
13000,18774,0.000000,0.020191
26773,25889,0.551706,0.068455
13671,26773,0.000000,0.026762
17772,15344,0.000000,0.033731
38229,17772,0.000000,0.016813
10004,17224,0.000000,0.044602
2644,15343,0.000000,0.019484
9572,10004,0.000000,0.133903
20942,15249,0.000000,0.014395
18396,26773,0.000000,0.080533
30991,19604,1.000000,0.628232
18775,11239,0.000000,0.017872
30991,2643,0.000000,0.028029
38229,15343,0.000000,0.189006
18774,20942,0.000000,0.012910
9572,15250,0.000000,0.022951
26773,17772,0.000000,0.041694
18737,13671,0.000000,0.005606
15249,30991,0.000000,0.008899
30991,2644,0.000000,0.006531
18396,10700,0.000000,0.084109
24560,35923,1.000000,0.753872
1399,17986,0.000000,0.223477
3679,7601,0.000000,0.392371
542,16775,0.000000,0.134485
73,7601,0.000000,0.053940
10258,10257,0.000000,0.507733
7725,20996,0.000000,0.002866
3679,11707,0.000000,0.010626
73,11707,0.000000,0.078061
22097,73,1.000000,0.089353
25474,10258,0.000000,0.424849
20720,11708,0.000000,0.000055
18824,3679,0.000000,0.027893
542,7601,0.000000,0.497303
20720,6869,0.000000,0.014347
16527,36460,0.000000,0.001842
25474,17986,0.000000,0.582370
25027,20720,0.000000,0.001029
28939,25027,0.672290,0.457161
20720,11707,0.000000,0.000992
11707,10258,0.000000,0.586730
542,25027,0.000000,0.085399
25027,10258,0.000000,0.003492
16775,12729,0.000000,0.206814
25027,24560,0.000000,0.163797
25027,28939,0.672290,0.461568
6869,542,0.000000,0.229435
3679,2318,0.000000,0.004755
73,12582,0.000000,0.023412
16775,1399,0.000000,0.038722
10257,10258,0.000000,0.492863
17986,12728,0.000000,0.005235
3678,10257,0.000000,0.000361
28494,6869,0.670417,0.006965
17986,20673,0.000000,0.041493
16775,12728,0.000000,0.004921
2877,12729,0.000000,0.085728
20673,22097,1.000000,0.000203
12729,16527,0.000000,0.296126
17986,25474,0.000000,0.514569
16527,20673,0.000000,0.005522
2877,21094,0.000000,0.068703
24560,3678,0.000000,0.234663
28939,12728,0.000000,0.006095
16775,11707,0.000000,0.137627
2878,17986,0.000000,0.000761
28939,16527,0.672290,0.084103
25474,12729,0.000000,0.224005
6869,73,0.000000,0.041016
7725,25474,0.000000,0.612640
11707,7725,0.000000,0.035452
542,20996,1.000000,0.257338
6869,7601,0.000000,0.041914
16527,12582,0.000000,0.231200
36460,542,1.000000,0.131475
2878,12729,0.000000,0.006014
12729,73,1.000000,0.077051
16775,6869,0.000000,0.028063
35923,12728,0.000000,0.001428
25027,22097,0.000000,0.020726
10258,20996,0.000000,0.001072
6869,12729,0.000000,0.019502
6869,35923,1.000000,0.005238
21094,16527,0.000000,0.063471
17986,11708,0.000000,0.007753
25027,7725,0.674338,0.589956
1399,12729,0.000000,0.179127
35923,28939,0.000000,0.044405
2318,16775,0.000000,0.002211
12728,12729,0.000000,0.004611
12729,2318,0.000000,0.003095
18824,20720,0.000000,0.002923
12729,12728,0.000000,0.002901
36460,20720,1.000000,0.002751
1399,20996,0.000000,0.006246
12582,2877,0.000000,0.332891
28494,2878,0.000000,0.005219
17986,24560,0.000000,0.146077
2877,542,0.000000,0.039516
73,20996,1.000000,0.056383
17986,2878,0.000000,0.000948
36460,10257,0.000000,0.000069
3678,20720,0.000000,0.001609
73,21094,1.000000,0.050861
12582,12728,0.000000,0.001428
28494,35923,0.670417,0.667418
7725,17986,0.000000,0.555752
35923,17986,0.000000,0.582370
3678,11707,0.000000,0.024158
16527,20720,0.000000,0.001505
20673,10257,0.000000,0.005967
16527,18824,0.674338,0.427418
36460,6869,0.000000,0.002930
20673,25474,0.000000,0.133277
12729,17986,0.000000,0.032535
10257,7601,0.000000,0.002425
22097,24560,0.000000,0.044484
20996,16527,0.000000,0.001682
16527,7601,1.000000,0.131302
16775,25027,0.674338,0.599306
607,37323,0.000000,0.003241
1962,8047,0.706744,0.732718
1959,11051,0.000000,0.019014
9100,145,0.000000,0.046451
145,6127,0.000000,0.037231
30136,125,0.000000,0.003896
4562,4563,0.000000,0.044248
4474,19728,0.000000,0.007958
607,6127,0.000000,0.697710
2363,10253,0.000000,0.246742
8047,6846,0.000000,0.004920
25795,7267,0.000000,0.003885
607,37,0.707582,0.687566
9914,20013,0.000000,0.024561
4949,5423,0.000000,0.000191
9914,16811,0.000000,0.040910
18432,1959,0.000000,0.018117
15653,19728,0.000000,0.124056
3934,3929,0.000000,0.004802
16956,1959,0.000000,0.372453
2574,5481,0.000000,0.662601
4143,6846,0.000000,0.006932
4563,11100,0.000000,0.016516
9100,20191,0.000000,0.146055
3275,7267,0.000000,0.161373
607,7811,0.000000,0.720626
14498,8047,0.706744,0.613613
22009,7047,0.000000,0.039469
8356,20191,0.000000,0.227553
14498,9100,0.000000,0.185581
5423,7514,0.706744,0.655244
4562,25795,0.000000,0.000292
7811,4562,0.000000,0.002177
777,4143,0.000000,0.600901
7811,13088,0.000000,0.026362
7474,1043,0.000000,0.036594
11100,6127,0.000000,0.663111
3934,10916,0.000000,0.067124
11100,4562,0.000000,0.004356
6845,22009,0.000000,0.072409
16956,18432,0.000000,0.027997
777,37,0.707582,0.085373
11706,3934,0.706281,0.548340
3934,15653,0.000000,0.001758
608,3275,0.000000,0.050216
2363,20404,0.000000,0.008342
9100,14498,0.000000,0.409467
7267,15653,0.000000,0.008359
836,16811,0.000000,0.001741
3934,4143,0.000000,0.576306
20191,8570,0.000000,0.018920
16811,6846,0.000000,0.063104
7474,3934,0.000000,0.046855
8356,6127,0.000000,0.643223
8356,12505,0.000000,0.080086
8047,3275,0.000000,0.108441
4367,4563,0.000000,0.041675
4563,37,0.000000,0.025454
7267,836,0.000000,0.108767
20191,4143,0.000000,0.724418
777,10916,0.000000,0.176706
25795,9439,0.000000,0.002048
5423,144,0.000000,0.010693
11050,5481,0.000000,0.035203
11051,4143,0.000000,0.037332
6127,125,0.000000,0.646703
8570,15653,0.000000,0.047362
2574,18432,0.000000,0.026459
7811,608,0.000000,0.037554
13088,6845,0.000000,0.713573
10253,12505,0.000000,0.084167
3929,6845,0.000000,0.046546
2074,11100,0.000000,0.005507
30136,20013,0.000000,0.001667
144,6846,0.000000,0.004285
2074,10916,0.000000,0.016931
9100,4367,0.000000,0.164308
3274,18432,0.000000,0.055352
4474,10916,0.000000,0.021871
9914,777,0.000000,0.032777
7514,2574,1.000000,0.614079
25795,4143,0.679011,0.006192
37323,8047,0.000000,0.003442
8570,777,0.000000,0.030802
7474,6127,0.000000,0.032873
7811,4367,0.000000,0.686799
8047,145,0.000000,0.035887
7474,30136,0.000000,0.031778
20013,5423,0.706744,0.704494
7047,7267,0.000000,0.148380
2363,11051,0.000000,0.002607
2074,20404,0.000000,0.024573
16956,12505,0.000000,0.018848
7267,8047,0.000000,0.093965
8570,4474,0.000000,0.010081
2074,7047,0.000000,0.066370
777,2363,0.000000,0.368539
9439,22009,0.000000,0.032016
7514,13088,0.000000,0.012324
144,608,0.000000,0.003983
30866,20234,0.000000,0.002504
30866,1843,0.000000,0.008159
35262,25737,1.000000,0.999873
5866,23652,0.681822,0.701494
33879,7926,0.678225,0.780249
1843,15086,0.680253,0.571267
25737,15290,0.000000,0.000197
34242,26291,0.678225,0.556591
20234,15290,0.000000,0.000147
4160,30866,0.000000,0.002936
35262,26291,0.678225,0.557668
26291,20234,0.680253,0.647284
15077,34242,1.000000,0.772043
25737,4161,0.000000,0.000868
17638,4161,0.000000,0.000868
33879,30186,0.678225,0.253278
30867,512,0.000000,0.001242
29046,4161,0.000000,0.000862
13861,11339,0.000000,0.000798
12634,1244,0.000000,0.002732
30359,35262,0.678225,0.776407
30867,31732,0.678225,0.723248
17638,20234,0.678225,0.781283
30867,29046,1.000000,0.999832
18307,1843,0.680253,0.534927
23377,35262,0.678225,0.642504
12634,26291,0.686668,0.985870
33879,11843,0.675354,0.703732
30866,11843,0.000000,0.001793
1843,11843,0.675354,0.641938
30525,11339,0.000000,0.000797
30525,512,0.000000,0.001242
13861,5866,0.678225,0.600555
35262,11339,0.000000,0.000798
12634,11339,0.000000,0.000856
4161,23652,0.000000,0.001500
4161,29079,0.000000,0.000479
34242,25737,1.000000,0.999852
12634,25737,0.678225,0.609002
34242,23377,0.678225,0.599770
35262,30867,1.000000,0.999873
35262,15086,0.678225,0.723022
25737,23652,0.678225,0.702657
1843,30525,0.678225,0.677038
35262,31732,0.678225,0.723248
26291,30359,0.680253,0.647186
1244,31732,0.000000,0.015140
30866,12634,0.000000,0.004007
17638,13861,1.000000,0.999873
15290,512,0.000000,0.305160
26291,30186,0.680253,0.005869
1843,15077,0.678225,0.458314
7926,15290,0.000000,0.000147
25737,3933,0.678225,0.702973
34242,1244,0.000000,0.001071
3933,25737,0.678225,0.711887
17638,5866,0.678225,0.600555
30186,29046,0.678225,0.260710
4160,1244,0.000000,0.002626
31732,13861,0.678225,0.727274
11843,30866,0.000000,0.001152
12634,30186,0.680253,0.006561
12634,33879,0.678225,0.605581
23652,18307,0.680253,0.712652
26291,11339,0.000000,0.000849
23652,7926,0.680253,0.739920
13861,7926,0.678225,0.780940
3933,1244,0.000000,0.002588
4161,7926,0.000000,0.000414
512,15290,0.000000,0.219999
35262,4160,0.678225,0.639470
1843,30359,0.680253,0.344818
30867,3933,0.678225,0.702973
23652,25737,0.678225,0.711590
30186,13861,0.678225,0.259940
35262,33879,1.000000,0.999761
15077,1843,0.678225,0.355098
1244,30866,0.000000,0.000043
13861,1843,0.678225,0.679218
18307,29079,0.675354,0.702298
30359,4161,0.000000,0.000531
26291,34242,0.678225,0.605736
34242,31732,0.678225,0.723150
18307,30359,1.000000,0.752392
3933,30359,0.680253,0.739669
13861,33879,1.000000,0.999761
3933,30525,0.678225,0.711624
26291,15290,0.000000,0.000272
15077,12634,0.678225,0.470153
3933,23652,1.000000,0.999532
23377,1244,0.000000,0.002679
35262,30525,1.000000,0.999852
15290,30866,0.000000,0.016348
12634,30359,0.680253,0.663250
33879,3933,0.678225,0.701840
23377,29046,0.678225,0.641358
15290,3933,0.000000,0.000354
512,30186,0.000000,0.000744
29046,25737,1.000000,0.999832
34242,15077,1.000000,0.781297
8345,28777,0.000000,0.007606
28777,6806,0.000000,0.017402
20250,21601,0.000000,0.005680
28777,20250,0.000000,0.016766
20250,4417,0.000000,0.000835
20250,28777,0.000000,0.017724
3100,4417,0.000000,0.017419
26690,21601,0.000000,0.003966
28777,6807,0.000000,0.041933
4417,21601,1.000000,0.129157
21601,3100,0.000000,0.019063
6807,28777,0.000000,0.033180
21601,8345,0.000000,0.001073
8345,26690,0.000000,0.034186
4417,20250,0.000000,0.000419
20250,3100,0.000000,0.017060
6806,20250,0.000000,0.027183
6806,4417,0.000000,0.000729
6807,8345,0.000000,0.008155
28777,21601,0.000000,0.027482
4417,8345,0.000000,0.000420
6806,3100,0.000000,0.013694
3100,6806,0.000000,0.005535
21601,26690,0.000000,0.001481
21601,28777,0.000000,0.008611
8345,21601,0.000000,0.004511
8345,3100,0.000000,0.004092
6807,4417,0.000000,0.002180
26690,6806,0.000000,0.015254
26690,28777,0.000000,0.014163
8345,6806,0.000000,0.008184
20250,6806,0.000000,0.022917
20250,8345,0.000000,0.024591
21601,6807,0.000000,0.007571
4417,26690,0.000000,0.003367
4417,3100,0.000000,0.020429
26690,3100,0.000000,0.003941
6807,6806,0.000000,0.014208
6807,26690,0.000000,0.023211
20250,26690,0.000000,0.021351
6806,6807,0.000000,0.020369
20250,6807,0.000000,0.020579
21601,20250,0.000000,0.001598
6806,26690,0.000000,0.023906
6806,28777,0.000000,0.022532
3100,6807,0.000000,0.009781
26690,20250,0.000000,0.015603
8345,4417,0.000000,0.000867
21601,4417,1.000000,0.114598
8345,20250,0.000000,0.023184
6807,3100,0.000000,0.012635
26690,6807,0.000000,0.022646
28777,8345,0.000000,0.006918
6807,21601,0.000000,0.014332
3100,28777,0.000000,0.013994
21601,6806,0.000000,0.001551
3100,20250,0.000000,0.007039
6807,20250,0.000000,0.016993
26690,8345,0.000000,0.017884
28777,3100,0.000000,0.027979
28777,4417,0.000000,0.012396
3100,8345,0.000000,0.002276
6806,21601,0.000000,0.006634
4417,28777,0.000000,0.006494
4417,6806,0.000000,0.000348
28777,26690,0.000000,0.015317
3100,26690,0.000000,0.003571
8345,6807,0.000000,0.010266
4417,6807,0.000000,0.001518
6806,8345,0.000000,0.009445
26690,4417,0.000000,0.005017
3100,21601,0.000000,0.016036
19986,12522,1.000000,0.002474
39164,12522,0.000000,0.007652
6107,12912,0.000000,0.043241
6319,6107,0.000000,0.001530
6318,7994,0.000000,0.019093
40092,12522,1.000000,0.013592
33850,12912,0.000000,0.012575
7994,12912,0.000000,0.057019
12912,7994,0.000000,0.038215
6318,12522,0.000000,0.016700
7994,19986,0.000000,0.007194
6319,33850,0.000000,0.002234
12912,12522,1.000000,0.070229
39164,19986,0.000000,0.001035
12522,12912,1.000000,0.077937
33850,39164,0.000000,0.011573
6319,16852,0.000000,0.012310
6107,40092,0.000000,0.005438
16852,40092,0.000000,0.009671
33850,6319,0.000000,0.004852
6107,16852,0.000000,0.011584
7994,12522,0.000000,0.045146
7994,16852,0.000000,0.031157
6107,39164,0.000000,0.001636
12912,40092,1.000000,0.048863
6318,33850,0.000000,0.042192
39164,16852,0.000000,0.003959
6318,6107,0.000000,0.005752
7994,6107,0.000000,0.023528
16852,6319,0.000000,0.022111
16852,19986,0.000000,0.013785
6318,6319,0.000000,0.015074
19986,6319,0.000000,0.000780
7994,33850,0.000000,0.012578
33850,12522,0.000000,0.015268
12522,16852,0.000000,0.109090
39164,6318,0.000000,0.015432
6319,39164,0.000000,0.007223
12912,19986,1.000000,0.007298
6107,7994,0.000000,0.013489
7994,40092,0.000000,0.011455
6318,19986,0.000000,0.004724
40092,33850,0.000000,0.003178
16852,33850,0.000000,0.042489
39164,7994,0.000000,0.002107
19986,7994,0.000000,0.003961
40092,19986,1.000000,0.000253
6319,19986,0.000000,0.000425
33850,19986,0.000000,0.005506
12522,39164,0.000000,0.009894
40092,7994,0.000000,0.010138
7994,6318,0.000000,0.021759
16852,7994,0.000000,0.051479
40092,6107,0.000000,0.005701
6319,6318,0.000000,0.007431
33850,6318,0.000000,0.041975
12912,33850,0.000000,0.007682
6318,40092,0.000000,0.023171
6318,39164,0.000000,0.039288
39164,33850,0.000000,0.007197
16852,12522,0.000000,0.152678
6319,7994,0.000000,0.005902
33850,16852,0.000000,0.037107
12522,7994,0.000000,0.052814
12522,6319,0.000000,0.024844
19986,6107,0.000000,0.001220
6318,16852,0.000000,0.027652
39164,6319,0.000000,0.005188
12522,33850,0.000000,0.011077
6107,19986,0.000000,0.000735
6319,12912,0.000000,0.044200
12912,6319,0.000000,0.028783
12912,6107,0.000000,0.039748
12912,6318,0.000000,0.005566
33850,40092,0.000000,0.006765
6107,33850,0.000000,0.001493
19986,39164,0.000000,0.001220
16852,6318,0.000000,0.035477
19986,6318,0.000000,0.003189
33850,7994,0.000000,0.012350
6319,12522,0.000000,0.015821
40092,39164,0.000000,0.008430
19986,33850,0.000000,0.001928
40092,6318,0.000000,0.013353
7994,6319,0.000000,0.011816
7994,39164,0.000000,0.004008
19986,40092,1.000000,0.000450
16852,12912,0.000000,0.052314
19986,16852,0.000000,0.008461
40092,12912,1.000000,0.079381
6107,6318,0.000000,0.003588
16852,39164,0.000000,0.007181
40092,6319,0.000000,0.012692
12522,6107,0.000000,0.023077
6318,12912,0.000000,0.008063
6319,40092,0.000000,0.011138
19986,12912,1.000000,0.011982
12522,19986,1.000000,0.001847
39164,40092,0.000000,0.004085
12912,16852,0.000000,0.027649
21369,28674,0.000000,0.046255
21369,40438,0.000000,0.001983
21369,28675,0.000000,0.069338
2170,28675,0.000000,0.000783
28674,28675,0.000000,0.326228
2170,28674,0.000000,0.001020
40438,28675,0.000000,0.000186
28674,2170,0.000000,0.001859
40438,2170,0.000000,0.000378
28674,21369,0.000000,0.014217
40438,28674,0.000000,0.000888
28675,28674,0.000000,0.353506
21369,2170,0.000000,0.009507
40438,21369,0.000000,0.000878
28675,2170,0.000000,0.000916
2170,21369,0.000000,0.001323
28674,40438,0.000000,0.000862
2170,40438,0.000000,0.000235
28675,21369,0.000000,0.051959
28675,40438,0.000000,0.000231
10212,10213,0.000000,0.003479
40198,10213,0.000000,0.003479
23201,10212,0.000000,0.048715
40198,23201,0.000000,0.061312
10213,10212,0.000000,0.004890
10213,32438,0.000000,0.004890
10213,23201,0.000000,0.008748
23201,10213,0.000000,0.013650
32438,10212,1.000000,1.000000
10213,40198,0.000000,0.004890
23201,40198,0.000000,0.048715
32438,23201,0.000000,0.061312
23201,32438,0.000000,0.048715
10212,23201,0.000000,0.061312
40198,32438,1.000000,1.000000
10212,40198,1.000000,1.000000
32438,40198,1.000000,1.000000
40198,10212,1.000000,1.000000
10212,32438,1.000000,1.000000
32438,10213,0.000000,0.003479
38764,18483,0.000000,0.000025
785,17678,0.000000,0.000000
18374,7448,1.000000,0.989867
20580,15430,0.000000,0.000003
2079,17678,1.000000,0.997298
21563,17355,1.000000,0.914584
7448,2079,1.000000,0.993877
11082,17328,1.000000,0.999096
24805,17458,1.000000,0.994301
23318,19397,1.000000,0.973960
2464,29227,0.000000,0.285306
19207,2079,1.000000,0.991516
1611,38764,0.000000,0.003752
19136,2383,1.000000,0.976355
8095,2383,1.000000,0.938294
13608,24305,1.000000,0.976303
19397,7448,1.000000,0.982454
26660,19136,0.000000,0.997431
11082,17870,1.000000,0.997082
38764,2383,0.000000,0.000020
1260,20580,0.000000,0.071773
8095,8428,1.000000,0.800644
9063,18483,0.000000,0.330965
19207,1611,0.000000,0.005132
6211,17458,1.000000,0.964065
15430,26329,0.000000,0.000019
26660,38764,0.000000,0.000039
21293,18374,1.000000,0.991219
18483,5777,0.000000,0.000019
24305,17545,1.000000,0.954684
6211,22521,1.000000,0.973960
4972,800,0.000000,0.000559
13608,3161,1.000000,0.030733
4322,23318,1.000000,0.996004
7448,13608,1.000000,0.971970
32530,18374,0.000000,0.065428
9063,26329,0.000000,0.067554
10236,24805,1.000000,0.961761
800,21262,0.000000,0.001537
26660,17870,0.000000,0.989192
4122,7190,1.000000,0.996818
16452,4365,1.000000,0.994600
19852,23384,0.000000,0.069073
4972,5777,0.000000,0.000166
12212,21293,1.000000,0.983541
38764,18484,0.000000,0.000057
17870,38764,0.000000,0.000013
18484,22521,0.000000,0.874686
10236,12212,1.000000,0.990986
23384,3161,0.000000,0.004825
24305,8095,1.000000,0.970291
9063,4122,1.000000,0.997317
8095,12212,1.000000,0.907586
23384,19397,0.000000,0.101703
4122,19207,1.000000,0.991799
8035,4322,1.000000,0.890650
21262,19154,0.000000,0.000014
4972,2464,1.000000,0.966920
15430,5884,0.000000,0.000175
24305,30765,0.000000,0.590990
3161,1423,1.000000,0.020534
11082,24305,1.000000,0.984292
3161,5777,0.000000,0.000077
8095,19852,1.000000,0.925232
24305,18484,0.000000,0.776741
2383,8428,1.000000,0.987721
4972,17355,1.000000,0.988795
11683,21293,1.000000,0.957147
23318,26329,0.000000,0.025144
2610,17678,1.000000,0.932462
37147,5777,0.000000,0.000010
22521,2610,1.000000,0.991528
3861,7448,0.000000,0.125364
18374,19852,1.000000,0.992979
13608,4972,1.000000,0.990462
18483,22521,0.000000,0.003971
21262,17328,1.000000,0.995005
12212,17545,1.000000,0.995890
6211,4365,1.000000,0.943681
19397,5777,0.000000,0.000127
19397,21262,1.000000,0.995264
17870,1260,1.000000,0.964950
29227,800,0.000000,0.000618
19852,4322,1.000000,0.987355
2383,17870,1.000000,0.957494
17678,5777,0.000000,0.000152
18483,4365,0.000000,0.027792
11082,19397,1.000000,0.996484
5884,18483,0.000000,0.319346
24305,5777,0.000000,0.000731
26660,2464,0.000000,0.975890
19397,17458,1.000000,0.991698
19397,16452,1.000000,0.992718
6211,19207,1.000000,0.991451
4122,24805,1.000000,0.992804
926,17870,1.000000,0.993282
10236,21262,1.000000,0.995196
17355,1260,1.000000,0.925750
1611,800,0.000000,0.004651
16452,15430,0.000000,0.000414
1285,7415,0.668904,0.302370
6728,22056,0.000000,0.189660
35610,6728,0.000000,0.009496
17796,17121,0.665415,0.020612
3996,830,0.000000,0.074136
3996,35610,0.000000,0.005353
33107,830,0.000000,0.085102
1677,33107,0.000000,0.000681
29111,35610,0.674865,0.456682
3996,17129,0.000000,0.011647
11231,1677,0.000000,0.294676
22057,3996,0.000000,0.257878
2375,22057,0.000000,0.026811
29111,830,0.000000,0.054300
6728,6727,0.000000,0.022343
1285,6728,0.000000,0.076123
29111,6727,0.000000,0.295724
33107,17796,0.000000,0.035646
35610,17796,0.000000,0.054912
12177,35610,0.000000,0.002646
830,11231,0.000000,0.283246
37988,29111,0.674865,0.417838
22056,37988,0.000000,0.001957
22056,2375,0.000000,0.328564
17121,6727,0.664452,0.074601
2375,1677,0.000000,0.106279
7415,6728,0.000000,0.462179
6728,29111,0.000000,0.021015
37988,1285,0.000000,0.004923
17796,6727,0.664452,0.028811
12177,22056,0.000000,0.014665
17121,1677,0.000000,0.520054
830,3996,0.000000,0.131710
7415,6727,0.664452,0.435236
3996,7415,0.000000,0.076950
22056,830,0.000000,0.020534
17796,22056,0.000000,0.002062
17796,6728,0.000000,0.031717
1285,2375,0.667021,0.042604
6727,33107,0.000000,0.089583
35610,2375,0.000000,0.012263
3996,1677,1.000000,0.005728
11231,12177,0.000000,0.104362
17796,35610,0.000000,0.051075
830,1677,0.000000,0.035573
17121,3996,0.000000,0.011603
6727,7415,0.664452,0.368068
11231,2375,0.000000,0.021457
17796,22057,0.000000,0.231813
6727,17129,0.000000,0.016671
7415,17796,0.665415,0.082144
6727,29111,0.000000,0.405550
7415,11231,0.000000,0.197187
3996,1285,0.000000,0.024166
6727,17121,0.664452,0.067451
12177,2375,0.663339,0.020370
17796,33107,0.000000,0.032245
7415,12177,0.663339,0.303897
1285,11231,0.000000,0.276885
35610,29111,0.674865,0.417838
29111,17129,0.000000,0.017774
1677,22056,0.000000,0.646502
33107,22056,0.000000,0.002180
2375,17129,0.000000,0.023366
35610,22056,0.000000,0.001100
1677,22057,0.000000,0.003697
830,17796,0.665415,0.166991
35610,37988,1.000000,0.999994
3996,33107,0.000000,0.022481
29111,6728,0.000000,0.026059
35610,22057,0.000000,0.223271
6728,1285,0.000000,0.166867
3996,22056,0.000000,0.001232
12177,6727,0.663339,0.069551
830,22057,0.000000,0.314205
7415,830,0.667706,0.224076
12177,7415,0.663339,0.428965
22057,17129,0.656329,0.058102
2375,29111,0.000000,0.119743
6727,37988,0.000000,0.128916
12177,17121,0.663339,0.042954
37988,7415,0.000000,0.093779
17796,1677,0.000000,0.010413
1285,17129,0.000000,0.080357
11231,17129,0.000000,0.035277
12177,17796,0.663339,0.021873
830,6727,0.664452,0.238462
2375,1285,0.667021,0.109482
1677,7415,0.000000,0.304051
12177,830,0.663339,0.180178
2375,35610,0.000000,0.040595
12177,37988,0.000000,0.002646
2375,7415,0.667021,0.086607
1677,29111,0.000000,0.001809
17129,37988,0.000000,0.012939
22057,35610,0.000000,0.268615
6727,12177,0.663339,0.080439
11231,29111,0.000000,0.013971
1677,1285,0.000000,0.169654
22057,11231,0.000000,0.045091
30439,25844,0.000000,0.025845
30439,26325,0.000000,0.011784
26325,25473,0.000000,0.026175
30439,12931,0.649134,0.704291
30439,34354,0.000000,0.025845
25844,26325,0.000000,0.041525
26325,30439,0.000000,0.007684
25844,25473,0.000000,0.018877
34354,12931,0.000000,0.275795
26325,25844,0.000000,0.065042
34354,30439,0.000000,0.019114
12931,30439,0.649134,0.767498
34354,25473,0.000000,0.018877
26325,34354,0.000000,0.065042
12931,25473,0.000000,0.055211
25473,34354,0.000000,0.039568
12931,34354,0.000000,0.378581
34354,25844,1.000000,0.999989
30439,25473,0.000000,0.057161
34354,26325,0.000000,0.041525
25473,30439,0.000000,0.050658
25844,34354,1.000000,0.999989
12931,25844,0.000000,0.378581
25473,12931,0.000000,0.056607
25473,26325,0.000000,0.059205
25844,30439,0.000000,0.019114
12931,26325,0.000000,0.023907
26325,12931,0.000000,0.014705
25844,12931,0.000000,0.275795
25473,25844,0.000000,0.039568
1098,37924,0.000000,0.000249
5767,15027,0.000000,0.096582
28603,15026,0.674200,0.660194
29879,14136,0.000000,0.000021
4175,37924,0.000000,0.015018
22406,15026,0.674200,0.596514
15027,5767,0.000000,0.231679
5767,35844,0.000000,0.022194
32163,15027,0.000000,0.007770
1098,27652,0.000000,0.000276
1098,15087,0.000000,0.001958
1929,26738,0.000000,0.000085
34591,1929,0.000000,0.000031
27652,22161,0.000000,0.043766
27652,32163,0.676242,0.769789
27652,28621,0.000000,0.009412
35515,37924,0.000000,0.079363
14136,1929,1.000000,0.335796
37924,29879,0.000000,0.090951
37924,35844,0.000000,0.005611
28603,28621,0.000000,0.007306
1099,8746,0.000000,0.020736
15027,23568,0.000000,0.099276
28621,4175,0.000000,0.005404
28621,6987,0.000000,0.002628
6402,15027,0.000000,0.009923
15087,4175,0.676242,0.644326
27652,5767,0.677821,0.062055
1929,34591,0.000000,0.000085
34591,28603,0.000000,0.706380
6402,15087,1.000000,0.999121
28603,29879,0.000000,0.631369
28603,32163,1.000000,0.651823
27652,15026,0.674200,0.666020
22161,1099,0.000000,0.000862
14136,27652,0.000000,0.000069
26738,23568,0.000000,0.703452
35844,28621,0.000000,0.602564
6402,35515,0.674200,0.678747
1098,6402,0.000000,0.001958
28621,22161,0.000000,0.555267
1929,29879,0.000000,0.001130
6987,6402,0.000000,0.000413
15026,22161,0.000000,0.023641
15087,35515,0.674200,0.678747
5767,34591,0.000000,0.040509
15026,26738,0.000000,0.684121
6402,27652,0.676242,0.797946
26745,1929,0.000000,0.000102
15026,15087,0.674200,0.697429
35515,1929,0.000000,0.000161
1929,6402,0.000000,0.000347
26745,6987,0.000000,0.000770
15087,27652,0.676242,0.797946
6987,35844,0.000000,0.000489
29879,4175,0.000000,0.337359
22406,29879,0.000000,0.156209
15087,1098,0.000000,0.001147
22406,6402,0.676242,0.606100
1099,22406,0.000000,0.011430
28621,1099,0.000000,0.002836
6987,22406,0.000000,0.000175
35515,22161,0.000000,0.023710
28621,1098,0.000000,0.001930
23568,29879,0.000000,0.631326
28621,27652,0.000000,0.006569
6402,28603,1.000000,0.871445
15087,5767,0.676242,0.495498
32163,22161,0.000000,0.243168
1929,1099,1.000000,0.270705
15026,23568,0.674200,0.657648
1929,15026,0.000000,0.000569
26738,15027,0.669663,0.006404
14136,28621,0.000000,0.000349
37924,32163,0.000000,0.015319
5767,6402,0.676242,0.138409
23568,14136,0.000000,0.002128
15026,29879,0.000000,0.643657
4175,23568,0.680194,0.650309
22406,32163,0.676242,0.544179
37924,27652,0.000000,0.004677
6987,15087,0.000000,0.000413
37924,28603,0.000000,0.051293
6402,29879,0.000000,0.698433
27652,15087,0.676242,0.841788
35515,34591,0.000000,0.684107
6987,23568,0.000000,0.000251
1099,5767,0.000000,0.022530
5767,22406,0.681133,0.054033
15027,6987,0.000000,0.005998
22406,35844,0.000000,0.002031
27652,6402,0.676242,0.841788
37924,34591,0.000000,0.000499
15026,1098,0.000000,0.001305
15026,14136,0.000000,0.000455
29879,1929,0.000000,0.000259
14136,26745,0.000000,0.002643
5767,14136,0.000000,0.000299
5767,37924,0.000000,0.007825
37924,14136,0.000000,0.000071
4410,6537,0.000000,0.058276
24385,23200,0.668819,0.678504
10842,4410,0.000000,0.639268
18708,11135,0.000000,0.617420
6769,6536,0.000000,0.580689
24385,6769,0.668819,0.692873
23200,11135,0.000000,0.718852
6769,19466,0.000000,0.006189
6537,23200,0.000000,0.802281
18708,10842,0.000000,0.017944
15854,6769,0.000000,0.021117
6537,6536,0.000000,0.598976
15854,11445,0.000000,0.043989
6537,11135,0.000000,0.700496
6769,6537,0.000000,0.766854
6769,15854,0.000000,0.051999
11135,6536,0.000000,0.636692
4410,11135,0.000000,0.042151
6536,4410,0.000000,0.230249
11135,6769,0.000000,0.596043
6537,18708,0.000000,0.700068
11445,6536,0.000000,0.537550
19466,23200,0.000000,0.009531
11445,4410,0.000000,0.156152
6537,6769,0.000000,0.765886
22522,15854,0.000000,0.053137
6537,15854,0.000000,0.037381
18708,19466,0.000000,0.002566
6769,24385,0.668819,0.679223
11445,15854,0.000000,0.052563
15854,4410,0.000000,0.658550
11135,18708,0.000000,0.640164
6537,22522,0.000000,0.751669
11445,11135,0.000000,0.586042
18708,6536,0.000000,0.626721
18708,4410,0.000000,0.024751
4410,19466,0.000000,0.004793
24385,11135,0.000000,0.582983
4410,6769,0.000000,0.050362
19466,6769,0.000000,0.005620
10842,11135,0.000000,0.053744
24385,22522,0.668819,0.643398
19466,11135,0.000000,0.004492
15854,22522,0.000000,0.027067
22522,6536,0.000000,0.620373
6536,19466,0.000000,0.006837
6769,4410,0.000000,0.082307
15854,18708,0.000000,0.007930
23200,24385,0.668819,0.672829
10842,6536,0.000000,0.251955
11135,6537,0.000000,0.693072
11135,4410,0.000000,0.061706
10842,19466,0.000000,0.003031
6769,11135,0.000000,0.622642
23200,4410,0.000000,0.065907
23200,15854,0.000000,0.044454
10842,23200,0.000000,0.045859
6536,6537,0.000000,0.607214
24385,6537,0.000000,0.664832
23200,10842,0.000000,0.069665
6536,23200,0.000000,0.630139
6537,4410,0.000000,0.054708
4410,22522,0.000000,0.027947
11445,19466,0.000000,0.011433
4410,23200,0.000000,0.063795
22522,24385,0.668819,0.675090
24385,19466,0.000000,0.012564
24385,11445,0.000000,0.516878
4410,10842,0.000000,0.676151
23200,6536,0.000000,0.621179
22522,11135,0.000000,0.733674
22522,19466,0.000000,0.003758
24385,4410,0.000000,0.021907
6536,15854,0.000000,0.090212
4410,18708,0.000000,0.033710
15854,19466,0.000000,0.002884
18708,6769,0.671719,0.688151
11135,11445,0.000000,0.581410
23200,22522,0.673769,0.774780
24385,15854,0.000000,0.014766
6537,10842,0.000000,0.057081
11135,23200,0.000000,0.712435
6769,18708,0.671719,0.688084
23200,19466,0.000000,0.011901
10842,15854,0.000000,0.570281
6769,23200,0.673769,0.784709
10842,24385,0.000000,0.031977
6536,6769,0.000000,0.561924
22522,10842,0.000000,0.083425
6769,22522,0.675354,0.741052
15854,24385,0.000000,0.010762
11445,6537,0.651252,0.438908
6769,10842,0.000000,0.068449
6536,22522,0.000000,0.616830
6536,10842,0.000000,0.180211
18708,24385,0.668819,0.734447
11135,24385,0.000000,0.605754
6536,11445,0.000000,0.538136
15854,10842,0.000000,0.575825
24385,6536,0.000000,0.604772
37237,4077,0.000000,0.001181
5724,24201,0.000000,0.042457
39,893,0.000000,0.065501
2918,19012,0.000000,0.000016
4077,37237,0.000000,0.003467
14525,37237,0.000000,0.002812
5724,39,0.000000,0.081777
18680,32123,0.000000,0.018454
8265,39800,0.000000,0.000529
8265,35772,0.000000,0.000265
4076,15157,0.000000,0.004214
28486,39800,1.000000,0.999948
32123,5724,0.000000,0.012036
8265,14915,0.000000,0.002782
8265,4077,0.000000,0.000931
5723,32732,0.000000,0.029839
39,39800,0.000000,0.344488
39800,14915,0.000000,0.000784
32123,4077,0.000000,0.000745
893,14915,0.000000,0.002184
4076,18680,0.000000,0.009647
5724,28486,0.000000,0.002763
18680,39800,0.000000,0.005497
2918,4077,1.000000,0.007639
5724,15157,0.000000,0.024727
14525,32123,0.000000,0.066809
18680,5724,0.000000,0.002724
5724,39800,0.000000,0.002765
24201,39800,0.000000,0.000356
28486,4077,0.000000,0.000179
32123,2918,0.000000,0.002037
14915,28486,0.000000,0.001044
28486,14525,0.000000,0.002068
39,32732,0.000000,0.099195
4076,24201,0.000000,0.021345
4077,5723,0.000000,0.000495
24201,14525,1.000000,0.007985
18680,24201,0.000000,0.002052
39800,37237,0.000000,0.059892
39,18680,0.000000,0.085389
32732,14915,0.000000,0.002150
32123,39800,0.000000,0.015429
37237,18680,0.000000,0.552921
39,24201,1.000000,0.000101
893,32732,0.000000,0.018557
5723,32123,0.000000,0.043040
32732,4076,0.000000,0.018324
4076,8265,0.000000,0.101376
35772,4077,0.000000,0.000145
2918,4076,0.000000,0.051166
4077,8265,0.000000,0.000514
5723,5724,0.000000,0.011129
14915,32732,0.000000,0.004676
4077,39,1.000000,0.000003
32732,35772,0.000000,0.010057
893,35772,0.000000,0.001722
28486,14915,0.000000,0.000782
14525,15157,0.000000,0.112706
14915,5723,0.000000,0.001965
37237,5723,0.000000,0.009531
39,5723,0.000000,0.165522
35772,5724,0.000000,0.002163
18680,4076,0.000000,0.010403
4077,28486,0.000000,0.000288
5724,35772,0.000000,0.001093
5724,4077,0.000000,0.006598
5724,18680,0.000000,0.004456
14525,4077,1.000000,0.001135
4076,5723,0.000000,0.003813
18680,28486,0.000000,0.005489
2918,39800,0.000000,0.000010
24201,8265,0.000000,0.001000
5723,39800,0.000000,0.001157
8265,893,0.000000,0.001164
18680,5723,0.000000,0.012954
4077,2918,1.000000,0.037395
2918,28486,0.000000,0.000010
18680,37237,0.000000,0.467346
14525,28486,0.000000,0.000689
35772,39,0.000000,0.114457
32732,893,0.000000,0.014917
35772,15157,0.000000,0.005485
32732,5724,0.000000,0.001990
24201,37237,0.000000,0.004130
18680,39,0.000000,0.024146
2918,32732,0.000000,0.000492
28486,32123,0.000000,0.026258
15157,5724,0.000000,0.019403
18680,14525,0.000000,0.017330
15157,37237,0.000000,0.019084
35772,18680,0.000000,0.008249
2918,14915,1.000000,0.000327
4076,39800,0.000000,0.003105
39800,32732,0.000000,0.039853
24201,4077,1.000000,0.565421
14525,18680,0.000000,0.013508
28486,5724,0.000000,0.004509
35772,8265,0.000000,0.000490
14915,2918,1.000000,0.001163
37237,4076,0.000000,0.012476
34984,32801,0.674200,0.085047
3795,3796,0.000000,0.096276
3795,21345,0.000000,0.046330
11293,14466,0.000000,0.062715
26852,9186,0.671311,0.432191
34984,9186,0.674200,0.432839
14466,3796,0.000000,0.008792
34984,7550,0.671311,0.718256
24379,31663,0.671311,0.674356
3796,1508,0.000000,0.025294
24379,7550,1.000000,0.999988
35471,11294,0.000000,0.004506
14466,3795,0.000000,0.017167
9186,14466,0.674200,0.470496
11294,1508,0.000000,0.011872
35471,26852,1.000000,0.999988
9186,11293,0.000000,0.005368
14466,35471,0.671311,0.702414
11293,26852,0.000000,0.051919
1508,34984,0.000000,0.005220
21345,12282,0.000000,0.565809
24379,34984,0.671311,0.641303
32801,34984,0.674200,0.199981
11293,7550,0.000000,0.051919
12282,32801,1.000000,0.028364
3795,11294,0.000000,0.001676
32801,7550,0.671311,0.493468
14466,7550,0.671311,0.702414
11294,24379,0.000000,0.004487
11294,21345,0.000000,0.012772
11294,26852,0.000000,0.004487
14466,26852,0.671311,0.702414
3796,11294,0.000000,0.001322
3796,14466,0.000000,0.010170
26852,24379,1.000000,0.999988
12282,31663,0.674200,0.674914
1508,11293,0.000000,0.027802
7550,24379,1.000000,0.999988
9186,21345,0.000000,0.079006
11294,7550,0.000000,0.004487
3795,9186,0.000000,0.054493
21345,1508,0.000000,0.309161
9186,11294,0.000000,0.008255
3796,31663,0.000000,0.010170
26852,11293,0.000000,0.015833
21345,9186,0.000000,0.127256
34984,1508,0.000000,0.015579
11293,35471,0.000000,0.051919
37681,35471,0.671311,0.702551
3795,34984,0.000000,0.003292
12282,37681,0.674200,0.673313
37681,1508,0.000000,0.026327
21345,32801,0.000000,0.185768
11293,37681,0.000000,0.062772
34984,35471,0.671311,0.718256
21345,37681,0.000000,0.655275
34984,3795,0.000000,0.013396
31663,34984,1.000000,0.447490
3795,37681,0.000000,0.012106
32801,14466,0.674200,0.356553
21345,3796,0.000000,0.147178
37681,3795,0.000000,0.017124
31663,21345,0.000000,0.576893
11293,9186,0.000000,0.009123
1508,24379,0.000000,0.026793
37681,7550,0.671311,0.702551
9186,34984,0.674200,0.366746
31663,24379,0.671311,0.702414
34984,12282,0.674200,0.163676
32801,37681,0.674200,0.356269
26852,3796,0.000000,0.014626
35471,3795,0.000000,0.035622
31663,37681,1.000000,0.999966
24379,26852,1.000000,0.999988
1508,12282,0.000000,0.039000
3795,1508,0.662663,0.014105
7550,9186,0.671311,0.432191
34984,14466,1.000000,0.376508
31663,35471,0.671311,0.702414
26852,35471,1.000000,0.999988
31663,14466,1.000000,0.999974
35471,9186,0.671311,0.432191
35471,24379,1.000000,0.999988
32801,24379,0.671311,0.493468
26852,31663,0.671311,0.674356
12282,35471,0.671311,0.658066
7550,11293,0.000000,0.015833
1508,3796,0.000000,0.037593
37681,31663,1.000000,0.999966
35471,14466,0.671311,0.674356
34984,11293,0.000000,0.079285
21345,14466,0.000000,0.655441
1508,3795,0.662663,0.010707
3796,34984,0.000000,0.004429
31663,32801,0.674200,0.173883
35471,7550,1.000000,0.999988
24379,3796,0.000000,0.014626
12282,1508,0.000000,0.061380
21345,34984,0.000000,0.065570
24379,32801,0.671311,0.323072
26869,2070,1.000000,0.999953
35902,2070,1.000000,0.999940
2071,184,0.000000,0.013981
1651,4682,0.678380,0.711928
9172,1906,0.000000,0.020237
4682,37989,0.676345,0.732248
30804,35902,1.000000,0.999940
10622,17113,1.000000,0.626311
32031,29413,1.000000,0.999921
19021,35902,1.000000,0.999940
4750,26869,1.000000,0.999953
1651,26869,0.676345,0.721417
2231,1989,0.000000,0.077567
1989,38169,0.673466,0.640700
31193,1989,1.000000,0.999948
35424,1989,1.000000,0.999934
35902,35424,1.000000,0.999940
2071,19021,0.000000,0.025601
31910,1989,1.000000,0.999921
4682,32031,0.676345,0.732993
4682,38169,0.673466,0.594219
38169,2070,0.673466,0.629097
184,2070,0.000000,0.051436
2231,32031,0.000000,0.077567
1906,29413,0.000000,0.019720
32031,24278,1.000000,0.999948
17113,38169,0.673466,0.640475
26869,184,0.000000,0.014277
4750,4682,0.676345,0.747138
31910,4750,1.000000,0.999944
31193,2070,1.000000,0.999940
24278,9172,1.000000,0.999948
35424,37989,1.000000,0.999953
31910,26869,1.000000,0.999944
1906,38169,0.000000,0.010536
24278,1651,0.676345,0.701350
24278,29413,1.000000,0.999928
30804,19021,1.000000,0.999953
4682,2070,0.676345,0.732248
31910,38169,0.673466,0.640359
1989,31412,0.000000,0.018353
17113,2231,0.000000,0.029480
17113,30804,1.000000,0.999953
31910,2231,0.000000,0.029566
32031,19021,1.000000,0.999934
2071,2070,0.000000,0.025601
17113,1906,0.000000,0.020199
32031,35424,1.000000,0.999934
26869,31193,1.000000,0.999940
17113,19021,1.000000,0.999953
1906,1651,0.000000,0.001074
9172,4682,0.676345,0.747856
2071,37989,0.000000,0.025601
29413,10622,1.000000,0.620763
19021,1651,0.676345,0.701055
35902,2231,0.000000,0.029360
2231,4750,0.000000,0.078109
30804,35424,1.000000,0.999953
35424,9172,1.000000,0.999934
9172,32031,1.000000,0.999953
1989,2231,0.000000,0.029314
184,2231,1.000000,0.118170
2071,30804,0.000000,0.025601
8656,4682,0.678380,0.602266
17113,1651,0.676345,0.701055
1906,17113,0.000000,0.019736
24278,4750,1.000000,0.999940
37989,31910,1.000000,0.999944
29413,2231,0.000000,0.029566
30804,184,0.000000,0.014277
10622,31193,1.000000,0.626303
9172,24278,1.000000,0.999948
26869,31412,0.000000,0.018182
29413,31412,0.000000,0.018094
2070,1651,0.676345,0.701055
2070,9172,1.000000,0.999934
8656,26869,0.676345,0.757974
26869,1906,0.000000,0.020199
29413,17113,1.000000,0.999944
31910,2070,1.000000,0.999944
9172,4750,1.000000,0.999934
26869,8656,0.676345,0.768942
1906,9172,0.000000,0.019767
2070,184,0.000000,0.014277
38169,35424,0.673466,0.629097
184,26869,0.000000,0.051436
37989,1651,0.676345,0.701055
24278,37989,1.000000,0.999940
30804,29413,1.000000,0.999944
9172,2071,0.000000,0.021493
1906,31910,0.000000,0.019720
8656,19021,0.676345,0.757974
38169,24278,0.673466,0.629319
30804,26869,1.000000,0.999953
19021,37989,1.000000,0.999953
8656,4750,0.676345,0.757974
31193,35902,1.000000,0.999953
184,37989,0.000000,0.051436
31193,1906,0.000000,0.020227
29413,35902,1.000000,0.999928
29126,34002,0.693890,0.801191
12341,5201,0.692635,0.641288
17596,10019,0.692635,0.704692
10269,31000,1.000000,0.800468
4083,10269,0.692635,0.709331
10179,31000,0.692635,0.741324
10179,296,0.000000,0.004463
7706,23020,1.000000,0.637797
1341,29126,0.692635,0.688313
1073,5721,0.000000,0.604818
3470,15236,0.692635,0.678923
2540,34082,0.000000,0.366249
2018,17700,0.692635,0.610675
5721,4990,0.000000,0.000148
4990,12341,0.000000,0.000090
19052,1073,0.693890,0.642428
17596,1828,0.000000,0.447265
13183,19074,0.693890,0.660463
4083,2593,0.692635,0.655624
12558,23572,0.000000,0.503016
15236,3470,0.692635,0.666742
34002,12341,0.692635,0.858053
2540,29905,0.000000,0.573649
2593,296,0.000000,0.000707
19074,8579,0.692635,0.668024
2110,25566,0.000000,0.000017
1828,23572,0.000000,0.478908
23974,1827,0.000000,0.006286
10019,3429,1.000000,0.675223
19074,23423,0.693890,0.642144
10019,9542,0.693890,0.610474
12868,9983,0.692635,0.692694
23423,10179,0.692635,0.564715
295,10269,1.000000,0.735297
295,2018,0.693890,0.647572
13183,23974,0.000000,0.004517
1723,17596,0.692635,0.574350
20678,5701,0.692635,0.644570
10179,17549,0.692635,0.689670
3636,5701,0.692635,0.611937
3636,5201,0.693890,0.658068
2540,9983,0.000000,0.079734
29905,5721,0.000000,0.679428
1839,296,0.000000,0.002098
8579,4512,0.692635,0.687795
5201,17596,0.692635,0.691565
15236,22974,0.692635,0.665780
4512,12868,1.000000,0.703404
29126,15236,0.692635,0.713983
15236,17549,0.692635,0.713096
13183,12341,0.692635,0.653160
32468,3636,0.693890,0.623108
31000,2110,0.000000,0.000003
4512,26338,0.000000,0.005093
3663,1723,1.000000,0.685448
32468,17700,0.692635,0.644074
23776,35999,0.692635,0.625571
1827,10179,0.692635,0.547262
1828,35999,0.000000,0.473444
17549,5201,1.000000,0.691204
10389,14610,1.000000,0.782131
11956,23776,0.692635,0.634802
15236,14610,1.000000,0.746009
296,1341,0.000000,0.015585
2018,3429,0.693890,0.663469
39,23743,0.000000,0.006405
296,2593,0.000000,0.001042
23020,32468,0.692635,0.648220
17596,23743,0.692635,0.652519
5701,23423,0.692635,0.635411
9542,10389,0.692635,0.612076
34002,1828,0.000000,0.358866
5701,23776,1.000000,0.676888
20678,17549,1.000000,0.727519
1723,10389,0.692635,0.576454
29905,5701,0.692635,0.654243
2593,3663,0.693890,0.563293
25566,1827,0.694948,0.501194
26337,9983,0.000000,0.661396
1839,11956,0.692635,0.590452
5174,4990,0.000000,0.000086
25566,15664,0.692635,0.526113
5701,5721,0.000000,0.793470
25566,5174,0.692635,0.553571
29126,39,0.000000,0.000467
23743,3636,1.000000,0.715479
5174,23743,0.692635,0.687066
5721,295,0.000000,0.767487
1723,10269,0.693890,0.559496
13183,5174,0.692635,0.692978
12341,17596,1.000000,0.919548
296,23974,0.000000,0.049842
25566,1341,0.692635,0.476823
2540,12868,0.000000,0.258866
295,13183,1.000000,0.724865
8579,3663,0.692635,0.575442
11956,10019,0.693890,0.591485
10179,3429,0.692635,0.662068
17549,1827,0.693890,0.511743
14610,1073,0.692635,0.660893
1513,1044,0.573276,0.048532
26440,7511,0.573276,0.028876
1919,5151,1.000000,0.999992
7273,6932,1.000000,0.999983
121,2174,0.000000,0.005518
6932,3122,1.000000,0.999964
8369,25880,0.000000,0.021283
24029,6864,0.573276,0.614142
22180,6133,0.573276,0.162123
19489,443,0.000000,0.010701
6568,3864,1.000000,0.158238
8369,121,0.000000,0.001083
2174,3506,1.000000,0.417257
10062,6568,0.570997,0.972077
6864,4798,1.000000,0.999991
6718,3685,1.000000,0.462072
25880,22696,0.000000,0.063266
10391,1858,0.000000,0.020955
6266,6438,1.000000,0.999993
10052,3685,0.000000,0.039168
7511,3306,1.000000,0.999975
10062,8369,0.000000,0.002518
915,10062,0.570997,0.131109
2883,1919,1.000000,0.999992
5199,25209,0.570997,0.129989
1091,10052,0.000000,0.025878
4774,22696,0.000000,0.067371
19402,1858,0.573276,0.614017
19402,5151,0.573276,0.613786
8369,3620,0.000000,0.003670
26440,3864,0.573276,0.114108
3864,22180,0.573276,0.056371
5277,4649,0.000000,0.022140
443,25880,0.573276,0.065131
4804,1044,0.573276,0.048860
1242,1919,1.000000,0.999994
19402,6932,0.573276,0.613381
6438,6266,1.000000,0.999993
6718,22180,0.573276,0.164813
6998,10052,0.000000,0.002802
121,3506,0.000000,0.001608
1136,121,0.000000,0.005316
2174,10391,0.000000,0.065762
6266,30918,0.573276,0.595034
1091,25880,0.573276,0.264648
2174,19489,0.000000,0.011565
3685,443,1.000000,0.085873
26440,1919,0.573276,0.029091
3502,3506,1.000000,0.616435
22696,4774,0.000000,0.039112
2883,3685,1.000000,0.462836
8214,6764,0.573276,0.592901
37281,10052,0.000000,0.001240
1284,3506,1.000000,0.619040
6007,6266,1.000000,0.999987
6864,3502,1.000000,0.999983
6568,6266,1.000000,0.513756
6133,6266,1.000000,0.056736
915,10052,0.000000,0.002802
31707,10052,0.000000,0.001216
26440,5277,0.000000,0.008903
6438,7273,1.000000,0.999990
5151,6764,1.000000,0.999990
6718,7273,1.000000,0.999992
7273,3122,1.000000,0.999987
7511,695,1.000000,0.999982
3685,1858,1.000000,0.706813
3864,3620,0.000000,0.015724
1858,3306,1.000000,0.999978
5277,25209,0.000000,0.001503
30918,6272,0.573276,0.591763
5277,2174,0.000000,0.001169
1513,5199,1.000000,0.999991
121,6568,0.000000,0.009953
19402,6272,0.573276,0.613660
4774,4804,1.000000,0.999988
6764,1136,0.000000,0.081856
1091,5199,1.000000,0.248600
25880,1242,0.573276,0.592389
3016,4774,1.000000,0.999992
3685,3864,1.000000,0.416433
2883,7021,0.573276,0.595686
2206,1136,0.000000,0.079919
4804,22180,0.573276,0.164194
31707,5199,0.000000,0.021817
25209,1136,0.000000,0.002760
5277,2883,0.000000,0.021902
6718,2883,1.000000,0.999991
10391,6438,0.000000,0.020722
6007,3864,1.000000,0.036484
3122,10391,0.000000,0.033732
6177,1284,1.000000,0.999989
8369,6007,0.000000,0.021759
6177,3685,1.000000,0.462762
915,4649,1.000000,0.999990
26440,10391,0.000000,0.063241
1044,31707,0.000000,0.012469
6932,6864,1.000000,0.999964
10052,1919,0.000000,0.000909
1513,3016,1.000000,0.999993
39552,37833,0.000000,0.014801
23088,37833,0.000000,0.013436
10952,37833,0.000000,0.003180
10953,19721,0.000000,0.004108
14990,23618,0.000000,0.006789
19721,17331,0.000000,0.005700
24103,23618,0.000000,0.003929
11467,19721,0.000000,0.003974
31230,39552,1.000000,0.999986
11467,3614,0.000000,0.013893
39552,11467,0.000000,0.011218
24926,16301,0.000000,0.001299
31230,24926,0.000000,0.003297
12447,19868,0.000000,0.005168
10953,23618,0.000000,0.010290
25106,17331,0.000000,0.020343
19868,10953,0.000000,0.006294
22675,24926,0.000000,0.039570
21017,3614,0.000000,0.019093
23618,21017,0.000000,0.005751
19721,17332,0.000000,0.012095
39552,12447,0.000000,0.015036
23089,21017,0.000000,0.003914
24103,14991,0.000000,0.005349
10953,22675,0.000000,0.101596
34999,11467,0.000000,0.036534
10952,23618,0.000000,0.021462
17331,29796,0.000000,0.002712
21017,23088,0.000000,0.063372
23618,37833,0.000000,0.000934
23089,24926,0.000000,0.030482
14990,17332,0.000000,0.003131
19721,11467,0.000000,0.010130
12447,34999,0.000000,0.031290
34999,21017,0.000000,0.022971
14990,14991,0.000000,0.018725
25106,29796,0.000000,0.173364
3614,17331,0.000000,0.004887
19721,21017,0.000000,0.019121
19868,14990,0.000000,0.007201
31230,25106,0.000000,0.008340
21017,10953,0.000000,0.017715
29796,3614,0.000000,0.176736
3614,10953,0.000000,0.181617
13136,16301,0.000000,0.030330
23088,29796,0.000000,0.014270
29796,22675,0.000000,0.040697
39552,25106,0.000000,0.008340
14990,23088,0.000000,0.019291
17331,19868,0.000000,0.001125
14991,29796,0.000000,0.115190
19868,3614,0.000000,0.004275
24926,21017,0.000000,0.004719
29796,24103,0.000000,0.003787
25106,10953,0.000000,0.067738
29796,19721,0.000000,0.008516
19721,29796,0.000000,0.025015
14991,10953,0.000000,0.048545
19868,16301,0.000000,0.001157
10953,17332,0.000000,0.035701
23088,3614,0.000000,0.030538
17332,16301,0.000000,0.005153
12447,22675,0.000000,0.030978
16301,34999,0.000000,0.003055
19721,34999,0.000000,0.012553
31230,19868,0.000000,0.004475
37833,25106,0.000000,0.005653
17331,13136,0.000000,0.005187
21017,16301,0.000000,0.001956
23088,17332,0.000000,0.094105
17331,21017,0.000000,0.002961
14991,24103,0.000000,0.008144
12447,10952,0.000000,0.020262
39552,23089,0.000000,0.008153
17331,24103,0.000000,0.036959
21017,17331,0.000000,0.003018
37833,3614,0.000000,0.002913
23088,25106,0.000000,0.019288
17332,23088,0.000000,0.083197
10952,16301,0.000000,0.009824
12447,21017,0.000000,0.029030
14991,3614,0.000000,0.020842
12447,25106,0.000000,0.031172
17332,31230,0.000000,0.021505
29796,23089,0.000000,0.066133
23618,17331,0.000000,0.001126
34999,24103,0.000000,0.009659
17331,31230,0.000000,0.005208
14990,31230,0.000000,0.025751
11467,19868,0.000000,0.006730
10952,25106,0.000000,0.053666
31230,23088,0.000000,0.021483
23089,11467,0.000000,0.001572
16301,39552,0.000000,0.001426
25106,19721,0.000000,0.003521
24103,12447,0.000000,0.006655
34999,39552,0.000000,0.068465
17331,3614,0.000000,0.005114
19721,14991,0.000000,0.007246
37833,23618,0.000000,0.000697
7671,26610,0.000000,0.011609
26610,7670,0.000000,0.048062
8386,7671,0.000000,0.004150
33326,7671,0.000000,0.007789
7670,14256,0.000000,0.024146
26610,16080,0.000000,0.013533
26610,3546,0.000000,0.010199
7671,8386,0.000000,0.006343
7671,33326,0.000000,0.004743
14256,16080,0.000000,0.006455
3546,7671,0.000000,0.005953
3546,33326,0.652890,0.003925
26610,8386,0.000000,0.004492
7670,16080,0.000000,0.054725
14256,26610,0.000000,0.038768
7671,16080,0.000000,0.007512
26610,33326,0.000000,0.005781
8386,33326,0.000000,0.108268
3546,16080,0.000000,0.019060
33326,7670,0.000000,0.012426
7671,14256,0.000000,0.080831
33326,14256,0.000000,0.019394
3546,8386,0.000000,0.002499
16080,26610,0.000000,0.019550
7670,8386,0.000000,0.056369
26610,14256,0.000000,0.018160
8386,26610,0.000000,0.009066
3546,7670,0.000000,0.008271
33326,26610,0.000000,0.012087
14256,7671,0.000000,0.136227
16080,8386,1.000000,0.048832
16080,7671,0.000000,0.007163
8386,14256,0.000000,0.001731
7671,3546,0.000000,0.005449
7671,7670,0.000000,0.016358
7670,33326,0.000000,0.015763
14256,7670,0.000000,0.033256
16080,7670,0.000000,0.056906
3546,14256,0.000000,0.011031
33326,16080,0.000000,0.030163
26610,7671,0.000000,0.011962
14256,8386,0.000000,0.002820
8386,3546,0.000000,0.001740
8386,16080,1.000000,0.053577
33326,3546,0.652890,0.002942
7670,3546,0.000000,0.006583
33326,8386,0.000000,0.204691
7670,26610,0.000000,0.101471
16080,14256,0.000000,0.005823
16080,33326,0.000000,0.026610
7670,7671,0.000000,0.019933
14256,33326,0.000000,0.031821
14256,3546,0.000000,0.011119
8386,7670,0.000000,0.033152
3546,26610,0.000000,0.015883
16080,3546,0.000000,0.022538
5991,30008,0.000000,0.001101
16864,18518,0.000000,0.038812
873,25327,0.678680,0.005015
8686,18518,0.000000,0.003398
14005,8686,0.000000,0.005846
873,21954,0.000000,0.021264
39993,17727,0.000000,0.000595
12810,25327,1.000000,0.034737
14006,17728,0.000000,0.001588
873,17728,0.000000,0.001162
35633,8685,0.000000,0.033607
14005,35633,0.000000,0.041848
12810,3401,0.000000,0.001230
9494,5991,1.000000,0.014670
8686,25327,0.000000,0.002616
874,17430,0.000000,0.011524
874,9494,0.000000,0.008350
40499,14006,0.000000,0.044805
17727,17728,0.000000,0.021111
34347,5991,0.000000,0.001573
14005,21954,0.000000,0.233242
5991,21954,0.000000,0.084941
5991,35633,0.000000,0.001641
30008,17728,0.000000,0.000270
16864,34347,0.000000,0.123889
21954,12810,0.000000,0.006423
18518,12810,0.000000,0.001340
40499,12810,0.670878,0.002573
16864,8685,0.000000,0.014951
5991,8686,1.000000,0.007989
8686,39993,0.000000,0.001554
3401,25327,0.000000,0.170609
34347,14006,0.000000,0.044805
12810,40499,0.670878,0.003107
14005,17430,0.000000,0.089388
17727,39993,0.000000,0.000749
9494,16436,0.000000,0.007625
17728,873,0.000000,0.000787
34347,40499,1.000000,0.999993
874,35833,0.000000,0.001922
3401,8685,0.000000,0.014041
14006,5991,0.000000,0.006404
14005,14006,0.000000,0.096814
34347,14005,0.000000,0.018711
12810,874,0.000000,0.003451
16436,8686,0.000000,0.003578
16436,34347,0.670878,0.171122
30008,12810,0.000000,0.000950
16436,18518,0.000000,0.052834
35633,8686,0.000000,0.001654
17727,35633,0.000000,0.000951
8685,21954,0.000000,0.036078
17728,17430,0.000000,0.001305
35833,16864,0.000000,0.088244
40499,39993,0.670878,0.681397
17430,30008,0.000000,0.001633
874,35633,0.000000,0.001922
35833,17430,0.000000,0.009159
35633,12810,0.670878,0.002573
3401,18518,0.000000,0.027996
16436,873,0.675812,0.010035
17727,35833,0.000000,0.000951
17728,40499,0.000000,0.000403
3401,14005,0.000000,0.045595
12810,35633,0.670878,0.003107
25327,35633,0.670878,0.005396
39993,5991,0.000000,0.001454
17728,21954,0.000000,0.002978
40499,874,0.000000,0.001529
17430,12810,0.000000,0.001010
12810,14006,0.000000,0.004012
16436,8685,0.000000,0.043962
39993,35833,0.670878,0.698469
874,873,0.000000,0.003537
9494,873,0.000000,0.006231
25327,40499,0.670878,0.005396
12810,35833,0.670878,0.003107
17430,39993,0.000000,0.196709
8686,9494,1.000000,0.016262
21954,18518,0.000000,0.035942
874,8685,0.000000,0.017526
35833,21954,0.000000,0.002105
30008,8685,0.000000,0.006651
874,3401,0.000000,0.121519
5991,3401,0.000000,0.031183
40499,18518,0.000000,0.025481
39993,35633,0.670878,0.698469
34347,8686,0.000000,0.001654
17727,18518,0.000000,0.005653
16864,17728,0.000000,0.000819
39993,14005,0.000000,0.208681
17727,14006,0.000000,0.009931
5991,35833,0.000000,0.001641
40499,21954,0.000000,0.002105
17728,30008,0.000000,0.000218
30008,873,0.000000,0.001154
17728,5991,1.000000,0.008652
30008,18518,0.000000,0.002095
16864,874,0.000000,0.004100
21954,30008,0.000000,0.001774
14820,914,0.000000,0.156755
20333,5108,0.000000,0.061256
14268,19506,0.000000,0.023344
1784,13008,0.000000,0.120473
15867,20333,0.000000,0.028064
3794,1784,0.000000,0.016180
13970,170,0.000000,0.031633
30248,22607,0.000000,0.311576
7638,15867,0.000000,0.112517
13008,11037,0.000000,0.038298
33977,6411,0.000000,0.002128
524,7059,0.000000,0.044606
7411,19506,0.000000,0.018851
14268,13544,1.000000,0.009391
20333,608,0.000000,0.022338
4839,7059,0.000000,0.091826
8596,38149,0.000000,0.022040
8596,35768,0.000000,0.022451
5108,25394,0.000000,0.000484
35768,204,0.000000,0.019742
10742,19427,0.000000,0.002503
4205,17062,0.000000,0.087994
12331,19617,0.000000,0.000373
20333,1784,0.000000,0.022474
22607,16076,0.000000,0.066948
31625,12331,0.000000,0.002474
30248,300,0.000000,0.137025
16816,7059,0.000000,0.101415
20333,4839,0.575492,0.030873
6228,9190,0.000000,0.001774
15867,11037,0.000000,0.052361
16816,10742,0.000000,0.000628
8596,204,0.000000,0.091125
2586,25394,0.000000,0.004050
6411,8317,0.000000,0.046356
524,30248,0.000000,0.644751
6411,35768,0.000000,0.072004
48,9190,0.576423,0.001806
7411,9103,0.000000,0.004561
7059,6228,0.000000,0.010031
6227,14564,0.000000,0.088009
19617,6496,0.000000,0.004833
608,20333,0.000000,0.007611
1547,48,0.575492,0.008861
20490,8596,0.000000,0.008620
25394,16076,0.000000,0.001338
11018,38149,0.000000,0.004880
31625,6411,0.000000,0.003947
12355,19506,0.000000,0.098677
5108,12331,0.000000,0.011313
16926,608,0.000000,0.041375
14636,14041,0.000000,0.018774
170,14268,0.000000,0.009834
14564,7411,0.000000,0.066762
33977,1547,0.000000,0.062668
14636,1784,0.000000,0.101163
2586,13970,0.000000,0.118468
13970,15867,0.000000,0.008573
170,13970,0.000000,0.019231
15867,7611,0.574436,0.066032
1784,16816,0.000000,0.015438
8317,14268,0.000000,0.003011
6228,16076,0.000000,0.061810
6227,608,0.000000,0.033026
204,1547,0.000000,0.027179
14041,11038,0.000000,0.014894
3794,19506,0.000000,0.023188
2586,14268,0.000000,0.002602
15693,8317,0.000000,0.005224
38149,7411,0.000000,0.005801
11018,300,0.000000,0.022088
48,11037,0.000000,0.000766
16926,20333,0.000000,0.003203
25394,30248,0.000000,0.628688
15867,6228,0.000000,0.005057
10742,13008,0.000000,0.000363
3794,19427,0.000000,0.009851
300,13970,0.000000,0.057569
17062,20333,0.574436,0.025711
9103,1547,0.575492,0.226496
254,1784,0.000000,0.006366
8317,19617,0.000000,0.001345
8596,6496,0.000000,0.000503
20490,17062,0.000000,0.245655
19617,4839,0.000000,0.003187
16076,11038,0.000000,0.025054
11037,6411,0.000000,0.067052
12355,15867,0.000000,0.018985
38149,11038,0.000000,0.020482
33977,20490,0.000000,0.109792
7611,38149,0.000000,0.022924
14041,8298,0.000000,0.083267
16816,1784,0.000000,0.020364
16816,7638,0.574436,0.464054
300,8317,0.000000,0.018544
300,170,0.000000,0.015512
8298,35768,0.000000,0.170375
914,1547,0.000000,0.204928
19427,10742,0.000000,0.005178
16816,16076,0.000000,0.011027
23870,25114,0.679511,0.011673
35560,1767,0.000000,0.023187
10532,15896,0.000000,0.017021
2756,2204,0.000000,0.019994
22490,10532,0.000000,0.012697
34678,2204,0.000000,0.048940
22490,30916,0.000000,0.098058
29734,22155,0.000000,0.239493
17957,22490,0.000000,0.011175
3011,23405,0.000000,0.012592
3011,2756,0.000000,0.007578
11231,13028,0.656329,0.039579
5935,32266,0.000000,0.190099
13028,2755,0.000000,0.166582
1677,2205,0.000000,0.002417
23405,3011,0.000000,0.002410
34678,17144,0.000000,0.130078
2756,10532,0.000000,0.048187
2205,18877,0.000000,0.018168
18877,13028,0.000000,0.008422
17957,10532,0.656329,0.010559
22155,1677,0.000000,0.036874
23405,13028,0.000000,0.022307
13028,34678,0.000000,0.052008
15896,3011,0.000000,0.077971
2756,18877,0.000000,0.075276
32266,11231,0.000000,0.003371
2756,22155,0.000000,0.043513
832,22155,0.000000,0.031947
35560,9574,0.000000,0.005863
30916,3011,0.000000,0.115515
9574,23405,0.000000,0.036679
15896,27975,0.661757,0.138430
17957,27975,0.000000,0.137195
2755,4867,0.000000,0.011020
5935,2204,0.000000,0.074486
17957,2756,0.000000,0.009875
6450,22155,0.000000,0.006025
172,3011,0.000000,0.006450
9574,19920,0.000000,0.027485
19920,11231,0.663076,0.047069
35560,10532,0.000000,0.004293
13028,30916,0.000000,0.431752
4867,35560,0.000000,0.017714
29734,17144,0.667511,0.056925
25114,29734,0.000000,0.109289
30916,9574,0.000000,0.055392
23870,23405,0.000000,0.167266
9574,172,0.000000,0.012636
29734,2755,0.000000,0.062544
1767,9574,0.000000,0.001276
18877,17144,0.000000,0.029185
27975,1767,0.000000,0.025938
2204,32266,0.000000,0.031740
832,1767,0.000000,0.008975
29734,25114,0.000000,0.059055
22490,1767,0.000000,0.058775
23405,22490,0.000000,0.157132
13028,35560,0.000000,0.004984
30916,15896,0.000000,0.296580
29734,3011,0.000000,0.017401
4867,15896,0.000000,0.102312
1767,35560,0.000000,0.016742
13028,4867,0.000000,0.030005
13028,19920,0.656329,0.089778
15896,17144,0.000000,0.141994
10532,4867,0.000000,0.018914
25114,34678,0.000000,0.088121
25114,23405,0.000000,0.035550
9574,2756,0.000000,0.003716
1677,34678,0.000000,0.009699
17957,832,0.000000,0.027183
832,5935,0.000000,0.037469
27975,10609,0.000000,0.024144
23405,5935,0.000000,0.004859
10609,172,0.000000,0.025426
13028,1767,0.000000,0.008630
6450,10609,0.000000,0.003764
25114,22155,0.000000,0.070773
34678,5935,0.000000,0.040373
10609,2756,0.000000,0.100685
27975,2204,0.000000,0.050172
3011,832,0.000000,0.020911
2756,172,0.000000,0.034121
25114,17957,0.000000,0.127258
22490,2204,0.000000,0.041510
1767,23870,0.000000,0.004023
172,832,0.000000,0.079824
9574,17144,0.000000,0.057040
10609,17957,0.000000,0.049070
22155,172,0.000000,0.038056
10609,18877,0.000000,0.043026
22490,3011,0.000000,0.014314
17144,29734,0.667511,0.060101
5935,6450,0.000000,0.006459
10609,11231,0.000000,0.019249
32266,2755,0.000000,0.017068
29734,4867,0.000000,0.041695
22155,2204,0.000000,0.142982
17144,35560,0.000000,0.019951
14149,5672,0.000000,0.087059
5672,31525,0.000000,0.028373
34594,14149,0.000000,0.030690
21693,31524,0.000000,0.004442
11670,5672,0.000000,0.033111
21693,31525,0.000000,0.016908
34594,31524,0.000000,0.007576
15674,31524,0.000000,0.003577
34594,11670,0.000000,0.027337
15674,21693,1.000000,0.016210
11670,14149,0.000000,0.032469
21693,34594,0.000000,0.026210
15674,11670,0.654377,0.073056
31525,21693,0.000000,0.025385
31525,34594,0.000000,0.048719
31525,31524,0.000000,0.006353
15674,34594,0.000000,0.016042
5672,14149,0.000000,0.088084
5672,34594,0.000000,0.023509
14149,15674,0.000000,0.083565
31525,11670,0.000000,0.014292
11670,31524,0.000000,0.002498
11670,15674,0.654377,0.042732
11670,34594,0.000000,0.021423
21693,14149,0.000000,0.021403
5672,21693,0.000000,0.078582
34594,31525,0.000000,0.047793
14149,11670,0.000000,0.049942
31524,31525,0.000000,0.008156
31525,14149,0.000000,0.019185
14149,34594,0.000000,0.021519
31524,15674,0.000000,0.004262
14149,21693,0.000000,0.025907
31524,34594,0.000000,0.008701
21693,15674,1.000000,0.011059
15674,31525,0.000000,0.006285
34594,15674,0.000000,0.017838
11670,21693,0.654377,0.458585
11670,31525,0.000000,0.008369
34594,21693,0.000000,0.033607
5672,15674,0.000000,0.023382
5672,31524,0.000000,0.005318
5672,11670,0.000000,0.050464
34594,5672,0.000000,0.019923
31524,5672,0.000000,0.007478
31525,15674,0.000000,0.009388
14149,31524,0.000000,0.001897
31524,11670,0.000000,0.004335
31525,5672,0.000000,0.033710
15674,14149,0.000000,0.093547
15674,5672,0.000000,0.021005
31524,21693,0.000000,0.006024
31524,14149,0.000000,0.003317
14149,31525,0.000000,0.012656
21693,11670,0.654377,0.327344
21693,5672,0.000000,0.043892
11040,4663,0.000000,0.005327
4663,14924,0.000000,0.007727
10465,28977,0.000000,0.439077
28977,37179,0.000000,0.154346
7174,20643,0.000000,0.054548
20643,28977,0.000000,0.033522
7175,10465,0.000000,0.020001
14924,18446,0.000000,0.006450
28977,7174,0.000000,0.324696
13003,7175,0.000000,0.055723
14924,10465,0.000000,0.022663
11039,28977,0.000000,0.019430
37179,11040,0.000000,0.063406
11040,13003,0.000000,0.006495
19319,28977,0.000000,0.162302
18446,20643,0.000000,0.007091
20643,10465,0.000000,0.043404
19319,11039,0.000000,0.039095
4663,11039,0.000000,0.007268
7174,1270,0.000000,0.005404
19319,37179,0.000000,0.076592
11040,18446,0.000000,0.004661
37179,7174,0.000000,0.109218
1270,19319,0.000000,0.005285
20643,7175,0.000000,0.014154
10465,4663,0.000000,0.004362
14924,11040,0.656329,0.078785
11040,1270,0.659283,0.005252
13003,20643,0.000000,0.013703
7175,14924,0.000000,0.011014
11039,7174,0.000000,0.013490
37179,13003,0.000000,0.003349
14924,7174,0.000000,0.033258
11040,7174,0.000000,0.024591
18446,1270,0.000000,0.257151
20643,7174,0.000000,0.074907
20643,19319,0.000000,0.062647
18446,19319,0.000000,0.004373
37179,28977,0.000000,0.114594
13003,28977,0.000000,0.000385
20643,14924,0.656329,0.246520
7174,14924,0.000000,0.047788
13003,19319,1.000000,0.003021
18446,4663,0.000000,0.078844
4663,13003,1.000000,0.035221
7174,19319,0.000000,0.077994
13003,10465,0.000000,0.001500
1270,10465,0.000000,0.001698
4663,28977,0.000000,0.002606
7174,10465,0.000000,0.931621
14924,7175,0.000000,0.007973
14924,19319,0.000000,0.048863
20643,13003,0.000000,0.015094
37179,4663,0.000000,0.005206
20643,11039,0.000000,0.080799
1270,13003,0.000000,0.037365
13003,11039,0.000000,0.031411
7175,18446,0.000000,0.107158
4663,20643,0.000000,0.006423
4663,37179,0.000000,0.002173
11040,7175,0.000000,0.003490
13003,18446,0.000000,0.405108
7174,11039,0.000000,0.019564
10465,7175,0.000000,0.015243
19319,10465,0.000000,0.078394
7175,28977,0.000000,0.011343
7174,7175,0.000000,0.012403
37179,7175,0.000000,0.001472
10465,11040,0.000000,0.018034
19319,4663,1.000000,0.013518
10465,11039,0.000000,0.014826
11039,18446,0.000000,0.017507
18446,7175,0.000000,0.136022
7175,1270,0.000000,0.023441
7175,4663,0.000000,0.015756
10465,20643,0.000000,0.032593
7175,13003,0.000000,0.043198
7174,13003,0.000000,0.001802
4663,11040,0.000000,0.002728
11039,7175,0.000000,0.055555
19319,1270,0.000000,0.011900
7175,20643,0.000000,0.011674
11040,19319,0.000000,0.045034
1270,28977,0.000000,0.002355
19319,11040,0.000000,0.046897
7174,28977,0.000000,0.399077
11040,37179,0.000000,0.087355
11039,13003,0.000000,0.024730
7174,4663,0.000000,0.005337
11039,37179,0.000000,0.021134
1270,18446,0.000000,0.221095
10465,7174,0.000000,0.933592
37179,18446,0.000000,0.002597
10465,37179,0.000000,0.087416
20643,4663,0.000000,0.018114
20643,18446,0.000000,0.012154
1270,37179,0.000000,0.002644
18446,37179,0.000000,0.002141
13003,1270,0.000000,0.063179
19319,7174,0.000000,0.074856
3402,2899,0.000000,0.024496
7702,23781,1.000000,0.186281
840,6997,0.000000,0.042297
3807,7702,0.000000,0.154655
4785,16235,0.000000,0.027492
5142,3033,0.000000,0.029929
11800,15512,0.000000,0.032509
5930,5142,0.000000,0.502316
18529,9254,1.000000,0.026095
29476,16235,0.000000,0.011077
30082,2714,0.000000,0.000571
2930,16235,0.000000,0.001186
121,4170,0.000000,0.001353
13795,3402,0.000000,0.437322
188,1312,0.000000,0.034198
5930,23285,0.000000,0.041899
24823,29476,0.553448,0.078475
19493,2713,0.000000,0.000000
11252,11034,0.000000,0.335790
2930,2899,0.000000,0.001340
3033,1605,0.563994,0.009773
4041,1326,0.000000,0.000005
29476,188,0.553448,0.080214
1164,29476,0.000000,0.592043
1312,3560,1.000000,0.039060
3402,188,0.560765,0.116883
774,1137,0.000000,0.000920
1773,2713,0.000000,0.000033
4042,8336,0.000000,0.047676
1326,1773,0.000000,0.000396
36692,2899,0.000000,0.025005
11500,2713,0.000000,0.000589
11500,3807,0.000000,0.008786
11252,13795,0.000000,0.560431
1773,188,0.000000,0.005881
10944,2510,0.000000,0.173849
6997,3033,0.559925,0.005237
3277,5443,1.000000,0.058285
15899,23285,0.000000,0.230491
11252,22655,0.000000,0.047892
4785,1938,0.000000,0.005157
442,10944,0.000000,0.091456
1164,1773,0.000000,0.335382
8335,24823,0.000000,0.000243
2510,3188,0.000000,0.426027
188,442,0.000000,0.240312
19493,8335,0.000000,0.000740
7702,3560,1.000000,0.126940
11252,1605,0.000000,0.242775
121,5443,1.000000,0.000535
15899,36692,0.000000,0.015499
6804,4170,0.558985,0.395567
188,11034,0.556689,0.084607
9254,36692,0.000000,0.011821
6997,19493,0.000000,0.006898
11841,188,0.560765,0.048179
36692,11252,0.000000,0.005937
3188,23285,0.571335,0.006125
4785,2714,0.557920,0.003100
3247,5443,0.000000,0.014997
1312,13795,1.000000,0.020654
271,15899,0.556689,0.274461
3188,11034,0.000000,0.259420
1605,7645,0.555232,0.073263
1773,6804,0.000000,0.046359
1938,1918,1.000000,0.179615
4170,24823,0.557920,0.125626
15899,3188,0.000000,0.511568
2713,23781,0.000000,0.000044
19493,4785,0.000000,0.017749
36692,6804,0.000000,0.016746
18529,10944,0.000000,0.047142
1312,11252,0.000000,0.026031
23781,8335,0.000000,0.020824
3807,2714,0.559925,0.003437
3277,3560,1.000000,0.008086
29476,442,0.000000,0.311264
4170,12279,0.000000,0.002204
6517,3402,0.556689,0.414778
18529,1137,0.000000,0.013973
30082,17040,0.000000,0.189445
188,1605,0.560765,0.084990
12279,4041,0.000000,0.000016
11034,6517,1.000000,0.505148
1773,22655,0.000000,0.012177
11841,1312,0.000000,0.036197
7645,1326,0.000000,0.001666
9254,2713,0.000000,0.000239
3033,30082,0.000000,0.003257
1918,8336,1.000000,0.188310
774,1605,0.000000,0.004203
29476,7645,0.553448,0.707056
9254,5443,1.000000,0.160352
3033,9482,0.558985,0.012312
121,4785,0.000000,0.003566
30082,3188,0.000000,0.051193
9482,121,0.000000,0.020004
1773,9254,0.000000,0.295014
3560,121,1.000000,0.004390
6804,8335,0.000000,0.003784
14444,34817,1.000000,0.965701
16842,33343,0.000000,0.003842
11428,17969,0.000000,0.012033
35996,26277,0.000000,0.011938
37461,23,0.000000,0.043351
3317,37461,0.000000,0.000665
8848,25221,0.000000,0.109333
18363,23,0.000000,0.004572
10421,26550,0.000000,0.008179
22,10421,0.000000,0.046433
26550,29987,0.000000,0.008933
16842,37286,0.548528,0.067405
33343,17969,0.000000,0.001618
14444,17969,0.000000,0.075441
7088,16842,0.000000,0.013739
3317,11428,0.000000,0.000825
37530,37286,0.000000,0.018130
3317,33343,0.000000,0.000679
37530,14818,0.000000,0.014420
23,7088,0.000000,0.002333
26550,18363,0.000000,0.006338
14818,18442,0.000000,0.070847
26550,25221,0.000000,0.003066
37286,37530,0.000000,0.011845
12862,34817,0.000000,0.037793
3317,8848,0.000000,0.000391
35996,34817,0.000000,0.011786
29987,25221,0.000000,0.061479
26550,26277,0.000000,0.015434
16842,14817,0.548528,0.067405
33343,17321,0.000000,0.001840
14817,29987,0.000000,0.057808
37530,14444,0.000000,0.018130
11428,7088,0.000000,0.001367
14817,10421,0.548528,0.176109
34817,16538,0.000000,0.093472
16538,18363,0.000000,0.008225
17233,23,0.000000,0.010996
10421,14818,0.000000,0.059089
14818,23,0.000000,0.136872
8848,23,0.000000,0.023829
3317,14817,0.000000,0.000229
28457,23,0.000000,0.006704
14818,25221,0.000000,0.005454
17321,37461,0.000000,0.036138
3317,14818,0.000000,0.000565
18363,8848,0.679511,0.338743
17321,26277,0.552618,0.184941
22,37461,0.000000,0.011401
8848,18233,0.000000,0.046120
37461,26550,0.000000,0.007253
28457,37530,0.555309,0.228941
37530,16538,0.000000,0.009422
17321,22,0.000000,0.004102
23,12862,0.000000,0.014717
33343,26277,0.000000,0.001425
25221,8848,0.000000,0.073996
22,7088,0.000000,0.007016
34817,17233,0.000000,0.023581
12862,18233,0.000000,0.027149
18233,37461,0.000000,0.011425
34817,7088,0.000000,0.009672
26550,14818,0.000000,0.002421
11428,37530,0.000000,0.002581
28457,22,0.000000,0.009539
3317,16538,0.000000,0.001819
37286,28457,0.000000,0.013707
26277,28457,0.000000,0.034138
12862,10421,0.000000,0.016540
37286,12862,0.000000,0.013388
37530,17321,0.000000,0.014814
16538,37286,0.000000,0.144278
14444,8848,0.000000,0.020535
14817,33343,0.000000,0.002081
7088,35996,1.000000,0.662013
18442,34817,0.000000,0.004951
37461,29987,0.000000,0.020804
18363,16842,0.000000,0.029938
22,26550,0.000000,0.010178
28457,17233,0.000000,0.168934
26277,18442,0.000000,0.011020
14818,22,0.000000,0.002961
37286,14444,1.000000,0.965701
16538,26550,0.000000,0.011242
17321,18363,0.000000,0.042266
29987,10421,0.000000,0.036760
37461,12862,0.000000,0.012956
11428,29987,0.000000,0.049167
37530,17233,0.000000,0.206506
26277,14817,0.548528,0.135234
11428,16842,0.000000,0.025742
18363,28457,0.000000,0.002360
14817,37530,0.000000,0.011845
25221,14817,0.000000,0.037549
14444,16842,0.548528,0.054028
17233,35996,0.000000,0.225867
3317,18442,0.000000,0.000778
35996,12862,0.000000,0.014474
25221,23,0.000000,0.034628
28457,18363,0.000000,0.003509
18730,7008,0.000000,0.027363
18731,1853,0.000000,0.030957
29832,1853,0.000000,0.305366
29554,21226,0.682275,0.288548
1853,7625,0.687936,0.481190
9515,18358,1.000000,0.588263
4157,15827,0.000000,0.035177
29832,9515,0.000000,0.701091
9673,9515,0.685112,0.582676
5605,9673,0.000000,0.014225
7625,21226,0.682275,0.697156
5605,27620,0.000000,0.056482
37084,16005,0.000000,0.050492
12665,5605,0.000000,0.015703
13391,1319,0.683838,0.422472
1319,39727,0.682275,0.734295
5605,40452,0.000000,0.025341
29159,20539,0.683838,0.646732
9673,5605,0.000000,0.013129
20539,4157,0.000000,0.040523
7148,27620,0.683838,0.603773
7849,20539,0.685112,0.621484
40452,15259,0.677392,0.643178
29554,29159,0.683838,0.555859
33437,13391,0.000000,0.008662
11069,1590,0.686188,0.610147
18358,479,0.000000,0.009735
13893,28068,0.685112,0.545902
32275,16005,0.680253,0.618192
9476,5605,0.000000,0.026230
37084,15827,0.000000,0.058861
4156,1590,0.000000,0.010352
27620,15229,0.683838,0.625806
4156,3327,0.000000,0.012219
32275,15827,0.680253,0.617900
12665,20539,0.683838,0.196982
20539,20719,0.680253,0.627950
7999,29554,0.683838,0.267777
15827,19684,0.000000,0.000038
21226,40452,0.677392,0.598803
479,25165,0.000000,0.002788
27620,4156,0.000000,0.052702
20539,18731,0.000000,0.058230
18730,7999,0.000000,0.064165
15259,40452,0.677392,0.631794
37084,29832,0.000000,0.002269
28176,7148,0.685112,0.628177
12665,16005,0.682275,0.592218
4157,28176,0.000000,0.009935
7148,7008,0.685112,0.465963
16005,4157,0.000000,0.025217
22931,18730,0.000000,0.005495
7625,3327,0.689329,0.234890
33437,11069,0.000000,0.034308
31274,1590,0.680253,0.047980
3027,18358,0.685112,0.274431
20719,25165,0.680253,0.618035
28068,20539,1.000000,0.621170
7849,19683,0.000000,0.015164
7625,9515,0.685112,0.623044
479,20236,0.000000,0.006111
19684,4157,0.000000,0.000296
29554,9673,0.688668,0.516781
12665,15827,1.000000,0.572912
4157,15259,0.000000,0.038876
37084,1319,0.000000,0.006778
9673,1590,0.689329,0.549225
4157,20236,0.000000,0.038676
29159,1590,0.683838,0.120341
25165,19683,0.000000,0.043795
29554,18358,0.685112,0.629390
15827,25165,0.683838,0.644859
13165,3027,0.686188,0.369410
19684,27620,0.000000,0.000116
7149,15827,0.000000,0.040992
19684,4156,0.000000,0.001454
1590,13391,0.687936,0.159774
7999,29832,0.000000,0.040880
15259,33437,0.000000,0.021560
31274,9673,0.680253,0.539238
33437,3327,0.000000,0.011095
11069,18731,0.000000,0.034651
7008,31274,0.680253,0.649807
11069,9515,0.685112,0.597405
7149,20539,0.000000,0.346891
1590,479,0.000000,0.001112
18730,13165,0.000000,0.023403
7008,39727,0.682275,0.700983
31274,3027,0.680253,0.023297
9515,29554,0.685112,0.602551
19684,19683,0.000000,0.001371
28068,9476,0.685112,0.667283
13391,20539,0.685112,0.241243
18731,28068,0.000000,0.055480
22931,37084,0.000000,0.001395
11069,3027,0.686188,0.368325
32275,3027,0.680253,0.027253
29554,32275,0.680253,0.578980
4156,21226,0.000000,0.455825
19683,22931,0.000000,0.002076
27524,10564,0.673769,0.190673
7793,9067,0.000000,0.006545
7794,3134,0.000000,0.227188
26026,27524,0.675354,0.071106
26026,3134,0.000000,0.508488
3135,9067,0.000000,0.014737
4725,7794,0.000000,0.412343
27524,39265,0.673769,0.623356
11225,7794,0.000000,0.440763
26026,11225,0.673769,0.050081
7794,9067,0.000000,0.002022
10564,4725,0.000000,0.082124
9067,7794,0.000000,0.001351
39265,4725,0.000000,0.926264
4725,10564,0.000000,0.142166
7794,10564,0.000000,0.515375
9067,10564,0.000000,0.002520
9067,27524,0.000000,0.001937
10564,11225,1.000000,0.556636
11225,9067,0.000000,0.003652
11225,4725,0.000000,0.175958
10564,3134,0.000000,0.071035
4725,3134,0.000000,0.704849
9067,39265,0.000000,0.004003
26026,7793,0.000000,0.135728
7793,27524,0.000000,0.662557
7794,3135,0.000000,0.151010
3134,7793,0.000000,0.685245
9067,3135,0.000000,0.007296
11225,27524,0.673769,0.119471
39265,3134,0.000000,0.317886
9067,11225,0.000000,0.003609
26026,7794,0.000000,0.050068
9067,4725,0.000000,0.018557
3134,4725,0.000000,0.734671
4725,7793,0.000000,0.900538
26026,10564,0.673769,0.023825
7794,4725,0.000000,0.348926
27524,3135,0.000000,0.703043
26026,4725,0.000000,0.254370
3135,10564,0.000000,0.051973
4725,3135,0.000000,0.739659
7793,7794,0.000000,0.276375
27524,7793,0.000000,0.600199
11225,26026,0.673769,0.023882
11225,3135,0.000000,0.034259
3135,4725,0.000000,0.772454
11225,7793,0.000000,0.075247
26026,3135,0.000000,0.149477
4725,11225,0.000000,0.225402
10564,7793,0.000000,0.028851
7794,26026,0.000000,0.025311
11225,3134,0.000000,0.096310
39265,7793,0.000000,0.731819
10564,3135,0.000000,0.028364
26026,39265,0.673769,0.071793
11225,10564,1.000000,0.601664
27524,3134,0.000000,0.298181
39265,9067,0.000000,0.008743
7794,11225,0.000000,0.405439
9067,26026,0.000000,0.026066
3135,39265,0.000000,0.757509
7793,4725,0.000000,0.901770
39265,27524,0.673769,0.607033
3134,27524,0.000000,0.383641
4725,26026,0.000000,0.161548
3135,3134,0.000000,0.637581
9067,7793,0.000000,0.003180
7794,7793,0.000000,0.189861
4725,39265,0.000000,0.932797
39265,10564,1.000000,0.402243
26026,9067,0.000000,0.064011
7793,3134,0.000000,0.633482
7793,26026,0.000000,0.082447
3134,7794,0.000000,0.271913
3134,39265,0.000000,0.522650
10564,27524,0.673769,0.151726
7793,39265,0.000000,0.766654
3135,26026,0.000000,0.140561
4725,9067,0.000000,0.039611
7794,39265,0.000000,0.776079
7793,11225,0.000000,0.090198
27524,7794,0.000000,0.764556
27524,4725,0.000000,0.764154
3135,11225,0.000000,0.055318
39265,3135,0.000000,0.621832
10564,39265,1.000000,0.298629
27524,9067,0.000000,0.003596
10564,26026,0.673769,0.010881
39265,7794,0.000000,0.813864
11225,39265,1.000000,0.612843
10564,9067,0.000000,0.003536
10564,7794,0.000000,0.499631
3135,7794,0.000000,0.354721
7794,27524,0.000000,0.726736
9067,3134,0.000000,0.010579
3134,10564,0.000000,0.122888
27524,11225,0.673769,0.142287
4725,27524,0.000000,0.788948
7793,10564,0.000000,0.054124
9063,33217,0.000000,0.045365
8522,35338,0.000000,0.001089
2450,21315,0.000000,0.067365
25867,35338,0.000000,0.030126
6572,34639,0.000000,0.007789
1819,9253,0.000000,0.020121
18535,26033,0.000000,0.052577
26458,34639,1.000000,0.967557
680,30971,0.000000,0.000197
5514,11091,0.000000,0.007216
24217,25867,0.000000,0.023310
5514,33729,0.000000,0.083631
29599,21909,0.000000,0.249070
1323,24217,1.000000,0.046165
21909,35857,0.000000,0.014234
7210,2074,0.000000,0.016379
1323,26033,1.000000,0.036824
34639,6572,0.000000,0.013653
18313,10785,0.000000,0.011481
2074,34639,0.000000,0.031586
2449,2074,0.000000,0.064104
28791,38116,0.000000,0.125247
29599,22342,1.000000,0.878315
1223,9063,0.000000,0.347046
1819,31247,0.000000,0.046211
28791,34639,0.000000,0.055411
7715,31247,0.000000,0.010645
5540,9063,1.000000,0.934736
7210,33492,0.000000,0.008652
29599,11091,0.000000,0.924133
33729,1223,0.000000,0.016265
34639,7210,0.000000,0.038070
24269,27478,0.000000,0.014041
25861,29599,0.000000,0.028415
18313,9295,0.000000,0.049293
1323,18313,0.000000,0.005488
1917,24217,1.000000,0.014606
14568,21885,0.000000,0.026789
21315,7715,0.000000,0.033074
24269,680,0.000000,0.000030
28791,22342,0.000000,0.006550
14568,26033,1.000000,0.994009
26458,4653,0.000000,0.027709
34639,10785,1.000000,0.944070
33729,21885,0.000000,0.029664
28791,1917,0.000000,0.045336
11091,31673,0.000000,0.987475
5540,5514,0.000000,0.030092
25867,9295,0.000000,0.090494
9295,17406,1.000000,0.954381
31673,9063,1.000000,0.996898
33217,24808,0.000000,0.084051
11187,11091,0.000000,0.065811
7210,21909,0.000000,0.011004
9063,1449,1.000000,0.995122
2450,34192,0.000000,0.115742
1449,14568,1.000000,0.993618
24217,2074,0.000000,0.021549
28791,35338,0.000000,0.039542
1223,34639,0.000000,0.115356
28791,25861,0.000000,0.182963
34192,31673,0.000000,0.121393
5514,9063,0.000000,0.043106
6530,35857,0.000000,0.087511
274,38116,0.000000,0.031534
7715,33217,0.000000,0.007165
21885,26033,0.000000,0.035092
24217,35857,1.000000,0.834819
4652,26458,0.000000,0.024262
2618,4652,0.000000,0.016894
24217,21885,0.000000,0.023802
35338,129,0.000000,0.000896
7210,17480,0.000000,0.012394
7906,22342,1.000000,0.980587
18535,26458,0.000000,0.015915
21885,11187,0.674200,0.680608
5540,35338,0.000000,0.004878
34192,6530,0.000000,0.014203
7715,12214,0.000000,0.023809
25861,1917,0.000000,0.013312
7715,35338,0.000000,0.000599
6245,35857,0.000000,0.115999
21885,274,0.000000,0.077443
25861,35338,0.000000,0.025658
10785,6572,0.000000,0.007394
26458,8522,0.000000,0.002361
33492,35857,0.000000,0.010896
5514,1102,0.000000,0.011380
24808,25867,0.000000,0.066040
21909,1449,0.000000,0.031360
9253,39671,0.000000,0.015169
34192,9063,0.000000,0.183096
7906,2074,0.000000,0.069461
35857,39671,0.000000,0.013027
21909,1323,0.000000,0.016567
1449,1819,1.000000,0.005610
35857,8522,0.000000,0.009508
24217,12214,0.000000,0.161680
22342,21909,0.000000,0.072145
34639,274,1.000000,0.855203
7564,51,0.000000,0.159682
5062,14593,0.000000,0.002796
26321,37022,0.693318,0.705560
13223,21658,0.693318,0.646896
10690,8657,1.000000,0.999932
11330,7598,0.691335,0.670923
5062,19806,0.691335,0.685068
37022,9098,0.691335,0.702636
4605,13490,0.693318,0.554194
51,278,0.000000,0.676933
16946,37022,0.693318,0.728330
39425,17359,0.000000,0.145573
13223,33166,1.000000,0.999313
1179,3241,1.000000,0.999909
7598,3241,0.691335,0.686595
26294,10246,0.691335,0.687335
5062,27631,0.691335,0.658003
28994,22646,0.691335,0.687335
4702,4605,0.691335,0.648964
10246,11330,1.000000,0.999936
3241,6072,1.000000,0.999923
7586,2616,0.691335,0.685068
23402,9098,0.691335,0.666979
7299,28818,0.691335,0.685152
11160,22646,1.000000,0.999936
10153,1996,1.000000,0.999938
25706,13475,0.000000,0.210859
13223,37022,1.000000,0.726794
39425,25706,0.000000,0.646825
21658,28994,0.693318,0.648199
1259,23402,0.691335,0.657525
13223,26321,0.693318,0.597557
11330,5392,1.000000,0.999936
25126,7564,0.691335,0.687805
7564,7299,1.000000,0.999949
27631,8657,0.691335,0.667741
37022,1309,0.691335,0.702636
10153,23402,0.691335,0.657398
7564,13223,0.691335,0.684851
50,3773,1.000000,0.999923
10382,10690,0.691335,0.687395
7598,5062,0.691335,0.686595
7768,7299,0.691335,0.669488
17359,28594,0.000000,0.019830
28994,9000,0.000000,0.079002
7598,1179,0.691335,0.686846
17359,3773,0.000000,0.039504
16946,1309,0.691335,0.679013
19806,21892,0.693318,0.662921
11160,7586,1.000000,0.999949
8657,517,1.000000,0.999949
1309,28994,0.691335,0.685152
2616,10822,0.693318,0.598769
11330,6072,1.000000,0.999923
21658,6662,0.691335,0.668743
7564,907,0.691335,0.687427
278,1996,0.000000,0.064829
160,2616,0.693318,0.570950
1309,14593,0.000000,0.002796
10246,2616,0.691335,0.684955
26321,4702,0.691335,0.646827
5062,25126,0.691335,0.685386
1309,30927,0.691335,0.677275
160,10153,0.691335,0.654549
39425,4702,0.000000,0.651223
7586,21658,0.691335,0.664597
7299,11330,1.000000,0.999949
9098,7586,1.000000,0.999949
16862,6072,0.691335,0.677219
6662,5899,0.691335,0.677983
22646,7768,0.691335,0.659139
16862,7299,0.691335,0.677941
13223,10382,1.000000,0.999313
16862,25706,1.000000,0.999544
13223,7586,0.691335,0.687123
10246,27631,0.691335,0.657933
9098,26321,0.691335,0.634057
14593,25706,0.000000,0.002901
9066,7586,1.000000,0.999949
7598,26321,0.693318,0.689292
4702,10690,1.000000,0.999949
51,10382,0.000000,0.102109
28818,517,0.691335,0.687730
10690,2616,0.691335,0.685068
7299,5899,0.691335,0.677983
39425,7598,0.000000,0.655938
5392,278,0.000000,0.019580
28594,28818,0.693318,0.662451
14593,18149,0.000000,0.002516
26321,9066,0.691335,0.646827
7598,10246,0.691335,0.686695
28994,18321,1.000000,0.999388
6072,2616,0.691335,0.684862
11160,28818,0.691335,0.685152
21892,10690,0.691335,0.679257
14593,21892,0.000000,0.002880
28818,9098,0.691335,0.687508
2616,3241,0.691335,0.687395
10153,8657,1.000000,0.999897
10690,17359,0.000000,0.042862
23816,13145,0.000000,0.028121
13145,38036,0.000000,0.002686
38036,23817,0.000000,0.004294
7676,13145,0.000000,0.002026
38036,13145,0.000000,0.002712
7676,7675,0.000000,0.002828
38036,7675,0.000000,0.002556
13145,7675,0.656214,0.060819
23816,7675,0.000000,0.029431
23817,7676,0.000000,0.003060
23816,23817,0.000000,0.044664
38036,7676,0.000000,0.001321
9787,7675,0.000000,0.000560
7675,7676,0.000000,0.003549
13145,9787,0.000000,0.001395
7675,13145,0.656214,0.059504
23817,38036,0.000000,0.006882
23817,9787,0.000000,0.001370
13145,23816,0.000000,0.012860
9787,23816,0.000000,0.000361
23816,9787,0.000000,0.001092
38036,23816,0.642654,0.021967
7676,23816,0.000000,0.001126
23817,23816,0.000000,0.038470
23817,13145,0.000000,0.063617
9787,23817,0.000000,0.000454
38036,9787,0.000000,0.000674
9787,13145,0.000000,0.000640
7676,23817,0.000000,0.001984
9787,38036,0.000000,0.000381
7675,9787,0.000000,0.001250
23816,38036,0.642654,0.034025
13145,7676,0.000000,0.002382
7675,38036,0.000000,0.002775
9787,7676,0.000000,0.158432
7675,23816,0.000000,0.016424
13145,23817,0.000000,0.037901
7676,38036,0.000000,0.001071
7676,9787,0.000000,0.114258
23817,7675,0.000000,0.073414
7675,23817,0.000000,0.044455
23816,7676,0.000000,0.002096
11443,16689,0.000000,0.455070
16059,24468,0.551134,0.258698
16414,73,0.000000,0.064455
14737,35314,0.000000,0.111470
5167,31548,0.000000,0.062133
17348,18055,0.000000,0.233969
18055,3421,0.000000,0.008961
37011,16296,0.000000,0.020365
20787,14737,0.556677,0.030849
16414,18055,0.000000,0.023415
18764,28501,0.000000,0.005353
2595,13012,0.000000,0.038385
3984,13012,0.000000,0.026772
3884,24468,0.000000,0.006779
3421,17348,1.000000,0.107110
3421,31548,0.000000,0.022869
14737,4,0.000000,0.065766
12784,15459,0.000000,0.007935
35314,35397,0.000000,0.003068
24468,16295,0.000000,0.038359
31892,16059,0.000000,0.032413
5167,4938,0.551134,0.009393
73,14712,0.000000,0.003813
18055,8698,0.000000,0.006159
16295,22195,0.000000,0.031803
8698,16007,0.000000,0.003432
3884,37011,0.000000,0.007645
31548,18764,0.000000,0.048007
13012,11443,0.000000,0.018250
31548,28501,0.000000,0.027319
8698,4938,0.000000,0.001684
9359,18938,0.551134,0.040613
35314,3884,0.000000,0.001530
7379,16007,0.000000,0.001308
35314,24468,0.000000,0.014247
13012,31548,0.000000,0.031922
5167,5,0.000000,0.003901
4938,16007,0.000000,0.006160
7379,37011,1.000000,0.002765
15459,3421,0.551134,0.033114
31892,16007,0.000000,0.007798
15459,7379,0.553436,0.002778
14712,17348,0.551134,0.008290
31892,14712,1.000000,0.054260
14712,12784,0.000000,0.028818
8989,31892,1.000000,0.091120
16296,4567,0.000000,0.015512
24468,14712,0.000000,0.029175
18938,73,0.000000,0.014560
13012,14712,0.000000,0.009348
18938,3421,1.000000,0.114294
16059,15459,0.000000,0.034086
16007,3984,0.000000,0.012854
11443,4567,0.553436,0.006524
31892,35314,0.000000,0.012252
8989,18055,0.000000,0.028637
12784,20787,0.000000,0.034551
9359,13012,0.000000,0.004797
5,11443,0.000000,0.041833
13012,37011,0.000000,0.035383
14737,35397,0.551134,0.588472
13012,2634,0.000000,0.024411
31548,2595,0.000000,0.127023
28501,13012,0.000000,0.023316
14737,18764,0.553436,0.546497
12784,2595,0.000000,0.022619
28501,24468,1.000000,0.973170
5167,7379,0.553436,0.001673
18764,16296,0.000000,0.001680
73,22195,0.000000,0.009326
15459,5,0.000000,0.003709
16689,31548,0.000000,0.230357
31548,13012,0.000000,0.023006
24468,16059,0.551134,0.210316
3984,16414,0.556677,0.008109
20787,13012,0.000000,0.031815
28501,31548,0.000000,0.070793
16007,14737,0.000000,0.003759
8989,3984,0.553436,0.002922
73,35397,0.000000,0.038226
16007,14712,0.000000,0.000366
8698,3883,0.000000,0.001755
4567,24468,0.000000,0.024177
18055,22195,0.000000,0.029126
16414,5,0.000000,0.014054
16689,22195,0.000000,0.031716
28501,4938,0.000000,0.017178
2634,35314,0.000000,0.018362
18764,18938,0.551134,0.136784
8698,4,0.000000,0.009327
22195,16689,0.000000,0.070655
15459,13012,0.000000,0.006889
8698,2634,0.000000,0.005374
12784,11443,0.000000,0.015276
5,8698,0.000000,0.034433
3984,9359,0.553436,0.002190
13012,31892,0.000000,0.078516
16296,18764,0.000000,0.001139
8698,3884,0.000000,0.002697
3883,3884,0.000000,0.220766
6776,25793,0.000000,0.689322
29977,15080,0.000000,0.046108
27577,838,0.000000,0.032123
21979,23961,0.000000,0.014282
20682,31450,0.000000,0.014651
29508,23961,0.000000,0.215829
13785,36828,0.000000,0.027771
2324,29977,0.000000,0.012940
38038,24603,0.000000,0.749288
7186,13785,0.000000,0.082095
13073,7187,0.000000,0.067766
2191,21978,0.000000,0.004650
31450,12638,0.000000,0.159530
21978,32130,0.000000,0.148677
428,25775,0.000000,0.245937
24603,13073,0.000000,0.056197
31993,36828,0.000000,0.062447
2324,20682,0.000000,0.005461
7186,2324,0.000000,0.002237
2324,21979,0.000000,0.033648
21978,2191,0.000000,0.027826
6776,7187,0.000000,0.262520
21978,38038,0.000000,0.217957
428,29508,1.000000,0.553548
36828,31865,0.000000,0.856784
29977,21979,0.000000,0.214242
24603,21979,0.000000,0.568997
12638,838,0.000000,0.057342
36828,838,0.000000,0.070251
13073,36828,0.000000,0.069902
428,31450,0.000000,0.119063
6777,7187,0.000000,0.266357
32130,20682,0.000000,0.088223
6776,13785,0.000000,0.089616
2191,27577,0.000000,0.258226
24603,31993,0.000000,0.908467
21979,24675,0.000000,0.023320
6777,23961,0.000000,0.420378
428,7945,1.000000,0.076143
6777,21978,0.000000,0.074077
25775,23961,0.000000,0.569415
29508,20682,0.000000,0.038175
29977,12638,0.000000,0.502732
36828,6777,0.000000,0.888703
31993,7945,0.000000,0.005534
25775,25793,0.671311,0.916136
428,2324,0.000000,0.007616
7945,38038,0.000000,0.015395
2191,31450,0.000000,0.100697
428,36828,0.000000,0.199160
27577,31993,0.000000,0.956005
25775,27577,0.000000,0.961919
7187,13073,0.000000,0.035213
20682,38038,0.000000,0.022816
12638,24603,0.000000,0.897288
29977,838,0.000000,0.000877
13785,7187,0.000000,0.026879
29508,428,1.000000,0.370200
12638,13785,0.000000,0.015543
31993,7186,0.000000,0.812248
32130,6776,0.000000,0.139073
6776,21978,0.000000,0.117671
20682,12638,0.000000,0.005189
13785,7186,0.000000,0.080526
23961,36828,0.541865,0.476214
31993,23961,0.000000,0.754091
21978,24675,0.000000,0.013598
7186,13073,0.000000,0.089497
15080,13073,0.000000,0.082483
31865,32130,0.000000,0.944987
29977,27577,0.000000,0.151069
6776,2191,0.000000,0.507453
7186,428,0.000000,0.033416
31450,25775,0.000000,0.086734
7186,31993,0.000000,0.743218
31993,15080,0.000000,0.088395
36828,24603,0.000000,0.372884
7945,29508,1.000000,0.013980
12638,21979,0.000000,0.221580
29977,21978,0.000000,0.015160
2324,13073,0.000000,0.004660
21978,23961,0.000000,0.039231
21979,31450,0.000000,0.203593
24603,2324,0.000000,0.023323
38038,7186,0.000000,0.572786
25793,428,0.000000,0.132797
32130,24603,0.000000,0.367258
31993,6777,0.000000,0.768381
7186,7945,0.000000,0.363337
29977,2191,0.000000,0.116674
428,13073,0.000000,0.064456
25775,13785,0.000000,0.053647
31993,25775,0.671311,0.981157
31993,12638,1.000000,0.999641
21979,31865,0.000000,0.267148
13785,27577,0.000000,0.071704
7186,12638,0.000000,0.745822
21978,31450,0.000000,0.065205
7186,20682,0.000000,0.023214
23961,2191,0.000000,0.095586
26030,3016,0.570997,0.065103
4774,5277,0.000000,0.038813
3685,1136,0.000000,0.051011
31546,26030,1.000000,0.999992
1513,18939,0.570997,0.128314
5199,1136,0.000000,0.081243
24857,5151,0.570997,0.065773
3016,20517,0.000000,0.025067
36408,443,0.570997,0.706625
3502,3306,1.000000,0.999992
31546,1919,0.570997,0.065916
2714,30918,0.000000,0.000019
7021,6568,0.573276,0.719612
1858,30918,0.573276,0.595930
3620,4804,0.000000,0.052282
8214,2206,0.573276,0.591846
3306,443,1.000000,0.126836
14869,3506,0.570997,0.258687
2174,19402,0.573276,0.074829
121,26030,0.000000,0.005091
14869,8369,0.000000,0.002545
2883,22696,0.000000,0.066981
5151,4798,1.000000,0.999991
443,5277,0.000000,0.002110
24029,19489,0.000000,0.008722
6568,4804,1.000000,0.512726
6568,1284,1.000000,0.514650
2206,3122,1.000000,0.999980
3620,1242,0.000000,0.052007
3506,3834,0.570997,0.213758
1858,19489,0.000000,0.031008
1773,5277,1.000000,0.010081
37281,20517,0.000000,0.012075
2714,6568,0.000000,0.001346
26440,20517,0.000000,0.019259
25880,1284,0.573276,0.592017
14869,5277,0.000000,0.002545
2206,1858,1.000000,0.999983
2883,24857,0.570997,0.129839
1044,3502,0.573276,0.099491
1284,1242,1.000000,0.999992
1136,8214,0.000000,0.071375
1773,3834,0.000000,0.072787
25987,22696,0.000000,0.011392
1136,1242,0.000000,0.059186
25880,2883,0.573276,0.592691
30918,2206,0.573276,0.591846
20517,1919,0.000000,0.014457
19489,6568,0.000000,0.041990
25880,3502,0.573276,0.592457
26440,19402,0.575042,0.042355
24857,20517,0.000000,0.004132
24857,25987,1.000000,0.999992
25987,3620,0.000000,0.002561
7518,8369,0.000000,0.038662
1513,4798,1.000000,0.999992
31707,3016,0.000000,0.021634
8382,3122,0.570997,0.065142
1773,24857,0.000000,0.072787
1284,4798,1.000000,0.999984
3620,18939,0.000000,0.001774
1284,1919,1.000000,0.999992
4804,4774,1.000000,0.999988
24029,3620,0.000000,0.029719
14869,33619,1.000000,0.999992
1044,7021,1.000000,0.115953
3620,33619,0.000000,0.001774
25987,31546,1.000000,0.999992
1242,22696,0.000000,0.066830
2174,1858,1.000000,0.056349
25987,4774,0.570997,0.065328
33619,31707,0.000000,0.002545
20517,4798,0.000000,0.014198
7431,2883,0.570997,0.065773
121,30918,0.000000,0.016916
8577,1044,0.570997,0.358485
1858,4804,1.000000,0.999987
1136,915,0.000000,0.059235
14869,3834,1.000000,0.999992
5199,1044,0.573276,0.048712
18939,3864,0.570997,0.059543
4798,8214,0.573276,0.595706
1091,443,1.000000,0.912665
3864,1136,0.000000,0.015570
36408,30918,0.570997,0.076315
121,2713,0.000000,0.000000
695,2206,1.000000,0.999994
6568,7518,1.000000,0.508974
1284,4804,1.000000,0.999990
22696,31546,0.000000,0.006090
8577,22180,0.570997,0.119641
14869,4649,0.570997,0.066228
8369,31546,0.000000,0.001507
3502,10391,0.000000,0.033152
5444,20517,0.000000,0.004165
26030,24029,0.570997,0.098453
3834,8214,0.570997,0.076315
5151,3122,1.000000,0.999986
1919,7021,0.573276,0.595454
20517,3834,0.000000,0.002302
15265,24293,0.682863,0.563262
38523,8966,0.000000,0.000713
13835,1434,0.000000,0.001343
4283,22859,0.000000,0.614133
18831,19261,1.000000,0.281010
35366,8966,0.000000,0.000715
22859,30444,0.000000,0.974451
22859,8966,0.000000,0.000713
5029,3410,0.000000,0.000541
19246,24157,1.000000,0.852515
19246,14736,0.000000,0.000809
4830,30135,1.000000,0.774489
8966,30444,0.000000,0.001159
22858,18242,0.000000,0.014680
8966,5029,0.000000,0.011936
15265,5319,1.000000,0.639331
4830,5029,1.000000,0.909762
3410,8965,0.000000,0.000711
8966,13835,0.000000,0.000358
25212,4283,0.680014,0.620597
1434,4283,0.000000,0.001509
14736,2935,0.000000,0.001498
23395,38523,0.675114,0.714256
19261,1434,0.000000,0.006423
22858,25212,0.000000,0.031648
19474,8966,0.000000,0.000630
5319,19246,0.680014,0.561951
4830,18116,0.000000,0.000784
13835,38523,0.680014,0.673007
38523,30135,0.680014,0.648380
4830,18714,0.680014,0.617636
19474,24293,0.682863,0.547197
38523,18116,0.000000,0.012195
18714,14042,1.000000,0.885414
24293,22859,0.000000,0.561026
19261,24293,0.681584,0.512364
2935,14042,0.680014,0.670236
5029,30444,0.680014,0.623518
38523,19261,0.680014,0.663492
23395,35366,0.675114,0.713675
35366,14736,0.000000,0.003257
30135,2318,0.000000,0.000345
3410,8966,0.000000,0.127825
18242,24157,0.000000,0.235005
38523,14736,0.000000,0.003258
1434,18714,0.000000,0.012822
15265,4283,1.000000,0.680166
8965,2935,0.682863,0.566042
14042,30135,0.680014,0.726543
30135,25212,0.680014,0.742263
24157,3410,0.000000,0.001752
4812,1434,0.000000,0.011277
24157,18242,0.000000,0.280815
6947,24157,1.000000,0.811334
2318,18714,0.000000,0.001090
35366,30444,1.000000,0.976102
19246,2318,0.000000,0.000423
22859,4812,0.000000,0.639767
35009,2318,0.000000,0.000423
4283,4830,0.681584,0.405326
8966,38523,0.000000,0.001156
8965,18831,0.681584,0.539028
23395,19261,0.675114,0.693029
19246,8966,0.000000,0.000426
8965,18116,0.000000,0.003905
6947,30444,1.000000,0.976102
25212,5319,0.680014,0.594866
30444,4830,0.680014,0.562985
15265,25212,0.680014,0.521725
18714,15265,0.680014,0.583775
4283,38523,0.680014,0.614133
8965,8966,0.000000,0.009443
38523,4830,0.680014,0.562119
19474,38523,0.680014,0.588674
18831,18116,0.000000,0.011809
25212,5029,0.680014,0.544134
4812,18116,0.000000,0.013559
2935,6947,0.680014,0.604772
1434,4830,0.000000,0.033623
24157,2318,0.000000,0.002325
2318,18831,0.000000,0.001516
24293,35009,0.680014,0.508994
30135,22858,0.000000,0.014832
5319,4830,0.681584,0.523376
4283,8965,0.682863,0.535439
35009,8966,0.000000,0.000426
30444,25212,1.000000,0.737558
4283,18714,0.680014,0.532588
1434,5319,0.000000,0.005274
18714,4283,0.680014,0.620641
18831,1434,0.000000,0.004296
4283,14736,0.000000,0.001715
24293,2318,0.000000,0.000230
24293,8966,0.000000,0.000604
8965,1434,0.000000,0.012125
18714,25212,1.000000,0.975367
18242,22859,0.000000,0.069481
25212,19474,0.680014,0.555894
14042,3410,0.000000,0.000117
4283,8966,0.000000,0.000905
15329,26902,0.658650,0.009367
15329,147,0.661594,0.008993
26902,33090,0.000000,0.000210
18368,34441,0.000000,0.002650
14102,7649,0.000000,0.000300
15329,34441,0.000000,0.001827
3997,29203,0.000000,0.003692
29203,32641,0.000000,0.008861
2655,26902,0.658650,0.031048
11853,7649,0.000000,0.000571
26902,11853,0.000000,0.001463
9365,13494,0.000000,0.010036
7649,34441,0.000000,0.000000
34441,33090,0.000000,0.000085
26902,29203,0.000000,0.345385
32641,13494,0.000000,0.012609
9365,29203,0.000000,0.003737
3997,9365,0.000000,0.033260
15329,18368,1.000000,0.026756
26902,18368,0.658650,0.030441
7649,29203,0.000000,0.000001
29203,147,0.000000,0.009119
14102,32641,0.000000,0.096238
3997,34441,0.000000,0.000305
32641,147,0.000000,0.008195
9365,32641,0.000000,0.113021
33090,29203,0.000000,0.000428
11853,9365,0.000000,0.013843
15329,32641,0.000000,0.112211
18368,26902,0.658650,0.018450
33090,14102,0.000000,0.007186
9365,147,0.000000,0.011663
29203,11853,0.000000,0.000950
14102,2655,0.660272,0.004736
9365,18368,0.000000,0.079205
3997,2655,0.664526,0.004749
13494,26902,0.000000,0.015197
33090,9365,0.000000,0.007388
15329,14102,0.660272,0.163814
3997,13494,0.000000,0.019474
15329,11853,0.000000,0.002974
29203,14102,0.000000,0.003066
14102,3997,0.660272,0.056178
11853,13494,0.000000,0.003084
34441,14102,0.000000,0.002986
7649,32641,0.000000,0.000009
11853,29203,0.000000,0.000764
33090,34441,0.000000,0.000149
15329,13494,0.000000,0.018823
29203,13494,0.678066,0.031578
15329,3997,0.661594,0.018407
14102,33090,0.000000,0.005235
29203,33090,0.000000,0.000636
26902,3997,0.658650,0.004447
18368,29203,0.000000,0.013123
2655,14102,0.660272,0.005964
32641,14102,0.000000,0.112210
2655,34441,0.000000,0.004212
14102,18368,0.660272,0.020920
13494,15329,0.000000,0.013492
147,33090,0.000000,0.000908
15329,33090,0.000000,0.003435
11853,3997,0.000000,0.004364
26902,9365,0.000000,0.014462
29203,9365,0.000000,0.006086
2655,11853,0.000000,0.000375
7649,11853,0.000000,0.000293
11853,26902,0.000000,0.001500
18368,2655,0.661594,0.046476
2655,18368,0.661594,0.053160
2655,13494,0.000000,0.020267
147,13494,0.000000,0.010271
147,14102,0.660272,0.020027
13494,7649,0.000000,0.000042
33090,32641,0.536751,0.096370
32641,15329,0.000000,0.336757
3997,11853,0.000000,0.001840
7649,2655,0.000000,0.000001
18368,33090,0.000000,0.000126
33090,26902,0.000000,0.000167
13494,3997,0.000000,0.025789
147,18368,0.661594,0.001264
29203,3997,0.000000,0.007745
147,29203,0.000000,0.004903
34441,147,0.000000,0.000216
29203,2655,0.000000,0.080067
32641,18368,0.000000,0.001470
18368,3997,0.661594,0.012931
2655,3997,0.664526,0.007029
7649,13494,0.000000,0.000025
2655,15329,0.661594,0.006523
147,9365,0.000000,0.008379
18368,32641,0.000000,0.000757
32641,2655,0.000000,0.000922
3997,14102,0.660272,0.039710
9365,2655,0.000000,0.015657
34441,26902,0.000000,0.017441
2655,7649,0.000000,0.000001
13494,14102,0.000000,0.009164
147,7649,0.000000,0.000017
17717,34691,0.000000,0.004214
17645,17717,0.000000,0.000497
30350,6783,0.000000,0.006518
17644,33798,0.000000,0.004437
6783,5193,0.000000,0.004293
17644,17717,0.000000,0.000814
17645,34691,0.000000,0.013801
34691,17717,0.000000,0.002379
17644,3212,0.000000,0.004302
6782,6783,0.000000,0.000412
17644,6782,0.000000,0.001319
6783,34691,0.000000,0.001724
6782,34691,0.000000,0.002307
6783,6782,0.000000,0.000767
3212,33798,0.000000,0.050736
6782,3212,0.000000,0.001736
5193,6783,0.000000,0.006310
5193,17645,0.000000,0.023898
17645,33798,0.000000,0.042602
5193,6782,0.000000,0.000916
33798,17644,0.000000,0.005413
17717,6782,0.000000,0.001095
5193,17717,0.000000,0.001417
17644,5193,0.000000,0.033304
34691,3212,0.666754,0.013858
6783,33798,0.000000,0.005931
5193,3212,0.670417,0.009721
34691,33798,0.000000,0.036858
17717,17645,0.000000,0.001108
5193,17644,0.000000,0.024488
30350,17644,0.000000,0.000688
34691,6782,0.000000,0.001450
17717,5193,0.000000,0.003293
33798,17645,0.000000,0.049647
34691,6783,0.000000,0.001498
17717,17644,0.000000,0.001149
30350,3212,0.000000,0.084298
3212,30350,0.000000,0.127679
3212,17644,0.000000,0.002052
17717,33798,0.000000,0.000817
30350,17717,0.000000,0.000071
17645,6782,0.000000,0.000782
33798,6782,0.000000,0.001674
17645,5193,0.000000,0.029518
3212,5193,0.670417,0.004645
5193,33798,0.000000,0.039412
3212,6783,0.000000,0.007670
34691,30350,0.000000,0.023161
30350,33798,0.000000,0.086193
33798,3212,0.000000,0.049329
17645,6783,0.000000,0.004902
6782,17717,0.000000,0.000557
3212,17645,0.000000,0.005070
33798,34691,0.000000,0.036858
30350,17645,0.000000,0.008908
6782,17645,0.000000,0.000475
33798,30350,0.000000,0.094043
34691,17645,0.000000,0.014494
6783,30350,0.000000,0.006792
6783,17645,0.000000,0.002538
3212,34691,0.666754,0.006997
17717,30350,0.000000,0.000098
30350,34691,0.000000,0.017117
6782,33798,0.000000,0.002652
17644,34691,0.000000,0.009306
3212,6782,0.000000,0.000921
17645,30350,0.000000,0.008370
17644,30350,0.000000,0.000728
6783,17717,0.000000,0.000280
17717,6783,0.000000,0.000729
6783,17644,0.000000,0.002311
6783,3212,0.000000,0.012972
6782,5193,0.000000,0.000470
34691,5193,0.666754,0.034142
17645,3212,0.000000,0.010006
6782,17644,0.000000,0.000984
17644,17645,0.000000,0.010113
17717,3212,0.000000,0.000694
30350,5193,0.000000,0.011926
34691,17644,0.000000,0.008345
33798,17717,0.000000,0.000608
17645,17644,0.000000,0.007090
33798,5193,0.000000,0.044288
6782,30350,0.000000,0.003964
30350,6782,0.000000,0.002895
5193,30350,0.000000,0.013483
33798,6783,0.000000,0.006507
3212,17717,0.000000,0.000345
17644,6783,0.000000,0.004386
5193,34691,0.666754,0.036470
7564,5062,1.000000,0.999949
10517,5392,0.691335,0.651227
6662,5392,1.000000,0.999936
7598,7564,0.691335,0.686595
3773,10690,1.000000,0.999949
15833,7768,0.691335,0.659371
51,7598,0.000000,0.295254
9000,1996,0.000000,0.182558
10153,37022,0.691335,0.713593
21892,5392,0.691335,0.678869
25706,9066,0.691335,0.678370
160,16946,0.694851,0.562432
15833,517,1.000000,0.999932
16946,9098,0.691335,0.679013
1259,33166,0.691335,0.685068
7586,9066,1.000000,0.999949
7586,13223,0.691335,0.684851
7598,27631,0.693318,0.694659
10246,37022,0.691335,0.713565
10246,51,0.000000,0.159874
9066,26294,0.691335,0.685152
5062,7598,0.691335,0.670923
13490,3773,0.691335,0.625705
10517,1309,0.691335,0.651376
13490,517,0.691335,0.625787
6072,11330,1.000000,0.999923
1309,11696,1.000000,0.999949
22932,8657,0.691335,0.728821
28994,26294,1.000000,0.999532
10382,7768,0.693318,0.625305
4702,1259,1.000000,0.999949
160,10382,0.693318,0.570950
30927,6662,0.691335,0.677941
3241,23402,0.691335,0.657525
10517,3773,0.691335,0.651376
2616,1179,0.691335,0.686964
19806,25706,0.693318,0.663263
4702,907,0.691335,0.687427
10246,10382,0.691335,0.684955
13223,16862,0.693318,0.663181
6662,18321,0.691335,0.685068
1259,9098,1.000000,0.999949
28818,3773,0.691335,0.687508
28818,11330,0.691335,0.687508
1179,11696,1.000000,0.999909
33166,1259,0.691335,0.687395
7586,4605,0.691335,0.648964
292,33166,0.000000,0.041512
21892,1259,0.691335,0.679257
13475,4702,0.000000,0.315055
11330,2616,0.691335,0.685068
907,7586,0.691335,0.672882
10382,13475,0.000000,0.204763
19806,9066,0.691335,0.687395
5899,3241,0.691335,0.678719
22932,10153,0.691335,0.729012
1259,10822,0.691335,0.633156
160,7768,0.697155,0.530123
9098,11696,1.000000,0.999949
11696,6662,1.000000,0.999949
6662,7768,0.691335,0.659371
4702,10517,0.691335,0.654106
292,10690,0.000000,0.057419
2616,5899,0.693318,0.663130
7564,16862,0.691335,0.677275
1309,7564,1.000000,0.999949
11696,4605,0.691335,0.648964
517,39425,0.691335,0.647467
33166,16946,0.693318,0.663018
10153,13223,0.691335,0.684622
8657,7768,0.691335,0.659670
2616,30927,0.693318,0.663427
50,28818,0.691335,0.684946
21658,3241,0.691335,0.668743
1259,37022,0.691335,0.713530
3241,517,1.000000,0.999932
907,5062,0.691335,0.672882
19806,21892,0.693318,0.662921
9000,160,0.000000,0.665278
28818,907,0.693318,0.710014
15833,9098,1.000000,0.999949
25706,13223,0.693318,0.662040
9098,37022,0.691335,0.713530
30927,292,0.000000,0.015184
50,1259,1.000000,0.999923
292,30927,0.000000,0.038490
1309,11160,1.000000,0.999949
27631,37022,0.693318,0.725626
10246,28994,0.691335,0.685039
13475,5899,0.000000,0.322155
517,10822,0.691335,0.633184
160,1259,0.691335,0.654129
1259,19806,0.691335,0.685068
10517,6072,0.691335,0.651105
9000,7564,0.000000,0.183401
37022,1179,0.691335,0.702775
9098,13223,0.691335,0.684851
160,6662,0.691335,0.654129
25126,10690,0.691335,0.687805
30927,50,0.691335,0.677219
7411,48,1.000000,0.001320
254,5821,0.000000,0.010478
3982,24935,0.000000,0.007170
38149,22607,0.000000,0.186088
31591,16816,0.000000,0.062721
4839,29823,0.000000,0.335472
4839,16926,0.000000,0.010138
21656,13008,0.000000,0.022105
29823,24935,0.000000,0.014477
13008,19506,0.000000,0.007152
7611,9103,0.580454,0.016402
22345,5108,0.000000,0.001496
18234,7411,0.000000,0.006393
34208,5821,0.675812,0.103523
13008,7611,0.578694,0.054337
19384,48,0.000000,0.009528
9189,22607,0.000000,0.003566
9103,21656,0.000000,0.012541
15693,11018,0.576423,0.001753
20390,18234,0.000000,0.005758
254,5108,0.000000,0.045483
13544,7411,0.575492,0.015185
15693,524,0.574436,0.053498
1228,6411,0.000000,0.013707
33977,204,0.000000,0.018754
7059,20390,0.000000,0.006198
7411,19506,0.000000,0.018851
34208,19506,0.000000,0.005780
254,3794,0.000000,0.034679
6227,25394,0.000000,0.001740
21656,8298,0.000000,0.011743
19506,33040,0.000000,0.001110
524,15693,0.574436,0.018545
9642,22607,0.000000,0.008399
22607,13544,0.573216,0.291547
1784,2586,0.000000,0.014243
32033,29823,0.000000,0.004949
18234,23484,0.000000,0.006711
22607,25394,0.000000,0.036811
13970,1228,0.000000,0.006907
7611,14636,0.576423,0.058984
5821,16816,0.000000,0.034320
48,20390,0.000000,0.007284
19506,34208,0.000000,0.001384
22642,8298,0.000000,0.069312
12355,20333,0.000000,0.039122
8317,25394,0.000000,0.001015
4839,33040,0.000000,0.009222
12379,16816,0.000000,0.112676
19384,9189,0.000000,0.013487
9103,16926,0.000000,0.028286
6228,7611,0.000000,0.112123
3794,22607,0.000000,0.243291
20390,12331,0.000000,0.004421
8298,1228,0.000000,0.010965
14268,914,0.000000,0.008133
32033,12355,0.000000,0.007549
524,14268,0.574436,0.004643
48,22345,0.000000,0.000285
33977,22641,0.000000,0.011496
29823,14636,0.000000,0.068454
3981,24935,0.000000,0.016850
38149,12331,0.567719,0.265208
170,7411,0.000000,0.037668
9103,15693,0.576423,0.005370
32033,7059,0.000000,0.003995
13008,1784,0.000000,0.151065
7611,6227,0.000000,0.063963
24935,6411,0.000000,0.033564
12355,31591,0.000000,0.037841
9190,15693,1.000000,0.015249
1784,2237,0.000000,0.095879
18234,19506,0.000000,0.006734
9642,31591,0.000000,0.009088
25394,13544,0.000000,0.017162
254,12355,0.000000,0.073528
32033,5108,0.000000,0.014395
13970,3982,0.000000,0.039651
8317,32033,0.000000,0.004413
254,16816,0.000000,0.016336
5108,13544,0.575492,0.033613
7059,3794,0.000000,0.011368
15693,4839,0.575492,0.025506
7059,5821,0.000000,0.036466
32033,6227,0.000000,0.011341
8596,4839,0.000000,0.037074
19384,25394,0.000000,0.000335
8317,2586,0.000000,0.074581
29823,3981,0.000000,0.006980
22642,7059,0.000000,0.028121
13544,254,0.000000,0.013343
9642,16816,0.000000,0.012206
19384,3171,0.678680,0.013206
1784,6228,0.000000,0.003334
14636,914,0.000000,0.343628
13970,5108,0.581890,0.033514
22641,20333,0.000000,0.014340
22642,18234,0.000000,0.024396
11018,20390,0.000000,0.003134
914,3982,0.000000,0.017476
7060,7689,0.000000,0.014209
4125,11809,1.000000,0.016530
4125,7689,0.000000,0.090477
37512,8499,0.000000,0.771447
37735,5108,0.000000,0.016765
503,37512,0.000000,0.113617
5108,8499,0.000000,0.038925
37512,7138,0.000000,0.412427
7059,914,0.000000,0.100885
503,7256,0.000000,0.085630
4125,503,0.000000,0.206348
503,7689,0.000000,0.088959
7059,37735,0.000000,0.013227
11809,8047,0.000000,0.517325
8499,37735,0.000000,0.013889
7256,7689,0.000000,0.028137
8047,37512,0.000000,0.009501
8498,37735,0.000000,0.003874
37735,914,0.000000,0.053167
8499,5108,0.000000,0.036646
7689,8499,0.000000,0.117815
13970,3246,0.000000,0.213467
7689,914,0.000000,0.043920
8499,7060,0.655088,0.108083
5108,7689,0.000000,0.033626
7256,37512,0.000000,0.241139
7060,7256,0.656214,0.072293
8047,8498,0.000000,0.005876
4125,5108,0.000000,0.031909
7256,3246,0.000000,0.059309
7256,503,0.000000,0.049856
914,11809,1.000000,0.158506
503,3246,0.000000,0.015680
8499,7138,0.000000,0.327285
7138,7059,0.000000,0.001873
503,914,0.000000,0.055075
11809,8499,0.000000,0.001853
3246,37735,0.000000,0.438381
7689,7256,0.000000,0.028347
11809,8498,0.000000,0.000390
7059,7060,0.000000,0.011282
8047,8499,0.000000,0.010299
503,8498,0.000000,0.088383
8499,13970,0.000000,0.045592
7689,4125,0.000000,0.044332
7059,37512,0.000000,0.113828
5108,7060,0.000000,0.009206
7059,8499,0.000000,0.004793
37735,7256,0.000000,0.005048
914,7059,0.000000,0.121601
13970,5108,0.000000,0.033514
13970,37735,0.000000,0.087089
37735,3246,0.000000,0.149908
37512,5108,0.000000,0.042966
13970,11809,0.000000,0.102994
7059,8498,0.000000,0.006650
37735,7060,0.000000,0.004899
8498,8047,0.000000,0.005298
8498,4125,0.000000,0.021941
11809,4125,1.000000,0.008182
13970,914,0.000000,0.061342
3246,503,0.000000,0.028730
11809,37735,0.000000,0.001494
7060,914,0.000000,0.014825
7689,5108,0.000000,0.033254
37512,7059,0.000000,0.166407
13970,7060,0.000000,0.022259
7689,503,0.000000,0.076005
8498,7689,0.000000,0.015250
8498,7059,0.000000,0.007017
11809,37512,1.000000,0.005871
11809,5108,0.000000,0.009910
8498,13970,0.000000,0.025876
8047,13970,0.000000,0.062632
8047,7689,0.000000,0.010375
37512,3246,0.000000,0.037679
3246,5108,0.000000,0.115604
5108,7138,0.000000,0.020014
914,37735,0.000000,0.126941
914,13970,0.000000,0.033180
7689,37512,0.000000,0.176320
7138,13970,0.000000,0.035967
7060,503,0.000000,0.059247
7256,8047,0.000000,0.006748
8498,7138,0.000000,0.016862
914,7689,0.000000,0.043653
7138,8498,0.000000,0.008965
37735,13970,0.000000,0.038438
7689,37735,0.000000,0.081334
5108,7256,0.000000,0.012069
4125,13970,0.000000,0.144541
7256,914,0.000000,0.016247
914,8047,0.000000,0.440067
5108,8498,0.000000,0.016683
3246,914,0.000000,0.195565
11809,13970,0.000000,0.023281
7689,7060,0.000000,0.012529
13970,7256,0.000000,0.016830
11809,7060,0.000000,0.000631
8047,7060,0.000000,0.003626
1784,10742,0.000000,0.000706
9103,418,0.000000,0.028974
22607,23771,0.000000,0.108242
19478,6228,0.000000,0.004209
9942,3794,0.000000,0.013659
1784,7611,0.000000,0.050305
23771,7059,0.000000,0.041275
951,1592,0.000000,0.022151
13970,22607,0.573216,0.034665
1591,13544,0.000000,0.022766
25072,16926,0.000000,0.011711
33462,23771,0.000000,0.094202
16816,4839,0.575492,0.289364
7611,17170,0.000000,0.015514
33462,1228,0.000000,0.026249
204,1591,0.000000,0.006850
419,25444,0.660138,0.022245
8298,6227,0.000000,0.043240
6685,1210,0.000000,0.053172
9190,7469,0.000000,0.018733
6228,22345,0.000000,0.002316
1228,38149,0.000000,0.011351
300,7059,0.000000,0.224483
11018,12331,0.000000,0.004741
5108,254,0.000000,0.048085
8596,419,0.000000,0.035023
7469,25444,0.000000,0.002303
25072,33462,0.000000,0.601462
25444,14913,0.000000,0.009262
17170,13008,0.000000,0.013672
951,14913,0.000000,0.040243
20333,16816,1.000000,0.014772
6411,33977,0.000000,0.004266
10742,19478,0.000000,0.000223
17240,1210,0.000000,0.093516
13008,254,0.000000,0.005096
951,12331,0.000000,0.011621
9103,2586,0.000000,0.083549
300,1592,0.000000,0.042210
33462,25444,0.000000,0.004244
914,48,0.000000,0.002670
11018,7611,0.580454,0.034081
14913,9103,0.000000,0.077135
3794,20311,0.000000,0.048185
33977,20311,0.000000,0.078328
7469,7411,0.000000,0.003021
25072,22607,0.000000,0.062639
38149,16816,0.000000,0.008319
14913,8596,0.000000,0.058090
412,418,0.000000,0.040600
23771,5108,0.000000,0.017867
13970,1591,0.000000,0.015131
1784,1591,0.000000,0.001520
1547,38149,0.000000,0.040575
6685,25444,0.000000,0.002473
22607,10742,0.000000,0.000463
418,300,0.000000,0.016184
13544,9190,0.575492,0.005548
22345,3794,0.000000,0.000204
8596,4839,0.000000,0.037074
6227,17170,0.000000,0.046251
20333,13970,0.578694,0.031017
418,8596,0.000000,0.015357
412,17170,0.000000,0.004640
19478,1591,0.000000,0.010794
1210,6685,0.000000,0.029913
11018,25394,0.000000,0.000477
8596,2586,0.000000,0.032461
31037,7469,0.000000,0.025117
22607,8596,0.000000,0.015036
7469,418,0.000000,0.082589
3794,3053,0.000000,0.003665
20333,6227,0.000000,0.067734
5108,16926,0.000000,0.010889
23771,8298,0.000000,0.119078
13544,8596,0.000000,0.043945
8298,48,0.576423,0.001248
1784,28896,0.000000,0.002285
19478,1210,0.000000,0.017181
22607,6227,0.000000,0.054920
13544,13970,0.575492,0.026181
1228,300,0.000000,0.010223
5108,8596,0.000000,0.007442
48,20333,0.578007,0.001881
2586,1228,0.575492,0.004003
16816,12331,0.000000,0.019809
300,17240,0.000000,0.272045
13970,1784,0.000000,0.017121
25394,31037,0.000000,0.000773
16926,1592,0.000000,0.001626
13970,6411,0.578694,0.017649
8317,22345,0.000000,0.001246
6227,1547,0.000000,0.077370
28896,9942,0.000000,0.043793
7469,1592,0.000000,0.019743
12355,300,0.000000,0.150251
4839,12331,0.000000,0.017493
254,7411,0.000000,0.025277
20333,204,0.000000,0.065197
17170,7411,0.000000,0.003789
21868,38853,0.000000,0.009475
31282,26220,0.000000,0.180895
18064,7280,0.000000,0.003798
26220,441,0.000000,0.020408
15117,18798,0.000000,0.014816
15117,31282,0.000000,0.097062
25547,9104,0.000000,0.027824
441,18064,0.000000,0.008507
441,7281,0.000000,0.003214
7280,18798,0.000000,0.000943
129,7281,0.000000,0.007215
25547,7280,0.000000,0.018427
26118,397,0.000000,0.011299
7280,441,0.000000,0.002281
26118,26220,0.000000,0.082610
7280,21868,0.000000,0.005013
129,33982,0.000000,0.068528
38853,441,0.000000,0.002340
441,7280,0.000000,0.003706
7281,441,0.000000,0.003476
18798,441,0.000000,0.018559
7281,33982,0.000000,0.012918
397,18798,0.000000,0.006812
33982,21868,0.000000,0.035109
397,15117,0.000000,0.001493
38853,31282,0.000000,0.011991
18798,26118,0.000000,0.022853
15117,441,0.000000,0.004883
7281,21868,0.000000,0.058379
33982,7281,0.000000,0.007740
7280,18064,0.000000,0.001790
33982,9104,0.000000,0.006052
129,397,1.000000,0.016111
129,25547,0.000000,0.007813
18798,21868,0.000000,0.089110
129,18064,0.000000,0.009929
18064,33982,0.000000,0.036762
7281,129,0.000000,0.008737
397,26118,0.000000,0.006888
18798,7280,0.000000,0.001217
9104,25547,0.000000,0.036787
18798,38853,0.000000,0.002185
33982,129,0.000000,0.063399
25547,26118,0.000000,0.063205
9104,18798,0.000000,0.007422
25547,18064,0.000000,0.030935
26220,21868,0.000000,0.155698
33982,38853,0.000000,0.003806
26118,129,0.000000,0.008454
397,21868,1.000000,0.007458
441,15117,0.000000,0.003952
26220,38853,0.000000,0.007512
21868,33982,0.000000,0.017766
18064,21868,0.000000,0.029165
25547,397,0.000000,0.006348
9104,7281,0.000000,0.017617
397,9104,0.000000,0.001184
18798,397,0.000000,0.014463
7281,18064,0.000000,0.005327
26118,38853,0.000000,0.008728
21868,7280,0.000000,0.007298
38853,26220,0.000000,0.005902
7280,31282,0.000000,0.003345
26220,15117,0.000000,0.124888
38853,33982,0.000000,0.007112
26220,7280,0.000000,0.014102
26220,25547,0.000000,0.111415
33982,26220,0.000000,0.090099
397,441,1.000000,0.002874
33982,15117,0.000000,0.026752
9104,397,0.000000,0.006341
441,18798,0.000000,0.012350
31282,397,0.000000,0.017176
15117,129,0.000000,0.022974
38853,21868,0.000000,0.011644
25547,7281,0.000000,0.116203
21868,397,1.000000,0.013710
18798,9104,0.000000,0.004387
26118,18064,0.000000,0.011652
26118,7281,0.000000,0.016415
15117,21868,0.000000,0.018547
129,26118,0.000000,0.006820
31282,25547,0.000000,0.363734
26118,7280,0.000000,0.006988
397,7281,0.000000,0.006988
397,7280,0.000000,0.014714
38853,18798,0.000000,0.002240
441,33982,0.000000,0.008980
129,38853,0.000000,0.004952
21868,129,1.000000,0.014728
129,9104,0.000000,0.003312
18064,397,0.000000,0.006532
21868,15117,0.000000,0.011578
7281,15117,0.000000,0.015938
33982,7280,0.000000,0.002727
15117,26220,0.000000,0.098053
31282,441,0.000000,0.058214
26220,33982,0.000000,0.190469
15117,18064,0.000000,0.029282
38853,9104,0.000000,0.016825
5198,71,0.000000,0.030544
14285,6734,0.694049,0.649259
6673,24813,1.000000,0.992792
24813,30404,0.694049,0.824851
16036,24096,1.000000,0.992642
18770,23874,0.694049,0.679679
30404,4005,0.694049,0.675942
284,8249,0.000000,0.000105
965,10899,0.000000,0.100018
9940,6673,0.692069,0.754702
8246,1854,1.000000,0.997595
3840,5198,0.000000,0.001949
35472,23136,0.692069,0.639731
16414,965,0.000000,0.006823
3230,38972,0.692069,0.645318
24130,23874,0.692069,0.647972
1440,9396,0.694049,0.650259
18846,9940,1.000000,0.999429
19787,5190,0.694049,0.746288
14479,23874,0.694049,0.662682
24096,9396,0.694049,0.689963
6673,965,0.000000,0.049866
4005,9396,0.694049,0.656463
6673,8246,1.000000,0.998007
5494,2925,0.692069,0.656682
5198,2963,0.000000,0.000311
5281,2925,1.000000,0.996534
22689,18344,1.000000,0.962880
2659,24130,0.692069,0.644774
22689,2963,0.694049,0.719683
19499,35472,0.692069,0.656368
38972,5281,1.000000,0.997528
38972,30404,0.694049,0.677904
4005,6917,1.000000,0.986894
71,23136,0.695581,0.657604
14479,3840,1.000000,0.996424
14285,18770,0.694049,0.649779
8396,30729,0.692069,0.671319
965,9940,0.000000,0.091534
24813,23136,0.694049,0.633897
30404,35472,0.692069,0.639344
24813,2963,1.000000,0.996240
30604,23874,0.694049,0.683015
2963,18344,0.694049,0.655489
18846,5198,0.000000,0.001743
23874,24096,0.694049,0.691413
8249,4772,0.694049,0.675989
71,10471,0.694049,0.722696
2925,9940,0.692069,0.671319
15226,7666,0.694049,0.715037
16414,24096,0.000000,0.006850
8249,24813,1.000000,0.997820
38245,6734,1.000000,0.994049
8246,965,0.000000,0.068847
30404,9940,0.692069,0.639344
10899,5198,0.000000,0.001095
284,5494,0.000000,0.000632
4772,37996,0.692069,0.637154
5281,24130,0.692069,0.720373
21570,8057,0.692069,0.632170
2694,23136,0.694049,0.629368
16636,8249,1.000000,0.992276
5494,4005,0.692069,0.704428
5190,10899,0.694049,0.721486
5198,16636,0.000000,0.000838
15226,38245,0.694049,0.887857
3230,2694,0.692069,0.682449
2659,8246,1.000000,0.678357
19499,9562,1.000000,0.996866
38245,9794,0.694049,0.732069
8653,16636,1.000000,0.993308
16414,4772,0.000000,0.089368
23874,8653,0.694049,0.682071
4005,14479,1.000000,0.995677
4772,21570,0.692069,0.637154
5494,71,0.692069,0.727408
283,9794,0.694049,0.647019
38245,71,0.694049,0.743346
19787,9396,1.000000,0.990930
4343,21570,0.692069,0.656679
8246,14285,0.694049,0.634798
38972,24130,0.692069,0.656679
18846,8396,0.692069,0.656682
4005,6673,1.000000,0.997429
2694,15226,0.694049,0.865043
5494,24096,0.692069,0.645318
3840,1440,1.000000,0.997710
2962,8057,0.000000,0.044811
7666,4005,1.000000,0.975504
38245,6895,1.000000,0.976489
38245,6673,1.000000,0.998362
19499,16036,1.000000,0.985854
6929,1854,1.000000,0.994869
9396,38245,0.694049,0.684003
9940,9396,0.692069,0.639731
16036,2925,1.000000,0.992524
30729,18770,0.692069,0.645318
38245,19787,0.694049,0.776678
965,2659,0.000000,0.075527
24813,10471,1.000000,0.991592
4798,6764,1.000000,0.999993
6016,4649,0.570997,0.066543
34149,36122,1.000000,0.999992
4774,6764,1.000000,0.999994
31956,30918,0.570997,0.076942
22696,22174,0.000000,0.006082
1242,19489,0.000000,0.030520
2174,30918,0.573276,0.064751
30718,121,0.000000,0.005700
5199,2174,1.000000,0.125462
1242,26440,0.573276,0.037951
22180,2525,0.000000,0.237382
3016,2525,0.000000,0.003145
4649,3506,1.000000,0.620370
915,24029,0.573276,0.610287
3122,1513,1.000000,0.999993
3016,3620,0.000000,0.073343
24029,22174,0.570997,0.195693
443,3685,1.000000,0.050410
1136,3506,0.000000,0.000769
2883,31500,0.570997,0.130211
8214,121,0.000000,0.015487
22696,3408,0.000000,0.000000
10391,31956,0.000000,0.019628
1513,30718,0.570997,0.128582
22180,3122,0.573276,0.122607
2525,1136,0.000000,0.000584
22174,30918,0.570997,0.076942
3122,8369,0.000000,0.038688
4798,5277,0.000000,0.038904
36122,4798,0.570997,0.065727
26440,3306,0.573276,0.029113
16297,1919,1.000000,0.043428
1242,28192,1.000000,0.058133
34074,32809,0.570997,0.061938
2883,8214,0.573276,0.595313
7021,3864,0.573276,0.065157
22174,22754,1.000000,0.999992
3502,30441,0.570997,0.130579
34074,34149,1.000000,0.999992
31956,1091,0.570997,0.895248
6764,1284,1.000000,0.999982
24029,37281,0.000000,0.059184
3685,3506,1.000000,0.145465
4804,1091,1.000000,0.331104
3306,5199,1.000000,0.999986
2174,31956,0.570997,0.705777
2174,28192,1.000000,0.147866
22754,34074,1.000000,0.999992
31500,30718,1.000000,0.999992
4804,3864,1.000000,0.036687
19489,1242,0.000000,0.043694
2525,30718,0.000000,0.003640
1858,31707,0.000000,0.038754
443,28192,1.000000,0.148025
16297,3016,1.000000,0.042807
1513,1284,1.000000,0.999979
3306,36122,0.570997,0.131242
16297,695,1.000000,0.043428
2206,26440,0.573276,0.037971
24029,22696,0.000000,0.039875
2525,31956,0.000000,0.003640
25880,8369,0.000000,0.037439
22233,3506,0.570997,0.261010
22233,5277,0.000000,0.002535
3306,22233,0.570997,0.131242
28192,1513,1.000000,0.052414
5151,3685,1.000000,0.462836
121,3620,0.000000,0.003743
5151,6016,0.570997,0.130211
22233,3685,0.570997,0.051470
34149,19489,0.000000,0.011619
24029,2174,0.573276,0.159184
1919,8369,0.000000,0.039266
7021,3122,0.573276,0.593749
34074,22180,0.570997,0.118978
1136,4649,0.000000,0.058806
3506,4798,1.000000,0.479375
3122,22233,0.570997,0.128191
19489,34149,0.000000,0.010233
30924,22233,1.000000,0.999992
16297,19489,0.000000,0.004094
31707,443,0.000000,0.001167
10391,7021,0.000000,0.018012
31500,120,0.570997,0.066078
120,8369,0.000000,0.039139
6016,1284,0.570997,0.066404
7021,32809,0.573276,0.066385
26440,2206,0.573276,0.029103
19489,22174,0.000000,0.010233
2206,1513,1.000000,0.999984
7021,3502,0.573276,0.592457
1284,26440,0.573276,0.037970
4798,4774,1.000000,0.999993
1284,19402,0.573276,0.610347
3408,6016,0.000000,0.000000
4798,19489,0.000000,0.030864
3685,1513,1.000000,0.706804
6764,2206,1.000000,0.999986
120,2206,1.000000,0.999992
8742,4237,0.000000,0.099932
6582,14527,0.000000,0.027382
29882,22175,0.000000,0.094706
15540,34503,0.678380,0.788415
22175,34503,0.000000,0.008874
6582,7365,0.000000,0.024767
31381,3787,0.000000,0.015152
28121,3786,0.000000,0.096578
7803,3786,0.000000,0.270836
16896,14527,0.681236,0.601957
16896,32816,0.679953,0.103062
22175,3787,0.000000,0.003656
3786,14527,0.000000,0.039046
15540,3786,0.000000,0.008460
8592,15540,0.000000,0.003010
7803,17560,0.681236,0.046339
14527,7803,1.000000,0.154776
6582,8742,0.000000,0.067121
1897,31381,0.000000,0.009279
31381,1329,0.678380,0.024003
1329,33669,0.000000,0.087449
1329,6582,0.000000,0.038631
15540,14527,0.678380,0.735864
7188,3787,0.000000,0.007869
34503,32571,0.679953,0.610557
29882,4237,0.678380,0.542284
22175,31381,0.000000,0.003532
1329,31381,0.678380,0.010276
33669,1798,0.000000,0.071285
3787,31381,0.000000,0.020074
7365,13329,0.678380,0.649265
4237,7365,0.678380,0.126599
4237,34503,1.000000,0.083251
33669,6582,0.000000,0.035412
6582,15540,0.000000,0.016765
16896,33669,0.000000,0.279441
7803,7365,0.678380,0.142418
1798,28121,0.000000,0.031001
34503,1329,0.679953,0.258728
13329,31381,0.678380,0.003502
34503,7365,0.678380,0.790687
17560,3786,0.000000,0.030260
8742,1897,0.000000,0.002570
3786,22175,0.000000,0.001439
34503,15540,0.678380,0.782943
8592,3787,0.000000,0.006077
7365,3787,0.000000,0.002255
4237,32571,0.679953,0.036334
1329,29882,0.678380,0.160843
28121,7365,0.678380,0.581339
33669,32816,0.000000,0.039335
1798,6582,0.000000,0.260275
16896,1329,0.685480,0.112429
6582,3787,0.000000,0.070973
15540,28121,0.678380,0.199971
13329,3786,0.000000,0.022501
7188,15540,0.000000,0.019505
1329,1897,0.000000,0.000969
3787,32816,0.000000,0.005567
33669,17560,0.000000,0.269664
1897,1329,0.000000,0.001808
6582,34503,0.000000,0.054916
7803,3787,0.000000,0.002804
4237,28121,0.679953,0.113173
8742,1798,0.000000,0.091712
7803,33669,0.000000,0.051024
32816,7365,0.678380,0.240391
31381,14527,0.678380,0.003974
7188,1897,0.000000,0.003466
3787,29882,0.000000,0.008157
15540,1798,0.000000,0.051327
7803,29882,0.678380,0.104988
4237,7188,0.000000,0.025517
32571,13329,0.681236,0.515029
16896,29882,0.678380,0.436721
3787,13329,0.000000,0.016144
8592,6582,0.000000,0.004941
13329,16896,0.681236,0.069844
22175,29882,0.000000,0.062719
17560,7365,0.678380,0.364286
22175,6582,0.000000,0.005789
7188,17560,0.000000,0.065787
16896,15540,0.678380,0.142014
7365,32816,0.678380,0.237979
31381,16896,0.678380,0.005525
14527,32571,0.681236,0.183156
29882,3787,0.000000,0.004582
15540,33669,0.000000,0.771895
1897,3786,0.000000,0.005287
7803,8592,0.000000,0.003720
28121,14527,0.681236,0.098797
1329,8592,0.000000,0.006034
4237,33669,0.000000,0.324354
8592,32816,0.000000,0.005340
7188,8742,0.000000,0.016025
32816,16896,0.679953,0.046298
7803,6582,0.000000,0.377456
8592,29882,0.000000,0.027182
1897,7803,0.000000,0.022145
28121,1897,0.000000,0.004854
29971,27148,0.000000,0.088591
17142,27148,0.000000,0.018261
17142,17839,0.000000,0.017383
21055,9026,1.000000,0.001878
27148,9952,0.000000,0.022426
27148,11040,0.000000,0.020114
29971,11040,0.000000,0.015298
11040,21448,0.000000,0.090045
9952,21448,0.000000,0.036442
27148,16977,0.000000,0.011759
27148,21448,0.000000,0.014916
17142,21055,0.000000,0.002727
21055,11040,0.000000,0.000342
9026,29971,0.000000,0.048857
17141,16977,0.000000,0.007922
17141,17142,0.000000,0.037243
11040,17839,0.000000,0.021941
17141,17839,0.000000,0.035639
9952,21055,0.000000,0.000898
17839,29971,0.000000,0.015118
21055,17142,0.000000,0.001388
27148,29971,0.000000,0.098721
17141,11040,0.000000,0.025042
27148,17839,0.000000,0.003053
29971,21055,0.000000,0.006643
27148,17141,0.000000,0.004682
17839,16977,0.000000,0.008566
17142,17141,0.000000,0.043773
21055,17839,0.000000,0.000156
17141,9026,0.000000,0.023508
17141,21448,0.000000,0.037955
9952,17142,0.000000,0.046544
16977,21055,0.000000,0.002548
11040,17142,0.000000,0.034598
9026,16977,0.000000,0.016678
17141,29971,0.000000,0.005728
9952,17141,0.000000,0.025099
16977,9026,0.000000,0.024229
9026,9952,0.000000,0.010918
17141,9952,0.000000,0.022684
17839,11040,0.000000,0.025552
9026,17141,0.000000,0.025154
16977,27148,0.000000,0.036203
11040,21055,0.000000,0.000941
21448,9952,0.000000,0.037520
9026,27148,1.000000,0.038101
21448,17142,0.000000,0.035277
21448,17839,0.000000,0.015839
17839,27148,0.000000,0.007944
17142,9952,0.000000,0.030238
17142,9026,0.000000,0.034573
17839,21448,0.000000,0.016592
29971,9952,0.000000,0.029075
11040,29971,0.000000,0.025259
21448,29971,0.000000,0.019271
27148,21055,1.000000,0.005655
16977,17141,0.000000,0.013949
21055,16977,0.000000,0.000485
9952,29971,0.000000,0.045507
17142,11040,0.000000,0.033717
17142,16977,0.000000,0.012513
17839,9026,0.000000,0.017252
27148,9026,1.000000,0.028446
21055,9952,0.000000,0.000435
9026,17839,0.000000,0.014210
21448,11040,0.000000,0.108709
9952,17839,0.000000,0.020049
11040,9026,0.000000,0.022634
17141,27148,0.000000,0.006787
29971,9026,0.000000,0.033662
9952,27148,0.000000,0.033051
17839,17141,0.000000,0.036006
9952,9026,0.000000,0.010780
11040,9952,0.000000,0.030256
21055,17141,0.000000,0.000261
11040,16977,0.000000,0.031476
29971,21448,0.000000,0.012473
16977,17142,0.000000,0.025696
27148,17142,0.000000,0.019027
29971,17142,0.000000,0.010299
9952,11040,0.000000,0.035024
17839,17142,0.000000,0.024640
21448,17141,0.000000,0.025839
21448,16977,0.000000,0.024264
17141,21055,0.000000,0.000560
9026,17142,0.000000,0.043085
29971,17141,0.000000,0.004646
16977,29971,0.000000,0.033597
17142,21448,0.000000,0.043195
9952,16977,0.000000,0.030936
29971,16977,0.000000,0.014808
17142,29971,0.000000,0.011144
16977,11040,0.000000,0.034007
17839,21055,0.000000,0.000640
11040,27148,0.000000,0.032953
16977,17839,0.000000,0.009449
21055,27148,1.000000,0.001937
11040,17141,0.000000,0.020116
21448,21055,0.000000,0.000494
21055,21448,0.000000,0.000220
29808,25477,0.000000,0.670782
7651,13158,0.000000,0.632935
15809,2686,0.681535,0.648809
6043,36129,0.000000,0.010665
31028,33722,0.681535,0.710051
10817,7819,1.000000,0.667885
3640,13571,0.000000,0.000023
27745,13571,0.000000,0.000515
39302,6244,0.000000,0.000214
17255,7818,0.000000,0.056610
8947,19853,0.681535,0.582048
15809,9031,0.685453,0.582318
35346,7652,0.000000,0.621108
2687,36129,0.000000,0.363762
35346,6244,0.681535,0.661859
27001,4043,0.679511,0.561424
28228,28231,0.681535,0.631868
33722,2687,0.000000,0.012416
1594,7819,0.683100,0.672603
25477,37581,0.000000,0.665307
3640,1594,0.000000,0.000010
32709,2686,0.000000,0.001078
21830,36910,1.000000,0.999939
7819,1594,0.683100,0.671276
36910,21015,1.000000,0.659216
4043,37581,0.000000,0.013163
4043,19853,0.681535,0.615448
6244,7651,0.000000,0.646262
13571,7819,1.000000,0.656981
8080,7651,0.000000,0.643637
27745,29358,1.000000,0.000302
28466,13158,1.000000,0.675401
19853,13078,1.000000,0.798422
3239,2686,0.681535,0.331077
2687,9031,0.000000,0.168648
20808,36910,1.000000,0.729932
37581,37959,1.000000,0.999976
2518,33722,0.000000,0.013916
32709,7819,0.000000,0.001233
278,8947,0.000000,0.000464
6244,9031,0.683100,0.595824
12262,28466,0.681535,0.666984
13078,27745,0.000000,0.000483
35346,17255,0.681535,0.525216
28231,3239,0.684376,0.665855
32709,8947,0.000000,0.009515
35346,31028,0.681535,0.663070
31028,13158,0.681535,0.681503
6244,15809,0.683100,0.698957
1594,37959,0.000000,0.132092
31028,25477,0.000000,0.470598
20808,7651,0.000000,0.664608
8947,6043,0.684376,0.575489
25477,6244,0.000000,0.348145
35346,36910,1.000000,0.725716
24241,10817,0.683100,0.631070
37581,32709,0.000000,0.154977
2687,6244,0.000000,0.583656
3640,10246,1.000000,0.768840
21830,21015,1.000000,0.659216
20808,35346,1.000000,0.785107
2518,13078,0.000000,0.101197
6244,4043,0.683100,0.684734
7652,32709,0.000000,0.154977
29358,28228,0.000000,0.192630
10817,21830,0.681535,0.710843
2686,28228,1.000000,0.973975
10817,17255,0.683100,0.569773
29808,10817,0.679511,0.694400
20808,36129,0.000000,0.576286
10246,13078,0.000000,0.000047
20808,7818,0.000000,0.047871
1478,39302,0.000000,0.008342
19853,7818,0.000000,0.033412
3239,10817,0.683100,0.390732
8947,4702,0.000000,0.000116
10246,29358,1.000000,0.000835
19382,2687,0.000000,0.013201
4702,19853,0.000000,0.000017
27001,28466,0.679511,0.714000
13571,39302,0.000000,0.001042
7651,2518,0.000000,0.007071
29808,24241,0.679511,0.628570
28228,12262,0.681535,0.656367
28231,29808,0.679511,0.692099
4043,28466,0.681535,0.534445
28466,25477,0.000000,0.677853
32709,35346,0.000000,0.001418
13708,1478,0.000000,0.061832
29358,27001,0.000000,0.016163
31028,7652,0.000000,0.588064
10817,29358,0.000000,0.562140
27001,7819,0.679511,0.754963
36910,28466,1.000000,0.742290
3239,21015,0.681535,0.311444
24241,9031,0.686384,0.609571
15809,8947,0.684376,0.617601
7819,8080,1.000000,0.546753
15809,2687,0.000000,0.302989
27001,9031,0.679511,0.522505
16107,29703,1.000000,0.513591
22452,909,0.000000,0.002025
7612,474,0.554119,0.324310
4926,38008,0.554119,0.467212
26895,29703,0.557359,0.400658
22452,31932,0.000000,0.005690
30414,21003,0.554119,0.157841
32073,21003,1.000000,0.252722
32310,12964,1.000000,0.999974
4926,22586,0.000000,0.015186
33676,31874,1.000000,0.999974
475,20611,0.000000,0.032263
21003,475,0.000000,0.124785
2307,5184,0.000000,0.009488
9555,13559,1.000000,0.999974
8972,9783,0.000000,0.011359
24950,31932,0.000000,0.005690
11419,13109,0.554119,0.141517
31932,22586,0.682863,0.539930
7374,33676,0.000000,0.029318
11419,24940,1.000000,0.999974
29509,1933,0.000000,0.009025
17893,7612,0.554119,0.152471
1054,17893,0.000000,0.004596
32073,37792,0.554119,0.592909
27051,33676,1.000000,0.999974
15532,1933,0.000000,0.002784
31874,37336,0.000000,0.014743
22452,33676,1.000000,0.999974
18176,20839,0.554119,0.490990
15532,2307,0.000000,0.008170
29498,18176,0.554119,0.404965
34941,38246,0.000000,0.003429
31932,19338,0.000000,0.005632
1909,26895,0.554119,0.131687
22586,32520,0.000000,0.008260
37792,474,1.000000,0.999974
15532,33723,1.000000,0.753006
32520,22452,1.000000,0.999974
33676,6797,0.000000,0.014743
20465,2307,0.000000,0.034790
8415,1054,0.000000,0.006728
34941,2307,0.000000,0.006604
31874,17893,1.000000,0.999974
19338,20839,1.000000,0.999974
7612,26853,0.557359,0.084923
32073,27834,0.554119,0.592909
909,40219,0.682863,0.128269
1054,6797,0.000000,0.005180
6797,1909,0.000000,0.015727
31159,27834,1.000000,0.999974
33723,7612,0.557359,0.233581
1909,909,0.000000,0.002025
27834,32156,0.554119,0.404965
31874,15719,0.554119,0.196769
7374,7612,0.000000,0.085572
1054,33969,0.000000,0.004288
909,29509,0.000000,0.002087
2307,34941,0.000000,0.004457
7612,26895,0.559654,0.542667
19338,21003,0.554119,0.157841
27464,7612,0.554119,0.152471
2307,475,0.000000,0.042920
33723,475,0.000000,0.023202
8972,20839,0.000000,0.011359
20839,40219,0.000000,0.005690
40219,18176,0.000000,0.006376
31874,15532,0.554119,0.375328
37336,20839,0.000000,0.015727
474,37792,1.000000,0.999974
21401,31159,0.000000,0.013563
13559,29703,0.554119,0.174797
21401,30414,0.000000,0.013563
24950,1909,1.000000,0.999974
12964,15532,0.554119,0.375328
909,33723,0.000000,0.000331
5184,32156,0.000000,0.022990
4926,2307,0.000000,0.051782
7374,31159,0.000000,0.029318
30034,32156,0.554119,0.404965
24940,5184,0.000000,0.022207
40219,17893,0.000000,0.005632
8972,21401,0.685698,0.757949
11419,29509,1.000000,0.999974
24950,29509,1.000000,0.999974
27051,9783,1.000000,0.999974
37336,5184,0.685698,0.217318
15719,13559,0.554119,0.194309
20465,1054,0.000000,0.014899
21003,15532,1.000000,0.482031
13559,26853,0.554119,0.412437
32310,24940,1.000000,0.999974
7374,19338,0.000000,0.029318
24156,27051,0.554119,0.362904
4926,29703,0.554119,0.174797
21401,475,0.000000,0.027379
15719,21003,1.000000,0.749092
1933,37336,0.000000,0.005193
8415,29703,1.000000,0.090744
24940,21401,0.000000,0.010975
32533,10985,1.000000,0.999790
32533,29629,0.000000,0.012280
13624,10737,1.000000,0.007022
10985,18601,0.000000,0.003011
10737,10985,0.000000,0.047218
13624,18601,0.000000,0.003125
10985,29630,1.000000,0.762375
32243,32533,0.669923,0.081988
32533,13624,0.000000,0.057378
18601,32243,0.000000,0.022130
10985,37645,0.667861,0.762871
37645,10985,0.667861,0.752567
32533,23258,0.000000,0.008853
32243,10737,0.000000,0.027763
29629,37645,0.000000,0.009605
23258,10737,0.000000,0.003177
10985,13624,0.000000,0.057427
10985,32243,0.669923,0.094487
5406,32243,0.671518,0.316079
29630,37645,0.667861,0.845367
13624,32533,0.000000,0.069889
13624,29630,0.000000,0.021431
29629,13624,0.000000,0.076356
37645,18601,0.000000,0.005462
37645,35226,0.000000,0.045607
15078,23258,0.000000,0.006096
5406,29630,0.669923,0.667587
23258,15078,0.000000,0.009584
29630,10985,1.000000,0.753120
29629,10737,0.000000,0.006174
35226,10737,0.000000,0.015921
5406,37645,0.667861,0.663574
35226,23258,0.000000,0.005606
29629,5406,0.000000,0.009132
32243,10985,0.669923,0.081872
32533,10737,0.000000,0.030073
13624,23258,0.000000,0.011637
35226,18601,0.000000,0.001422
37645,10737,0.000000,0.042669
23258,29629,0.676936,0.019105
10985,15078,0.000000,0.000124
32243,35226,0.000000,0.015821
10737,29630,0.000000,0.054993
18601,13624,0.000000,0.008275
18601,10985,0.000000,0.008397
23258,10985,0.000000,0.014631
15078,35226,0.000000,0.270291
32533,37645,0.667861,0.762844
29629,23258,0.676936,0.013744
23258,29630,0.000000,0.013331
35226,5406,0.000000,0.020099
29629,29630,0.000000,0.006937
18601,29629,0.000000,0.012745
29629,32243,0.000000,0.012410
37645,15078,0.000000,0.000431
5406,32533,0.669923,0.687427
23258,32243,0.000000,0.021644
13624,35226,0.000000,0.004360
32243,23258,0.000000,0.047923
10737,5406,0.000000,0.034482
10737,35226,0.000000,0.033125
15078,32533,0.000000,0.000062
29630,29629,0.000000,0.002669
29630,32533,1.000000,0.753147
37645,32243,0.667861,0.040920
29630,5406,0.669923,0.661565
13624,32243,0.000000,0.011153
18601,37645,0.000000,0.008791
37645,29629,0.000000,0.003758
29630,10737,0.000000,0.040601
10985,10737,0.000000,0.030097
37645,32533,0.667861,0.752543
35226,32243,0.000000,0.018159
10737,37645,0.000000,0.057727
29630,32243,0.669923,0.043333
29629,35226,0.000000,0.004055
10985,29629,0.000000,0.012276
15078,37645,0.000000,0.000393
23258,35226,0.000000,0.004776
32533,29630,1.000000,0.762410
32243,15078,0.000000,0.003311
18601,5406,0.000000,0.040901
32243,29629,0.000000,0.007886
15078,10985,0.000000,0.000062
10737,18601,0.000000,0.001521
32533,18601,0.000000,0.003003
32533,15078,0.000000,0.000125
32243,37645,0.667861,0.047896
5406,10737,0.000000,0.032753
13624,37645,0.000000,0.025696
29629,18601,0.000000,0.004102
13624,29629,0.000000,0.056600
13624,10985,0.000000,0.069878
13624,5406,0.000000,0.015745
15078,29630,0.000000,0.000464
29630,15078,0.000000,0.000500
37645,5406,0.667861,0.650122
29629,32533,0.000000,0.022955
5406,13624,0.000000,0.009500
15078,13624,1.000000,0.018431
16926,14041,0.000000,0.004897
6411,20333,1.000000,0.029482
1228,23484,0.000000,0.077159
524,204,0.000000,0.111476
8317,6411,0.000000,0.048941
14820,10705,0.000000,0.039950
8298,6227,0.000000,0.043240
33977,25394,0.000000,0.038375
30743,16926,0.000000,0.003522
22345,1228,0.000000,0.000461
29753,1784,0.000000,0.012886
11018,6227,0.000000,0.019666
9103,914,0.000000,0.226744
20333,12355,0.000000,0.057777
15867,1036,0.000000,0.010992
1547,1036,0.000000,0.110009
3794,14636,0.000000,0.019551
170,30743,0.000000,0.011087
8596,14713,0.000000,0.016285
1547,13008,0.575492,0.055040
10742,6411,0.000000,0.000244
25394,19232,0.000000,0.001186
32079,20333,0.000000,0.017080
14041,22607,0.000000,0.039264
13008,7411,0.000000,0.001631
7059,48,0.000000,0.017098
19232,6411,0.000000,0.040181
4205,9103,0.000000,0.007962
22607,1036,0.000000,0.128760
7638,12331,0.000000,0.016165
7638,16926,0.000000,0.010707
22607,204,0.000000,0.048531
2586,12331,0.000000,0.017337
9190,14820,0.574436,0.009525
19232,14268,0.000000,0.002864
22345,14713,0.000000,0.000859
19232,32079,0.000000,0.026428
8596,1784,0.000000,0.010931
524,6227,0.000000,0.070915
5108,14636,0.576423,0.010542
16816,9103,0.578694,0.155676
22607,14268,0.573216,0.005272
15867,6227,0.000000,0.063573
7059,8596,0.000000,0.045459
3794,48,0.000000,0.001958
6411,254,0.000000,0.014641
19506,14636,0.000000,0.030114
6228,13544,0.000000,0.030628
14636,7611,0.576423,0.068572
8317,19232,0.000000,0.015617
15693,14636,1.000000,0.061323
12355,25394,0.000000,0.010299
19927,13970,0.000000,0.035246
914,5108,0.000000,0.041791
19232,6496,0.000000,0.000265
1547,5108,0.575492,0.048392
14564,16926,0.000000,0.013361
14268,17782,0.000000,0.002648
14820,25394,0.000000,0.003457
20333,29753,0.000000,0.045808
14820,19232,0.000000,0.027098
19506,9103,0.000000,0.035434
10705,1784,0.000000,0.019195
38149,10705,0.000000,0.013568
14713,4839,0.000000,0.004820
22345,11038,0.000000,0.000881
7411,254,0.000000,0.021681
38149,2586,0.000000,0.023116
7611,29753,0.000000,0.008066
6227,29753,0.000000,0.014935
23484,10705,0.000000,0.032766
6411,1228,0.000000,0.011655
170,3794,0.000000,0.008557
12331,4205,0.000000,0.003949
16926,30743,0.000000,0.010457
8596,9103,0.000000,0.041465
12355,6227,0.000000,0.320812
6496,24454,0.000000,0.000339
9190,1784,0.000000,0.005467
6227,4839,0.000000,0.072635
19232,13970,0.000000,0.013088
15867,48,0.574436,0.000374
524,17782,0.000000,0.009910
13008,4839,0.575492,0.032057
6411,204,0.000000,0.013101
8317,4839,0.000000,0.047171
15867,10742,0.000000,0.001214
4205,14041,0.576423,0.014342
14564,14041,0.000000,0.006042
14820,23484,0.574436,0.078017
12331,22345,0.000000,0.000020
7611,12331,0.000000,0.012752
16816,170,0.000000,0.005538
524,14268,0.574436,0.004643
8298,14564,0.000000,0.055491
1784,17782,0.000000,0.040038
33977,5108,0.000000,0.016282
13970,9190,0.576423,0.004518
8298,11018,0.576423,0.018312
1784,19232,0.000000,0.045419
29237,29494,0.671719,0.017464
1872,7047,0.000000,0.021025
19839,32338,0.675354,0.806234
2607,26716,0.674338,0.001672
10313,3654,0.000000,0.003009
877,6271,0.000000,0.017426
20700,21868,0.675700,0.011025
8439,29664,0.000000,0.011022
1641,18962,0.679312,0.301209
9522,8439,0.000000,0.037884
13973,7724,0.680540,0.000547
9647,7965,0.000000,0.007492
9522,2606,0.680540,0.000212
9647,32338,0.676647,0.017918
21868,27075,0.000000,0.130879
19793,20700,0.000000,0.031792
8431,7797,0.000000,0.071355
1872,1641,0.000000,0.144246
39904,1873,0.000000,0.040129
1872,29237,0.000000,0.014974
2624,11794,0.000000,0.004215
21868,35360,0.000000,0.006293
1378,19793,0.676936,0.047987
1378,21868,0.000000,0.040491
29202,39904,0.000000,0.011384
8439,11593,0.000000,0.000137
2624,7966,0.000000,0.193662
19369,8431,0.000000,0.001810
14027,23095,0.000000,0.004467
13973,33058,0.676936,0.005070
29494,2701,0.671719,0.018109
7724,29237,0.678968,0.000119
10313,9647,0.000000,0.002343
29237,7332,0.000000,0.012037
7332,19369,0.000000,0.001074
1873,2624,0.000000,0.324041
28927,26716,0.000000,0.000248
8431,19793,0.000000,0.006911
7797,1365,0.000000,0.100705
1378,25556,0.676936,0.013034
39904,2606,0.674059,0.000566
23095,1873,0.000000,0.264787
1378,7332,0.000000,0.008400
33058,9522,0.676936,0.002805
20021,35760,0.671719,0.000778
29494,20021,1.000000,0.082287
21868,10313,0.680596,0.012477
877,29237,0.000000,0.004316
877,35760,0.000000,0.002999
29202,35360,0.000000,0.002310
13973,10313,0.000000,0.001855
2701,10313,0.000000,0.001089
18962,1690,0.000000,0.020667
13973,20021,0.671719,0.006490
28927,1378,0.676936,0.041359
877,25556,0.000000,0.002999
20021,20700,0.000000,0.014043
35760,8431,0.000000,0.003314
27075,8431,0.000000,0.091198
23095,9647,0.000000,0.006682
7724,26716,0.000000,0.000082
198,1872,0.680816,0.667810
11846,877,0.000000,0.010703
20021,29494,1.000000,0.182938
4434,7797,0.652117,0.101727
1690,30526,0.000000,0.000706
16285,21868,0.000000,0.009483
38726,1873,0.000000,0.063437
7724,30526,0.000000,0.023321
7724,9647,0.680540,0.000300
35760,9522,0.676936,0.002805
7724,1641,0.000000,0.003002
18962,11794,0.000000,0.011250
10313,1872,0.000000,0.017504
8439,2701,0.000000,0.004695
198,8439,0.672290,0.261043
35360,29664,0.678968,0.002541
35760,8439,0.000000,0.005235
1872,1690,0.000000,0.047644
25556,29059,0.000000,0.005538
7724,11048,1.000000,0.001864
9522,27075,0.000000,0.029028
19839,33058,0.675354,0.000982
23095,33690,0.000000,0.045955
25556,29664,0.676936,0.004086
20700,8431,0.675700,0.753419
2701,8439,0.000000,0.005748
26716,28927,0.000000,0.000109
1378,29664,0.682097,0.013707
21655,34711,0.000000,0.000468
14027,1873,0.000000,0.011229
29202,20700,0.000000,0.055848
39904,26716,0.000000,0.004590
32338,11593,0.676647,0.000216
1690,198,0.000000,0.016564
20021,4434,0.000000,0.003543
2701,39904,0.674059,0.003970
1365,4434,0.000000,0.019679
30526,11593,0.000000,0.002093
7724,21868,0.000000,0.008145
26203,18504,0.000000,0.023670
18800,37185,0.000000,0.283223
5675,9515,0.660138,0.194344
21989,13729,0.000000,0.021710
9356,37185,0.000000,0.048319
17450,9356,0.000000,0.042096
18800,17450,0.660138,0.673275
11565,9515,0.000000,0.136945
21989,8406,0.000000,0.027509
21989,11565,0.000000,0.040879
8276,21989,0.000000,0.106116
26203,37185,0.000000,0.027690
9515,26015,0.000000,0.010657
13729,5675,0.000000,0.057538
26015,37185,0.000000,0.035186
21989,26015,0.000000,0.001825
9356,29689,0.000000,0.120778
8406,5675,0.000000,0.011427
13729,26203,0.000000,0.004737
8406,17450,0.000000,0.014223
12441,9356,0.000000,0.056909
13729,8406,0.000000,0.010676
26015,26203,0.671719,0.268473
18800,29689,0.000000,0.010618
8406,13729,0.000000,0.007595
13729,37185,0.655088,0.172207
8406,9356,0.000000,0.004397
26203,5675,0.000000,0.016775
17450,11565,0.000000,0.237869
5675,29689,0.000000,0.040421
26203,26015,0.671719,0.345000
18504,17450,0.000000,0.029628
12441,11565,0.000000,0.109187
13729,12441,0.000000,0.088214
11565,18800,0.000000,0.074729
26015,8406,0.000000,0.009948
11565,26015,0.000000,0.010682
29689,18800,0.000000,0.012007
17450,26203,0.000000,0.035147
17450,21989,0.000000,0.032015
29689,13729,0.000000,0.020816
5675,18800,0.660138,0.102330
12441,5675,0.000000,0.097931
11565,8406,0.000000,0.045339
29689,18504,0.000000,0.065507
26203,8406,0.000000,0.000699
11565,13729,0.000000,0.131757
11565,5675,0.000000,0.052922
9515,12441,0.000000,0.027025
37185,18504,0.000000,0.028862
11565,9356,0.000000,0.155351
9356,8406,0.000000,0.008893
12441,13729,0.000000,0.065890
37185,8276,0.000000,0.168628
21989,8276,0.000000,0.135836
29689,21989,0.000000,0.001688
37185,29689,0.000000,0.013600
18504,5675,0.000000,0.026077
21989,5675,0.000000,0.014614
13729,9356,0.000000,0.050583
9515,18504,0.000000,0.006556
13729,8276,0.000000,0.083857
9356,18504,1.000000,0.138256
8406,37185,0.000000,0.014824
8276,13729,0.000000,0.071895
29689,5675,0.000000,0.042586
5675,26203,0.000000,0.012544
8406,9515,0.000000,0.006985
9356,26015,0.000000,0.029012
37185,21989,0.000000,0.033366
18800,18504,0.000000,0.025335
18504,9356,1.000000,0.154278
37185,18800,0.000000,0.191618
13729,9515,0.000000,0.112974
21989,26203,0.000000,0.001460
9356,8276,0.000000,0.012659
8276,26015,0.000000,0.009998
18504,13729,0.000000,0.040631
18504,26203,0.000000,0.020883
5675,12441,0.000000,0.199409
9356,17450,0.000000,0.042123
8406,8276,0.000000,0.003531
21989,9515,0.000000,0.075264
9515,13729,0.000000,0.102861
12441,26015,0.000000,0.057761
17450,8276,0.661257,0.284419
26015,17450,0.000000,0.026339
26015,8276,0.000000,0.018692
17450,5675,0.661257,0.223353
21989,37185,0.000000,0.020734
5675,8276,0.663076,0.129221
9356,21989,0.000000,0.008376
18800,9515,1.000000,0.545944
9356,26203,0.000000,0.021605
8276,11565,0.000000,0.102768
17450,8406,0.000000,0.027547
18800,26203,0.000000,0.015527
37185,17450,0.000000,0.549164
21989,17450,0.000000,0.026930
26203,21989,0.000000,0.002141
25653,26723,0.675812,0.102744
495,27267,0.000000,0.005555
10189,30482,0.000000,0.005058
23566,10750,0.675812,0.116809
2732,26723,0.675812,0.030495
494,32651,0.000000,0.002809
26723,23566,0.675812,0.037159
10945,8078,0.000000,0.019112
8078,495,0.000000,0.038418
2732,32952,0.000000,0.003395
27267,10750,0.670878,0.636272
25653,10945,0.675812,0.217507
23566,495,0.000000,0.005737
494,23566,0.000000,0.061969
10945,10090,0.000000,0.015276
4025,8078,0.000000,0.045840
10090,27267,0.000000,0.000828
495,26723,0.000000,0.008259
26723,4025,0.675812,0.042643
10090,4025,0.000000,0.013703
30481,25653,0.000000,0.006453
30482,495,0.000000,0.017385
494,2732,0.000000,0.001908
495,4025,0.000000,0.005890
32952,10945,0.000000,0.008745
4025,10189,0.678680,0.032582
25653,10090,0.000000,0.009294
32952,4025,0.000000,0.005394
30481,2732,0.000000,0.015999
494,10189,0.000000,0.001517
494,27399,0.000000,0.000070
4025,32952,0.000000,0.011206
23566,10189,1.000000,0.374226
27267,10090,0.000000,0.002295
25653,23566,1.000000,0.040908
2732,30482,0.000000,0.005884
32952,495,0.000000,0.060437
10945,23566,0.675812,0.023327
494,10945,0.000000,0.057334
495,494,0.000000,0.032381
26723,27399,0.675812,0.018498
8078,30482,0.000000,0.210033
4025,10750,0.675812,0.022755
27267,10189,0.670878,0.557675
10945,32651,0.673769,0.164095
29962,495,0.000000,0.013408
25653,29962,0.675812,0.089272
10090,8078,1.000000,0.002418
32952,10189,0.000000,0.003360
25653,32651,0.673769,0.152915
26723,30481,0.000000,0.014003
27267,32651,0.670878,0.677253
30482,32651,0.000000,0.013761
10945,27399,0.675812,0.056994
27399,10189,0.678680,0.168408
30481,27267,0.000000,0.025804
495,32651,0.000000,0.008393
2732,27267,0.670878,0.269528
27267,494,0.000000,0.002836
10945,30481,0.000000,0.008238
495,30481,0.000000,0.009243
4025,10090,0.000000,0.020689
4025,32651,0.673769,0.053462
32651,30481,0.000000,0.017332
30481,27399,0.000000,0.007434
29962,10750,1.000000,0.095926
30482,23566,0.000000,0.007981
10090,23566,0.000000,0.013847
26723,25653,0.675812,0.127293
2732,4025,1.000000,0.014833
26723,29962,1.000000,0.337594
10945,27267,0.670878,0.062355
10189,29962,0.675812,0.107317
10090,495,0.000000,0.027779
32651,23566,0.673769,0.579702
10189,32952,0.000000,0.003124
30482,10189,0.000000,0.008661
10750,32952,0.000000,0.015436
29962,32651,0.673769,0.146018
27267,30481,0.000000,0.013360
32952,26723,0.000000,0.008313
10189,26723,0.675812,0.044470
25653,10750,0.675812,0.068787
30481,23566,0.000000,0.031248
32651,27399,0.673769,0.129843
30482,10750,0.000000,0.040748
10750,10189,0.675812,0.266005
30481,10750,0.000000,0.030638
8078,10945,0.000000,0.011260
10189,2732,0.678680,0.763101
23566,10090,0.000000,0.021981
10189,25653,1.000000,0.153453
495,29962,0.000000,0.008466
30481,26723,0.000000,0.016746
8078,27399,0.000000,0.000123
26723,32651,0.673769,0.104396
10750,10945,1.000000,0.042260
29962,27399,0.675812,0.072331
10750,32651,0.673769,0.634002
10945,32952,0.000000,0.006617
24505,10285,0.000000,0.062705
20362,6099,0.679312,0.145519
17376,6099,0.000000,0.017541
18797,17375,0.000000,0.004925
17376,28892,0.000000,0.030734
17376,26818,0.000000,0.005062
18797,27194,0.000000,0.023562
5473,9421,0.676936,0.035805
18797,29542,0.673310,0.029413
10284,6099,0.673310,0.013672
24505,10284,0.673310,0.027936
17375,29542,0.000000,0.004872
29542,24505,0.673310,0.031369
28892,21172,1.000000,0.119874
25890,27194,0.000000,0.015560
28892,20362,0.676936,0.120319
9421,6099,0.679312,0.288509
25890,21172,0.673310,0.008581
6099,5473,0.676936,0.081811
17376,10284,0.000000,0.009577
29542,6099,0.673310,0.013672
18797,9421,0.678225,0.114058
28892,24505,1.000000,0.600432
27194,20362,0.000000,0.006272
24505,29158,0.000000,0.007672
17376,5473,0.000000,0.015197
28892,26818,0.675354,0.030023
26818,10285,0.000000,0.564431
21172,20362,0.676936,0.158868
29542,26818,0.673310,0.522014
6099,10285,0.000000,0.019125
10285,17375,0.000000,0.002249
29542,10285,0.000000,0.696220
29158,17375,0.000000,0.002402
5473,10284,0.673310,0.426762
21172,10285,0.000000,0.010627
24505,27194,0.000000,0.040359
29542,17376,0.000000,0.011472
5473,29542,0.673310,0.426762
29158,25890,0.000000,0.005752
9421,27194,0.000000,0.020822
29158,10284,0.000000,0.005752
28892,5473,1.000000,0.461547
9421,5473,0.676936,0.056599
29542,29158,0.000000,0.028841
20362,27194,0.000000,0.006171
28892,18797,0.676936,0.545236
10284,28892,0.673310,0.009255
17376,10285,0.000000,0.005979
26818,27194,0.000000,0.204756
17375,21172,0.000000,0.016114
25890,5473,0.673310,0.241605
17375,24505,0.000000,0.019715
21172,29158,0.000000,0.011591
29158,9421,0.000000,0.007134
24505,26818,0.675354,0.326387
26818,10284,0.673310,0.585405
18797,10284,0.673310,0.029413
20362,25890,0.673310,0.025565
25890,17375,0.000000,0.003359
10285,26818,0.000000,0.516564
9421,25890,0.673310,0.022561
17375,26818,0.000000,0.002054
17376,18797,0.000000,0.012125
24505,21172,1.000000,0.123402
9421,17375,0.000000,0.003743
17376,27194,0.000000,0.004006
18797,29158,0.000000,0.016430
29158,5473,0.000000,0.008049
9421,17376,0.000000,0.024466
21172,29542,0.673310,0.009625
5473,18797,0.676936,0.116007
26818,5473,0.675354,0.390382
20362,21172,0.676936,0.058431
27194,26818,0.000000,0.348617
5473,21172,1.000000,0.070895
21172,27194,0.000000,0.004255
24505,18797,0.676936,0.600960
29542,5473,0.673310,0.241605
25890,6099,0.673310,0.013672
25890,28892,0.673310,0.009255
10285,29542,0.000000,0.695552
20362,10284,0.673310,0.025565
29158,6099,0.000000,0.010210
9421,29158,0.000000,0.010226
25890,9421,0.673310,0.009147
10284,10285,0.000000,0.696220
27194,10284,0.000000,0.039631
5473,28892,1.000000,0.520607
6099,29542,0.673310,0.020624
10285,21172,0.000000,0.013054
10284,17375,0.000000,0.003359
9421,18797,0.678225,0.179774
21172,5473,1.000000,0.048207
21172,18797,0.676936,0.324871
18797,20362,0.678225,0.307961
26818,6099,0.675354,0.018063
10284,5473,0.673310,0.241605
29542,9421,0.673310,0.009147
27194,24505,0.000000,0.081524
17251,30569,1.000000,0.845112
26497,13787,0.676936,0.633132
31181,5588,0.000000,0.511968
5587,17357,0.000000,0.043607
17251,35965,0.000000,0.491698
14790,17357,0.673310,0.754873
8753,26497,0.675354,0.478245
12169,17251,0.000000,0.934922
17357,14790,0.673310,0.778321
8753,39,0.000000,0.002965
35965,17252,0.000000,0.001058
19177,17251,0.000000,0.934922
17251,38291,0.000000,0.014123
19622,5588,0.000000,0.254612
12170,31181,0.000000,0.008139
35965,14790,0.000000,0.280963
5588,19177,0.000000,0.816682
22524,39,0.000000,0.004788
22524,12169,0.000000,0.756125
14790,17252,0.000000,0.002980
38291,35965,1.000000,0.000361
1399,14790,0.000000,0.156378
5588,12169,0.000000,0.816682
13787,17251,0.673310,0.819237
17252,8753,0.000000,0.010054
14790,35965,0.000000,0.403887
12170,13787,0.000000,0.016073
14790,8753,0.673310,0.789206
38291,14790,0.000000,0.003368
5588,17252,0.000000,0.002557
17251,17357,0.673310,0.933171
5587,1399,0.000000,0.454392
17357,12170,0.000000,0.013928
1399,31181,0.000000,0.310020
39,30569,0.000000,0.005053
19622,31181,0.000000,0.655215
22524,31181,0.000000,0.354184
8753,5198,0.000000,0.001044
5587,26497,0.000000,0.243535
5588,5198,0.000000,0.000035
35965,31181,0.000000,0.070279
35965,38291,1.000000,0.000574
5198,17252,0.000000,0.223579
14790,13787,0.673310,0.649981
17252,17357,0.000000,0.010222
22524,14790,0.673310,0.698874
39,22524,0.000000,0.022713
5587,31181,0.000000,0.250686
39,19177,0.000000,0.012584
8753,38291,0.000000,0.013301
5588,17357,0.000000,0.816723
35965,17357,0.000000,0.285996
39,13787,0.000000,0.024993
26497,5198,0.000000,0.003470
22524,35965,0.000000,0.104406
19622,5198,0.000000,0.000893
19622,17251,1.000000,0.822887
8753,19622,0.673310,0.797478
19177,5198,0.000000,0.000767
17252,31181,0.000000,0.015759
38291,17357,0.000000,0.009835
26497,5587,0.000000,0.191383
30569,12170,0.000000,0.005021
1399,5588,0.000000,0.126467
13787,17357,0.675354,0.840437
31181,14790,0.000000,0.665478
39,8753,0.000000,0.012683
5198,31181,0.000000,0.001034
26497,38291,0.000000,0.002443
8753,19177,0.000000,0.941757
22524,26497,0.675354,0.564248
5587,17251,0.000000,0.038912
12169,17357,0.000000,0.980695
19177,38291,0.000000,0.013919
17252,22524,0.000000,0.028252
39,5588,0.000000,0.002271
5587,5588,0.000000,0.010161
17357,13787,0.675354,0.845909
5588,12170,0.000000,0.001633
26497,17251,0.673310,0.278587
31181,1399,0.000000,0.325081
1399,30569,0.000000,0.156453
12170,19177,0.000000,0.009824
31181,12169,0.000000,0.633526
26497,19622,0.673310,0.369414
13787,26497,0.676936,0.601296
30569,5198,0.000000,0.000891
1399,35965,0.000000,0.039443
19622,30569,1.000000,0.987132
30569,14790,1.000000,0.986730
19622,5587,0.000000,0.119830
26497,12170,0.000000,0.002443
12169,5588,0.000000,0.796106
13787,5198,0.000000,0.000981
12169,12170,0.000000,0.013919
5587,5198,0.000000,0.002479
19177,8753,0.000000,0.950367
19177,17252,0.000000,0.007137
14790,12170,0.000000,0.005026
26497,35965,0.000000,0.025801
24974,32004,0.000000,0.303122
6897,24974,0.000000,0.111004
11093,24974,0.000000,0.266540
15132,24974,0.671098,0.085068
24974,11093,0.000000,0.293799
6897,15131,0.000000,0.093773
15131,24974,0.000000,0.209656
15131,11093,0.000000,0.307970
32004,24974,0.000000,0.256394
6897,11093,1.000000,0.333889
6897,15132,0.000000,0.032836
11093,15132,0.000000,0.072072
11093,32004,0.000000,0.211907
32004,11093,0.000000,0.429368
11093,15131,0.000000,0.092785
15131,15132,0.000000,0.006200
15131,6897,0.000000,0.044961
32004,15131,0.000000,0.060473
15132,15131,0.000000,0.008247
15132,6897,0.000000,0.024401
15132,32004,0.000000,0.001924
11093,6897,1.000000,0.067387
6897,32004,0.000000,0.073242
15132,11093,0.000000,0.291696
32004,15132,0.000000,0.001749
24974,15132,0.671098,0.060002
24974,6897,0.000000,0.075700
32004,6897,0.000000,0.066858
24974,15131,0.000000,0.178667
15131,32004,0.000000,0.062724
31642,33444,0.681727,0.675209
4123,13709,0.000000,0.000842
4174,17104,0.000000,0.009393
31642,32968,0.681727,0.675209
25804,25273,1.000000,0.999757
17752,38032,1.000000,0.019935
32968,24573,0.681727,0.614184
30357,14602,0.000000,0.009047
1740,17104,0.681727,0.629348
35626,38736,1.000000,0.999757
18915,12043,0.000000,0.005497
5167,11767,0.000000,0.001142
1488,21086,0.681727,0.669781
14601,13874,0.000000,0.004631
31642,9360,0.684568,0.695559
8079,31642,0.000000,0.047189
12435,31642,0.684568,0.746638
20695,34406,0.681727,0.609061
5947,14602,0.000000,0.010660
17104,4123,0.000000,0.005901
11767,16207,0.681727,0.656633
18,31642,0.000000,0.069990
18915,19738,0.000000,0.020441
18,18915,0.680816,0.022337
12043,32968,0.000000,0.040385
30357,1740,0.686575,0.491679
37680,20695,0.681727,0.574149
29403,25524,0.681727,0.681310
39110,17752,1.000000,0.355438
12043,18834,0.000000,0.018328
25804,13874,0.681727,0.589833
1488,30357,1.000000,0.599953
19738,25804,0.000000,0.004402
16909,39683,0.000000,0.000366
40407,30300,0.681727,0.531420
39369,4123,0.000000,0.005901
13709,38736,0.000000,0.001094
10538,1708,0.000000,0.001159
17104,4174,0.000000,0.014777
38032,13709,0.000000,0.001482
25524,30357,0.681727,0.611678
37680,1708,0.000000,0.001161
1740,37680,0.681727,0.629348
13709,16439,0.000000,0.000330
1708,8079,0.000000,0.000573
32968,608,0.000000,0.002017
608,38736,0.000000,0.001780
40532,6021,0.000000,0.026383
19738,12435,0.000000,0.005037
21086,30300,0.681727,0.531420
14601,35626,0.000000,0.001710
38032,40407,0.681727,0.679289
39369,38032,0.681727,0.660422
11767,6020,0.000000,0.013860
25524,36613,1.000000,0.999757
17752,18,0.000000,0.016761
1708,32714,0.000000,0.001228
13709,21086,0.000000,0.001094
24573,4174,0.000000,0.016049
40407,31642,0.681727,0.677432
40407,13899,0.681727,0.594558
39110,8079,0.000000,0.062694
37680,37600,0.000000,0.000855
25524,17166,0.681727,0.719156
20695,16909,0.000000,0.000062
17166,38736,0.681727,0.697575
608,13709,0.691745,0.000173
6020,14602,0.000000,0.000027
39683,34406,1.000000,0.999757
18,290,0.000000,0.027916
21086,1740,0.681727,0.595136
19738,5947,0.000000,0.016223
37680,6021,0.000000,0.026383
12435,24573,0.684568,0.690204
37600,39110,0.000000,0.000225
38032,1488,1.000000,0.662439
13709,8079,0.685671,0.000232
4174,1740,0.000000,0.029333
39369,29032,0.681727,0.614147
15347,31642,0.684568,0.725824
13709,15347,0.000000,0.002384
290,21086,0.000000,0.003079
40196,17104,1.000000,0.999757
21086,13874,0.681727,0.589833
17104,39369,1.000000,0.999757
1708,4174,1.000000,0.006114
21086,15347,0.681727,0.669024
11767,35626,1.000000,0.999757
6020,16909,0.000000,0.000094
25524,11767,1.000000,0.999757
16207,13874,0.684568,0.623035
17752,16439,0.000000,0.002366
38736,38032,0.681727,0.660422
6020,9911,0.000000,0.004638
14602,31080,0.000000,0.001303
40407,6020,0.000000,0.013860
40532,39369,1.000000,0.999757
25804,39110,0.681727,0.747371
18834,14601,0.000000,0.016559
25273,13709,0.000000,0.000411
24435,8003,0.686311,0.258959
35313,5246,0.679892,0.723191
15872,8941,0.000000,0.004056
40143,21504,0.679892,0.705966
8362,38850,0.684754,0.478952
36733,8941,0.000000,0.026510
21504,32656,0.684754,0.221101
28035,35313,1.000000,0.380212
8941,24865,0.000000,0.043873
40143,13483,0.679892,0.524300
4569,5246,0.000000,0.005156
21504,8941,0.000000,0.060565
35313,11682,0.682741,0.644215
38742,9518,0.682741,0.622393
6583,15872,0.682741,0.057562
21504,7108,0.684754,0.346487
8003,10449,0.684754,0.681991
26749,8003,0.682741,0.487517
22842,11682,1.000000,0.690358
4257,27419,0.679892,0.680067
6138,4569,0.000000,0.027303
38742,5246,0.679892,0.658225
4811,2021,0.000000,0.011189
28652,22842,0.684754,0.511795
2020,38437,0.679892,0.690086
32386,35313,0.682741,0.432316
5246,22842,0.679892,0.694833
1171,4257,0.679892,0.751889
29273,5246,0.679892,0.635765
14926,5246,1.000000,0.998502
34725,26008,0.687580,0.133934
24435,24865,1.000000,0.342126
37010,25503,0.679892,0.661254
37047,38850,0.679892,0.698267
13483,14926,0.679892,0.585909
6138,5246,0.679892,0.650768
6138,2020,0.688650,0.216468
32656,28035,0.682741,0.213766
37047,34725,0.679892,0.451814
24865,37047,0.679892,0.613660
5246,32386,0.679892,0.629100
11682,27385,1.000000,0.002550
2021,35313,0.000000,0.020823
28624,35313,0.679892,0.722039
2020,22842,0.684754,0.562475
35313,14926,0.679892,0.723191
34954,28652,0.679892,0.733508
33812,27419,0.682741,0.251684
8724,38850,0.686311,0.386862
4811,1126,0.684754,0.061953
8003,14926,0.679892,0.668150
8003,5544,0.000000,0.633319
34954,18023,0.679892,0.638564
4257,20474,0.679892,0.694357
25503,7576,0.679892,0.723944
11682,4413,0.684754,0.129389
38742,6138,0.682741,0.026441
6583,1126,0.689576,0.109914
5246,39253,0.679892,0.664077
13483,32656,0.684754,0.096212
7108,25503,0.679892,0.630610
28563,18023,0.684754,0.706081
28624,18023,0.679892,0.638564
28624,4413,0.679892,0.554733
39253,40143,0.679892,0.655807
34725,8362,0.684754,0.237488
37047,34954,1.000000,0.998502
39253,8003,0.682741,0.715620
9518,28563,0.684754,0.711252
11682,1171,0.684754,0.722063
9518,7108,0.687580,0.221603
2020,2021,0.000000,0.022780
5544,6583,0.000000,0.076253
38742,37010,1.000000,0.550637
21504,9518,0.684754,0.609883
28652,8941,0.000000,0.020147
24865,29273,1.000000,0.612525
9518,35313,0.682741,0.746810
5544,33812,0.000000,0.753691
14926,8003,0.679892,0.703876
15872,26749,1.000000,0.975694
40143,38437,1.000000,0.998502
24865,4569,0.000000,0.006149
8003,8362,0.684754,0.629707
18023,40143,0.679892,0.641915
14926,13483,0.679892,0.524300
24865,7576,0.684754,0.736243
32386,18023,0.684754,0.528550
25503,38742,0.679892,0.655347
7576,38850,0.684754,0.276009
26749,35313,1.000000,0.692946
29273,8724,0.686311,0.209259
4811,8724,0.684754,0.379608
29273,8362,0.684754,0.731128
4257,2020,0.679892,0.696554
33812,4569,0.000000,0.007088
32386,9518,0.684754,0.149593
7576,15872,0.682741,0.757821
29273,4811,0.684754,0.381343
32656,38850,1.000000,0.555013
8170,25470,0.000000,0.006645
33928,16419,0.000000,0.000909
16619,16609,0.000000,0.011177
16419,37994,0.000000,0.000704
16609,25469,0.000000,0.412508
16609,16619,0.000000,0.008565
25470,16609,0.000000,0.019632
32883,25470,0.000000,0.010899
33928,32883,0.540012,0.051886
37124,16419,0.000000,0.002386
37994,33928,0.000000,0.001055
16619,25470,0.000000,0.010122
37124,32883,0.000000,0.026546
33928,25470,0.000000,0.002203
2403,33928,0.540012,0.225032
37994,25469,0.000000,0.002044
33928,16609,0.000000,0.026933
32883,16619,0.000000,0.007410
8170,37124,0.000000,0.007558
16609,33928,0.000000,0.032155
25469,8170,0.000000,0.007726
28316,16619,0.000000,0.028596
2403,25469,0.000000,0.042389
25470,25469,0.000000,0.010835
16619,37124,0.000000,0.077130
2403,8170,0.000000,0.013432
8170,37994,0.000000,0.000214
37124,2403,0.000000,0.106203
25470,32883,0.000000,0.008861
25470,33928,0.000000,0.004330
33928,16619,0.000000,0.039977
25469,28316,0.000000,0.006250
32883,16419,0.000000,0.009697
8170,16609,0.000000,0.002487
37124,33928,0.000000,0.389195
37994,2403,0.000000,0.025280
25470,28316,0.000000,0.002536
37994,37124,0.000000,0.015336
32883,37124,0.000000,0.040673
16619,33928,0.000000,0.058612
33928,28316,0.000000,0.014046
32883,2403,0.542324,0.095354
37994,16609,0.000000,0.008465
25469,16609,0.000000,0.299151
2403,25470,0.000000,0.012782
28316,2403,0.000000,0.010798
8170,25469,0.000000,0.009355
28316,16609,0.000000,0.001165
25469,16619,0.000000,0.160114
25469,33928,0.000000,0.163567
16609,37994,0.000000,0.004002
2403,37124,0.000000,0.174263
33928,25469,0.000000,0.118934
37994,32883,0.000000,0.007354
37994,16619,0.000000,0.000212
16609,37124,0.000000,0.577111
32883,28316,0.000000,0.003745
16419,16619,0.000000,0.000785
16609,32883,0.000000,0.007586
8170,16619,0.000000,0.031863
16609,25470,0.000000,0.013294
32883,33928,0.540012,0.068070
16619,2403,0.000000,0.038987
28316,16419,1.000000,0.000732
25470,37994,0.000000,0.001211
8170,16419,1.000000,0.003753
37994,8170,0.000000,0.000216
8170,2403,0.000000,0.009601
2403,16609,0.000000,0.030476
33928,37994,0.000000,0.000433
2403,37994,0.000000,0.016069
16619,16419,0.000000,0.000466
25469,37994,0.000000,0.001094
8170,28316,1.000000,0.009933
25470,37124,0.000000,0.038257
37994,28316,0.000000,0.000145
37994,16419,0.000000,0.000863
37124,16619,0.000000,0.060422
25470,8170,0.000000,0.013302
37124,25469,0.000000,0.575148
16419,28316,1.000000,0.001087
37994,25470,0.000000,0.001362
28316,33928,0.000000,0.014842
28316,25469,0.000000,0.009612
16419,2403,0.000000,0.013711
2403,16619,0.000000,0.026002
32883,37994,0.000000,0.007508
37124,25470,0.000000,0.032232
32883,25469,0.000000,0.007781
25470,16619,0.000000,0.012056
16609,2403,0.000000,0.024471
28316,37994,0.000000,0.000137
37124,16609,0.000000,0.518626
8170,33928,0.000000,0.011376
25469,2403,0.000000,0.034860
16609,16419,0.000000,0.001268
16619,28316,0.000000,0.031111
25470,16419,0.000000,0.008140
16619,25469,0.000000,0.187293
37124,37994,0.000000,0.007346
17068,9738,0.000000,0.013463
26099,35421,1.000000,0.999871
9738,9697,0.668819,0.758473
14458,10906,0.000000,0.019827
30600,24731,0.000000,0.009922
35421,14458,0.000000,0.000585
10206,13653,0.000000,0.002892
13653,24731,0.000000,0.020341
23597,14459,1.000000,0.999470
17068,26099,0.000000,0.003132
9697,26099,1.000000,0.999871
33551,14459,1.000000,0.999470
30600,26099,0.000000,0.603903
1027,10906,0.000000,0.045782
24731,10207,0.000000,0.020168
33551,17068,1.000000,0.562053
17068,9697,0.000000,0.003132
17068,30600,0.000000,0.005302
9738,30601,0.670878,0.667449
9738,13653,0.000000,0.029562
30501,10906,0.000000,0.000677
13653,14458,0.000000,0.000513
30501,26099,1.000000,0.999871
14459,23597,1.000000,0.999470
17068,1027,1.000000,0.350585
35421,14459,0.000000,0.007405
10207,10906,0.000000,0.000476
26099,1027,0.000000,0.009341
24731,14458,0.000000,0.001616
17068,30501,0.000000,0.003132
24731,23597,1.000000,0.999470
30501,9738,0.668819,0.770834
24731,26099,0.000000,0.019288
1027,17068,1.000000,0.298988
10906,24731,0.000000,0.063639
10207,14458,0.000000,0.000829
10207,35421,0.000000,0.274887
33551,30600,0.000000,0.028035
23597,30601,0.000000,0.023756
30501,10206,0.000000,0.001312
14459,1027,1.000000,0.651409
10206,9738,0.000000,0.001555
9738,10206,0.000000,0.001128
33551,24731,1.000000,0.999470
23597,9738,0.000000,0.018168
14458,26099,0.000000,0.000857
10206,14459,0.000000,0.702387
30501,13653,0.000000,0.003195
10207,9697,0.000000,0.274887
1027,10207,0.000000,0.013651
10207,33551,0.000000,0.007580
24731,13653,0.000000,0.024055
23597,17068,1.000000,0.562053
30501,10207,0.000000,0.316890
30600,33551,0.000000,0.009922
35421,30601,0.668819,0.628351
13653,33551,0.000000,0.020341
10206,9697,0.000000,0.001954
33551,10906,0.000000,0.064207
23597,30501,0.000000,0.019288
1027,30600,0.000000,0.014283
30600,9738,0.000000,0.704578
23597,26099,0.000000,0.019288
17068,13653,0.000000,0.004621
30600,23597,0.000000,0.009922
26099,24731,0.000000,0.007405
30601,17068,0.000000,0.005014
26099,9738,0.668819,0.770834
30600,14458,0.000000,0.000546
9738,35421,0.668819,0.758473
24731,10906,0.000000,0.064207
10207,13653,0.000000,0.005221
14458,14459,0.000000,0.001859
1027,14459,1.000000,0.652939
10207,30601,0.000000,0.142439
14458,24731,0.000000,0.001859
10906,26099,0.000000,0.001126
35421,17068,0.000000,0.002510
30600,35421,0.000000,0.603903
10206,35421,0.000000,0.001954
10906,14458,0.000000,0.022746
1027,23597,1.000000,0.652939
14458,9738,0.000000,0.000287
1027,30501,0.000000,0.014912
14458,10207,0.000000,0.001018
30501,9697,1.000000,0.999871
30601,23597,0.000000,0.011324
33551,1027,1.000000,0.651409
30501,1027,0.000000,0.009341
23597,10207,0.000000,0.020168
9697,1027,0.000000,0.009341
1027,26099,0.000000,0.014912
35421,23597,0.000000,0.007405
9738,14458,0.000000,0.000469
10206,33551,0.000000,0.702387
33551,13653,0.000000,0.024055
24731,30601,0.000000,0.023756
26099,10206,0.000000,0.001312
10207,10206,0.000000,0.001048
24731,14459,1.000000,0.999470
4161,1244,1.000000,0.059753
39773,27997,0.000000,0.001012
39773,1244,0.000000,0.000744
27997,4161,0.000000,0.014534
39773,18307,0.000000,0.000755
18307,27997,0.000000,0.003039
18306,1244,0.000000,0.000008
18307,4161,0.000000,0.001413
1244,4161,1.000000,0.274487
4161,39773,0.000000,0.000325
39773,18306,0.000000,0.000291
27997,18306,0.000000,0.003777
4161,27997,0.000000,0.014674
1244,18307,0.000000,0.015140
18306,27997,0.000000,0.002265
1244,18306,0.000000,0.000023
18306,4161,0.000000,0.000518
18306,39773,0.000000,0.000957
4161,18307,0.000000,0.001243
1244,27997,0.000000,0.000074
39773,4161,0.000000,0.000250
27997,18307,0.000000,0.003452
27997,39773,0.000000,0.001525
18307,39773,0.000000,0.000742
4161,18306,0.000000,0.000464
18306,18307,0.000000,0.000977
27997,1244,0.000000,0.000035
1244,39773,0.000000,0.003534
18307,18306,0.000000,0.000678
18307,1244,0.000000,0.002629
7801,3639,0.686384,0.638060
24858,18692,0.686384,0.451175
29011,13141,0.686384,0.605675
16728,12266,0.687936,0.539791
10209,14470,1.000000,0.773419
2645,36174,0.687936,0.521733
36308,8287,0.686384,0.574187
1593,3410,0.000000,0.001017
34348,27103,0.686384,0.298662
825,34348,0.691192,0.465693
13141,12266,0.692731,0.436737
4896,5442,0.686384,0.624485
28923,3410,0.000000,0.001092
10083,18113,0.691192,0.547847
30798,29011,0.686384,0.695340
36308,14326,0.686384,0.592073
36308,10209,1.000000,0.867763
16728,19635,0.000000,0.001372
4896,26682,0.686384,0.621819
19865,7818,0.689201,0.657581
13141,11832,0.687936,0.522714
18444,23751,0.690269,0.548092
4529,825,0.689201,0.572967
23027,1593,0.686384,0.581371
19865,10209,0.686384,0.464991
24858,12266,0.690269,0.553899
14470,4482,0.686384,0.529350
2318,12266,0.000000,0.114784
23617,4896,0.687936,0.601916
34348,7362,0.691192,0.623354
21982,11832,0.687936,0.471815
20205,23027,0.686384,0.488020
18692,20205,0.686384,0.672320
12266,21982,0.692005,0.434293
7818,19635,0.000000,0.256053
2252,10209,1.000000,0.872318
7362,14326,0.691192,0.296477
26715,18113,0.686384,0.550048
20205,12433,0.686384,0.617826
24391,26682,1.000000,0.633037
33944,24858,0.686384,0.488695
16820,13141,0.692005,0.628347
32150,19865,0.686384,0.623042
825,19030,0.686384,0.562773
29011,18692,1.000000,0.711656
26715,2252,1.000000,0.836455
11167,4529,0.686384,0.657861
7276,16820,0.000000,0.428636
16728,1593,0.687936,0.582865
26682,30798,0.686384,0.889216
15005,16728,1.000000,0.654559
24391,13598,0.686384,0.598205
26682,15005,0.686384,0.362685
5442,28923,1.000000,0.677861
5442,24858,0.686384,0.399448
24858,19030,0.686384,0.527104
7818,11832,0.687936,0.514012
19030,16728,0.686384,0.688107
13598,24391,0.686384,0.538325
1593,36308,0.686384,0.510223
7818,36308,0.686384,0.599318
24391,18692,1.000000,0.805343
12433,18113,0.686384,0.628674
27103,30798,0.686384,0.672457
18444,19865,0.689201,0.614743
1593,18444,0.689201,0.610951
36308,30798,0.686384,0.752625
5442,21982,0.686384,0.645909
1593,7362,0.689201,0.610662
18692,13598,0.686384,0.517138
19865,30798,0.687936,0.781498
10083,11167,0.686384,0.367027
21982,9575,0.686384,0.580324
32150,14326,0.686384,0.613702
33944,15005,0.686384,0.520938
23617,5442,0.686384,0.640231
11832,4482,0.687936,0.537062
15005,15150,0.687936,0.587169
19635,3639,0.000000,0.026676
23027,11167,1.000000,0.821752
4529,7818,0.689201,0.522752
2733,2318,0.000000,0.000746
26715,1593,0.686384,0.551606
25255,3640,0.000000,0.000511
8287,18692,0.686384,0.569767
36174,24391,0.686384,0.385010
16728,3640,0.000000,0.000668
2318,3410,0.000000,0.015593
27103,33944,1.000000,0.710097
36308,19030,1.000000,0.797461
10083,13141,0.692731,0.645181
19030,2735,0.686384,0.598952
4888,7362,0.000000,0.614407
15150,16820,0.692005,0.479384
35844,18113,0.687936,0.555461
2252,30798,0.686384,0.759904
11167,19635,0.000000,0.009357
19865,19030,0.686384,0.425889
4482,23027,0.686384,0.430280
12266,2735,0.692731,0.486010
9893,8875,0.000000,0.037582
10013,9893,0.000000,0.142142
10013,26740,0.000000,0.052812
8583,10013,0.000000,0.009257
26739,10013,0.000000,0.018159
8583,9893,0.000000,0.098426
26740,9893,0.000000,0.012301
26740,4475,0.000000,0.004694
8875,8583,0.000000,0.108003
10013,8875,0.000000,0.083951
10013,4475,0.000000,0.012152
8875,9893,0.000000,0.020487
4475,26740,0.000000,0.010633
8875,26739,0.649134,0.021956
9893,26740,0.000000,0.029547
26739,26740,0.000000,0.030113
4475,8583,1.000000,0.010644
8875,10013,0.000000,0.051568
26739,8583,0.000000,0.013519
8583,26739,0.000000,0.019309
26740,8875,0.000000,0.012636
8583,4475,1.000000,0.004161
8875,4475,0.000000,0.009120
4475,10013,0.000000,0.008786
26740,10013,0.000000,0.039017
4475,26739,0.000000,0.008813
9893,26739,0.000000,0.043874
9893,10013,0.000000,0.079137
26739,4475,0.000000,0.004239
8583,8875,0.000000,0.116594
26740,8583,0.000000,0.023101
8875,26740,0.000000,0.015538
4475,9893,0.000000,0.012178
26739,8875,0.649134,0.020668
26739,9893,0.000000,0.023793
26740,26739,0.000000,0.021871
4475,8875,0.000000,0.023340
8583,26740,0.000000,0.033998
10013,8583,0.000000,0.008730
9893,4475,0.000000,0.004297
10013,26739,0.000000,0.024677
9893,8583,0.000000,0.104926
16488,9609,0.542967,0.574088
738,8811,0.000000,0.048172
25961,13690,0.000000,0.082265
21222,8383,0.000000,0.765637
2833,28135,0.000000,0.001500
35313,737,0.000000,0.042982
8811,9609,0.000000,0.052103
13690,8811,0.000000,0.013907
13690,28097,0.000000,0.002123
22005,35313,0.000000,0.077810
8384,25961,0.000000,0.002661
13689,8383,0.000000,0.002833
21222,738,0.000000,0.070496
19938,16488,0.000000,0.125001
22005,16488,0.000000,0.201420
19938,25961,0.673310,0.678785
2833,8811,1.000000,0.113491
39852,8384,0.000000,0.000825
28135,8384,0.000000,0.030807
32052,39852,0.666754,0.654005
19938,35313,0.000000,0.034214
8383,21222,0.000000,0.766426
22005,738,0.000000,0.634625
25961,19938,0.673310,0.693982
32052,16488,0.000000,0.003453
39852,2833,0.000000,0.000177
16488,19938,0.000000,0.063372
738,32052,0.000000,0.010645
13689,28097,0.000000,0.668368
8811,738,0.000000,0.052103
9609,39852,0.000000,0.014151
35313,9609,0.542967,0.207094
28135,21222,0.000000,0.016587
2833,35313,0.000000,0.010603
738,21222,0.000000,0.037383
737,16488,0.000000,0.020921
13690,21222,0.000000,0.001348
8811,21222,0.000000,0.049351
13689,25961,1.000000,0.487212
32052,13689,0.671719,0.372577
8811,737,0.000000,0.002117
737,2833,0.000000,0.001433
35313,39852,0.000000,0.020006
28135,13689,0.000000,0.006023
738,39852,0.000000,0.014151
16488,8384,0.000000,0.010141
2833,39852,0.000000,0.000132
28135,737,0.000000,0.006549
32052,28097,0.000000,0.116701
28097,8383,0.000000,0.014727
737,35313,0.000000,0.022264
28135,8811,0.000000,0.011176
8811,25961,0.000000,0.137318
13689,13690,0.000000,0.014200
16488,25961,0.000000,0.033000
32052,8383,0.000000,0.000741
13689,32052,0.671719,0.314380
13689,21222,0.000000,0.005423
13689,28135,0.000000,0.003369
21222,13689,0.000000,0.006929
8384,19938,0.000000,0.002266
738,737,0.000000,0.009658
738,22005,0.000000,0.584762
738,28135,0.542967,0.060513
16488,13690,0.000000,0.030198
28135,25961,0.000000,0.000981
8383,19938,0.000000,0.002980
32052,28135,0.000000,0.000682
8383,13689,0.000000,0.004324
13689,22005,0.000000,0.476832
2833,737,0.000000,0.000503
8383,16488,0.000000,0.074482
737,8384,0.000000,0.001696
25961,22005,0.000000,0.653554
28097,2833,0.000000,0.000362
737,9609,0.000000,0.009768
25961,738,0.000000,0.028948
8384,13689,0.000000,0.005852
28097,9609,0.000000,0.666825
39852,25961,0.666754,0.308289
8383,35313,0.000000,0.282106
8384,35313,0.000000,0.386451
22005,737,0.000000,0.002918
2833,9609,0.000000,0.004492
35313,8383,0.000000,0.210424
22005,32052,0.000000,0.160238
22005,9609,0.000000,0.634625
39852,22005,0.000000,0.295052
28135,8383,0.000000,0.022196
9609,737,0.000000,0.009658
8384,39852,0.000000,0.001372
28097,16488,0.000000,0.652833
2833,13689,0.000000,0.005342
28097,32052,0.000000,0.124710
737,39852,0.000000,0.001781
25961,35313,0.000000,0.004285
35313,738,0.542967,0.207094
35313,13690,0.000000,0.027829
9609,13690,0.000000,0.014500
13689,39852,0.666754,0.654171
23092,27887,0.666754,0.037331
39064,23092,1.000000,0.999521
39064,25798,0.000000,0.013232
39064,10933,0.000000,0.025927
39064,8203,0.666754,0.694759
19971,2572,0.000000,0.181120
23092,19971,0.666754,0.047333
10933,2571,0.000000,0.065591
2571,8203,0.669663,0.223634
27887,23092,0.666754,0.084744
8203,23092,0.666754,0.659839
25798,39064,0.000000,0.014798
27887,25798,0.000000,0.024029
19971,10933,0.000000,0.030216
10933,27887,0.000000,0.003326
23092,2571,0.666754,0.488471
25798,27887,0.000000,0.013374
10933,8203,0.000000,0.026474
10933,19971,0.000000,0.012887
2572,25798,0.000000,0.031146
2572,10933,0.000000,0.114429
23092,10933,0.000000,0.025927
19971,39064,0.666754,0.063496
10933,25798,1.000000,0.067276
23092,39064,1.000000,0.999521
10933,23092,0.000000,0.013310
10933,2572,0.000000,0.098962
25798,2571,0.000000,0.018699
8203,10933,0.000000,0.055115
27887,2571,1.000000,0.034875
2571,10933,0.000000,0.089732
2571,23092,0.666754,0.541212
2572,2571,0.000000,0.032585
19971,25798,0.000000,0.017069
19971,23092,0.666754,0.063496
2572,27887,0.000000,0.009684
19971,2571,0.671719,0.051817
27887,2572,0.000000,0.024984
25798,19971,0.000000,0.012933
25798,10933,1.000000,0.097297
2571,27887,1.000000,0.019650
39064,2571,0.666754,0.488471
8203,19971,0.669663,0.041821
39064,19971,0.666754,0.047333
25798,8203,0.000000,0.024584
39064,2572,0.000000,0.031860
8203,39064,0.666754,0.659839
2571,19971,0.671719,0.029461
27887,10933,0.000000,0.007389
10933,39064,0.000000,0.013310
8203,25798,0.000000,0.026509
2572,23092,0.000000,0.023309
23092,2572,0.000000,0.031860
2572,19971,0.000000,0.087177
19971,8203,0.669663,0.084018
27887,8203,0.669663,0.137730
8203,27887,0.669663,0.082636
2572,39064,0.000000,0.023309
27887,39064,0.666754,0.084744
23092,8203,0.666754,0.694759
23092,25798,0.000000,0.013232
39064,27887,0.666754,0.037331
19971,27887,0.671719,0.029340
2571,39064,0.666754,0.541212
25798,23092,0.000000,0.014798
2572,8203,0.000000,0.052959
25798,2572,0.000000,0.024081
8203,2571,0.669663,0.209733
2571,2572,0.000000,0.036111
27887,19971,0.671719,0.034338
8203,2572,0.000000,0.074440
2571,25798,0.000000,0.017140
10994,12564,0.674865,0.698515
29181,15461,0.000000,0.085453
38866,15461,0.672818,0.008712
2384,598,0.000000,0.005666
6431,598,0.000000,0.132138
6432,21480,0.000000,0.003411
32185,598,0.000000,0.009597
598,38866,0.000000,0.065735
6432,15245,0.000000,0.044561
32185,10994,0.000000,0.005250
2384,26463,0.000000,0.000147
21480,15461,0.672818,0.011728
15245,38866,0.000000,0.018828
6432,29181,0.000000,0.028288
15461,2384,0.000000,0.004879
26463,10994,0.669923,0.053156
34044,6431,0.000000,0.001974
10994,2384,0.000000,0.000448
38866,6431,0.669923,0.210836
26463,6432,0.000000,0.000978
10994,26463,0.669923,0.070716
6431,21480,0.669923,0.002161
26463,21480,0.669923,0.002161
10994,38866,0.672818,0.048825
34044,21480,0.000000,0.000735
34044,15461,0.000000,0.016039
29181,21480,0.000000,0.003102
12564,598,0.000000,0.052557
38866,26463,0.669923,0.210836
15245,21480,0.000000,0.000870
10994,32185,0.000000,0.006128
12564,6431,0.669923,0.025706
15461,10994,0.674865,0.009582
6431,38866,0.669923,0.199423
26463,12564,0.669923,0.018014
32185,21480,0.000000,0.019996
15245,10994,0.000000,0.000892
598,34044,0.000000,0.010859
29181,38866,0.000000,0.019039
15461,21480,0.672818,0.012858
29181,26463,0.000000,0.002601
15245,6432,0.000000,0.023951
6432,12564,0.000000,0.067886
10994,598,0.000000,0.196231
26463,34044,0.000000,0.001791
12564,10994,0.674865,0.685343
598,15245,0.000000,0.023855
29181,598,0.000000,0.054876
2384,34044,1.000000,0.001978
6431,15461,0.669923,0.003011
34044,12564,0.000000,0.089041
21480,29181,0.000000,0.001918
34044,2384,1.000000,0.001980
10994,15245,0.000000,0.000887
32185,38866,0.000000,0.063955
15461,6432,0.000000,0.028482
6432,598,0.000000,0.007699
15461,26463,0.669923,0.004899
15461,32185,0.000000,0.024345
26463,32185,0.000000,0.003188
34044,598,0.000000,0.010663
34044,32185,0.000000,0.002066
10994,15461,0.674865,0.007050
15461,598,0.000000,0.043591
26463,6431,1.000000,0.999974
6432,34044,0.000000,0.027271
26463,38866,0.669923,0.199423
29181,6432,0.000000,0.029246
34044,29181,1.000000,0.003237
6431,26463,1.000000,0.999974
38866,6432,0.000000,0.029717
29181,6431,0.000000,0.002601
6432,32185,0.000000,0.005820
2384,10994,0.000000,0.000756
6431,29181,0.000000,0.002137
34044,6432,0.000000,0.017651
38866,29181,0.000000,0.031924
21480,34044,0.000000,0.000610
598,15461,0.000000,0.027970
29181,10994,0.000000,0.002253
6431,32185,0.000000,0.003188
598,10994,0.000000,0.171101
34044,26463,0.000000,0.001974
6432,2384,0.000000,0.005315
21480,2384,0.000000,0.003134
34044,38866,0.000000,0.007668
15461,15245,0.000000,0.024204
2384,6431,0.000000,0.000147
15245,32185,0.000000,0.002948
21480,38866,1.000000,0.004585
6432,15461,0.000000,0.015292
15245,34044,1.000000,0.000393
12564,32185,0.000000,0.052107
21480,32185,0.000000,0.020121
32185,26463,0.000000,0.001973
10994,6431,0.669923,0.070716
2384,12564,0.000000,0.000669
26463,29181,0.000000,0.002137
6431,12564,0.669923,0.018014
38866,598,0.000000,0.085050
7153,12917,0.000000,0.025054
10163,12917,0.000000,0.030440
10163,7153,0.000000,0.017034
12457,12917,0.000000,0.038484
798,7154,0.000000,0.006601
7153,31964,0.000000,0.002437
12917,12456,0.000000,0.008742
7154,20209,0.000000,0.016305
12457,17150,0.000000,0.029787
3790,7154,0.000000,0.041996
5616,7153,0.000000,0.006964
17241,798,0.000000,0.009816
10163,31964,0.000000,0.003589
5616,7154,0.000000,0.005337
798,3791,0.000000,0.019582
19357,17150,0.000000,0.012376
10163,7154,0.000000,0.039012
31964,20209,0.000000,0.011271
19357,798,0.000000,0.044528
3791,798,0.000000,0.016776
5616,3790,0.000000,0.010700
12456,3791,0.000000,0.013074
10163,12456,0.000000,0.102322
19357,31964,0.000000,0.019286
17241,17150,0.000000,0.067212
31964,17150,0.000000,0.004516
7153,5616,0.000000,0.011158
12457,31964,0.000000,0.003594
3790,798,0.000000,0.032947
10163,798,0.000000,0.008179
17150,3790,0.000000,0.038540
3790,10163,0.000000,0.035889
12456,3790,0.000000,0.009215
7154,17241,0.000000,0.029653
20209,12917,0.000000,0.046389
7153,12456,0.000000,0.032565
19357,12917,0.000000,0.023504
12457,19357,0.000000,0.015040
3791,10163,0.000000,0.017966
20209,10163,0.000000,0.041061
17150,7153,0.000000,0.010544
20209,12456,0.674338,0.017268
12456,31964,0.000000,0.002394
12917,17241,0.000000,0.015300
3791,7153,0.000000,0.002353
12457,17241,0.000000,0.006848
12456,7153,0.000000,0.023109
7154,798,0.000000,0.018334
3791,19357,0.000000,0.003636
7153,20209,0.000000,0.019958
7154,12457,0.000000,0.014156
3791,17241,0.000000,0.006018
19357,5616,0.000000,0.066617
19357,3791,0.000000,0.005663
798,12456,0.000000,0.002947
3791,17150,0.000000,0.012242
7153,17241,0.000000,0.140853
3791,31964,0.000000,0.017005
3791,12457,0.000000,0.025015
12456,5616,0.000000,0.004867
19357,7153,0.000000,0.010844
17150,3791,0.000000,0.022086
17241,12456,0.000000,0.064578
12917,12457,0.000000,0.044649
17241,12917,0.000000,0.024029
3790,5616,0.000000,0.014756
12457,798,0.000000,0.030126
7153,12457,0.000000,0.013332
3790,3791,0.000000,0.244071
10163,5616,0.000000,0.007558
7153,10163,0.000000,0.031759
12457,20209,0.000000,0.015029
798,7153,0.000000,0.004419
3790,12456,0.000000,0.007909
17241,10163,0.000000,0.231876
12456,19357,0.000000,0.007629
20209,7153,0.000000,0.017969
5616,12456,0.000000,0.003813
5616,3791,0.000000,0.034240
12457,12456,0.000000,0.008276
12917,7153,0.000000,0.015489
20209,5616,0.000000,0.023316
7154,31964,0.000000,0.003884
7153,19357,0.000000,0.031561
17150,17241,0.000000,0.034582
31964,7154,0.000000,0.001423
7154,19357,0.000000,0.011568
5616,12917,1.000000,0.011466
31964,798,0.000000,0.057395
798,5616,0.000000,0.251642
12457,7154,0.000000,0.011392
10163,20209,0.000000,0.030463
7153,17150,0.000000,0.021500
7154,3790,0.000000,0.050994
12456,10163,0.000000,0.123456
5616,19357,0.000000,0.107729
17150,19357,0.000000,0.017835
31964,7153,0.000000,0.001050
20209,17241,0.000000,0.011315
5616,10163,0.000000,0.007035
2993,38080,0.000000,0.031627
13346,33748,0.000000,0.003949
13346,2993,1.000000,0.021596
13346,13345,0.000000,0.003424
38080,2993,0.000000,0.020634
33748,11686,0.000000,0.012969
11686,2993,1.000000,0.018206
38080,33748,0.000000,0.051865
13345,2993,0.000000,0.125047
11686,38080,0.000000,0.007712
13346,38080,0.000000,0.008578
2993,13346,1.000000,0.025586
11686,13345,0.000000,0.013668
11686,13346,1.000000,0.006458
2993,11686,1.000000,0.035332
13345,11686,0.000000,0.017840
33748,2993,0.000000,0.024162
13346,11686,1.000000,0.006290
33748,38080,0.000000,0.056116
38080,11686,0.000000,0.007182
33748,13345,0.000000,0.088258
13345,33748,0.000000,0.123996
11686,33748,0.000000,0.014415
33748,13346,0.000000,0.003300
2993,13345,0.000000,0.189239
13345,13346,0.000000,0.004749
38080,13346,0.000000,0.008908
2993,33748,0.000000,0.050070
13345,38080,0.000000,0.064515
38080,13345,0.000000,0.041970
